claim_id,root_claim,claim_variants,category,all_pages,occurrence_count,template_generated,visible_context_summary,existing_evidence_files,evidence_level,evidence_limitations,conflicting_values,decision_class,risk_level,business_importance,recommended_action,safe_replacement_draft,required_user_answer,required_evidence,can_change_in_phase_1c,manual_approval_required
P1B-001,"Product-level ISO 9001, CE and RoHS scope claims","Certifications ISO 9001:2015, CE, RoHS || The export version includes English-language documentation, CE marking, and RoHS compliance certificate. || All versions are manufactured under ISO 9001:2015 quality management and carry CE and RoHS certifications.",E,BP-1P-0003.html; BP-1P-0006.html; BP-2P-0001.html; BP-2P-0002.html; BP-2P-08-0001.html; BP-2P-130-0001.html; BP-2P-16-0001.html; BP-2P-30-0001.html; BP-2P-50-0001.html; BP-2P-95-0001.html; BP-3P-0004.html; BP-3P-0006.html; BP-3P-0007.html; BP-3P-S06-0001.html; BP-4P-30-0001.html; BP-8P-0001.html,26,yes,"Phase 1A source IDs: HR-001; HR-007; HR-010. || BP-1P-0003.html: 0.02–0.04 N·m (air) / 0.03–0.05 N·m (water) || Certifications || ISO 9001:2015, CE, RoHS || BP-1P-0006.html: ≥8,000 hours (rated conditions) || Certifications || ISO 9001:2015, CE, RoHS || BP-2P-0001.html: Approx. 0.85 kg || Certifications || ISO 9001:2015, CE, RoHS || BP-2P-0002.html: ≥8,000 hours (rated conditions) || Certifications || ISO 9001:2015, CE, RoHS || Template/variant also appears on 12 additional listed page(s).",none found,E1,"Drawings may identify material, but no traceability certificate, hardness report, coating report, or RoHS declaration was found. No certificate or declaration file with entity, scope, validity period, and applicable models was found. The claim is repeated on webpages, which is not independent evidence.",,K4,high,high,Do not change the factual value yet; request Begapunk evidence and scope confirmation.,"Draft: Certification information is available for the applicable entity and product scope on request, subject to current-document verification.","Confirm the correct value, scope, reporting date, and whether the supporting document may be cited publicly.",Authoritative dated record owned or approved by Begapunk and mapped to every affected page/model.,yes-after-evidence-and-approval,yes
P1B-002,ISO 9001 quality-system claims,All versions are ISO9001 certified. || All versions are manufactured to the same ISO 9001:2015 quality system and undergo 100% pressure testing before shipment. || Our quality management system is ISO 9001:2015 certified.,C; E,BP-1P-0006.html; BP-2P-0001.html; BP-2P-0002.html; BP-2P-08-0001.html; BP-2P-16-0001.html; BP-2P-30-0001.html; BP-2P-50-0001.html; BP-2P-95-0001.html; BP-3P-S06-0001.html; BP-4P-30-0001.html; BP-8P-0001.html; faq.html,12,yes,"Phase 1A source IDs: HR-005; HR-009; HR-092. || BP-1P-0006.html: Frequently Asked Questions || The standard version uses AL6061 aluminum alloy body with PTFE composite seal for lightweight and corrosion-resistant operation. All versions are manufactured to the same ISO 9001:2015 quality system and undergo 100% pressure testing before shipment. The domestic and export designations refer only to packaging and documentation language — the product itself is identical. For full steel body options or custom materials, contact our engineering team. || Yes — the PTFE composite seal is compatible with water, water-soluble coolant, and light hydraulic oil (up to ISO VG 32). For continuous water duty, derate pressure to 0.7 MPa and speed to 200 RPM to reduce seal wear. The AL6061 body has good corrosion resistance for intermittent water exposure thanks to its anodized surface, but continuous immersion in aggressive coolant or caustic washdown requires additional || BP-2P-0001.html: Frequently Asked Questions || The standard version uses AL6061 + 45# steel construction combining a lightweight AL6061 body with a high-strength 45# steel shaft. All versions are manufactured to the same ISO 9001:2015 quality system and undergo 100% pressure testing before shipment. The domestic and export designations refer only to packaging and documentation language — the product itself is identical. For full steel body options or custom materials, contact our engineering team. || Yes — the PTFE composite seal is compatible with water, water-soluble coolant, and light hydraulic oil (up to ISO VG 32). For continuous water duty, derate pressure to 0.7 MPa and speed to 150 RPM to reduce seal wear. The 45# steel shaft provides good corrosion resistance for intermittent water exposure, but continuous immersion requires nickel plating or stainless steel (304/316) specification. The AL6061 b || BP-2P-0002.html: Frequently Asked Questions || The standard version uses AL6061 aluminum alloy body with PTFE composite seal for lightweight and corrosion-resistant operation. All versions are manufactured to the same ISO 9001:2015 quality system and undergo 100% pressure testing before shipment. The domestic and export designations refer only to packaging and documentation language — the product itself is identical. For full steel body options or custom materials, contact our engineering team. || Yes — the PTFE composite seal is compatible with water, water-soluble coolant, and light hydraulic oil (up to ISO VG 32). For continuous water duty, derate pressure to 0.7 MPa and speed to 200 RPM to reduce seal wear. The AL6061 body has an anodized surface that provides good corrosion resistance for intermittent water exposure, but continuous immersion in aggressive coolant or caustic washdown requires additio || BP-2P-08-0001.html: Frequently Asked Questions || The standard version uses full AL6061 construction for higher strength and durability in a lightweight package. All versions are manufactured to the same ISO 9001:2015 quality system and undergo 100% pressure testing before shipment. The domestic and export designations refer only to packaging and documentation language — the product itself is identical. For full steel body options or custom materials, contact our engineering team. || Yes — the PTFE composite seal and O-ring are compatible with water, water-soluble coolant, and light hydraulic oil (up to ISO VG 32). For continuous water duty, derate pressure to 0.7 MPa and speed to 150 RPM to reduce seal wear. The AL6061 body has an anodized surface that provides good corrosion resistance for intermittent water exposure, but continuous immersion requires nickel plating or stainless steel (304/316) specificat || Template/variant also appears on 8 additional listed page(s).",none found,E1,"No certificate or declaration file with entity, scope, validity period, and applicable models was found. No signed test record, calibrated-instrument record, sample size, or acceptance threshold was found. The claim is repeated on webpages, which is not independent evidence.",,K4,high,high,Do not change the factual value yet; request Begapunk evidence and scope confirmation.,"Draft: Certification information is available for the applicable entity and product scope on request, subject to current-document verification.","Confirm the correct value, scope, reporting date, and whether the supporting document may be cited publicly.",Authoritative dated record owned or approved by Begapunk and mapped to every affected page/model.,yes-after-evidence-and-approval,yes
P1B-003,Custom-design production lead-time claims,"Typical custom lead time: 10–14 days. || Custom designs: 3 weeks production + 5–7 days shipping || Custom flange patterns, including metric and imperial bolt circles, are available as custom orders with 10–14 day lead time. || Custom lead time is typically 14–21 days with free 3D STEP files. || The custom upgrade cost is typically $80–$200 more than BP-8P-0001, with a 10–14 day lead time.",B; E,BP-1P-0003.html; BP-1P-0006.html; BP-2P-0001.html; BP-2P-0002.html; BP-2P-08-0001.html; BP-2P-130-0001.html; BP-2P-16-0001.html; BP-2P-30-0001.html; BP-2P-50-0001.html; BP-2P-95-0001.html; BP-3P-0004.html; BP-3P-0006.html; BP-3P-0007.html; BP-3P-S06-0001.html; BP-4P-30-0001.html; BP-8P-0001.html; faq.html,20,yes,"Phase 1A source IDs: HR-002; HR-058; HR-063; HR-064; HR-112. || BP-1P-0003.html: ✅ Perfect — 0.08 kg aluminum || — || — || BP-1P-0006.html: ✅ Perfect — 265 g AL6061 || — || — || BP-2P-0001.html: ✅ Perfect — dual passage, rigid flange || — || — || BP-2P-0002.html: ✅ Perfect — 220 g, Ø64 mm || — || — || Template/variant also appears on 13 additional listed page(s).",downloads/BP-8P-0001.pdf,E3,,"See cross-page-fact-conflicts.csv for differing values, scopes, or source-document mismatches.",K4,high,high,Do not change the factual value yet; request Begapunk evidence and scope confirmation.,"Draft: Lead time is confirmed with each quotation and depends on model, quantity, customization, and destination.","Confirm the correct value, scope, reporting date, and whether the supporting document may be cited publicly.",Authoritative dated record owned or approved by Begapunk and mapped to every affected page/model.,yes-after-evidence-and-approval,yes
P1B-004,24-hour quotation or engineering-response claims,"Tell us your requirements and we'll provide a quote within 24 hours. || Begapunk engineers will check pressure, RPM, media, mounting, passage layout, and reply within 24 hours. || Fastest response — we reply within 24 hours || Most quotes are returned within 24 hours. || Send us your operating conditions — pressure, RPM, media type, and channel count — and our engineers will return a spec recommendation within 24 hours. || Typical response time: 24 hours. || You send requirements → We provide a detailed quote within 24 hours",B,about.html; blog-rotary-joint-selection.html; case-studies.html; contact.html; faq.html,8,yes,"Phase 1A source IDs: HR-016; HR-037; HR-073; HR-090; HR-096; HR-119; HR-125. || about.html: Start Your Custom Project || Tell us your requirements and we'll provide a quote within 24 hours. Free 3D file with every inquiry. || Precision rotary joint manufacturer based in Ningbo, China. Serving industrial automation OEMs and machine builders worldwide since 2010. || blog-rotary-joint-selection.html: Medium || Pressure || RPM || case-studies.html: Use continuous-duty speed, not only peak RPM. || Mounting || Threaded body or flange pattern? || contact.html: Request a Rotary Joint Quote || Send your machine requirements or drawing. Begapunk engineers will check pressure, RPM, media, mounting, passage layout, and reply within 24 hours. || Get in Touch || Template/variant also appears on 1 additional listed page(s).",downloads/Begapunk_Rotary_Joint_Installation_Manual.pdf,E3,"The manual is identifiable and dated, but it does not validate every exact failure time or performance outcome used on webpages.",,K3,medium,high,Replace the universal or exact outcome with a conditional engineering statement after manual approval.,Draft: Begapunk aims to respond to complete technical inquiries promptly; response time depends on application complexity and the information provided.,Confirm whether this reflects documented Begapunk experience and identify the applicable operating conditions.,"Application note, field record, or engineering review defining the conditions and limitations.",yes-after-manual-approval,yes
P1B-005,Standard product delivery claims,"Ships in 7 days. || 7-14 day delivery worldwide. || Ships in 7 days from Ningbo. || Standard delivery: Air freight, 7–14 days to most countries.",B; F,BP-1P-0003.html; BP-1P-0006.html; BP-2P-0001.html; BP-2P-0002.html; BP-2P-08-0001.html; BP-2P-130-0001.html; BP-2P-16-0001.html; BP-2P-30-0001.html; BP-2P-50-0001.html; BP-2P-95-0001.html; BP-3P-0004.html; BP-3P-0006.html; BP-3P-0007.html; BP-3P-S06-0001.html; BP-4P-30-0001.html; BP-8P-0001.html; products-p2.html; products.html; terms.html,19,yes,"Phase 1A source IDs: HR-004; HR-013; HR-098; HR-101. || BP-1P-0003.html: BP-1P-0003 — 1-in-1-out Rotary Joint || Single-passage threaded rotary joint for pneumatic and light fluid applications. Compact 0.08 kg aluminum body or 0.45 kg steel body. PTFE composite seal rated for 1 MPa and 500 RPM. Ships in 7 days from Ningbo. Used on handheld pneumatic tools, small rotary tables, and hose anti-twist connections where weight and simplicity matter. || Key Takeaways — Why Choose BP-1P-0003 || BP-1P-0006.html: BP-1P-0006 · 1-in-6-out (4mm) Rotary Joint || Single-inlet, six-outlet G1/8 threaded rotary joint with 4mm orifice for pneumatic and light fluid applications. PTFE composite seal, AL6061 body. Ø39 × 50 mm, 265 g. Distributes one air supply to six outlets — ideal for assembly stations, rotary tables, and small pneumatic manifolds. Ships in 7 days. || Key Takeaways — Why Choose BP-1P-0006 || BP-2P-0001.html: BP-2P-0001 · 2-in-2-out Rotary Joint || Dual-passage flange-mounted rotary joint for pneumatic and fluid transfer applications. AL6061 body with 45# steel shaft, PTFE composite seal. Two independent passages for clamp + release, gripper + vacuum, or air + signal on rotary tables and welding positioners. Ships in 7 days. || Key Takeaways — Why Choose BP-2P-0001 || BP-2P-0002.html: BP-2P-0002 · 2-in-3-out (4mm) Rotary Joint || Dual-inlet, triple-outlet G1/8 threaded rotary joint with 4mm orifice for pneumatic and light fluid applications. PTFE composite seal, AL6061 body. Ø64 × 61.2 mm, 220 g. Two independent inlets feed three outlets — ideal for CNC 4th/5th axis pneumatic lines, robotic welding turntables, and compact automated assembly stations. Ships in 7 days. || Key Takeaways — Why Choose BP-2P-0002 || Template/variant also appears on 15 additional listed page(s).",none found,E1,"The claim is repeated on webpages, which is not independent evidence.","See cross-page-fact-conflicts.csv for differing values, scopes, or source-document mismatches.",K4,high,high,Do not change the factual value yet; request Begapunk evidence and scope confirmation.,"Draft: Lead time is confirmed with each quotation and depends on model, quantity, customization, and destination.","Confirm the correct value, scope, reporting date, and whether the supporting document may be cited publicly.",Authoritative dated record owned or approved by Begapunk and mapped to every affected page/model.,yes-after-evidence-and-approval,yes
P1B-006,Product suitability template using 'performs best',Below are the machine types where this model performs best. || Below are the machine types where this model performs best — and the conditions where you should consider a custom design. || Below are the machine types where this model performs best — and the conditions where you should consider a multi-inlet design. || Below are the machine types where this model performs best — and the conditions where you should consider upgrading to a higher-capacity joint. || Below are the machine types where this model performs best — and the conditions where you should consider upgrading to a higher-passage or dust-proof joint. || Below are the machine types where this model performs best — and the conditions where you should consider upgrading to a higher-pressure or dust-proof joint. || Below are the machine types where this model performs best — and the conditions where you should consider upgrading to a higher-pressure or stainless-steel joint. || Below are the machine types where this model performs best — and the conditions where you should consider upgrading to a larger-bore or higher-speed joint. || Below are the machine types where this model performs best — and the conditions where you should consider upgrading to a multi-passage joint. || Below are the machine types where this model performs best — and the conditions where you should consider upgrading to a multi-passage or higher-pressure joint.,A; E,BP-1P-0003.html; BP-1P-0006.html; BP-2P-0001.html; BP-2P-0002.html; BP-2P-08-0001.html; BP-2P-130-0001.html; BP-2P-16-0001.html; BP-2P-30-0001.html; BP-2P-50-0001.html; BP-2P-95-0001.html; BP-3P-0004.html; BP-3P-0006.html; BP-3P-0007.html; BP-4P-30-0001.html; BP-8P-0001.html,15,yes,"Phase 1A source IDs: HR-006; HR-038; HR-039; HR-040; HR-041; HR-042; HR-043; HR-044; HR-045; HR-046. || BP-1P-0003.html: Compatible Machine Types & Application Fit || BP-1P-0003 is designed for single-air-line applications where weight, simplicity, and cost matter more than multi-channel complexity. Below are the machine types where this model performs best — and the conditions where you should consider upgrading to a multi-passage joint. || ⚠️ Not Recommended For || BP-1P-0006.html: Compatible Machine Types & Application Fit || BP-1P-0006 is designed for applications where one air supply must feed multiple outlets on a rotating platform. The six-outlet design eliminates external manifolds and reduces fitting count. Below are the machine types where this model performs best — and the conditions where you should consider a multi-inlet design. || ⚠️ Not Recommended For || BP-2P-0001.html: Compatible Machine Types & Application Fit || BP-2P-0001 is designed for dual-function rotary applications where two independent air lines must rotate together. The flange mount provides the rigidity needed for machine-frame integration. Below are the machine types where this model performs best — and the conditions where you should consider upgrading to a multi-passage or higher-pressure joint. || ⚠️ Not Recommended For || BP-2P-0002.html: Compatible Machine Types & Application Fit || BP-2P-0002 is designed for compact multi-channel pneumatic applications where two independent air sources must rotate together. The threaded mount and 220 g weight make it ideal for robot arms and small machine tools. Below are the machine types where this model performs best. || ⚠️ Not Recommended For || Template/variant also appears on 11 additional listed page(s).",none found,E1,"The claim is repeated on webpages, which is not independent evidence.",,K3,medium,high,Replace the universal or exact outcome with a conditional engineering statement after manual approval.,"Draft: This model is a potential starting point for the listed applications when its passage count, mounting, medium, pressure, speed, and temperature limits match the machine requirements.",Confirm whether this reflects documented Begapunk experience and identify the applicable operating conditions.,"Application note, field record, or engineering review defining the conditions and limitations.",yes-after-manual-approval,yes
P1B-007,General 100% pre-shipment pressure-test claims,100% pressure tested → Shipped to your door || Both versions use the same PTFE + Si3N4 ceramic seal and are 100% pressure tested before shipment. || Each unit is 100% pressure tested before shipment.,C,BP-3P-0007.html; BP-4P-30-0001.html; faq.html,3,yes,"Phase 1A source IDs: HR-021; HR-053; HR-070. || BP-3P-0007.html: Technical Specifications || BP-3P-0007 is a precision triple-passage G1/8 threaded rotary joint with a 4mm orifice and deep groove ball bearing support. Designed for compact automation and robot EOAT applications where low idle torque and zero leakage are critical. Each unit is 100% pressure tested before shipment. || Pneumatic Specifications || BP-4P-30-0001.html: Frequently Asked Questions || The standard version uses AL6061 Aluminum Alloy construction combining lightweight AL6061 body with high-strength 45# steel shaft. For full steel options, contact our team. All versions are ISO9001 certified. The export version includes English-language documentation, CE marking, and RoHS compliance certificate. The domestic version is identical in mechanical performance but ships with Chinese-language documentation. Both versions use the same PTFE + Si3N4 ceramic seal and are 100% pressure tested before shipment. || Yes — the PTFE + Si3N4 ceramic seal is compatible with water, water-soluble coolant, and light hydraulic oil (up to ISO VG 32). The Si3N4 ceramic filler provides exceptional wear resistance against hard water scale and coolant particles that would destroy a pure PTFE seal. For continuous water exposure, the anodized AL6061 body provides good cor || faq.html: You approve the design → We manufacture (typically 3 weeks) || 100% pressure tested → Shipped to your door || Start your custom inquiry →",none found,E1,"No signed test record, calibrated-instrument record, sample size, or acceptance threshold was found. The claim is repeated on webpages, which is not independent evidence.","See cross-page-fact-conflicts.csv for differing values, scopes, or source-document mismatches.",K4,high,high,Do not change the factual value yet; request Begapunk evidence and scope confirmation.,"Draft: Retain this statement only after its scope, conditions, date, and supporting document are confirmed.","Confirm the correct value, scope, reporting date, and whether the supporting document may be cited publicly.",Authoritative dated record owned or approved by Begapunk and mapped to every affected page/model.,yes-after-evidence-and-approval,yes
P1B-008,General zero-leakage claims,"Leakage Zero (100% pressure tested) || Custom order precision: Each unit is 100% pressure tested to zero leakage before shipment, ensuring reliable operation in critical automation cells || Each channel must be mechanically isolated with zero leakage tolerance. || Each unit is 100% pressure tested to zero leakage before shipment as part of the custom order process. || Leakage Zero leakage (100% pressure tested) || The PTFE composite seal provides chemical resistance across air, water, and coolant media with zero leakage guaranteed from 100% pressure testing.",A; C; E,BP-1P-0006.html; BP-2P-0002.html; BP-2P-30-0001.html; BP-3P-0007.html; BP-3P-S06-0001.html; applications.html,9,yes,"Phase 1A source IDs: HR-011; HR-065; HR-069; HR-071; HR-086; HR-114. || BP-1P-0006.html: Air, Water, Water-Soluble Coolant, Light Hydraulic Oil || Leakage || Zero (100% pressure tested) || BP-2P-0002.html: Air, Water, Water-Soluble Coolant, Light Hydraulic Oil || Leakage || Zero (100% pressure tested) || BP-2P-30-0001.html: Technical Specifications || BP-2P-30-0001 is a dual-passage rotary joint with a 30mm central bore, designed for medium-duty pneumatic and fluid transfer on automation rotary equipment. The deep groove ball bearing supports radial loads up to 5 N·m, making it suitable for side-mounted tooling and off-center fixtures. The PTFE composite seal provides chemical resistance across air, water, and coolant media with zero leakage guaranteed from 100% pressure testing. || Pneumatic Specifications || BP-3P-0007.html: Deep groove ball bearing support: ≤2 N·m idle torque with smooth rotation for delicate indexing at 200 RPM, reducing servo motor load and improving positioning accuracy || Custom order precision: Each unit is 100% pressure tested to zero leakage before shipment, ensuring reliable operation in critical automation cells || ?78.9 × 63.9 mm, 390 g envelope: Fits robot EOAT and desktop automation where every millimeter and gram matters — smaller than most 2-passage joints || Template/variant also appears on 2 additional listed page(s).",none found,E1,"No certificate or declaration file with entity, scope, validity period, and applicable models was found. No signed test record, calibrated-instrument record, sample size, or acceptance threshold was found. The claim is repeated on webpages, which is not independent evidence.","See cross-page-fact-conflicts.csv for differing values, scopes, or source-document mismatches.",K5,critical,high,Pause the exact public statement; use only a bounded draft after manual approval.,Draft: Each unit is checked before shipment using Begapunk's documented test procedure. Acceptance criteria and test conditions are available for the applicable model on request.,Confirm whether a specific documented test or customer-approved case exists and whether it may be cited publicly.,"Signed test/case record with model, conditions, dates, sample size, method, and approval for public use.",yes-after-manual-approval,yes
P1B-009,One-minute 1.0 MPa zero-leakage test claims,"Both versions use the same PTFE composite seal and are 100% pressure tested at 1.0 MPa for 60 seconds before shipment. || Zero leakage from 100% pressure testing: Every unit is tested at 1.0 MPa before shipment — no drip, no bubble, no pressure decay || Zero leakage guarantee: Every unit is 100% pressure tested before shipment at 1.0 MPa for 60 seconds — no leaks, no exceptions",C,BP-2P-30-0001.html; BP-3P-S06-0001.html; BP-8P-0001.html,3,yes,"Phase 1A source IDs: HR-054; HR-126; HR-127. || BP-2P-30-0001.html: Ø76 × 70 mm compact envelope: Fits medium automation stations where space is limited but a 30mm bore is required for cable routing || Zero leakage from 100% pressure testing: Every unit is tested at 1.0 MPa before shipment — no drip, no bubble, no pressure decay || 4-M5 rotor/stator connections match standard fittings: Direct connection to M5 push-to-connect fittings without adapters, reducing leak points and assembly time || BP-3P-S06-0001.html: Compact for dense automation: At Ø54 x 99.8 mm and 0.41 kg, it fits small rotary tables and indexing fixtures where space between stations is limited || Zero leakage guarantee: Every unit is 100% pressure tested before shipment at 1.0 MPa for 60 seconds — no leaks, no exceptions || Gold-plated contacts for signal integrity: 6 circuits rated 2A at 24V DC / 250V AC with gold-plated copper alloy contacts ensure stable power and data transmission through 8,000+ hours || BP-8P-0001.html: ✅ Perfect — highest passage count in standard range || — || —",none found,E1,"No signed test record, calibrated-instrument record, sample size, or acceptance threshold was found. The claim is repeated on webpages, which is not independent evidence.","See cross-page-fact-conflicts.csv for differing values, scopes, or source-document mismatches.",K5,critical,high,Pause the exact public statement; use only a bounded draft after manual approval.,Draft: Each unit is checked before shipment using Begapunk's documented test procedure. Acceptance criteria and test conditions are available for the applicable model on request.,Confirm whether a specific documented test or customer-approved case exists and whether it may be cited publicly.,"Signed test/case record with model, conditions, dates, sample size, method, and approval for public use.",yes-after-manual-approval,yes
P1B-010,"8,000-hour service-life claims","Service Life ≥8,000 hours (rated conditions) || Bearing life is rated at ≥8,000 hours under rated load. || Service Life 8,000 hours (rated conditions)",B; E,BP-1P-0006.html; BP-2P-0002.html; BP-2P-30-0001.html; BP-3P-0007.html; BP-3P-S06-0001.html,6,yes,"Phase 1A source IDs: HR-012; HR-036; HR-097. || BP-1P-0006.html: General || Service Life || ≥8,000 hours (rated conditions) || BP-2P-0002.html: General || Service Life || ≥8,000 hours (rated conditions) || BP-2P-30-0001.html: General || Service Life || ≥8,000 hours (rated conditions) || BP-3P-0007.html: General || Service Life || ≥8,000 hours (rated conditions) || Template/variant also appears on 1 additional listed page(s).",downloads/BP-1P-0003_参数表.xlsx,E2,"The spreadsheet repeats an 8,000-hour value for one model but has no author, date, test method, sample size, or approval record.",,K4,high,low,Do not change the factual value yet; request Begapunk evidence and scope confirmation.,"Draft: Retain this statement only after its scope, conditions, date, and supporting document are confirmed.","Confirm the correct value, scope, reporting date, and whether the supporting document may be cited publicly.",Authoritative dated record owned or approved by Begapunk and mapped to every affected page/model.,yes-after-evidence-and-approval,yes
P1B-011,Precise 48-hour leakage case claims,"Within 48 hours, air leaks at 0.3 MPa from the seal interface. || Within 48 hours, air leaks at 0.3 MPa. || The AL6061 flange face warps by 0.08 mm, creating a leak path that sprays air at 0.8 MPa within 48 hours. || Within 48 hours, air bleeds from passage 3 into passage 5, causing pressure interference and dropped workpieces. || Within 48 hours, air leaks at 0.4 MPa. || Within 48 hours, the seal leaks at 6 MPa.",B,BP-1P-0003.html; BP-1P-0006.html; BP-2P-0002.html; BP-2P-95-0001.html; BP-3P-0004.html; BP-3P-0006.html; BP-4P-30-0001.html; BP-8P-0001.html,8,yes,"Phase 1A source IDs: HR-017; HR-018; HR-109; HR-122; HR-123; HR-124. || BP-1P-0003.html: Mistake 1: Overtightening the threaded connection || The #1 cause of BP-1P-0003 warranty claims is overtightening. A technician uses a pipe wrench and applies 25 N·m on a G1/4 thread rated for 8–12 N·m. The housing distorts, compressing the PTFE seal unevenly. Within 48 hours, air leaks at 0.3 MPa. The technician blames the seal quality and requests a replacement — but the root cause was installation torque. Rule: Use a torque wrench. Hand-tighten plus 1/4 turn maximum. For G1/4: 8–12 N·m. For G1/8: 5–8 N·m. || Mistake 2: Using it for 2-passage applications || BP-1P-0006.html: Mistake 1: Overtightening the G1/8 threaded connection || The #1 cause of BP-1P-0006 warranty claims is overtightening. A technician uses a pipe wrench and applies 20 N·m on a G1/8 thread rated for 8–12 N·m. The lightweight AL6061 housing distorts, compressing the PTFE seal unevenly. Within 48 hours, air leaks at 0.3 MPa from the seal interface. The technician blames seal quality and requests a replacement — but the root cause was installation torque. Rule: Use a torque wrench. Hand-tighten plus 1/4 turn maximum. For G1/8: 8–12 N·m. If the housing flexes, stop immediately. || Mistake 2: Expecting independent pressure per outlet || BP-2P-0002.html: Mistake 1: Overtightening the G1/8 threaded connection || The #1 cause of BP-2P-0002 warranty claims is overtightening. A technician uses a pipe wrench and applies 20 N·m on a G1/8 thread rated for 8–12 N·m. The lightweight AL6061 housing distorts, compressing the PTFE seal unevenly. Within 48 hours, air leaks at 0.3 MPa from the seal interface. The technician blames seal quality and requests a replacement — but the root cause was installation torque. Rule: Use a torque wrench. Hand-tighten plus 1/4 turn maximum. For G1/8: 8–12 N·m. If the housing flexes, stop immediately. || Mistake 2: Treating all three outlets as independent pressure zones || BP-2P-95-0001.html: Mistake 2: Running at 10 MPa without 25-micron filtration || A hydraulic system builder installs BP-2P-95-0001 on a 10 MPa rotary table but uses the machine's standard 100-micron return filter. A 50-micron particle enters the joint, embeds in the PTFE seal, and scores the steel shaft. Within 48 hours, the seal leaks at 6 MPa. The builder replaces the seal, but the same thing happens because the filtration never changes. Rule: At 10 MPa, always use 25-micron absolute filtration on the supply line. The cost of a $40 filter element is negligible compared to a $200 seal kit and 4 hours of downtime. || Mistake 3: Using it as 4 independent inlets instead of 2-in-4-out distribution || Template/variant also appears on 4 additional listed page(s).",images/report-fracture-closeup.jpg; images/report-fracture-installation.jpg,E2,"The photos show installed/damaged hardware but contain no model, customer, date, operating conditions, timeline, or causal test record.",,K5,critical,high,Pause the exact public statement; use only a bounded draft after manual approval.,"Draft: Incorrect installation or operation outside the specified limits can cause premature leakage; the failure timing depends on load, medium, temperature, alignment, and duty cycle.",Confirm whether a specific documented test or customer-approved case exists and whether it may be cited publicly.,"Signed test/case record with model, conditions, dates, sample size, method, and approval for public use.",yes-after-manual-approval,yes
P1B-012,BP-2P-95-0001 10 MPa and 200 RPM operating-envelope claims,"(3) Your speed exceeds 200 RPM at 10 MPa — specify a low-friction seal and high-speed bearing variant. || 2-in-4-out distribution, 5–10 MPa hydraulic, heavy rotary table ✅ Perfect — 10 MPa, 200 RPM, 162 mm OD — — || 200 RPM suits high-speed rotary tables even at 10 MPa: Unlike slow heavy-duty joints limited to 50 RPM, BP-2P-95-0001 maintains 200 RPM for fast-indexing hydraulic tables || Both versions have identical pressure (10 MPa), speed (200 RPM), and temperature (-20°C to +80°C) ratings. || Speed >200 RPM at 10 MPa ❌ Over speed rating Custom high-speed hydraulic Special low-friction seal and bearing for 500 RPM at 10 MPa || Speeds above 200 RPM at maximum pressure — the PTFE seal friction torque rises with both speed and pressure; at 10 MPa and 200 RPM, seal temperature exceeds 80°C. || Upgrade to a custom design when your application exceeds the 2-in-4-out, 10 MPa, 200 RPM envelope. || BP-2P-95-0001 2-in-4-out 10 MPa 200 RPM Flange mount AL6061 + 45# steel Heavy-duty hydraulic-assisted fixtures, high-pressure rotary transfer View",D,BP-2P-95-0001.html; product-comparison.html,8,yes,"Phase 1A source IDs: HR-019; HR-022; HR-023; HR-052; HR-099; HR-100; HR-120; HR-128. || BP-2P-95-0001.html: 8-M5 + 2-M10 flange secures against 10 MPa reaction forces: The ten-bolt pattern prevents flange lift and gasket blowout under hydraulic shock loads common in stamping and molding || 200 RPM suits high-speed rotary tables even at 10 MPa: Unlike slow heavy-duty joints limited to 50 RPM, BP-2P-95-0001 maintains 200 RPM for fast-indexing hydraulic tables || Technical Specifications || product-comparison.html: 1 MPa || 500 RPM || Threaded",downloads/BP-2P-95-0001.pdf; downloads/Begapunk_Rotary_Joint_Installation_Manual.pdf,E3,"The PDF filename says BP-2P-95-0001, but its internal title is BP-2P-95-0005 and states 1 MPa, so it cannot validate the webpage's 10 MPa claim. The manual is identifiable and dated, but it does not validate every exact failure time or performance outcome used on webpages.","See cross-page-fact-conflicts.csv for differing values, scopes, or source-document mismatches.",K4,high,high,Do not change the factual value yet; request Begapunk evidence and scope confirmation.,Draft: Operating limits for BP-2P-95-0001 are pending confirmation against the approved model drawing and pressure-speed operating envelope.,"Confirm the correct value, scope, reporting date, and whether the supporting document may be cited publicly.",Authoritative dated record owned or approved by Begapunk and mapped to every affected page/model.,yes-after-evidence-and-approval,yes
P1B-013,"Cumulative 200,000-unit production claims","200,000 Units Milestone || Cumulative production exceeded 200,000 units.",C,about.html,2,no,"Phase 1A source IDs: HR-024; HR-057. || about.html: Launched dedicated custom engineering team. Delivered first multi-channel (6-passage) rotary joint for wind turbine application. || 200,000 Units Milestone || Cumulative production exceeded 200,000 units. Active customers in 40+ countries. Free 3D file program launched.",none found,E1,"No dated ERP, invoice, shipment export, or counting-method record was found. The claim is repeated on webpages, which is not independent evidence.",,K4,high,medium,Do not change the factual value yet; request Begapunk evidence and scope confirmation.,Draft: Cumulative shipment volume will be stated with an approved counting method and an explicit reporting date.,"Confirm the correct value, scope, reporting date, and whether the supporting document may be cited publicly.",Authoritative dated record owned or approved by Begapunk and mapped to every affected page/model.,yes-after-evidence-and-approval,yes
P1B-014,Custom flange and seal-option lead-time additions,"Custom flanges with different P.C.D., hole count, or thickness are available upon request with a 5–7 day custom lead time. || Both options add 5–7 days to lead time. || Custom flange patterns (e.g., 3-M6 or 6-M4) are available as special orders with 5–7 day additional lead time. || Custom flange patterns (e.g., 8-M5 or 4-M6) are available as special orders with 5–7 day additional lead time. || Custom flange patterns are available as special orders with 5–7 day additional lead time. || Custom flange patterns are available as special orders with 7–10 day additional lead time. || The Si3N4 option adds 5–7 days lead time and is recommended only for abrasive or high-wear environments.",B,BP-2P-16-0001.html; BP-2P-30-0001.html; BP-2P-50-0001.html; BP-2P-95-0001.html; BP-4P-30-0001.html; BP-8P-0001.html,8,yes,"Phase 1A source IDs: HR-015; HR-051; HR-059; HR-060; HR-061; HR-062; HR-118. || BP-2P-16-0001.html: ✅ Perfect — 4-M5 flange, 0.45 kg || — || — || BP-2P-30-0001.html: ✅ Perfect — ball bearing, 1.23 kg || — || — || BP-2P-50-0001.html: ✅ Perfect — IP65, 4.26 kg, 6-M5 || — || — || BP-2P-95-0001.html: ✅ Perfect — 10 MPa, 200 RPM, 162 mm OD || — || — || Template/variant also appears on 2 additional listed page(s).",none found,E1,"The claim is repeated on webpages, which is not independent evidence.","See cross-page-fact-conflicts.csv for differing values, scopes, or source-document mismatches.",K4,high,high,Do not change the factual value yet; request Begapunk evidence and scope confirmation.,"Draft: Lead time is confirmed with each quotation and depends on model, quantity, customization, and destination.","Confirm the correct value, scope, reporting date, and whether the supporting document may be cited publicly.",Authoritative dated record owned or approved by Begapunk and mapped to every affected page/model.,yes-after-evidence-and-approval,yes
P1B-015,PTFE seal fixed replacement intervals,Continuous rotation (PTFE seals): Replace every 10–12 months || Food-grade PTFE seals: Replace every 10–12 months on continuous-duty lines || PTFE seals: Replace every 10–12 months on continuous-duty lines,B,application-automation-rotary-tables.html; application-bottle-filling-capping.html; application-packaging-machinery.html,3,yes,"Phase 1A source IDs: HR-056; HR-078; HR-095. || application-automation-rotary-tables.html: Indexing tables (FKM seals): Replace every 8–10 months on continuous-duty lines || Continuous rotation (PTFE seals): Replace every 10–12 months || High-cycle lines (>200 RPM, 24/7): Replace every 6–8 months || application-bottle-filling-capping.html: Food-grade FKM seals: Replace every 6 months (audit requirement) || Food-grade PTFE seals: Replace every 10–12 months on continuous-duty lines || Steam sterilization lines: Replace every 6 months regardless of visible wear (thermal fatigue) || application-packaging-machinery.html: FKM seals: Replace every 6–8 months on continuous-duty lines || PTFE seals: Replace every 10–12 months on continuous-duty lines || Food-grade lines: Replace every 6 months regardless of visible wear (audit requirement)",none found,E1,"The claim is repeated on webpages, which is not independent evidence.",,K3,medium,high,Replace the universal or exact outcome with a conditional engineering statement after manual approval.,"Draft: Inspection and replacement intervals depend on duty cycle, medium, filtration, temperature, pressure, speed, and observed wear; establish the interval from the documented application conditions.",Confirm whether this reflects documented Begapunk experience and identify the applicable operating conditions.,"Application note, field record, or engineering review defining the conditions and limitations.",yes-after-manual-approval,yes
P1B-016,FKM and food-line fixed replacement intervals,FKM seals: Replace every 6–8 months on continuous-duty lines || Food-grade FKM seals: Replace every 6 months (audit requirement) || Food-grade lines: Replace every 6 months regardless of visible wear (audit requirement) || Indexing tables (FKM seals): Replace every 8–10 months on continuous-duty lines || Steam sterilization lines: Replace every 6 months regardless of visible wear (thermal fatigue),B,application-automation-rotary-tables.html; application-bottle-filling-capping.html; application-packaging-machinery.html,5,yes,"Phase 1A source IDs: HR-074; HR-076; HR-077; HR-084; HR-108. || application-automation-rotary-tables.html: Do not wait for visible leaks or channel cross-contamination. Schedule seal replacement based on cycle count: || Indexing tables (FKM seals): Replace every 8–10 months on continuous-duty lines || Continuous rotation (PTFE seals): Replace every 10–12 months || application-bottle-filling-capping.html: Do not wait for visible leaks. Schedule seal replacement based on cycle count, not calendar time: || Food-grade FKM seals: Replace every 6 months (audit requirement) || Food-grade PTFE seals: Replace every 10–12 months on continuous-duty lines || application-packaging-machinery.html: BP-2P-0001 or BP-3P-0004 || Indexing table || Clamp, release, and blow-off",none found,E1,"The claim is repeated on webpages, which is not independent evidence.",,K3,medium,high,Replace the universal or exact outcome with a conditional engineering statement after manual approval.,"Draft: Inspection and replacement intervals depend on duty cycle, medium, filtration, temperature, pressure, speed, and observed wear; establish the interval from the documented application conditions.",Confirm whether this reflects documented Begapunk experience and identify the applicable operating conditions.,"Application note, field record, or engineering review defining the conditions and limitations.",yes-after-manual-approval,yes
P1B-017,High-cycle fixed replacement intervals,"High-cycle lines (24/7, 60 cycles/min): Replace every 6–8 months || High-cycle lines (>200 RPM, 24/7): Replace every 6–8 months || High-frequency line (2 shifts, 1,000+ cycles/day): Replace every 5–6 months || Standard duty (8-hour shift, 30 cycles/min): Replace every 10–12 months",B,application-automation-rotary-tables.html; application-pneumatic-tools-hose-anti-twist.html; application-robot-end-of-arm-tooling.html,4,yes,"Phase 1A source IDs: HR-080; HR-081; HR-082; HR-102. || application-automation-rotary-tables.html: Continuous rotation (PTFE seals): Replace every 10–12 months || High-cycle lines (>200 RPM, 24/7): Replace every 6–8 months || Keep replacement seal kits at the workstation. A 15-minute seal change becomes a 2-hour job if the technician must walk to central stores and discover the wrong part number. || application-pneumatic-tools-hose-anti-twist.html: 8-hour shift, 400–600 cycles/day: Replace every 8–10 months || High-frequency line (2 shifts, 1,000+ cycles/day): Replace every 5–6 months || Maintenance or occasional use: Inspect every 12 months, replace every 18–24 months || application-robot-end-of-arm-tooling.html: Robot downtime costs $500–$2,000 per hour in lost production. Do not wait for leaks. Schedule seal replacement based on cycle count: || Standard duty (8-hour shift, 30 cycles/min): Replace every 10–12 months || High-cycle lines (24/7, 60 cycles/min): Replace every 6–8 months",none found,E1,"The claim is repeated on webpages, which is not independent evidence.",,K3,medium,high,Replace the universal or exact outcome with a conditional engineering statement after manual approval.,"Draft: Inspection and replacement intervals depend on duty cycle, medium, filtration, temperature, pressure, speed, and observed wear; establish the interval from the documented application conditions.",Confirm whether this reflects documented Begapunk experience and identify the applicable operating conditions.,"Application note, field record, or engineering review defining the conditions and limitations.",yes-after-manual-approval,yes
P1B-018,"5,000-hour seals predicted to fail in 6-8 weeks","Standard duty seals rated for 5,000 hours will fail in 6–8 weeks under this load. || Standard FKM seals rated for 5,000 hours fail in 6–8 weeks. || Standard FKM seals rated for 5,000 hours will fail in 6–8 weeks. || Standard seals rated for 5,000 hours fail in 6–8 weeks under this load.",B,application-packaging-machinery.html,4,no,"Phase 1A source IDs: HR-103; HR-104; HR-105; HR-107. || application-packaging-machinery.html: Who this is for: Packaging machinery OEMs, automation engineers, and maintenance managers specifying pneumatic rotary components for high-cycle packaging lines. || Packaging machinery runs at 60–200 RPM for 16–24 hours per shift. A rotary joint on a rotary sealing head or indexing table rotates 172,800 times per day at 120 RPM continuous duty. Standard seals rated for 5,000 hours fail in 6–8 weeks under this load. The result is not just a leak — it is contaminated product, rejected batches, and unplanned downtime during peak production. || At Begapunk, packaging machinery accounts for roughly 22% of our custom rotary joint inquiries . The most frequent request is not for a catalog model — it is for a compact layout that fits a specific machine envelope, handles both vacuum and compressed air on independent channels, and can be replaced in under 10 minutes without disassembling the turret",images/report-fracture-closeup.jpg; images/report-fracture-installation.jpg,E2,"The photos show installed/damaged hardware but contain no model, customer, date, operating conditions, timeline, or causal test record.",,K5,critical,high,Pause the exact public statement; use only a bounded draft after manual approval.,"Draft: Incorrect installation or operation outside the specified limits can cause premature leakage; the failure timing depends on load, medium, temperature, alignment, and duty cycle.",Confirm whether a specific documented test or customer-approved case exists and whether it may be cited publicly.,"Signed test/case record with model, conditions, dates, sample size, method, and approval for public use.",yes-after-manual-approval,yes
P1B-019,Low-risk 'Best For' table headings,Model Seal Type Pressure RPM Best For || Mount Type Best For Limitations,A,blog-rotary-joint-selection.html; blog-rotary-union-seal-types.html,2,no,Phase 1A source IDs: HR-088; HR-091. || blog-rotary-joint-selection.html: Threaded vs. Flange Mount || Mount Type || Best For || blog-rotary-union-seal-types.html: Friction and Leakage || Seal Type || Friction Coefficient,downloads/Begapunk_Rotary_Joint_Installation_Manual.pdf,E3,"The manual is identifiable and dated, but it does not validate every exact failure time or performance outcome used on webpages.",,K6,low,high,Exclude from the high-risk remediation queue; retain unless normal editorial review identifies a clarity issue.,"Draft: No replacement is required because this is a heading, model identifier, or non-performance statement.",Confirm that this is ordinary navigation or advice rather than a contractual performance promise.,No evidence package required beyond normal source review.,no,yes
P1B-020,"We do not post 3D files publicly to protect our designs, but every qualified inquiry receives the file within 24 hours.","We do not post 3D files publicly to protect our designs, but every qualified inquiry receives the file within 24 hours.",E,BP-1P-0003.html; BP-1P-0006.html; BP-2P-0001.html; BP-2P-0002.html; BP-2P-08-0001.html; BP-2P-130-0001.html; BP-2P-16-0001.html; BP-2P-30-0001.html; BP-2P-50-0001.html; BP-2P-95-0001.html; BP-3P-0004.html; BP-3P-0006.html; BP-3P-0007.html; BP-3P-S06-0001.html; BP-4P-30-0001.html; BP-8P-0001.html,16,yes,"Phase 1A source IDs: HR-003. || BP-1P-0003.html: BP-1P-0003 uses BSP parallel (G) threads per ISO 228-1 — G1/4 (standard) or G1/8 (optional). BSP parallel threads seal on a gasket or O-ring at the port face, not on the thread itself. This means PTFE tape on the thread is for sealing only; the mechanical connection is made by the flat face compressing against the mating port. Download the 2D PDF drawing for exact thread dimensions, pitch (1.337 mm for G1/4, 0.907 mm for G1/8), and tolerances. NPT and metric thread options are available as custom orders. || Yes — free 3D STEP and IGES files are provided after you send an inquiry. The file includes both aluminum and steel body variants, G1/4 and G1/8 thread options, and the anti-rotation bracket mounting hole pattern. Use the 3D file to verify clearance, port direction, and thread engagement length in your CAD assembly before ordering. We do not post 3D files publicly to protect our desig || BP-1P-0006.html: BP-1P-0006 uses BSP parallel (G) threads per ISO 228-1 — G1/8 (standard). BSP parallel threads seal on a gasket or O-ring at the port face, not on the thread itself. This means PTFE tape on the thread is for sealing only; the mechanical connection is made by the flat face compressing against the mating port. The rotary joint also has 4× M4 mounting holes on both rotor and stator sides for anti-rotation brackets. Download the 2D PDF drawing for exact thread dimensions, pitch (0.907 mm for G1/8), M4 hole pattern, and tolerances. NPT and metric thread options are available as custom orders. || Yes — free 3D STEP and IGES files are provided after you send an inquiry. The file includes the G1/8 thread option, M4 mounting hole pattern, and the six-outlet port arrangement. Use the 3D file to verify clearance, port direction, and thread engagement length in your CAD assembly before ordering. We  || BP-2P-0001.html: BP-2P-0001 uses a machined flat flange with a bolt circle and through-holes for M6 or M8 bolts (depending on the production batch). The flange face is machined to a flatness of 0.02 mm to ensure gasket sealing. Download the 2D PDF drawing for exact flange OD, bolt circle diameter, hole count, hole diameter, and tolerances. Ensure your equipment mating flange matches before ordering. Custom flange patterns, including metric and imperial bolt circles, are available as custom orders with 10–14 day lead time. || Yes — free 3D STEP and IGES files are provided after you send an inquiry. The file includes the flange mount pattern, dual-passage port arrangement, and both AL6061 and 45# steel component details. Use the 3D file to verify clearance, bolt hole alignment, and port direction in your CAD assembly before ordering. We do not post 3D files publicly to protect our designs, but every qualif || BP-2P-0002.html: BP-2P-0002 uses BSP parallel (G) threads per ISO 228-1 — G1/8 (standard). BSP parallel threads seal on a gasket or O-ring at the port face, not on the thread itself. This means PTFE tape on the thread is for sealing only; the mechanical connection is made by the flat face compressing against the mating port. The rotary joint also has 4× M6 mounting holes on the rotor side and 4× M6 + 2× M8 on the stator side for anti-rotation brackets. Download the 2D PDF drawing for exact thread dimensions, pitch (0.907 mm for G1/8), M6/M8 hole patterns, and tolerances. NPT and metric thread options are available as custom orders. || Yes — free 3D STEP and IGES files are provided after you send an inquiry. The file includes the G1/8 thread option, M6/M8 mounting hole pattern, and the dual-inlet/triple-outlet port arrangement. Use the 3D file to verify clearance, port direction, and thread engagement len || Template/variant also appears on 12 additional listed page(s).",none found,E1,"The claim is repeated on webpages, which is not independent evidence.",,K3,medium,low,Replace the universal or exact outcome with a conditional engineering statement after manual approval.,Draft: Begapunk aims to respond to complete technical inquiries promptly; response time depends on application complexity and the information provided.,Confirm whether this reflects documented Begapunk experience and identify the applicable operating conditions.,"Application note, field record, or engineering review defining the conditions and limitations.",yes-after-manual-approval,yes
P1B-021,"AL6061 material traceability, hardness test report, and RoHS compliance certificate.","AL6061 material traceability, hardness test report, and RoHS compliance certificate.",E,BP-1P-0006.html; BP-2P-0002.html; BP-2P-08-0001.html; BP-3P-0004.html; BP-3P-0006.html,5,yes,"Phase 1A source IDs: HR-008. || BP-1P-0006.html: Material Certificate || AL6061 material traceability, hardness test report, and RoHS compliance certificate. Available upon request with order. || BP-1P-0006 vs. Other Begapunk Models || BP-2P-0002.html: Material Certificate || AL6061 material traceability, hardness test report, and RoHS compliance certificate. Available upon request with order. || BP-2P-0002 vs. Other Begapunk Models || BP-2P-08-0001.html: Body Material || AL6061 || Seal Type || BP-3P-0004.html: Material Certificate || AL6061 material traceability, hardness test report, and RoHS compliance certificate. Available upon request with order. || BP-3P-0004 vs. Other Begapunk Models || Template/variant also appears on 1 additional listed page(s).",none found,E1,"Drawings may identify material, but no traceability certificate, hardness report, coating report, or RoHS declaration was found. No certificate or declaration file with entity, scope, validity period, and applicable models was found. The claim is repeated on webpages, which is not independent evidence.",,K4,high,high,Do not change the factual value yet; request Begapunk evidence and scope confirmation.,"Draft: Certification information is available for the applicable entity and product scope on request, subject to current-document verification.","Confirm the correct value, scope, reporting date, and whether the supporting document may be cited publicly.",Authoritative dated record owned or approved by Begapunk and mapped to every affected page/model.,yes-after-evidence-and-approval,yes
P1B-022,"AL6061 + 45# steel material traceability, hardness test report, and RoHS compliance certificate.","AL6061 + 45# steel material traceability, hardness test report, and RoHS compliance certificate.",C,BP-2P-0001.html; BP-2P-130-0001.html,2,no,"Phase 1A source IDs: HR-014. || BP-2P-0001.html: Body Material || AL6061 + 45# Steel || Seal Type || BP-2P-130-0001.html: Material Certificate || AL6061 + 45# steel material traceability, hardness test report, and RoHS compliance certificate. Available upon request with order. || BP-2P-130-0001 vs. Other Begapunk Models",none found,E1,"Drawings may identify material, but no traceability certificate, hardness report, coating report, or RoHS declaration was found. No certificate or declaration file with entity, scope, validity period, and applicable models was found. The claim is repeated on webpages, which is not independent evidence.",,K4,high,high,Do not change the factual value yet; request Begapunk evidence and scope confirmation.,"Draft: Certification information is available for the applicable entity and product scope on request, subject to current-document verification.","Confirm the correct value, scope, reporting date, and whether the supporting document may be cited publicly.",Authoritative dated record owned or approved by Begapunk and mapped to every affected page/model.,yes-after-evidence-and-approval,yes
P1B-023,"1.5× rated pressure, 30 minutes, zero leakage pass.","1.5× rated pressure, 30 minutes, zero leakage pass.",A,about.html,1,no,"Phase 1A source IDs: HR-020. || about.html: Pressure Test || 1.5× rated pressure, 30 minutes, zero leakage pass. || Pack & Ship",none found,E1,"No signed test record, calibrated-instrument record, sample size, or acceptance threshold was found. The claim is repeated on webpages, which is not independent evidence.",,K5,critical,high,Pause the exact public statement; use only a bounded draft after manual approval.,Draft: Each unit is checked before shipment using Begapunk's documented test procedure. Acceptance criteria and test conditions are available for the applicable model on request.,Confirm whether a specific documented test or customer-approved case exists and whether it may be cited publicly.,"Signed test/case record with model, conditions, dates, sample size, method, and approval for public use.",yes-after-manual-approval,yes
P1B-024,"45# steel material traceability, hardness test report, and RoHS compliance certificate.","45# steel material traceability, hardness test report, and RoHS compliance certificate.",C,BP-1P-0003.html,1,no,"Phase 1A source IDs: HR-025. || BP-1P-0003.html: Material Certificate || 45# steel material traceability, hardness test report, and RoHS compliance certificate. Available upon request with order. || BP-1P-0003 vs. Other Begapunk Models",none found,E1,"Drawings may identify material, but no traceability certificate, hardness report, coating report, or RoHS declaration was found. No certificate or declaration file with entity, scope, validity period, and applicable models was found. The claim is repeated on webpages, which is not independent evidence.",,K4,high,high,Do not change the factual value yet; request Begapunk evidence and scope confirmation.,"Draft: Certification information is available for the applicable entity and product scope on request, subject to current-document verification.","Confirm the correct value, scope, reporting date, and whether the supporting document may be cited publicly.",Authoritative dated record owned or approved by Begapunk and mapped to every affected page/model.,yes-after-evidence-and-approval,yes
P1B-025,"8-hour shift, 400–600 cycles/day: Replace every 8–10 months","8-hour shift, 400–600 cycles/day: Replace every 8–10 months",B,application-pneumatic-tools-hose-anti-twist.html,1,no,"Phase 1A source IDs: HR-026. || application-pneumatic-tools-hose-anti-twist.html: Handheld tool swivels wear faster than stationary joints because they experience random angular motion, vibration, and occasional impact. Schedule replacement based on shift count: || 8-hour shift, 400–600 cycles/day: Replace every 8–10 months || High-frequency line (2 shifts, 1,000+ cycles/day): Replace every 5–6 months",none found,E0,No project file beyond the source webpage was found.,,K3,medium,low,Replace the universal or exact outcome with a conditional engineering statement after manual approval.,"Draft: Inspection and replacement intervals depend on duty cycle, medium, filtration, temperature, pressure, speed, and observed wear; establish the interval from the documented application conditions.",Confirm whether this reflects documented Begapunk experience and identify the applicable operating conditions.,"Application note, field record, or engineering review defining the conditions and limitations.",yes-after-manual-approval,yes
P1B-026,"A rigid anti-rotation bracket that clamps the body tightly will transfer vibration to the bearing, reducing bearing life from 8,000 hours to 4,000 hours.","A rigid anti-rotation bracket that clamps the body tightly will transfer vibration to the bearing, reducing bearing life from 8,000 hours to 4,000 hours.",B,BP-2P-30-0001.html,1,no,"Phase 1A source IDs: HR-027. || BP-2P-30-0001.html: Secure Anti-Rotation || If your model includes an anti-rotation tab, secure it to a fixed bracket with an M4 or M5 screw. Never let the stationary body rotate with the shaft — the supply hoses will twist and the seal will experience reverse torque, accelerating wear. The anti-rotation arm should have 2–3 mm of clearance to allow for axial float during thermal expansion. A rigid anti-rotation bracket that clamps the body tightly will transfer vibration to the bearing, reducing bearing life from 8,000 hours to 4,000 hours. || Connect Supply Lines with Flexible Hose",downloads/BP-1P-0003_参数表.xlsx; downloads/Begapunk_Rotary_Joint_Installation_Manual.pdf,E3,"The spreadsheet repeats an 8,000-hour value for one model but has no author, date, test method, sample size, or approval record. The manual is identifiable and dated, but it does not validate every exact failure time or performance outcome used on webpages.",,K5,critical,low,Pause the exact public statement; use only a bounded draft after manual approval.,"Draft: Remove the exact loss, percentage, or guaranteed outcome until a dated and reviewable case record supports it.",Confirm whether a specific documented test or customer-approved case exists and whether it may be cited publicly.,"Signed test/case record with model, conditions, dates, sample size, method, and approval for public use.",yes-after-manual-approval,yes
P1B-027,"AL6061 + 45# steel material traceability, hardness test report, nickel plating thickness report, and RoHS compliance certificate.","AL6061 + 45# steel material traceability, hardness test report, nickel plating thickness report, and RoHS compliance certificate.",C,BP-2P-95-0001.html,1,no,"Phase 1A source IDs: HR-028. || BP-2P-95-0001.html: Material Certificate || AL6061 + 45# steel material traceability, hardness test report, nickel plating thickness report, and RoHS compliance certificate. Available upon request with order. || BP-2P-95-0001 vs. Other Begapunk Models",none found,E1,"Drawings may identify material, but no traceability certificate, hardness report, coating report, or RoHS declaration was found. No certificate or declaration file with entity, scope, validity period, and applicable models was found. The claim is repeated on webpages, which is not independent evidence.",,K4,high,high,Do not change the factual value yet; request Begapunk evidence and scope confirmation.,"Draft: Certification information is available for the applicable entity and product scope on request, subject to current-document verification.","Confirm the correct value, scope, reporting date, and whether the supporting document may be cited publicly.",Authoritative dated record owned or approved by Begapunk and mapped to every affected page/model.,yes-after-evidence-and-approval,yes
P1B-028,"AL6061 aluminum alloy material traceability, anodizing thickness report, Si3N4 ceramic seal composition, and RoHS compliance.","AL6061 aluminum alloy material traceability, anodizing thickness report, Si3N4 ceramic seal composition, and RoHS compliance.",C,BP-4P-30-0001.html,1,no,Phase 1A source IDs: HR-029. || BP-4P-30-0001.html: Body Material || AL6061 Aluminum Alloy || Seal Type,none found,E1,"Drawings may identify material, but no traceability certificate, hardness report, coating report, or RoHS declaration was found. No certificate or declaration file with entity, scope, validity period, and applicable models was found. The claim is repeated on webpages, which is not independent evidence.",,K4,high,high,Do not change the factual value yet; request Begapunk evidence and scope confirmation.,"Draft: Certification information is available for the applicable entity and product scope on request, subject to current-document verification.","Confirm the correct value, scope, reporting date, and whether the supporting document may be cited publicly.",Authoritative dated record owned or approved by Begapunk and mapped to every affected page/model.,yes-after-evidence-and-approval,yes
P1B-029,"AL6061 aluminum material traceability, anodizing thickness report, hardness test, and RoHS compliance certificate.","AL6061 aluminum material traceability, anodizing thickness report, hardness test, and RoHS compliance certificate.",C,BP-2P-50-0001.html,1,no,"Phase 1A source IDs: HR-030. || BP-2P-50-0001.html: Material Certificate || AL6061 aluminum material traceability, anodizing thickness report, hardness test, and RoHS compliance certificate. Available upon request with order. || BP-2P-50-0001 vs. Other Begapunk Models",none found,E1,"Drawings may identify material, but no traceability certificate, hardness report, coating report, or RoHS declaration was found. No certificate or declaration file with entity, scope, validity period, and applicable models was found. The claim is repeated on webpages, which is not independent evidence.",,K4,high,high,Do not change the factual value yet; request Begapunk evidence and scope confirmation.,"Draft: Certification information is available for the applicable entity and product scope on request, subject to current-document verification.","Confirm the correct value, scope, reporting date, and whether the supporting document may be cited publicly.",Authoritative dated record owned or approved by Begapunk and mapped to every affected page/model.,yes-after-evidence-and-approval,yes
P1B-030,"AL6061 aluminum material traceability, anodizing thickness report, PTFE seal composition, and RoHS compliance.","AL6061 aluminum material traceability, anodizing thickness report, PTFE seal composition, and RoHS compliance.",C,BP-8P-0001.html,1,no,"Phase 1A source IDs: HR-031. || BP-8P-0001.html: Material Certificate || AL6061 aluminum material traceability, anodizing thickness report, PTFE seal composition, and RoHS compliance. Available upon request. || BP-8P-0001 vs. Other Begapunk Models",none found,E1,"Drawings may identify material, but no traceability certificate, hardness report, coating report, or RoHS declaration was found. No certificate or declaration file with entity, scope, validity period, and applicable models was found. The claim is repeated on webpages, which is not independent evidence.",,K4,high,high,Do not change the factual value yet; request Begapunk evidence and scope confirmation.,"Draft: Certification information is available for the applicable entity and product scope on request, subject to current-document verification.","Confirm the correct value, scope, reporting date, and whether the supporting document may be cited publicly.",Authoritative dated record owned or approved by Begapunk and mapped to every affected page/model.,yes-after-evidence-and-approval,yes
P1B-031,"AL6061 aluminum material traceability, hardness test report, and RoHS compliance certificate.","AL6061 aluminum material traceability, hardness test report, and RoHS compliance certificate.",C,BP-2P-16-0001.html,1,no,"Phase 1A source IDs: HR-032. || BP-2P-16-0001.html: Material Certificate || AL6061 aluminum material traceability, hardness test report, and RoHS compliance certificate. Available upon request with order. || BP-2P-16-0001 vs. Other Begapunk Models",none found,E1,"Drawings may identify material, but no traceability certificate, hardness report, coating report, or RoHS declaration was found. No certificate or declaration file with entity, scope, validity period, and applicable models was found. The claim is repeated on webpages, which is not independent evidence.",,K4,high,high,Do not change the factual value yet; request Begapunk evidence and scope confirmation.,"Draft: Certification information is available for the applicable entity and product scope on request, subject to current-document verification.","Confirm the correct value, scope, reporting date, and whether the supporting document may be cited publicly.",Authoritative dated record owned or approved by Begapunk and mapped to every affected page/model.,yes-after-evidence-and-approval,yes
P1B-032,"AL6061 aluminum material traceability, hardness test report, bearing specification sheet, and RoHS compliance certificate.","AL6061 aluminum material traceability, hardness test report, bearing specification sheet, and RoHS compliance certificate.",C,BP-2P-30-0001.html,1,no,"Phase 1A source IDs: HR-033. || BP-2P-30-0001.html: Material Certificate || AL6061 aluminum material traceability, hardness test report, bearing specification sheet, and RoHS compliance certificate. Available upon request with order. || BP-2P-30-0001 vs. Other Begapunk Models",none found,E1,"Drawings may identify material, but no traceability certificate, hardness report, coating report, or RoHS declaration was found. No certificate or declaration file with entity, scope, validity period, and applicable models was found. The claim is repeated on webpages, which is not independent evidence.",,K4,high,high,Do not change the factual value yet; request Begapunk evidence and scope confirmation.,"Draft: Certification information is available for the applicable entity and product scope on request, subject to current-document verification.","Confirm the correct value, scope, reporting date, and whether the supporting document may be cited publicly.",Authoritative dated record owned or approved by Begapunk and mapped to every affected page/model.,yes-after-evidence-and-approval,yes
P1B-033,"AL6061 material traceability, anodizing thickness report, hardness test, and RoHS compliance certificate.","AL6061 material traceability, anodizing thickness report, hardness test, and RoHS compliance certificate.",C,BP-3P-S06-0001.html,1,no,"Phase 1A source IDs: HR-034. || BP-3P-S06-0001.html: Material Certificate || AL6061 material traceability, anodizing thickness report, hardness test, and RoHS compliance certificate. Available upon request with order. || BP-3P-S06-0001 vs. Other Begapunk Models",none found,E1,"Drawings may identify material, but no traceability certificate, hardness report, coating report, or RoHS declaration was found. No certificate or declaration file with entity, scope, validity period, and applicable models was found. The claim is repeated on webpages, which is not independent evidence.",,K4,high,high,Do not change the factual value yet; request Begapunk evidence and scope confirmation.,"Draft: Certification information is available for the applicable entity and product scope on request, subject to current-document verification.","Confirm the correct value, scope, reporting date, and whether the supporting document may be cited publicly.",Authoritative dated record owned or approved by Begapunk and mapped to every affected page/model.,yes-after-evidence-and-approval,yes
P1B-034,"AL6061 material traceability, hardness test report, bearing specification, and RoHS compliance certificate.","AL6061 material traceability, hardness test report, bearing specification, and RoHS compliance certificate.",C,BP-3P-0007.html,1,no,"Phase 1A source IDs: HR-035. || BP-3P-0007.html: Material Certificate || AL6061 material traceability, hardness test report, bearing specification, and RoHS compliance certificate. Available upon request with order. || BP-3P-0007 vs. Other Begapunk Models",none found,E1,"Drawings may identify material, but no traceability certificate, hardness report, coating report, or RoHS declaration was found. No certificate or declaration file with entity, scope, validity period, and applicable models was found. The claim is repeated on webpages, which is not independent evidence.",,K4,high,high,Do not change the factual value yet; request Begapunk evidence and scope confirmation.,"Draft: Certification information is available for the applicable entity and product scope on request, subject to current-document verification.","Confirm the correct value, scope, reporting date, and whether the supporting document may be cited publicly.",Authoritative dated record owned or approved by Begapunk and mapped to every affected page/model.,yes-after-evidence-and-approval,yes
P1B-035,Best practice: Use a flange mount with the air ports facing away from the wrist servo.,Best practice: Use a flange mount with the air ports facing away from the wrist servo.,A,application-robot-end-of-arm-tooling.html,1,no,"Phase 1A source IDs: HR-047. || application-robot-end-of-arm-tooling.html: Compact mounting and cable management || Robot wrists have 30–50 mm radial clearance. The rotary joint must fit inside this envelope without interfering with servo cables or proximity sensors. Best practice: Use a flange mount with the air ports facing away from the wrist servo. Route hoses along the robot arm, not across the wrist joint. Begapunk provides 3D STEP files for CAD fit verification — check clearance, port direction, and anti-rotation bracket position before ordering. || Anti-rotation in tight spaces",downloads/Begapunk_Rotary_Joint_Installation_Manual.pdf,E3,"The manual is identifiable and dated, but it does not validate every exact failure time or performance outcome used on webpages.",,K3,medium,low,Replace the universal or exact outcome with a conditional engineering statement after manual approval.,"Draft: This model is a potential starting point for the listed applications when its passage count, mounting, medium, pressure, speed, and temperature limits match the machine requirements.",Confirm whether this reflects documented Begapunk experience and identify the applicable operating conditions.,"Application note, field record, or engineering review defining the conditions and limitations.",yes-after-manual-approval,yes
P1B-036,"Best practice: Use a short, rigid nipple (20–30 mm) between the tool inlet and the swivel.","Best practice: Use a short, rigid nipple (20–30 mm) between the tool inlet and the swivel.",A,application-pneumatic-tools-hose-anti-twist.html,1,no,"Phase 1A source IDs: HR-048. || application-pneumatic-tools-hose-anti-twist.html: Tool inlet mounting position || Mount the swivel as close to the tool body as possible — within 20–30 mm of the grip. This minimizes the lever arm and reduces wrist torque. Avoid mounting the swivel at the end of a 50 mm extension — the extra length amplifies side load from the hose and increases the risk of fitting fatigue. Best practice: Use a short, rigid nipple (20–30 mm) between the tool inlet and the swivel. The nipple protects the tool threads and provides a solid mounting surface. || Hose length and strain relief",none found,E0,No project file beyond the source webpage was found.,,K3,medium,low,Replace the universal or exact outcome with a conditional engineering statement after manual approval.,"Draft: This model is a potential starting point for the listed applications when its passage count, mounting, medium, pressure, speed, and temperature limits match the machine requirements.",Confirm whether this reflects documented Begapunk experience and identify the applicable operating conditions.,"Application note, field record, or engineering review defining the conditions and limitations.",yes-after-manual-approval,yes
P1B-037,Best when high channel counts (8+ air + 12+ electrical) are needed.,Best when high channel counts (8+ air + 12+ electrical) are needed.,A,application-automation-rotary-tables.html,1,no,Phase 1A source IDs: HR-049. || application-automation-rotary-tables.html: Integrated pneumatic-electric rotary joint: Air passages + electrical slip rings in one housing. Example: BP-3P-S06-0001 (3 air passages + 6 electrical circuits). Best when space is limited and channel count is moderate. || Separate rotary joint + slip ring: Mount the pneumatic joint and electrical slip ring coaxially or side-by-side. Best when high channel counts (8+ air + 12+ electrical) are needed. || Critical: Verify radial clearance. A 30 mm bore rotary joint plus a 25 mm slip ring needs 60+ mm total radial space. Check your CAD model before specifying.,none found,E0,No project file beyond the source webpage was found.,,K3,medium,low,Replace the universal or exact outcome with a conditional engineering statement after manual approval.,"Draft: This model is a potential starting point for the listed applications when its passage count, mounting, medium, pressure, speed, and temperature limits match the machine requirements.",Confirm whether this reflects documented Begapunk experience and identify the applicable operating conditions.,"Application note, field record, or engineering review defining the conditions and limitations.",yes-after-manual-approval,yes
P1B-038,Best when space is limited and channel count is moderate.,Best when space is limited and channel count is moderate.,A,application-automation-rotary-tables.html,1,no,"Phase 1A source IDs: HR-050. || application-automation-rotary-tables.html: Many automation tables need both pneumatic and electrical transfer — sensors, encoders, or servo signals on the rotating fixtures. Two approaches: || Integrated pneumatic-electric rotary joint: Air passages + electrical slip rings in one housing. Example: BP-3P-S06-0001 (3 air passages + 6 electrical circuits). Best when space is limited and channel count is moderate. || Separate rotary joint + slip ring: Mount the pneumatic joint and electrical slip ring coaxially or side-by-side. Best when high channel counts (8+ air + 12+ electrical) are needed.",none found,E0,No project file beyond the source webpage was found.,,K3,medium,low,Replace the universal or exact outcome with a conditional engineering statement after manual approval.,"Draft: This model is a potential starting point for the listed applications when its passage count, mounting, medium, pressure, speed, and temperature limits match the machine requirements.",Confirm whether this reflects documented Begapunk experience and identify the applicable operating conditions.,"Application note, field record, or engineering review defining the conditions and limitations.",yes-after-manual-approval,yes
P1B-039,"Clean assembly (electronics, medical): Replace every 8–10 months regardless of visible wear","Clean assembly (electronics, medical): Replace every 8–10 months regardless of visible wear",B,application-robot-end-of-arm-tooling.html,1,no,"Phase 1A source IDs: HR-055. || application-robot-end-of-arm-tooling.html: High-cycle lines (24/7, 60 cycles/min): Replace every 6–8 months || Clean assembly (electronics, medical): Replace every 8–10 months regardless of visible wear || Keep replacement seal kits at the robot cell. A 10-minute seal change during a planned maintenance window beats a 2-hour emergency stop.",none found,E0,No project file beyond the source webpage was found.,,K3,medium,low,Replace the universal or exact outcome with a conditional engineering statement after manual approval.,"Draft: Inspection and replacement intervals depend on duty cycle, medium, filtration, temperature, pressure, speed, and observed wear; establish the interval from the documented application conditions.",Confirm whether this reflects documented Begapunk experience and identify the applicable operating conditions.,"Application note, field record, or engineering review defining the conditions and limitations.",yes-after-manual-approval,yes
P1B-040,Designed for compact automation and robot EOAT applications where low idle torque and zero leakage are critical.,Designed for compact automation and robot EOAT applications where low idle torque and zero leakage are critical.,A,BP-3P-0007.html,1,no,Phase 1A source IDs: HR-066. || BP-3P-0007.html: Technical Specifications || BP-3P-0007 is a precision triple-passage G1/8 threaded rotary joint with a 4mm orifice and deep groove ball bearing support. Designed for compact automation and robot EOAT applications where low idle torque and zero leakage are critical. Each unit is 100% pressure tested before shipment. || Pneumatic Specifications,none found,E1,"No signed test record, calibrated-instrument record, sample size, or acceptance threshold was found. The claim is repeated on webpages, which is not independent evidence.",,K5,critical,low,Pause the exact public statement; use only a bounded draft after manual approval.,Draft: Each unit is checked before shipment using Begapunk's documented test procedure. Acceptance criteria and test conditions are available for the applicable model on request.,Confirm whether a specific documented test or customer-approved case exists and whether it may be cited publicly.,"Signed test/case record with model, conditions, dates, sample size, method, and approval for public use.",yes-after-manual-approval,yes
P1B-041,Do not cover the first thread — the leading thread must engage cleanly to guide the rest of the fitting.,Do not cover the first thread — the leading thread must engage cleanly to guide the rest of the fitting.,A,blog-threaded-vs-flange.html,1,no,"Phase 1A source IDs: HR-067. || blog-threaded-vs-flange.html: PTFE Tape Application || Standard practice: three wraps of PTFE tape, applied clockwise (same direction as tightening), starting one thread back from the end. Do not cover the first thread — the leading thread must engage cleanly to guide the rest of the fitting. || Common error: Ten wraps of tape because ""more is better."" Excess tape increases the effective thread diameter. On an aluminum housing, this over-stresses the threads and initiates cracks in the first port thread. We have seen BP-1P-0003 housings split at the port because the installer used seven wraps and a power tool.",downloads/Begapunk_Rotary_Joint_Installation_Manual.pdf,E3,"The manual is identifiable and dated, but it does not validate every exact failure time or performance outcome used on webpages.",,K6,low,low,Exclude from the high-risk remediation queue; retain unless normal editorial review identifies a clarity issue.,"Draft: No replacement is required because this is a heading, model identifier, or non-performance statement.",Confirm that this is ordinary navigation or advice rather than a contractual performance promise.,No evidence package required beyond normal source review.,no,yes
P1B-042,"Dry air, clean coolant, normal factory → AL6061, lowest cost, best performance","Dry air, clean coolant, normal factory → AL6061, lowest cost, best performance",A,blog-rotary-joint-materials.html,1,no,"Phase 1A source IDs: HR-068. || blog-rotary-joint-materials.html: Relative Cost || AL6061 || Dry air, water, water-based coolant, hydraulic oil (ISO VG 32)",none found,E0,No project file beyond the source webpage was found.,,K3,medium,low,Replace the universal or exact outcome with a conditional engineering statement after manual approval.,"Draft: This model is a potential starting point for the listed applications when its passage count, mounting, medium, pressure, speed, and temperature limits match the machine requirements.",Confirm whether this reflects documented Begapunk experience and identify the applicable operating conditions.,"Application note, field record, or engineering review defining the conditions and limitations.",yes-after-manual-approval,yes
P1B-043,"Eccentric mounting >0.2 mm creates cyclic side load on the seal, causing leak paths within 200 hours of operation.","Eccentric mounting >0.2 mm creates cyclic side load on the seal, causing leak paths within 200 hours of operation.",B,BP-4P-30-0001.html,1,no,"Phase 1A source IDs: HR-072. || BP-4P-30-0001.html: Verify Flange Bolt Pattern and Bore Alignment || Confirm your equipment flange has bolt holes matching the BP-4P-30-0001 flange pattern and that the central shaft or cable bundle is concentric within ±0.1 mm. Download the 2D PDF for exact P.C.D., hole diameter, flange thickness, and bore runout tolerance. Eccentric mounting >0.2 mm creates cyclic side load on the seal, causing leak paths within 200 hours of operation. Use a dial indicator to check concentricity before final tightening. || Mount Flange with Screws and Check Bore Clearance",downloads/Begapunk_Rotary_Joint_Installation_Manual.pdf,E3,"The manual is identifiable and dated, but it does not validate every exact failure time or performance outcome used on webpages.",,K5,critical,high,Pause the exact public statement; use only a bounded draft after manual approval.,"Draft: Incorrect installation or operation outside the specified limits can cause premature leakage; the failure timing depends on load, medium, temperature, alignment, and duty cycle.",Confirm whether a specific documented test or customer-approved case exists and whether it may be cited publicly.,"Signed test/case record with model, conditions, dates, sample size, method, and approval for public use.",yes-after-manual-approval,yes
P1B-044,"Flange bolt sequence wrong O-ring extruded on one side, dry on other 1–48 hours","Flange bolt sequence wrong O-ring extruded on one side, dry on other 1–48 hours",B,blog-threaded-vs-flange.html,1,no,"Phase 1A source IDs: HR-075. || blog-threaded-vs-flange.html: Immediate leak || Flange bolt sequence wrong || O-ring extruded on one side, dry on other",none found,E0,No project file beyond the source webpage was found.,,K3,medium,low,Replace the universal or exact outcome with a conditional engineering statement after manual approval.,"Draft: This outcome may occur under the stated conditions, but actual performance depends on the model, installation, medium, pressure, speed, temperature, and duty cycle.",Confirm whether this reflects documented Begapunk experience and identify the applicable operating conditions.,"Application note, field record, or engineering review defining the conditions and limitations.",yes-after-manual-approval,yes
P1B-045,"For handheld tools used 8 hours per shift, the swivel should weigh under 0.15 kg to minimize operator fatigue and repetitive strain.","For handheld tools used 8 hours per shift, the swivel should weigh under 0.15 kg to minimize operator fatigue and repetitive strain.",B,application-pneumatic-tools-hose-anti-twist.html,1,no,"Phase 1A source IDs: HR-079. || application-pneumatic-tools-hose-anti-twist.html: How much weight can a handheld tool air swivel add? || For handheld tools used 8 hours per shift, the swivel should weigh under 0.15 kg to minimize operator fatigue and repetitive strain. A 0.3 kg swivel on a 1.2 kg tightening gun increases effective weight by 25% — enough to raise the risk of wrist strain over a 6-month period. Begapunk BP-1P-0003 weighs 0.08 kg, adding negligible load to the tool. || What is the most common mistake when selecting a pneumatic tool air swivel?",none found,E0,No project file beyond the source webpage was found.,,K3,medium,low,Replace the universal or exact outcome with a conditional engineering statement after manual approval.,"Draft: This outcome may occur under the stated conditions, but actual performance depends on the model, installation, medium, pressure, speed, temperature, and duty cycle.",Confirm whether this reflects documented Begapunk experience and identify the applicable operating conditions.,"Application note, field record, or engineering review defining the conditions and limitations.",yes-after-manual-approval,yes
P1B-046,High-pressure coolant delivery 0.5–2.0 MPa BP-2P-130-0001 (5.0 MPa rated),High-pressure coolant delivery 0.5–2.0 MPa BP-2P-130-0001 (5.0 MPa rated),B,blog-rotary-joint-selection.html,1,no,Phase 1A source IDs: HR-083. || blog-rotary-joint-selection.html: BP-1P-0003 / BP-2P-0001 || High-pressure coolant delivery || 0.5–2.0 MPa,downloads/BP-2P-130-0001.pdf,E3,,,K4,high,high,Do not change the factual value yet; request Begapunk evidence and scope confirmation.,"Draft: Lead time is confirmed with each quotation and depends on model, quantity, customization, and destination.","Confirm the correct value, scope, reporting date, and whether the supporting document may be cited publicly.",Authoritative dated record owned or approved by Begapunk and mapped to every affected page/model.,yes-after-evidence-and-approval,yes
P1B-047,"Key insight: There is no ""best"" seal.","Key insight: There is no ""best"" seal.",A,blog-rotary-union-seal-types.html,1,no,"Phase 1A source IDs: HR-085. || blog-rotary-union-seal-types.html: BP-2P-95-0001 || Key insight: There is no ""best"" seal. There is only the seal whose pressure, speed, and media envelope covers your actual operating point with margin. || 1. O-Ring Seals",none found,E0,No project file beyond the source webpage was found.,,K6,low,high,Exclude from the high-risk remediation queue; retain unless normal editorial review identifies a clarity issue.,"Draft: No replacement is required because this is a heading, model identifier, or non-performance statement.",Confirm that this is ordinary navigation or advice rather than a contractual performance promise.,No evidence package required beyond normal source review.,no,yes
P1B-048,"Maintenance or occasional use: Inspect every 12 months, replace every 18–24 months","Maintenance or occasional use: Inspect every 12 months, replace every 18–24 months",B,application-pneumatic-tools-hose-anti-twist.html,1,no,"Phase 1A source IDs: HR-087. || application-pneumatic-tools-hose-anti-twist.html: High-frequency line (2 shifts, 1,000+ cycles/day): Replace every 5–6 months || Maintenance or occasional use: Inspect every 12 months, replace every 18–24 months || Keep spare swivels at the tool crib. A 5-minute swap beats a 30-minute trip to stores plus the risk of grabbing the wrong thread size.",none found,E0,No project file beyond the source webpage was found.,,K3,medium,low,Replace the universal or exact outcome with a conditional engineering statement after manual approval.,"Draft: Inspection and replacement intervals depend on duty cycle, medium, filtration, temperature, pressure, speed, and observed wear; establish the interval from the documented application conditions.",Confirm whether this reflects documented Begapunk experience and identify the applicable operating conditions.,"Application note, field record, or engineering review defining the conditions and limitations.",yes-after-manual-approval,yes
P1B-049,More than 6 electrical circuits ❌ Too few circuits Custom S12 / S24 12 or 24 circuits with same 3 pneumatic passages; 5-day custom lead time,More than 6 electrical circuits ❌ Too few circuits Custom S12 / S24 12 or 24 circuits with same 3 pneumatic passages; 5-day custom lead time,B,BP-3P-S06-0001.html,1,no,Phase 1A source IDs: HR-089. || BP-3P-S06-0001.html: BP-3P-S06-0001 || Pneumatic Passages || 3-in-3-out (triple passage),none found,E0,No project file beyond the source webpage was found.,,K4,high,high,Do not change the factual value yet; request Begapunk evidence and scope confirmation.,"Draft: Lead time is confirmed with each quotation and depends on model, quantity, customization, and destination.","Confirm the correct value, scope, reporting date, and whether the supporting document may be cited publicly.",Authoritative dated record owned or approved by Begapunk and mapped to every affected page/model.,yes-after-evidence-and-approval,yes
P1B-050,Packaging machinery runs at 60–200 RPM for 16–24 hours per shift.,Packaging machinery runs at 60–200 RPM for 16–24 hours per shift.,B,application-packaging-machinery.html,1,no,"Phase 1A source IDs: HR-093. || application-packaging-machinery.html: Who this is for: Packaging machinery OEMs, automation engineers, and maintenance managers specifying pneumatic rotary components for high-cycle packaging lines. || Packaging machinery runs at 60–200 RPM for 16–24 hours per shift. A rotary joint on a rotary sealing head or indexing table rotates 172,800 times per day at 120 RPM continuous duty. Standard seals rated for 5,000 hours fail in 6–8 weeks under this load. The result is not just a leak — it is contaminated product, rejected batches, and unplanned downtime during peak production. || At Begapunk, packaging machinery accounts for roughly 22% of our custom rotary joint inquiries . The most frequent request is not for a catalog model — it is for a compact layout that fits a specific machine envelope, handles both vacuum and compressed air on independent channels, and can be replaced in under 10 minutes without disassembling the turret",none found,E0,No project file beyond the source webpage was found.,,K3,medium,high,Replace the universal or exact outcome with a conditional engineering statement after manual approval.,Draft: Begapunk aims to respond to complete technical inquiries promptly; response time depends on application complexity and the information provided.,Confirm whether this reflects documented Begapunk experience and identify the applicable operating conditions.,"Application note, field record, or engineering review defining the conditions and limitations.",yes-after-manual-approval,yes
P1B-051,Production Manager ISO 9001 Lead Auditor,Production Manager ISO 9001 Lead Auditor,C,about.html,1,no,Phase 1A source IDs: HR-094. || about.html: Li Wei || Production Manager ISO 9001 Lead Auditor || Sarah Zhang,none found,E1,"No certificate or declaration file with entity, scope, validity period, and applicable models was found. The claim is repeated on webpages, which is not independent evidence.",,K4,high,high,Do not change the factual value yet; request Begapunk evidence and scope confirmation.,"Draft: Certification information is available for the applicable entity and product scope on request, subject to current-document verification.","Confirm the correct value, scope, reporting date, and whether the supporting document may be cited publicly.",Authoritative dated record owned or approved by Begapunk and mapped to every affected page/model.,yes-after-evidence-and-approval,yes
P1B-052,"Standard models: Return within 30 days of delivery for a full refund, provided the product is unused and in original packaging.","Standard models: Return within 30 days of delivery for a full refund, provided the product is unused and in original packaging.",B,terms.html,1,no,"Phase 1A source IDs: HR-106. || terms.html: 6. Returns and Refunds || Standard models: Return within 30 days of delivery for a full refund, provided the product is unused and in original packaging. || Custom designs: Non-returnable and non-refundable once production has started.",none found,E0,No project file beyond the source webpage was found.,,K4,high,high,Do not change the factual value yet; request Begapunk evidence and scope confirmation.,"Draft: Lead time is confirmed with each quotation and depends on model, quantity, customization, and destination.","Confirm the correct value, scope, reporting date, and whether the supporting document may be cited publicly.",Authoritative dated record owned or approved by Begapunk and mapped to every affected page/model.,yes-after-evidence-and-approval,yes
P1B-053,"The best model depends on machine function, installation constraints, and operating conditions.","The best model depends on machine function, installation constraints, and operating conditions.",A,applications.html,1,no,"Phase 1A source IDs: HR-110. || applications.html: How to Select an Air Rotary Union for Your Application || The best model depends on machine function, installation constraints, and operating conditions. || Application Type to Product Family",none found,E0,No project file beyond the source webpage was found.,,K6,low,low,Exclude from the high-risk remediation queue; retain unless normal editorial review identifies a clarity issue.,"Draft: No replacement is required because this is a heading, model identifier, or non-performance statement.",Confirm that this is ordinary navigation or advice rather than a contractual performance promise.,No evidence package required beyond normal source review.,no,yes
P1B-054,The cost of a $40 filter element is negligible compared to a $200 seal kit and 4 hours of downtime.,The cost of a $40 filter element is negligible compared to a $200 seal kit and 4 hours of downtime.,B,BP-2P-95-0001.html,1,no,"Phase 1A source IDs: HR-111. || BP-2P-95-0001.html: Mistake 2: Running at 10 MPa without 25-micron filtration || A hydraulic system builder installs BP-2P-95-0001 on a 10 MPa rotary table but uses the machine's standard 100-micron return filter. A 50-micron particle enters the joint, embeds in the PTFE seal, and scores the steel shaft. Within 48 hours, the seal leaks at 6 MPa. The builder replaces the seal, but the same thing happens because the filtration never changes. Rule: At 10 MPa, always use 25-micron absolute filtration on the supply line. The cost of a $40 filter element is negligible compared to a $200 seal kit and 4 hours of downtime. || Mistake 3: Using it as 4 independent inlets instead of 2-in-4-out distribution",none found,E0,No project file beyond the source webpage was found.,,K5,critical,high,Pause the exact public statement; use only a bounded draft after manual approval.,"Draft: Remove the exact loss, percentage, or guaranteed outcome until a dated and reviewable case record supports it.",Confirm whether a specific documented test or customer-approved case exists and whether it may be cited publicly.,"Signed test/case record with model, conditions, dates, sample size, method, and approval for public use.",yes-after-manual-approval,yes
P1B-055,The oil contaminates the work area and the machine stops for 4 hours.,The oil contaminates the work area and the machine stops for 4 hours.,B,BP-3P-0004.html,1,no,"Phase 1A source IDs: HR-113. || BP-3P-0004.html: Mistake 2: Using it for hydraulic above 1 MPa || A machine builder needs 1.2 MPa hydraulic oil for a compact rotary table. To save $20, they buy BP-3P-0004 (1 MPa rated) and run it at 1.2 MPa. The PTFE seal extrudes under the over-pressure within 72 hours, causing catastrophic leakage across all three passages. The oil contaminates the work area and the machine stops for 4 hours. Rule: Respect the 1 MPa limit. For 1.5 MPa, use BP-2P-0002. For 5 MPa, use BP-2P-130-0001. The $20 savings cost $300 in downtime and cleanup. || Mistake 3: Skipping the run-in on a new install",none found,E0,No project file beyond the source webpage was found.,,K3,medium,low,Replace the universal or exact outcome with a conditional engineering statement after manual approval.,"Draft: This outcome may occur under the stated conditions, but actual performance depends on the model, installation, medium, pressure, speed, temperature, and duty cycle.",Confirm whether this reflects documented Begapunk experience and identify the applicable operating conditions.,"Application note, field record, or engineering review defining the conditions and limitations.",yes-after-manual-approval,yes
P1B-056,"The PTFE seal extrudes under the over-pressure within 72 hours, causing catastrophic leakage across all three passages.","The PTFE seal extrudes under the over-pressure within 72 hours, causing catastrophic leakage across all three passages.",B,BP-3P-0004.html,1,no,Phase 1A source IDs: HR-115. || BP-3P-0004.html: ✅ Perfect || — || —,images/report-fracture-closeup.jpg; images/report-fracture-installation.jpg,E2,"The photos show installed/damaged hardware but contain no model, customer, date, operating conditions, timeline, or causal test record.",,K5,critical,high,Pause the exact public statement; use only a bounded draft after manual approval.,"Draft: Incorrect installation or operation outside the specified limits can cause premature leakage; the failure timing depends on load, medium, temperature, alignment, and duty cycle.",Confirm whether a specific documented test or customer-approved case exists and whether it may be cited publicly.,"Signed test/case record with model, conditions, dates, sample size, method, and approval for public use.",yes-after-manual-approval,yes
P1B-057,The result: a last-minute custom design that delays delivery by 4–6 weeks.,The result: a last-minute custom design that delays delivery by 4–6 weeks.,B,application-automation-rotary-tables.html,1,no,"Phase 1A source IDs: HR-116. || application-automation-rotary-tables.html: Mistake 3: Ignoring slip ring space conflict || Automation tables often need both pneumatic and electrical transfer. Engineers specify a 40 mm bore rotary joint and a 35 mm slip ring, then discover they need 80 mm radial clearance — but the table hub only has 60 mm. The result: a last-minute custom design that delays delivery by 4–6 weeks. Rule: Verify radial clearance in your CAD model before specifying. Begapunk provides free 3D STEP files for fit verification. Check clearance, port direction, and anti-rotation bracket position before placing the order. || Mounting and Maintenance for Automation Rotary Table Rotary Unions",none found,E0,No project file beyond the source webpage was found.,,K4,high,high,Do not change the factual value yet; request Begapunk evidence and scope confirmation.,"Draft: Lead time is confirmed with each quotation and depends on model, quantity, customization, and destination.","Confirm the correct value, scope, reporting date, and whether the supporting document may be cited publicly.",Authoritative dated record owned or approved by Begapunk and mapped to every affected page/model.,yes-after-evidence-and-approval,yes
P1B-058,"The right seal makes the joint disappear into the background of the machine — reliable, quiet, and maintenance-free for years.","The right seal makes the joint disappear into the background of the machine — reliable, quiet, and maintenance-free for years.",A,blog-rotary-union-seal-types.html,1,no,"Phase 1A source IDs: HR-117. || blog-rotary-union-seal-types.html: Rotary Union Seal Types: O-Ring, Lip Seal, and Spring-Energized PTFE Seal Compared || Seal selection is one of the main reasons two rotary unions with similar body size can behave very differently in the same machine. The wrong seal creates early leakage, high friction, heat, shaft wear, or unstable pressure transfer. The right seal makes the joint disappear into the background of the machine — reliable, quiet, and maintenance-free for years. || At Begapunk, we manufacture rotary joints with three primary seal families: FKM O-ring , PTFE lip seal , and spring-energized carbon-filled PTFE . Each has a specific domain where it is the correct choice, and a larger domain where it is a waste of money or a source of failure. This guide compares the three, section by section, with real application data from our Ningbo test facility.",none found,E0,No project file beyond the source webpage was found.,,K3,medium,high,Replace the universal or exact outcome with a conditional engineering statement after manual approval.,Draft: The design can reduce routine maintenance when operated within the specified limits and maintained according to the application conditions.,Confirm whether this reflects documented Begapunk experience and identify the applicable operating conditions.,"Application note, field record, or engineering review defining the conditions and limitations.",yes-after-manual-approval,yes
P1B-059,"We strongly recommend using only Begapunk seals — third-party seals may have incorrect durometer (hardness) or material, leading to premature leakage.","We strongly recommend using only Begapunk seals — third-party seals may have incorrect durometer (hardness) or material, leading to premature leakage.",A,faq.html,1,no,"Phase 1A source IDs: HR-121. || faq.html: Following our Installation Guide will prevent most of these issues. || Yes. Most Begapunk rotary joints can be rebuilt using OEM seal kits. We strongly recommend using only Begapunk seals — third-party seals may have incorrect durometer (hardness) or material, leading to premature leakage. Contact our support team with your product serial number to order the correct seal kit. || Begapunk requires fluid filtration to 25 microns or finer for general applications, and 10 microns or finer for high-speed or precision rotary unions. Contaminants larger than the seal gap will embed in the seal material and cause irreversible shaft scoring. Inadequate filtration may void your warranty.",none found,E2,"Drawings may identify material, but no traceability certificate, hardness report, coating report, or RoHS declaration was found.",,K3,medium,high,Replace the universal or exact outcome with a conditional engineering statement after manual approval.,"Draft: This outcome may occur under the stated conditions, but actual performance depends on the model, installation, medium, pressure, speed, temperature, and duty cycle.",Confirm whether this reflects documented Begapunk experience and identify the applicable operating conditions.,"Application note, field record, or engineering review defining the conditions and limitations.",yes-after-manual-approval,yes
