ISO-10303-21;
HEADER;
FILE_DESCRIPTION (( 'STEP AP214' ),
    '1' );
FILE_NAME ('BP-1P-000311111.STEP',
    '2026-09-02T02:28:04',
    ( '' ),
    ( '' ),
    'SwSTEP 2.0',
    'SolidWorks 2024',
    '' );
FILE_SCHEMA (( 'AUTOMOTIVE_DESIGN' ));
ENDSEC;

DATA;
#1 = ORIENTED_EDGE ( 'NONE', *, *, #2557, .F. ) ;
#2 = ORIENTED_EDGE ( 'NONE', *, *, #6257, .F. ) ;
#3 = DIRECTION ( 'NONE',  ( 0.8660269139831302532, 0.4999973842464681129, -1.883033596763902714E-06 ) ) ;
#4 = DIRECTION ( 'NONE',  ( 5.843279076974570843E-15, 0.000000000000000000, 1.000000000000000000 ) ) ;
#5 = AXIS2_PLACEMENT_3D ( 'NONE', #4960, #5607, #487 ) ;
#6 = DIRECTION ( 'NONE',  ( 0.003929182435834711884, -0.9999922807328993635, -1.347807411696156791E-17 ) ) ;
#7 = CARTESIAN_POINT ( 'NONE',  ( -12.61573432715415244, 10.48007557714451998, 0.9043060502676957269 ) ) ;
#8 = PLANE ( 'NONE',  #6232 ) ;
#9 = AXIS2_PLACEMENT_3D ( 'NONE', #3838, #613, #6441 ) ;
#10 = AXIS2_PLACEMENT_3D ( 'NONE', #2685, #8261, #1324 ) ;
#11 = CARTESIAN_POINT ( 'NONE',  ( 3.425668896209468350, 8.270296309428895043, -40.47500000204843218 ) ) ;
#12 = EDGE_CURVE ( 'NONE', #1574, #6093, #6680, .T. ) ;
#13 = EDGE_LOOP ( 'NONE', ( #8126, #2493, #7993, #4234 ) ) ;
#14 = DIRECTION ( 'NONE',  ( 1.332267629550189060E-12, -1.000000000000000000, -1.179611963664229834E-13 ) ) ;
#15 = TOROIDAL_SURFACE ( 'NONE', #6274, 11.50000000000000000, 0.5000000000000000000 ) ;
#16 = ORIENTED_EDGE ( 'NONE', *, *, #3362, .F. ) ;
#17 = CARTESIAN_POINT ( 'NONE',  ( -11.00000000000000000, 8.599999999999999645, 1.347111479062084066E-15 ) ) ;
#18 = DIRECTION ( 'NONE',  ( 0.000000000000000000, 0.000000000000000000, -1.000000000000000000 ) ) ;
#19 = DIRECTION ( 'NONE',  ( 0.8673082178019110300, 2.975083145840400387E-15, -0.4977714890723179963 ) ) ;
#20 = CARTESIAN_POINT ( 'NONE',  ( -10.97000000000000064, 1.343437538664645885E-15, -18.04196010844654907 ) ) ;
#21 = CARTESIAN_POINT ( 'NONE',  ( -9.082195121929006021, -3.761968395621769101, -43.94375000409679188 ) ) ;
#22 = CARTESIAN_POINT ( 'NONE',  ( 6.422081758775149751, -6.422081758775310512, -44.97500000409684873 ) ) ;
#23 = CARTESIAN_POINT ( 'NONE',  ( 11.50000000000000000, 9.214863686562488099E-14, 1.408343819019454007E-15 ) ) ;
#24 = ADVANCED_FACE ( 'NONE', ( #6974 ), #7056, .T. ) ;
#25 = CARTESIAN_POINT ( 'NONE',  ( -11.72438851007001936, -6.541308283893799924, -30.09999999999999787 ) ) ;
#26 = CARTESIAN_POINT ( 'NONE',  ( 9.082195121928730686, 0.000000000000000000, -49.09999999999999432 ) ) ;
#27 = PLANE ( 'NONE',  #2490 ) ;
#28 = CARTESIAN_POINT ( 'NONE',  ( 11.25065424273787862, 7.263544461958206355, -29.78835450180630673 ) ) ;
#29 = CARTESIAN_POINT ( 'NONE',  ( 9.082195121928759107, 3.761968395621714034, -41.69375000409683452 ) ) ;
#30 = VERTEX_POINT ( 'NONE', #3846 ) ;
#31 = CARTESIAN_POINT ( 'NONE',  ( 3.425668896209462577, -8.270296309428895043, -42.91250000204842507 ) ) ;
#32 = CARTESIAN_POINT ( 'NONE',  ( 10.98092362480928585, -7.490532915947770931, -36.50562940636239517 ) ) ;
#33 = PLANE ( 'NONE',  #1289 ) ;
#34 = CARTESIAN_POINT ( 'NONE',  ( -1.289773623581051922E-13, 0.000000000000000000, -37.60000000000000142 ) ) ;
#35 = CARTESIAN_POINT ( 'NONE',  ( -14.67625240505336137, 0.1245802491627460429, -10.98211870909522325 ) ) ;
#36 = DIRECTION ( 'NONE',  ( 0.000000000000000000, 1.000000000000000000, 0.000000000000000000 ) ) ;
#37 = CARTESIAN_POINT ( 'NONE',  ( -16.98544727310298086, 22.88721577748088976, -5.649827853654255883 ) ) ;
#38 = ORIENTED_EDGE ( 'NONE', *, *, #4642, .T. ) ;
#39 = CARTESIAN_POINT ( 'NONE',  ( -8.371836499599831782, 4.716244465108551331, -38.98685080021152771 ) ) ;
#40 = CARTESIAN_POINT ( 'NONE',  ( -1.567427515129810933, 8.791421116849505779, -51.95915544425338339 ) ) ;
#41 = ORIENTED_EDGE ( 'NONE', *, *, #1963, .T. ) ;
#42 = CARTESIAN_POINT ( 'NONE',  ( 16.99354768437495267, 26.33648568571042858, 2.531160088648498174 ) ) ;
#43 = ORIENTED_EDGE ( 'NONE', *, *, #4866, .T. ) ;
#44 = DIRECTION ( 'NONE',  ( 1.000000000000000000, 3.344954574219355885E-15, 0.000000000000000000 ) ) ;
#45 = DIRECTION ( 'NONE',  ( 3.640075490574285808E-15, -1.000000000000000000, 0.000000000000000000 ) ) ;
#46 = EDGE_CURVE ( 'NONE', #2369, #6987, #5968, .T. ) ;
#47 = FACE_OUTER_BOUND ( 'NONE', #777, .T. ) ;
#48 = CARTESIAN_POINT ( 'NONE',  ( -8.270296309429038928, 1.012819190334226073E-15, -41.50625000204840376 ) ) ;
#49 = CARTESIAN_POINT ( 'NONE',  ( 17.01870763777180073, -478.0496043183500205, -7.253522615950269703 ) ) ;
#50 = CARTESIAN_POINT ( 'NONE',  ( 8.270296309428754711, 3.425668896209603798, -42.16250000204845350 ) ) ;
#51 = TOROIDAL_SURFACE ( 'NONE', #875, 10.46999999997877850, 0.5000000000000000000 ) ;
#52 = ORIENTED_EDGE ( 'NONE', *, *, #2512, .T. ) ;
#53 = DIRECTION ( 'NONE',  ( -3.430248998885765387E-15, 0.000000000000000000, -1.000000000000000000 ) ) ;
#54 = ORIENTED_EDGE ( 'NONE', *, *, #1839, .T. ) ;
#55 = CARTESIAN_POINT ( 'NONE',  ( -1.804606641593269838E-13, 8.270296309428900372, -52.75625000204840376 ) ) ;
#56 = CARTESIAN_POINT ( 'NONE',  ( -12.02210117805640266, 5.597002159176351022, -36.52646474237297980 ) ) ;
#57 = CARTESIAN_POINT ( 'NONE',  ( -2.176929877069174069, 0.1367257884107863364, 18.21393476656558263 ) ) ;
#58 = AXIS2_PLACEMENT_3D ( 'NONE', #1047, #6236, #401 ) ;
#59 = CARTESIAN_POINT ( 'NONE',  ( 7.487544200026230001, -4.591109298527880078, -52.05856656597266863 ) ) ;
#60 = ADVANCED_FACE ( 'NONE', ( #6455 ), #5565, .T. ) ;
#61 = CARTESIAN_POINT ( 'NONE',  ( -7.916845132156196563, 2.498370824752889074, -52.10000000013092603 ) ) ;
#62 = CARTESIAN_POINT ( 'NONE',  ( -1.514416191056985023E-13, -9.082195121928901216, -43.66250000409679899 ) ) ;
#63 = CARTESIAN_POINT ( 'NONE',  ( -1.408558909198009738E-13, 9.082195121928901216, -41.22499999999999432 ) ) ;
#64 = CIRCLE ( 'NONE', #6451, 3.439999999999999947 ) ;
#65 = CARTESIAN_POINT ( 'NONE',  ( -5.547026221865259288, 3.043569330000734898E-14, -22.30257225124584863 ) ) ;
#66 = CARTESIAN_POINT ( 'NONE',  ( 4.473120856336370466, 7.845643403557069462, -51.81995165090314970 ) ) ;
#67 = CARTESIAN_POINT ( 'NONE',  ( 0.05338690717488776827, 1.078476866118378785, 3.890193958848719546 ) ) ;
#68 = DIRECTION ( 'NONE',  ( -1.000000000000000000, -3.640075490574283442E-15, 0.000000000000000000 ) ) ;
#69 = CARTESIAN_POINT ( 'NONE',  ( 11.32730072484720374, 7.344539351713865294, -30.03706812705796736 ) ) ;
#70 = FACE_OUTER_BOUND ( 'NONE', #3957, .T. ) ;
#71 = EDGE_CURVE ( 'NONE', #2342, #3747, #4059, .T. ) ;
#72 = ORIENTED_EDGE ( 'NONE', *, *, #3264, .F. ) ;
#73 = CARTESIAN_POINT ( 'NONE',  ( -3.425668896209765446, -8.270296309428895043, -46.10000000204839665 ) ) ;
#74 = DIRECTION ( 'NONE',  ( -0.5022252049913018546, 0.000000000000000000, 0.8647368637171916061 ) ) ;
#75 = FACE_OUTER_BOUND ( 'NONE', #2145, .T. ) ;
#76 = LINE ( 'NONE', #4718, #4345 ) ;
#77 = CARTESIAN_POINT ( 'NONE',  ( -11.08231219305812587, 7.431656402444079212, -36.46403866168960661 ) ) ;
#78 = CARTESIAN_POINT ( 'NONE',  ( -16.98846348698308972, 24.43673372031857838, -4.508279479999377948 ) ) ;
#79 = VERTEX_POINT ( 'NONE', #108 ) ;
#80 = CARTESIAN_POINT ( 'NONE',  ( 6.422081758775130211, 6.422081758775310512, -53.41250000000000142 ) ) ;
#81 = CARTESIAN_POINT ( 'NONE',  ( 14.84803800315270017, 20.00000000000000000, -11.03565890452077980 ) ) ;
#82 = ORIENTED_EDGE ( 'NONE', *, *, #2425, .F. ) ;
#83 = DIRECTION ( 'NONE',  ( 1.000000000000000000, 0.000000000000000000, -3.430248998885765387E-15 ) ) ;
#84 = EDGE_CURVE ( 'NONE', #7795, #1641, #3422, .T. ) ;
#85 = ORIENTED_EDGE ( 'NONE', *, *, #5114, .F. ) ;
#86 = LINE ( 'NONE', #7870, #6954 ) ;
#87 = DIRECTION ( 'NONE',  ( 0.000000000000000000, -0.4999999999999998890, -0.8660254037844387076 ) ) ;
#88 = CARTESIAN_POINT ( 'NONE',  ( 1.639829176630759940E-12, -478.0496043183500205, 0.000000000000000000 ) ) ;
#89 = CARTESIAN_POINT ( 'NONE',  ( 8.270296309428744053, -3.425668896209614456, -43.85000000204843928 ) ) ;
#90 = CARTESIAN_POINT ( 'NONE',  ( 3.149999999999999911, -3.055989016502234534, -2.486871756045684556 ) ) ;
#91 = ADVANCED_FACE ( 'NONE', ( #3303 ), #2026, .T. ) ;
#92 = CARTESIAN_POINT ( 'NONE',  ( -8.270296309429049586, 1.012819190334226073E-15, -44.50625000204840376 ) ) ;
#93 = VERTEX_POINT ( 'NONE', #2070 ) ;
#94 = CARTESIAN_POINT ( 'NONE',  ( -16.98117996039294653, 0.5000000000000000000, -7.340948654823019837 ) ) ;
#95 = EDGE_LOOP ( 'NONE', ( #6040, #3921, #6002, #7134 ) ) ;
#96 = CARTESIAN_POINT ( 'NONE',  ( -8.270296309429079784, 3.425668896209609571, -52.47500000204845350 ) ) ;
#97 = DIRECTION ( 'NONE',  ( 0.000000000000000000, -1.000000000000000000, 0.000000000000000000 ) ) ;
#98 = DIRECTION ( 'NONE',  ( 0.000000000000000000, -1.000000000000000000, 0.000000000000000000 ) ) ;
#99 = CARTESIAN_POINT ( 'NONE',  ( 11.38466659687309956, -7.255299199761470419, 260.0852191789194876 ) ) ;
#100 = LINE ( 'NONE', #3874, #7761 ) ;
#101 = AXIS2_PLACEMENT_3D ( 'NONE', #755, #2113, #5396 ) ;
#102 = CARTESIAN_POINT ( 'NONE',  ( 9.082195121928746673, 3.761968395621714034, -44.69375000409682031 ) ) ;
#103 = CARTESIAN_POINT ( 'NONE',  ( 12.02372677143354096, -6.014980841692639579, -36.10000000000000142 ) ) ;
#104 = FACE_OUTER_BOUND ( 'NONE', #5252, .T. ) ;
#105 = CARTESIAN_POINT ( 'NONE',  ( 5.911168230243379007, 6.803135563287059817, -51.85585989185064193 ) ) ;
#106 = EDGE_CURVE ( 'NONE', #186, #2046, #7725, .T. ) ;
#107 = DIRECTION ( 'NONE',  ( -1.000000000000000000, 0.000000000000000000, 0.000000000000000000 ) ) ;
#108 = CARTESIAN_POINT ( 'NONE',  ( 9.082195121928759107, 0.000000000000000000, -41.78750000409684873 ) ) ;
#109 = DIRECTION ( 'NONE',  ( 3.430248998885765387E-15, -1.000000000000000000, 0.000000000000000000 ) ) ;
#110 = AXIS2_PLACEMENT_3D ( 'NONE', #648, #7158, #3916 ) ;
#111 = CARTESIAN_POINT ( 'NONE',  ( 0.2190318617485615127, 4.491785094295289937, 2.168404344971009854E-16 ) ) ;
#112 = ORIENTED_EDGE ( 'NONE', *, *, #4649, .T. ) ;
#113 = CARTESIAN_POINT ( 'NONE',  ( -5.847982602819399744, -5.847982602819249642, -43.19375000204840376 ) ) ;
#114 = CARTESIAN_POINT ( 'NONE',  ( -5.062165004177550998, 6.822795288333826313, -52.10000001899992839 ) ) ;
#115 = CARTESIAN_POINT ( 'NONE',  ( 3.649999999999999911, -2.245892547147644969, -3.889999999999999680 ) ) ;
#116 = LINE ( 'NONE', #7273, #816 ) ;
#117 = CARTESIAN_POINT ( 'NONE',  ( -11.34820093737934243, 7.277166818021728822, -36.25969719737786079 ) ) ;
#118 = EDGE_CURVE ( 'NONE', #5834, #7815, #2293, .T. ) ;
#119 = CARTESIAN_POINT ( 'NONE',  ( 8.270296309428733394, -3.425668896209614456, -47.22500000204846060 ) ) ;
#120 = ORIENTED_EDGE ( 'NONE', *, *, #5437, .T. ) ;
#121 = CARTESIAN_POINT ( 'NONE',  ( 9.082195121928723580, -3.761968395621719363, -50.69375000000005826 ) ) ;
#122 = VERTEX_POINT ( 'NONE', #6542 ) ;
#123 = DIRECTION ( 'NONE',  ( -3.439401604603070381E-15, 0.000000000000000000, -1.000000000000000000 ) ) ;
#124 = ORIENTED_EDGE ( 'NONE', *, *, #6379, .F. ) ;
#125 = ADVANCED_FACE ( 'NONE', ( #2110 ), #6241, .F. ) ;
#126 = CARTESIAN_POINT ( 'NONE',  ( -1.137927560553180895, 13.22506245448540518, -36.51829070677436562 ) ) ;
#127 = DIRECTION ( 'NONE',  ( 1.000000000000000000, 3.469446951953614189E-15, 0.000000000000000000 ) ) ;
#128 = DIRECTION ( 'NONE',  ( 3.000602769257185084E-15, -1.000000000000000000, 0.000000000000000000 ) ) ;
#129 = AXIS2_PLACEMENT_3D ( 'NONE', #3181, #3225, #542 ) ;
#130 = CARTESIAN_POINT ( 'NONE',  ( 8.270296309428754711, -3.425668896209614456, -42.35000000204842507 ) ) ;
#131 = CARTESIAN_POINT ( 'NONE',  ( -2.103462127772804981E-14, 6.134966757041810048, 0.000000000000000000 ) ) ;
#132 = LINE ( 'NONE', #3653, #7127 ) ;
#133 = EDGE_LOOP ( 'NONE', ( #7411, #3766, #7276, #1323 ) ) ;
#134 = VECTOR ( 'NONE', #3662, 1000.000000000000000 ) ;
#135 = CARTESIAN_POINT ( 'NONE',  ( -1.032504948664619993E-13, 0.000000000000000000, -30.09999999999999787 ) ) ;
#136 = DIRECTION ( 'NONE',  ( -1.000000000000000000, 0.000000000000000000, 0.000000000000000000 ) ) ;
#137 = CARTESIAN_POINT ( 'NONE',  ( 16.47470772850885012, 0.5000000000001049161, 9.857349471006109809 ) ) ;
#138 = EDGE_CURVE ( 'NONE', #4200, #6723, #1080, .T. ) ;
#139 = DIRECTION ( 'NONE',  ( -3.430248998885765387E-15, 1.000000000000000000, 0.000000000000000000 ) ) ;
#140 = AXIS2_PLACEMENT_3D ( 'NONE', #2050, #7114, #3326 ) ;
#141 = AXIS2_PLACEMENT_3D ( 'NONE', #593, #3193, #4512 ) ;
#142 = CLOSED_SHELL ( 'NONE', ( #516, #3348, #180, #5840, #4455, #7556, #3745, #4340, #7281, #5223, #7740, #4822, #7497, #5281, #2285, #6332, #586, #6169, #7878, #3033, #3482, #125, #4965, #4412, #3444, #390, #201, #4907, #943, #7813, #4441, #3165, #6473, #5923, #2618, #3669, #4740, #2900, #4706, #3908, #6189, #2698, #8024, #5025, #2215, #2065, #6145, #3299, #91, #746, #4171, #3604, #435, #2645, #2876, #6950, #2715, #5502, #4099, #7667, #5067, #2764, #3687, #382, #4951 ) ) ;
#143 = CARTESIAN_POINT ( 'NONE',  ( -9.082195121929059312, 1.112248118530191819E-15, -45.53750000409679899 ) ) ;
#144 = CARTESIAN_POINT ( 'NONE',  ( -8.270296309429069126, 3.425668896209609571, -50.60000000204840376 ) ) ;
#145 = AXIS2_PLACEMENT_3D ( 'NONE', #7885, #139, #4527 ) ;
#146 =( BOUNDED_CURVE ( )  B_SPLINE_CURVE ( 2, ( #6757, #4757, #2881, #6074, #7430, #4882, #883, #2838, #923 ),
 .UNSPECIFIED., .F., .F. ) 
 B_SPLINE_CURVE_WITH_KNOTS ( ( 3, 2, 2, 2, 3 ),
 ( 0.2500000000000000000, 0.2625000000000000111, 0.2750000000000000222, 0.2874999999999999778, 0.2999999999999999889 ),
 .UNSPECIFIED. ) 
 CURVE ( )  GEOMETRIC_REPRESENTATION_ITEM ( )  RATIONAL_B_SPLINE_CURVE ( ( 1.000000000000000000, 0.9238795325112899581, 1.000000000000000000, 0.9238795325112869605, 1.000000000000000000, 0.9238795325112869605, 1.000000000000000000, 0.9238795325112879597, 1.000000000000000000 ) ) 
 REPRESENTATION_ITEM ( '' )  );
#147 = CARTESIAN_POINT ( 'NONE',  ( 0.000000000000000000, -3.368838820721465233, 1.944999999999999840 ) ) ;
#148 = CARTESIAN_POINT ( 'NONE',  ( -9.082195121929069970, 1.112248118530191819E-15, -49.85000000000000142 ) ) ;
#149 = AXIS2_PLACEMENT_3D ( 'NONE', #4847, #2846, #7438 ) ;
#150 = CARTESIAN_POINT ( 'NONE',  ( 11.50000000000000000, 13.26727404305920111, 0.000000000000000000 ) ) ;
#151 = FACE_BOUND ( 'NONE', #316, .T. ) ;
#152 = LINE ( 'NONE', #5308, #7530 ) ;
#153 = ADVANCED_FACE ( 'NONE', ( #151, #4748 ), #753, .F. ) ;
#154 = CARTESIAN_POINT ( 'NONE',  ( 0.05321349780146690522, -1.077390773119142775, -3.890000578984843305 ) ) ;
#155 = ORIENTED_EDGE ( 'NONE', *, *, #7845, .T. ) ;
#156 = DIRECTION ( 'NONE',  ( -0.003929182435833542680, 0.9999922807328994745, 0.000000000000000000 ) ) ;
#157 = CARTESIAN_POINT ( 'NONE',  ( -4.075495869295580498, 7.522054860273043708, -52.09998404331282984 ) ) ;
#158 = CARTESIAN_POINT ( 'NONE',  ( -6.422081758775489924, -6.422081758775310512, -51.35000000409679899 ) ) ;
#159 = CARTESIAN_POINT ( 'NONE',  ( 11.00000000000159872, -478.0496043183500205, 0.000000000000000000 ) ) ;
#160 = CARTESIAN_POINT ( 'NONE',  ( -8.270296309429070902, 1.012819190334226073E-15, -50.50625000204840376 ) ) ;
#161 = CARTESIAN_POINT ( 'NONE',  ( 8.270296309428733394, 3.425668896209608683, -48.53750000204843928 ) ) ;
#162 = EDGE_LOOP ( 'NONE', ( #5616, #7866, #5267, #4801, #7223, #4298, #6698, #5446, #2805, #1309, #1201, #7642 ) ) ;
#163 = CARTESIAN_POINT ( 'NONE',  ( -5.847982602819389975, 5.847982602819249642, -40.56875000204840376 ) ) ;
#164 = ORIENTED_EDGE ( 'NONE', *, *, #2557, .T. ) ;
#165 =( BOUNDED_CURVE ( )  B_SPLINE_CURVE ( 2, ( #3407, #6012, #7496, #4901, #6820, #6178, #343, #2301, #988 ),
 .UNSPECIFIED., .F., .F. ) 
 B_SPLINE_CURVE_WITH_KNOTS ( ( 3, 2, 2, 2, 3 ),
 ( 0.7500000000000000000, 0.7624999999999999556, 0.7750000000000000222, 0.7874999999999999778, 0.8000000000000000444 ),
 .UNSPECIFIED. ) 
 CURVE ( )  GEOMETRIC_REPRESENTATION_ITEM ( )  RATIONAL_B_SPLINE_CURVE ( ( 1.000000000000000000, 0.9238795325112889589, 1.000000000000000000, 0.9238795325112869605, 1.000000000000000000, 0.9238795325112869605, 1.000000000000000000, 0.9238795325112859613, 1.000000000000000000 ) ) 
 REPRESENTATION_ITEM ( '' )  );
#166 = CARTESIAN_POINT ( 'NONE',  ( -3.430248998885904621E-15, 0.000000000000000000, -1.000000000000000000 ) ) ;
#167 = EDGE_CURVE ( 'NONE', #3313, #6219, #3626, .T. ) ;
#168 = ORIENTED_EDGE ( 'NONE', *, *, #2630, .T. ) ;
#169 = CARTESIAN_POINT ( 'NONE',  ( -7.635023254357282241, 27.05405201546610527, 15.22488002176973509 ) ) ;
#170 = CARTESIAN_POINT ( 'NONE',  ( -3.430248998885904621E-15, 0.000000000000000000, -1.000000000000000000 ) ) ;
#171 = CARTESIAN_POINT ( 'NONE',  ( 11.47609182578959874, 6.107316628932879965, -30.09999999999999787 ) ) ;
#172 = DIRECTION ( 'NONE',  ( 3.469446951953629966E-15, -1.000000000000000000, 0.000000000000000000 ) ) ;
#173 = ADVANCED_FACE ( 'NONE', ( #4710 ), #6709, .T. ) ;
#174 = DIRECTION ( 'NONE',  ( 1.000000000000000000, 0.000000000000000000, -3.202566417187951620E-15 ) ) ;
#175 = ORIENTED_EDGE ( 'NONE', *, *, #5489, .F. ) ;
#176 = CARTESIAN_POINT ( 'NONE',  ( 6.422081758775149751, 6.422081758775310512, -46.10000000409679899 ) ) ;
#177 = CARTESIAN_POINT ( 'NONE',  ( -3.425668896209781877, -8.270296309428895043, -50.60000000204840376 ) ) ;
#178 = FACE_OUTER_BOUND ( 'NONE', #6497, .T. ) ;
#179 = DIRECTION ( 'NONE',  ( 3.430248998885765387E-15, 0.000000000000000000, 1.000000000000000000 ) ) ;
#180 = ADVANCED_FACE ( 'NONE', ( #2791 ), #4470, .T. ) ;
#181 = AXIS2_PLACEMENT_3D ( 'NONE', #1092, #3674, #6921 ) ;
#182 = CARTESIAN_POINT ( 'NONE',  ( -9.082195121929036219, 3.761968395621719363, -41.13125000409678478 ) ) ;
#183 = CARTESIAN_POINT ( 'NONE',  ( 8.270296309428733394, -3.425668896209614456, -46.85000000204843928 ) ) ;
#184 = FACE_OUTER_BOUND ( 'NONE', #4042, .T. ) ;
#185 = DIRECTION ( 'NONE',  ( -1.224646799147351975E-16, 1.000000000000000000, 4.200843456763865836E-31 ) ) ;
#186 = VERTEX_POINT ( 'NONE', #835 ) ;
#187 = FACE_BOUND ( 'NONE', #5105, .T. ) ;
#188 = CARTESIAN_POINT ( 'NONE',  ( -4.732090731994032121E-16, -3.274875685326338548, 2.107748924542832025 ) ) ;
#189 = CARTESIAN_POINT ( 'NONE',  ( -12.73113675372388620, 6.844844124224122694, 1.120402056494205212 ) ) ;
#190 = AXIS2_PLACEMENT_3D ( 'NONE', #4747, #4787, #5263 ) ;
#191 = AXIS2_PLACEMENT_3D ( 'NONE', #7846, #8311, #4445 ) ;
#192 = CIRCLE ( 'NONE', #6045, 15.04417670682419939 ) ;
#193 = CARTESIAN_POINT ( 'NONE',  ( -6.422081758775449956, 6.422081758775310512, -41.22500000409679899 ) ) ;
#194 = ORIENTED_EDGE ( 'NONE', *, *, #2386, .T. ) ;
#195 = CARTESIAN_POINT ( 'NONE',  ( 14.83990295127778403, 0.3734457426947535019, -11.02671724593556668 ) ) ;
#196 = CYLINDRICAL_SURFACE ( 'NONE', #7346, 2.099999999999999645 ) ;
#197 = CIRCLE ( 'NONE', #6595, 13.50000000000000000 ) ;
#198 = DIRECTION ( 'NONE',  ( -0.9999966940636210166, 0.000000000000000000, -0.002571354084719085133 ) ) ;
#199 = CARTESIAN_POINT ( 'NONE',  ( 2.133141957236754482, 0.4376547363758538922, 18.37660755934845369 ) ) ;
#200 = CARTESIAN_POINT ( 'NONE',  ( 16.51844312351535038, 1.061257474319439822E-13, -7.151296160500309362 ) ) ;
#201 = ADVANCED_FACE ( 'NONE', ( #1516, #5859 ), #27, .F. ) ;
#202 = CARTESIAN_POINT ( 'NONE',  ( -1.734818989179205012E-13, -8.270296309428900372, -50.13125000204840376 ) ) ;
#203 = CARTESIAN_POINT ( 'NONE',  ( -8.270296309429069126, -3.425668896209603798, -50.78750000204844639 ) ) ;
#204 = ORIENTED_EDGE ( 'NONE', *, *, #3928, .F. ) ;
#205 = CARTESIAN_POINT ( 'NONE',  ( -3.761968395621902328, -9.082195121928897663, -52.56874999999998721 ) ) ;
#206 = EDGE_LOOP ( 'NONE', ( #7826, #1875, #2453, #4938 ) ) ;
#207 = VECTOR ( 'NONE', #1486, 1000.000000000000000 ) ;
#208 = DIRECTION ( 'NONE',  ( -1.000000000000000000, -3.430248998885765387E-15, 0.000000000000000000 ) ) ;
#209 = LINE ( 'NONE', #1700, #2932 ) ;
#210 = EDGE_LOOP ( 'NONE', ( #2760, #4051, #2719, #2082, #5408, #5091, #6947, #275, #8274, #5150, #6372, #1795 ) ) ;
#211 = CARTESIAN_POINT ( 'NONE',  ( -12.41594839766117708, 24.41208159514838627, 12.44817694312472867 ) ) ;
#212 = DIRECTION ( 'NONE',  ( 3.276927463482695315E-15, 0.000000000000000000, 1.000000000000000000 ) ) ;
#213 =( BOUNDED_CURVE ( )  B_SPLINE_CURVE ( 2, ( #2689, #4648, #8387, #3328, #5247, #2092, #7116, #5843, #5927 ),
 .UNSPECIFIED., .F., .F. ) 
 B_SPLINE_CURVE_WITH_KNOTS ( ( 3, 2, 2, 2, 3 ),
 ( 0.4500000000000000111, 0.4625000000000000222, 0.4749999999999999778, 0.4874999999999999889, 0.5000000000000000000 ),
 .UNSPECIFIED. ) 
 CURVE ( )  GEOMETRIC_REPRESENTATION_ITEM ( )  RATIONAL_B_SPLINE_CURVE ( ( 1.000000000000000000, 0.9238795325112889589, 1.000000000000000000, 0.9238795325112869605, 1.000000000000000000, 0.9238795325112869605, 1.000000000000000000, 0.9238795325112869605, 1.000000000000000000 ) ) 
 REPRESENTATION_ITEM ( '' )  );
#214 = EDGE_CURVE ( 'NONE', #1674, #4853, #4621, .T. ) ;
#215 = CARTESIAN_POINT ( 'NONE',  ( 2.227618966550934942, -478.0496043183500205, -18.36539446186409918 ) ) ;
#216 = CARTESIAN_POINT ( 'NONE',  ( -0.9965299806895097090, -13.25502527407792108, -36.50562940636066855 ) ) ;
#217 = DIRECTION ( 'NONE',  ( 3.430248998885765387E-15, 0.000000000000000000, 1.000000000000000000 ) ) ;
#218 = ORIENTED_EDGE ( 'NONE', *, *, #6008, .F. ) ;
#219 = CARTESIAN_POINT ( 'NONE',  ( 9.082195121928798187, 3.761968395621667405, -46.19375000409688425 ) ) ;
#220 = EDGE_CURVE ( 'NONE', #7490, #5060, #594, .T. ) ;
#221 = CARTESIAN_POINT ( 'NONE',  ( 3.425668896209430159, 8.270296309428905701, -51.35000000204843928 ) ) ;
#222 = CARTESIAN_POINT ( 'NONE',  ( 13.65000000000000036, 3.061616997868385113E-16, -2.500000000000000000 ) ) ;
#223 = CYLINDRICAL_SURFACE ( 'NONE', #830, 9.082195121928901216 ) ;
#224 = CARTESIAN_POINT ( 'NONE',  ( -4.541084950037949319, 7.865418978625937640, -38.28677401439187378 ) ) ;
#225 = CARTESIAN_POINT ( 'NONE',  ( -5.847982602819429943, 5.847982602819249642, -50.69375000204840376 ) ) ;
#226 = CARTESIAN_POINT ( 'NONE',  ( 9.082195121929791171, 0.000000000000000000, 260.0852191789194876 ) ) ;
#227 = FACE_OUTER_BOUND ( 'NONE', #7699, .T. ) ;
#228 = VERTEX_POINT ( 'NONE', #4788 ) ;
#229 = EDGE_CURVE ( 'NONE', #4590, #6468, #4148, .T. ) ;
#230 = CARTESIAN_POINT ( 'NONE',  ( -1.715124499443544942E-15, 0.5000000000000560663, 0.000000000000000000 ) ) ;
#231 = CARTESIAN_POINT ( 'NONE',  ( 11.52373063106609941, -6.016945432910570268, -30.09999999999999787 ) ) ;
#232 = CARTESIAN_POINT ( 'NONE',  ( -7.641611854004031201, 4.935725022984164490, -51.67880128038992638 ) ) ;
#233 = DIRECTION ( 'NONE',  ( 0.000000000000000000, 0.000000000000000000, -1.000000000000000000 ) ) ;
#234 = CARTESIAN_POINT ( 'NONE',  ( 0.2190318617485615127, 2.245892547147644969, 3.889999999999999680 ) ) ;
#235 = VERTEX_POINT ( 'NONE', #7423 ) ;
#236 = CARTESIAN_POINT ( 'NONE',  ( 14.56537613172361567, 9.720041882921998111E-14, -10.71982116671978602 ) ) ;
#237 = DIRECTION ( 'NONE',  ( -0.002571354084718379968, 0.000000000000000000, 0.9999966940636209056 ) ) ;
#238 = CARTESIAN_POINT ( 'NONE',  ( -14.79108867122049986, 20.00000000000000000, -11.11187184591742039 ) ) ;
#239 = CARTESIAN_POINT ( 'NONE',  ( 0.9965299806832976781, 13.25502527407848419, -36.50562940636059039 ) ) ;
#240 = CARTESIAN_POINT ( 'NONE',  ( -9.082195121928995363, 3.761968395621802408, -51.44374999999997300 ) ) ;
#241 = CARTESIAN_POINT ( 'NONE',  ( 5.847982602819100428, 5.847982602819249642, -45.06875000204840376 ) ) ;
#242 = CARTESIAN_POINT ( 'NONE',  ( -8.270296309429070902, 1.012819190334226073E-15, -49.38125000204840376 ) ) ;
#243 = ORIENTED_EDGE ( 'NONE', *, *, #4506, .F. ) ;
#244 = CARTESIAN_POINT ( 'NONE',  ( 3.761968395621561712, -9.082195121928897663, -46.38125000000002274 ) ) ;
#245 = AXIS2_PLACEMENT_3D ( 'NONE', #1004, #6884, #2875 ) ;
#246 = ORIENTED_EDGE ( 'NONE', *, *, #3216, .F. ) ;
#247 = CARTESIAN_POINT ( 'NONE',  ( 11.52373063106709949, -6.016945432910559610, -30.09999999999999787 ) ) ;
#248 = EDGE_CURVE ( 'NONE', #1964, #3426, #1465, .T. ) ;
#249 = PLANE ( 'NONE',  #4947 ) ;
#250 = CARTESIAN_POINT ( 'NONE',  ( -9.993104853631640694, 26.83147225524425750, 13.85521140816899965 ) ) ;
#251 = CARTESIAN_POINT ( 'NONE',  ( -10.53405171761553483, -7.798700575997432161, -36.59103185459122187 ) ) ;
#252 = ORIENTED_EDGE ( 'NONE', *, *, #649, .T. ) ;
#253 = LINE ( 'NONE', #298, #7623 ) ;
#254 = CARTESIAN_POINT ( 'NONE',  ( -1.022910553940664657, -13.23992013265127632, -36.51466954073208626 ) ) ;
#255 = DIRECTION ( 'NONE',  ( -1.000000000000000000, 0.000000000000000000, 3.430248998885765387E-15 ) ) ;
#256 = VERTEX_POINT ( 'NONE', #1048 ) ;
#257 = CARTESIAN_POINT ( 'NONE',  ( -3.761968395621865469, -9.082195121928899439, -42.06875000000000142 ) ) ;
#258 = CARTESIAN_POINT ( 'NONE',  ( -8.270296309429046033, -3.425668896209603798, -43.28750000204840376 ) ) ;
#259 = CIRCLE ( 'NONE', #129, 13.48383344964349995 ) ;
#260 = CARTESIAN_POINT ( 'NONE',  ( -4.541080749963949614, 7.865421403529318845, -38.28677414409050073 ) ) ;
#261 = CARTESIAN_POINT ( 'NONE',  ( 3.407210049865339929, -7.906757426552248447, -52.10000000000002984 ) ) ;
#262 = ADVANCED_FACE ( 'NONE', ( #7552, #8140 ), #4230, .F. ) ;
#263 = CIRCLE ( 'NONE', #7879, 18.50000000000000000 ) ;
#264 = CARTESIAN_POINT ( 'NONE',  ( -2.433559044759591394, 9.082195121928906545, -38.35185458221825883 ) ) ;
#265 = CARTESIAN_POINT ( 'NONE',  ( 3.425668896209435932, -8.270296309428895043, -50.03750000204839665 ) ) ;
#266 = LINE ( 'NONE', #4184, #2917 ) ;
#267 = DIRECTION ( 'NONE',  ( 3.469446951953640221E-15, -1.000000000000000000, 0.000000000000000000 ) ) ;
#268 = VERTEX_POINT ( 'NONE', #6152 ) ;
#269 = LINE ( 'NONE', #6963, #5777 ) ;
#270 = DIRECTION ( 'NONE',  ( -1.000000000000000000, 0.000000000000000000, 3.313702914957643744E-15 ) ) ;
#271 = CARTESIAN_POINT ( 'NONE',  ( -4.756831297887813115, 7.685394147998667158, -51.80463276080551083 ) ) ;
#272 = CARTESIAN_POINT ( 'NONE',  ( -13.34102221924871934, 8.599999999982360421, 2.065702337102719888 ) ) ;
#273 = CIRCLE ( 'NONE', #3131, 15.54417670682419939 ) ;
#274 = DIRECTION ( 'NONE',  ( -1.000000000000000000, -3.418798091341154461E-15, 0.000000000000000000 ) ) ;
#275 = ORIENTED_EDGE ( 'NONE', *, *, #8120, .T. ) ;
#276 = SPHERICAL_SURFACE ( 'NONE', #6445, 0.5000000000000000000 ) ;
#277 = CARTESIAN_POINT ( 'NONE',  ( 16.98544727309725033, 22.88721577759656967, 5.649827853594798555 ) ) ;
#278 = EDGE_CURVE ( 'NONE', #7684, #7897, #318, .T. ) ;
#279 = CIRCLE ( 'NONE', #7214, 0.5000000000000004441 ) ;
#280 = CARTESIAN_POINT ( 'NONE',  ( 0.2190318617485615127, 2.245892547147644969, 3.889999999999999680 ) ) ;
#281 = CARTESIAN_POINT ( 'NONE',  ( 2.087799489968889421, 0.1508385745457586635, 18.23881081525671632 ) ) ;
#282 = CARTESIAN_POINT ( 'NONE',  ( 5.847982602819080000, -5.847982602819249642, -48.44375000204840376 ) ) ;
#283 = CIRCLE ( 'NONE', #4773, 15.54417670682419939 ) ;
#284 = CARTESIAN_POINT ( 'NONE',  ( 8.270296309428731618, 0.000000000000000000, -48.63125000204850323 ) ) ;
#285 = EDGE_LOOP ( 'NONE', ( #4829, #4466, #4762, #293 ) ) ;
#286 = CARTESIAN_POINT ( 'NONE',  ( -1.610891944010114755E-13, -9.082195121928901216, -46.47500000000000142 ) ) ;
#287 = ORIENTED_EDGE ( 'NONE', *, *, #5107, .F. ) ;
#288 = CARTESIAN_POINT ( 'NONE',  ( -6.422081758775460614, 6.422081758775310512, -44.22500000409679899 ) ) ;
#289 = B_SPLINE_CURVE_WITH_KNOTS ( 'NONE', 3,
 ( #1642, #3007, #4880, #2441, #5045, #6885, #1808, #4408, #7009, #4322, #1178, #1052 ),
 .UNSPECIFIED., .F., .F.,
 ( 4, 2, 2, 2, 2, 4 ),
 ( 0.000000000000000000, 0.2499999999999997780, 0.3749999999999996669, 0.4374999999999993339, 0.4999999999999990008, 1.000000000000000000 ),
 .UNSPECIFIED. ) ;
#290 = CARTESIAN_POINT ( 'NONE',  ( 3.425668896209468350, 8.270296309428895043, -40.47500000204843218 ) ) ;
#291 = CARTESIAN_POINT ( 'NONE',  ( 9.082195121928798187, 3.761968395621650973, -47.69375000409684873 ) ) ;
#292 = EDGE_CURVE ( 'NONE', #1489, #1704, #1008, .T. ) ;
#293 = ORIENTED_EDGE ( 'NONE', *, *, #6205, .F. ) ;
#294 = CARTESIAN_POINT ( 'NONE',  ( -7.351226541577122298, 26.95044230808278130, 15.38969541911794181 ) ) ;
#295 = VERTEX_POINT ( 'NONE', #6237 ) ;
#296 = CARTESIAN_POINT ( 'NONE',  ( -9.214245059689128325, 27.09996187438135351, -14.31258490464203170 ) ) ;
#297 = ORIENTED_EDGE ( 'NONE', *, *, #7681, .T. ) ;
#298 = CARTESIAN_POINT ( 'NONE',  ( 14.79108867122332072, -478.0496043183500205, 11.11187184591580213 ) ) ;
#299 = ORIENTED_EDGE ( 'NONE', *, *, #6562, .F. ) ;
#300 = EDGE_CURVE ( 'NONE', #5014, #7404, #6171, .T. ) ;
#301 = CYLINDRICAL_SURFACE ( 'NONE', #5646, 13.50000000000000000 ) ;
#302 = CARTESIAN_POINT ( 'NONE',  ( 3.425668896209462577, -8.270296309428895043, -42.91250000204842507 ) ) ;
#303 = FACE_OUTER_BOUND ( 'NONE', #2167, .T. ) ;
#304 = CARTESIAN_POINT ( 'NONE',  ( 1.639829176630759940E-12, -478.0496043183500205, 0.000000000000000000 ) ) ;
#305 = CARTESIAN_POINT ( 'NONE',  ( 6.422081758775170179, -6.422081758775310512, -38.97500000409684873 ) ) ;
#306 = CARTESIAN_POINT ( 'NONE',  ( -5.847982602819420173, 5.847982602819249642, -47.69375000204840376 ) ) ;
#307 = CARTESIAN_POINT ( 'NONE',  ( -1.363536891228163842E-13, 9.082195121928901216, -39.91250000409679899 ) ) ;
#308 = DIRECTION ( 'NONE',  ( -1.000000000000000000, 0.000000000000000000, 0.000000000000000000 ) ) ;
#309 = ORIENTED_EDGE ( 'NONE', *, *, #1711, .F. ) ;
#310 = CARTESIAN_POINT ( 'NONE',  ( -0.6650869042051866797, 13.37512461438786815, -29.78835450180933009 ) ) ;
#311 = DIRECTION ( 'NONE',  ( 0.000000000000000000, -1.000000000000000000, 0.000000000000000000 ) ) ;
#312 = CYLINDRICAL_SURFACE ( 'NONE', #6266, 0.4999999999999996114 ) ;
#313 = CARTESIAN_POINT ( 'NONE',  ( 3.149999999999999911, -3.055989016502230093, 2.486871756045695214 ) ) ;
#314 = ADVANCED_FACE ( 'NONE', ( #2230 ), #2915, .T. ) ;
#315 = CARTESIAN_POINT ( 'NONE',  ( 10.55333333331159906, 0.000000000000000000, -23.46503324295809634 ) ) ;
#316 = EDGE_LOOP ( 'NONE', ( #5991, #7645 ) ) ;
#317 = DIRECTION ( 'NONE',  ( 1.000000000000000000, 0.000000000000000000, 0.000000000000000000 ) ) ;
#318 = CIRCLE ( 'NONE', #1682, 10.46999999997875896 ) ;
#319 = CARTESIAN_POINT ( 'NONE',  ( -6.422081758775460614, 6.422081758775310512, -45.53750000000000142 ) ) ;
#320 = CARTESIAN_POINT ( 'NONE',  ( 0.5909401206152580244, 13.48706008638814069, -36.10000000000000142 ) ) ;
#321 = CARTESIAN_POINT ( 'NONE',  ( -1.529004049246054773E-13, -8.270296309428900372, -44.13125000204839665 ) ) ;
#322 = AXIS2_PLACEMENT_3D ( 'NONE', #5189, #1316, #3778 ) ;
#323 = VECTOR ( 'NONE', #6536, 1000.000000000000000 ) ;
#324 = CARTESIAN_POINT ( 'NONE',  ( -1.495884231693549908E-13, 8.270296309428900372, -43.75625000204839665 ) ) ;
#325 = VERTEX_POINT ( 'NONE', #1721 ) ;
#326 = CARTESIAN_POINT ( 'NONE',  ( -6.422081758775470384, -6.422081758775310512, -48.16249999999999432 ) ) ;
#327 = ORIENTED_EDGE ( 'NONE', *, *, #3930, .F. ) ;
#328 = AXIS2_PLACEMENT_3D ( 'NONE', #5569, #8065, #4112 ) ;
#329 = EDGE_CURVE ( 'NONE', #5889, #1533, #3173, .T. ) ;
#330 = CARTESIAN_POINT ( 'NONE',  ( 9.082195121928759107, 0.000000000000000000, -40.09999999999999432 ) ) ;
#331 = CIRCLE ( 'NONE', #6865, 0.5000000000000004441 ) ;
#332 = ORIENTED_EDGE ( 'NONE', *, *, #1314, .T. ) ;
#333 = CARTESIAN_POINT ( 'NONE',  ( 8.270296309428749382, 0.000000000000000000, -43.75625000204844639 ) ) ;
#334 = AXIS2_PLACEMENT_3D ( 'NONE', #6104, #2271, #2229 ) ;
#335 = CARTESIAN_POINT ( 'NONE',  ( 14.84803800315270017, 20.00000000000000000, -11.03565890452077980 ) ) ;
#336 = CARTESIAN_POINT ( 'NONE',  ( 6.641965396017677215, 26.61017715423738039, 15.78887153916698516 ) ) ;
#337 = VERTEX_POINT ( 'NONE', #6105 ) ;
#338 = LINE ( 'NONE', #7575, #1508 ) ;
#339 = ORIENTED_EDGE ( 'NONE', *, *, #7536, .T. ) ;
#340 = CIRCLE ( 'NONE', #1431, 0.5000000000000004441 ) ;
#341 = CARTESIAN_POINT ( 'NONE',  ( -5.588414373036140859, 25.67290309373917978, -16.39350306776256261 ) ) ;
#342 = EDGE_LOOP ( 'NONE', ( #5694, #6078, #365, #4415 ) ) ;
#343 = CARTESIAN_POINT ( 'NONE',  ( 6.422081758775170179, -6.422081758775310512, -40.47500000409684162 ) ) ;
#344 = EDGE_CURVE ( 'NONE', #8331, #5889, #5732, .T. ) ;
#345 = EDGE_CURVE ( 'NONE', #3779, #6167, #1222, .T. ) ;
#346 = STYLED_ITEM ( 'NONE', ( #3224 ), #629 ) ;
#347 = ORIENTED_EDGE ( 'NONE', *, *, #5828, .F. ) ;
#348 = CARTESIAN_POINT ( 'NONE',  ( -13.48383344964184083, -478.0496043183500205, 1.651293347434189916E-15 ) ) ;
#349 = CARTESIAN_POINT ( 'NONE',  ( 5.847982602819100428, 5.847982602819249642, -45.44375000204840376 ) ) ;
#350 = LINE ( 'NONE', #5340, #5858 ) ;
#351 = B_SPLINE_CURVE_WITH_KNOTS ( 'NONE', 3,
 ( #4097, #7923, #6742, #2179 ),
 .UNSPECIFIED., .F., .F.,
 ( 4, 4 ),
 ( 0.000000000000000000, 1.000000000000000000 ),
 .UNSPECIFIED. ) ;
#352 = DIRECTION ( 'NONE',  ( 6.112085292819410516E-15, 0.000000000000000000, 1.000000000000000000 ) ) ;
#353 = ADVANCED_FACE ( 'NONE', ( #2355 ), #4959, .T. ) ;
#354 = CARTESIAN_POINT ( 'NONE',  ( -9.082195121929041548, 1.112248118530191819E-15, -41.03750000409674925 ) ) ;
#355 = CARTESIAN_POINT ( 'NONE',  ( -5.847982602819409514, 5.847982602819249642, -46.19375000204840376 ) ) ;
#356 = DIRECTION ( 'NONE',  ( 0.000000000000000000, 0.000000000000000000, -1.000000000000000000 ) ) ;
#357 = FACE_OUTER_BOUND ( 'NONE', #6856, .T. ) ;
#358 = ORIENTED_EDGE ( 'NONE', *, *, #3515, .F. ) ;
#359 = CARTESIAN_POINT ( 'NONE',  ( 9.082195121928757331, -3.761968395621696271, -49.38125000409681320 ) ) ;
#360 = CARTESIAN_POINT ( 'NONE',  ( -11.21971158655256673, -7.230954805973605737, -29.74093582497079069 ) ) ;
#361 = CARTESIAN_POINT ( 'NONE',  ( 14.01432350410738792, 21.75014437932695799, -11.51977841400642255 ) ) ;
#362 = CARTESIAN_POINT ( 'NONE',  ( -12.98723246127164899, 7.205449687381006996, 1.542376229576633007 ) ) ;
#363 = APPLICATION_CONTEXT ( 'automotive_design' ) ;
#364 = CARTESIAN_POINT ( 'NONE',  ( 0.01929495349849471089, 2.998680108461562188, 2.586542020711485534 ) ) ;
#365 = ORIENTED_EDGE ( 'NONE', *, *, #7144, .F. ) ;
#366 = CARTESIAN_POINT ( 'NONE',  ( 10.85948054894626758, 7.612209789012869265, -36.52607879069083197 ) ) ;
#367 = AXIS2_PLACEMENT_3D ( 'NONE', #2966, #4072, #842 ) ;
#368 = CARTESIAN_POINT ( 'NONE',  ( -1.562920114147869829E-13, 9.082195121928901216, -45.72500000000000142 ) ) ;
#369 = CARTESIAN_POINT ( 'NONE',  ( 11.47609182578959874, 6.107316628932839997, -36.60000000000000142 ) ) ;
#370 = CARTESIAN_POINT ( 'NONE',  ( -11.97572628734224054, -6.216109112773005485, -36.19749940360219398 ) ) ;
#371 = EDGE_CURVE ( 'NONE', #5014, #4734, #5362, .T. ) ;
#372 = CARTESIAN_POINT ( 'NONE',  ( -1.585928267914299840E-13, 8.270296309428900372, -46.38125000204840376 ) ) ;
#373 = CARTESIAN_POINT ( 'NONE',  ( -8.270296309429038928, 1.012819190334226073E-15, -41.88125000204840376 ) ) ;
#374 = ORIENTED_EDGE ( 'NONE', *, *, #7212, .T. ) ;
#375 = CARTESIAN_POINT ( 'NONE',  ( -3.761968395621881012, -9.082195121928897663, -46.56875000000001563 ) ) ;
#376 = ORIENTED_EDGE ( 'NONE', *, *, #278, .T. ) ;
#377 = CARTESIAN_POINT ( 'NONE',  ( -6.382531835699300514E-28, 4.943961906533899588E-14, 0.000000000000000000 ) ) ;
#378 = ORIENTED_EDGE ( 'NONE', *, *, #2807, .T. ) ;
#379 = CARTESIAN_POINT ( 'NONE',  ( 3.425668896209435932, 8.270296309428905701, -49.85000000204848192 ) ) ;
#380 = CARTESIAN_POINT ( 'NONE',  ( -17.01870763777183626, 0.3752941094389405374, 7.253522615942593177 ) ) ;
#381 = CARTESIAN_POINT ( 'NONE',  ( 2.969259000589493436, 21.75014437966276404, 17.89664937831848945 ) ) ;
#382 = ADVANCED_FACE ( 'NONE', ( #7384 ), #3848, .T. ) ;
#383 = VECTOR ( 'NONE', #4835, 1000.000000000000000 ) ;
#384 = ORIENTED_EDGE ( 'NONE', *, *, #6586, .F. ) ;
#385 = CARTESIAN_POINT ( 'NONE',  ( 2.186334233691017648, 0.1664557562885557729, -18.24211271976508542 ) ) ;
#386 = ORIENTED_EDGE ( 'NONE', *, *, #1131, .F. ) ;
#387 = CARTESIAN_POINT ( 'NONE',  ( -11.17412830008373170, 25.85003701686841282, -13.18770935876911921 ) ) ;
#388 = VERTEX_POINT ( 'NONE', #6280 ) ;
#389 = CIRCLE ( 'NONE', #2289, 3.939999999999999947 ) ;
#390 = ADVANCED_FACE ( 'NONE', ( #3041 ), #249, .F. ) ;
#391 = ORIENTED_EDGE ( 'NONE', *, *, #371, .F. ) ;
#392 = CARTESIAN_POINT ( 'NONE',  ( 6.422081758775149751, -6.422081758775310512, -46.47500000409679899 ) ) ;
#393 = AXIS2_PLACEMENT_3D ( 'NONE', #3935, #6629, #68 ) ;
#394 = CARTESIAN_POINT ( 'NONE',  ( -3.425668896209765446, 8.270296309428905701, -46.66250000204840376 ) ) ;
#395 = CARTESIAN_POINT ( 'NONE',  ( 9.082195121928752002, 0.000000000000000000, -43.28750000409684873 ) ) ;
#396 = CARTESIAN_POINT ( 'NONE',  ( 9.082195121928693382, -3.761968395621773986, -47.69375000000006537 ) ) ;
#397 = CARTESIAN_POINT ( 'NONE',  ( -5.847982602819409514, 5.847982602819249642, -46.19375000204840376 ) ) ;
#398 = CIRCLE ( 'NONE', #3659, 9.969999999999998863 ) ;
#399 = CARTESIAN_POINT ( 'NONE',  ( 1.132091612665527380, -13.22846104805666023, -36.51638370147919943 ) ) ;
#400 = VERTEX_POINT ( 'NONE', #7995 ) ;
#401 = DIRECTION ( 'NONE',  ( -1.000000000000000000, -3.430021418408686719E-15, 0.000000000000000000 ) ) ;
#402 = DIRECTION ( 'NONE',  ( 6.112085292819410516E-15, 0.000000000000000000, 1.000000000000000000 ) ) ;
#403 = CARTESIAN_POINT ( 'NONE',  ( 16.83506271415511080, 0.1466869657499998147, 7.310459295899113918 ) ) ;
#404 = CARTESIAN_POINT ( 'NONE',  ( 17.01099672888684111, 24.63550496989601157, -4.255348183460682776 ) ) ;
#405 = LINE ( 'NONE', #1518, #7992 ) ;
#406 = VECTOR ( 'NONE', #4073, 1000.000000000000114 ) ;
#407 = CARTESIAN_POINT ( 'NONE',  ( 10.53405171764462978, 7.798700575979838234, -36.59103185458852892 ) ) ;
#408 = FACE_OUTER_BOUND ( 'NONE', #1950, .T. ) ;
#409 = DIRECTION ( 'NONE',  ( 1.000000000000000000, 0.000000000000000000, 0.000000000000000000 ) ) ;
#410 = CARTESIAN_POINT ( 'NONE',  ( -11.97628271137845246, -6.060223739461334524, -36.36774566252583440 ) ) ;
#411 = CARTESIAN_POINT ( 'NONE',  ( -8.270296309429058468, -3.425668896209603798, -47.41250000204837534 ) ) ;
#412 = CARTESIAN_POINT ( 'NONE',  ( -1.444430496710264052E-13, 8.270296309428900372, -42.25625000204840376 ) ) ;
#413 = EDGE_CURVE ( 'NONE', #3459, #6211, #6035, .T. ) ;
#414 = VECTOR ( 'NONE', #1594, 1000.000000000000000 ) ;
#415 = EDGE_LOOP ( 'NONE', ( #2970, #2972, #6860, #6816 ) ) ;
#416 = CARTESIAN_POINT ( 'NONE',  ( -3.761968395621876127, -9.082195121928897663, -45.06875000000003695 ) ) ;
#417 = ORIENTED_EDGE ( 'NONE', *, *, #4808, .F. ) ;
#418 = CARTESIAN_POINT ( 'NONE',  ( 11.38466659687209948, -7.255299199761470419, -30.09999999999999787 ) ) ;
#419 = VERTEX_POINT ( 'NONE', #4164 ) ;
#420 = CARTESIAN_POINT ( 'NONE',  ( 5.847982602819080000, -5.847982602819249642, -50.31875000204840376 ) ) ;
#421 = CARTESIAN_POINT ( 'NONE',  ( 3.149999999999999911, 3.681688624940695043, 1.403128243954326004 ) ) ;
#422 = CIRCLE ( 'NONE', #2181, 10.55333333331213908 ) ;
#423 = AXIS2_PLACEMENT_3D ( 'NONE', #7238, #7193, #3711 ) ;
#424 = CARTESIAN_POINT ( 'NONE',  ( -13.04945803482130806, 7.343024154742073151, -1.717587904465478932 ) ) ;
#425 = DIRECTION ( 'NONE',  ( -0.003929182435834711884, 0.9999922807328993635, 1.347807411696154788E-17 ) ) ;
#426 = DIRECTION ( 'NONE',  ( 3.430248998885765387E-15, 0.000000000000000000, 1.000000000000000000 ) ) ;
#427 = CIRCLE ( 'NONE', #7360, 2.500000000000000444 ) ;
#428 = ORIENTED_EDGE ( 'NONE', *, *, #905, .T. ) ;
#429 =( BOUNDED_CURVE ( )  B_SPLINE_CURVE ( 2, ( #6868, #1165, #3618, #3704, #5672, #6225, #392, #8254, #5595 ),
 .UNSPECIFIED., .F., .F. ) 
 B_SPLINE_CURVE_WITH_KNOTS ( ( 3, 2, 2, 2, 3 ),
 ( 0.3499999999999999778, 0.3624999999999999889, 0.3750000000000000000, 0.3875000000000000111, 0.4000000000000000222 ),
 .UNSPECIFIED. ) 
 CURVE ( )  GEOMETRIC_REPRESENTATION_ITEM ( )  RATIONAL_B_SPLINE_CURVE ( ( 1.000000000000000000, 0.9238795325112879597, 1.000000000000000000, 0.9238795325112869605, 1.000000000000000000, 0.9238795325112869605, 1.000000000000000000, 0.9238795325112879597, 1.000000000000000000 ) ) 
 REPRESENTATION_ITEM ( '' )  );
#430 = CARTESIAN_POINT ( 'NONE',  ( -12.02420802010269973, 6.137460508166049600, -36.10000000000000142 ) ) ;
#431 = ORIENTED_EDGE ( 'NONE', *, *, #844, .T. ) ;
#432 = CARTESIAN_POINT ( 'NONE',  ( -8.398823431491225122, 27.20545920077252333, -14.78056418582227494 ) ) ;
#433 = CIRCLE ( 'NONE', #2863, 2.250000000000000000 ) ;
#434 = ORIENTED_EDGE ( 'NONE', *, *, #6632, .F. ) ;
#435 = ADVANCED_FACE ( 'NONE', ( #892 ), #4702, .F. ) ;
#436 = VERTEX_POINT ( 'NONE', #335 ) ;
#437 = CARTESIAN_POINT ( 'NONE',  ( -2.083123271583249281, 0.1364424833889427147, -18.22460387812966687 ) ) ;
#438 = CARTESIAN_POINT ( 'NONE',  ( 8.270296309428733394, 3.425668896209609571, -48.53750000204843928 ) ) ;
#439 = CARTESIAN_POINT ( 'NONE',  ( 0.000000000000000000, 3.368838820721465233, 1.944999999999999840 ) ) ;
#440 = EDGE_CURVE ( 'NONE', #3601, #2342, #620, .T. ) ;
#441 = CYLINDRICAL_SURFACE ( 'NONE', #4221, 0.4999999999999999445 ) ;
#442 = CARTESIAN_POINT ( 'NONE',  ( -5.847982602819409514, -5.847982602819249642, -45.81875000204840376 ) ) ;
#443 = CARTESIAN_POINT ( 'NONE',  ( -1.787159728419490106E-13, 0.000000000000000000, -52.10000000000000142 ) ) ;
#444 = ORIENTED_EDGE ( 'NONE', *, *, #974, .T. ) ;
#445 = CARTESIAN_POINT ( 'NONE',  ( 2.133141957236349917, 0.5000000000000560663, 18.37660755934774670 ) ) ;
#446 = CARTESIAN_POINT ( 'NONE',  ( 6.827431275998305793, 26.65662464087854033, -15.69389233213709645 ) ) ;
#447 = CARTESIAN_POINT ( 'NONE',  ( 17.00636567412219335, 26.32948576588213641, -2.453782322805015959 ) ) ;
#448 = B_SPLINE_CURVE_WITH_KNOTS ( 'NONE', 3,
 ( #486, #612, #2478, #8263, #5077, #3207, #7632, #7672, #5164, #4524, #655, #3248, #1977, #3754, #4567 ),
 .UNSPECIFIED., .F., .F.,
 ( 4, 2, 2, 2, 1, 2, 2, 4 ),
 ( 0.000000000000000000, 0.2499999999998871458, 0.3749999999998344657, 0.4374999999998146483, 0.4687499999998077649, 0.4843749999998111511, 0.4999999999998145928, 1.000000000000000000 ),
 .UNSPECIFIED. ) ;
#449 = DIRECTION ( 'NONE',  ( 3.430248998885765387E-15, 0.000000000000000000, 1.000000000000000000 ) ) ;
#450 = EDGE_CURVE ( 'NONE', #2174, #1363, #4612, .T. ) ;
#451 = DIRECTION ( 'NONE',  ( 0.000000000000000000, 0.000000000000000000, -1.000000000000000000 ) ) ;
#452 = FACE_OUTER_BOUND ( 'NONE', #1459, .T. ) ;
#453 =( NAMED_UNIT ( * ) SI_UNIT ( $, .STERADIAN. ) SOLID_ANGLE_UNIT ( ) );
#454 = CARTESIAN_POINT ( 'NONE',  ( 8.270296309428749382, 0.000000000000000000, -42.25625000204845350 ) ) ;
#455 = CARTESIAN_POINT ( 'NONE',  ( -8.270296309429046033, -3.425668896209603798, -43.28750000204840376 ) ) ;
#456 = VERTEX_POINT ( 'NONE', #935 ) ;
#457 = CARTESIAN_POINT ( 'NONE',  ( -9.193703559516400503, 5.179240364822051745, -39.45560079816311827 ) ) ;
#458 = ORIENTED_EDGE ( 'NONE', *, *, #7764, .F. ) ;
#459 = DIRECTION ( 'NONE',  ( 0.2468963878759068697, 3.023608711332768124E-17, -0.9690418843650824288 ) ) ;
#460 = ORIENTED_EDGE ( 'NONE', *, *, #6988, .F. ) ;
#461 = CARTESIAN_POINT ( 'NONE',  ( 8.270296309428765369, -3.425668896209614456, -39.35000000204843218 ) ) ;
#462 = DIRECTION ( 'NONE',  ( 0.000000000000000000, 0.000000000000000000, -1.000000000000000000 ) ) ;
#463 = CARTESIAN_POINT ( 'NONE',  ( -3.964203361766485055E-14, 11.55803989154983924, 0.000000000000000000 ) ) ;
#464 = CARTESIAN_POINT ( 'NONE',  ( -1.272622378586621957E-13, 0.000000000000000000, -37.10000000000000142 ) ) ;
#465 = LINE ( 'NONE', #5019, #890 ) ;
#466 = AXIS2_PLACEMENT_3D ( 'NONE', #754, #4711, #5988 ) ;
#467 = VERTEX_POINT ( 'NONE', #2166 ) ;
#468 = CARTESIAN_POINT ( 'NONE',  ( 2.066017416778324733, 5.655032861993818829E-14, -17.88103945618285096 ) ) ;
#469 = ORIENTED_EDGE ( 'NONE', *, *, #3085, .F. ) ;
#470 = CARTESIAN_POINT ( 'NONE',  ( -6.261985700843308855, 26.30187909226319931, -16.00695320150073542 ) ) ;
#471 = ORIENTED_EDGE ( 'NONE', *, *, #8412, .F. ) ;
#472 = AXIS2_PLACEMENT_3D ( 'NONE', #4299, #1156, #6904 ) ;
#473 = CIRCLE ( 'NONE', #5232, 10.96999999997875896 ) ;
#474 = AXIS2_PLACEMENT_3D ( 'NONE', #1088, #5602, #2997 ) ;
#475 = EDGE_CURVE ( 'NONE', #6689, #4104, #2276, .T. ) ;
#476 = ORIENTED_EDGE ( 'NONE', *, *, #7132, .F. ) ;
#477 = CARTESIAN_POINT ( 'NONE',  ( -3.761968395621870354, -9.082195121928899439, -43.56875000000001563 ) ) ;
#478 = CARTESIAN_POINT ( 'NONE',  ( -1.444430496710264052E-13, 8.270296309428900372, -42.25625000204840376 ) ) ;
#479 = LINE ( 'NONE', #1203, #3529 ) ;
#480 = CARTESIAN_POINT ( 'NONE',  ( -13.18740254649274135, 9.552163288189133183, 1.842885488261365889 ) ) ;
#481 = DIRECTION ( 'NONE',  ( 3.430248998885765387E-15, -1.000000000000000000, 0.000000000000000000 ) ) ;
#482 = CARTESIAN_POINT ( 'NONE',  ( -8.270296309429069126, -3.425668896209603798, -48.91250000204840376 ) ) ;
#483 = EDGE_CURVE ( 'NONE', #8039, #7447, #6879, .T. ) ;
#484 = FACE_OUTER_BOUND ( 'NONE', #1843, .T. ) ;
#485 = EDGE_LOOP ( 'NONE', ( #7032, #4983, #5497, #2794, #5666, #5712, #796 ) ) ;
#486 = CARTESIAN_POINT ( 'NONE',  ( 11.02713726250581949, -6.884928742830280335, -29.60000000000000142 ) ) ;
#487 = DIRECTION ( 'NONE',  ( 1.000000000000000000, 0.000000000000000000, 0.000000000000000000 ) ) ;
#488 = CARTESIAN_POINT ( 'NONE',  ( -1.511466379164584983E-13, 9.082195121928901216, -44.22500000000000142 ) ) ;
#489 = CARTESIAN_POINT ( 'NONE',  ( -12.78461701170597387, 10.28512554681055668, -1.292663048578476248 ) ) ;
#490 = DIRECTION ( 'NONE',  ( 1.000000000000000000, 0.000000000000000000, -5.843279076974507734E-15 ) ) ;
#491 = CARTESIAN_POINT ( 'NONE',  ( -1.715124499443544942E-15, 0.5000000000000560663, 0.000000000000000000 ) ) ;
#492 = EDGE_CURVE ( 'NONE', #79, #549, #209, .T. ) ;
#493 = CARTESIAN_POINT ( 'NONE',  ( 8.270296309428760040, 0.000000000000000000, -40.75625000204845350 ) ) ;
#494 = CARTESIAN_POINT ( 'NONE',  ( 8.270296309428754711, 3.425668896209608683, -41.03750000204843928 ) ) ;
#495 = CARTESIAN_POINT ( 'NONE',  ( 3.149999999999999911, 0.000000000000000000, 0.000000000000000000 ) ) ;
#496 = CARTESIAN_POINT ( 'NONE',  ( 11.52373063106709949, -6.016945432910570268, 260.0852191789194876 ) ) ;
#497 = LINE ( 'NONE', #1905, #1199 ) ;
#498 = ORIENTED_EDGE ( 'NONE', *, *, #2907, .F. ) ;
#499 = CARTESIAN_POINT ( 'NONE',  ( -3.425668896209776548, 8.270296309428905701, -49.66250000204843218 ) ) ;
#500 = FACE_OUTER_BOUND ( 'NONE', #5207, .T. ) ;
#501 = DIRECTION ( 'NONE',  ( -1.000000000000000000, 0.000000000000000000, 3.469446951953614189E-15 ) ) ;
#502 = DIRECTION ( 'NONE',  ( 3.430248998885765387E-15, 0.000000000000000000, 1.000000000000000000 ) ) ;
#503 = CARTESIAN_POINT ( 'NONE',  ( 3.149999999999999911, -4.491785094295284608, -1.146801959133629872E-16 ) ) ;
#504 = EDGE_LOOP ( 'NONE', ( #5361, #8047, #6804, #4244, #3110, #6084, #5181 ) ) ;
#505 = CARTESIAN_POINT ( 'NONE',  ( 2.227618966549203439, 0.4373764135444576651, -18.36539446186414892 ) ) ;
#506 = ORIENTED_EDGE ( 'NONE', *, *, #6806, .F. ) ;
#507 = CARTESIAN_POINT ( 'NONE',  ( -1.669558697306784856, 8.545707022760238303, -52.08467256579118043 ) ) ;
#508 = ORIENTED_EDGE ( 'NONE', *, *, #7586, .F. ) ;
#509 = EDGE_CURVE ( 'NONE', #6093, #7754, #5410, .T. ) ;
#510 = CARTESIAN_POINT ( 'NONE',  ( 9.082195121928730686, 0.000000000000000000, -50.78750000409679899 ) ) ;
#511 = VECTOR ( 'NONE', #4191, 1000.000000000000000 ) ;
#512 = EDGE_LOOP ( 'NONE', ( #4426, #2886, #1865, #4169 ) ) ;
#513 = VERTEX_POINT ( 'NONE', #7363 ) ;
#514 = PRODUCT_DEFINITION_FORMATION_WITH_SPECIFIED_SOURCE ( 'ไป', '', #8255, .NOT_KNOWN. ) ;
#515 = CARTESIAN_POINT ( 'NONE',  ( 3.200000000000000178, 4.763893928904970415E-16, -3.889999999999999680 ) ) ;
#516 = ADVANCED_FACE ( 'NONE', ( #4336 ), #1441, .T. ) ;
#517 = CARTESIAN_POINT ( 'NONE',  ( 16.98117996038964961, 0.5000000000001120215, 7.340948654830680375 ) ) ;
#518 = CARTESIAN_POINT ( 'NONE',  ( -11.97560671748789929, -6.231760886624110540, -30.09999999999999787 ) ) ;
#519 = CARTESIAN_POINT ( 'NONE',  ( 8.921570627134731097E-13, 0.000000000000000000, 260.0852191789194876 ) ) ;
#520 = CARTESIAN_POINT ( 'NONE',  ( -1.734818989179205012E-13, -8.270296309428900372, -50.13125000204840376 ) ) ;
#521 = ORIENTED_EDGE ( 'NONE', *, *, #7681, .F. ) ;
#522 = PLANE ( 'NONE',  #2233 ) ;
#523 = CARTESIAN_POINT ( 'NONE',  ( 6.394495183617920020, 26.34263687871289150, -15.94534006380322566 ) ) ;
#524 = CARTESIAN_POINT ( 'NONE',  ( -17.00367662153549020, 26.89997784042727957, 1.444984990905081146 ) ) ;
#525 = CARTESIAN_POINT ( 'NONE',  ( -11.97560671748689920, -6.231760886624110540, 260.0852191789194876 ) ) ;
#526 = EDGE_CURVE ( 'NONE', #1358, #6093, #4289, .T. ) ;
#527 = CYLINDRICAL_SURFACE ( 'NONE', #3857, 0.5000000000000004441 ) ;
#528 = CARTESIAN_POINT ( 'NONE',  ( 9.082195121928723580, -3.761968395621719363, -50.88125000409682741 ) ) ;
#529 = CARTESIAN_POINT ( 'NONE',  ( -9.082195121929052206, 1.112248118530191819E-15, -42.53750000409674925 ) ) ;
#530 = DIRECTION ( 'NONE',  ( -0.002571354084718000064, 0.000000000000000000, 0.9999966940636210166 ) ) ;
#531 = CARTESIAN_POINT ( 'NONE',  ( 8.270296309428744053, 3.425668896209603798, -43.66250000204847481 ) ) ;
#532 = CARTESIAN_POINT ( 'NONE',  ( -1.387506278042019743E-13, -8.270296309428900372, -40.00625000204840376 ) ) ;
#533 = ORIENTED_EDGE ( 'NONE', *, *, #6586, .T. ) ;
#534 = CARTESIAN_POINT ( 'NONE',  ( 6.422081758775160409, 6.422081758775310512, -42.91250000000000142 ) ) ;
#535 = CONICAL_SURFACE ( 'NONE', #5161, 3.889999999999999680, 1.221730476396036602 ) ;
#536 = CARTESIAN_POINT ( 'NONE',  ( -9.082195121929059312, 1.112248118530191819E-15, -45.35000000000000142 ) ) ;
#537 = EDGE_CURVE ( 'NONE', #3753, #3851, #6471, .T. ) ;
#538 = ORIENTED_EDGE ( 'NONE', *, *, #1756, .F. ) ;
#539 = CARTESIAN_POINT ( 'NONE',  ( -1.753152906609984740E-13, 8.270296309428900372, -51.25625000204840376 ) ) ;
#540 = DIRECTION ( 'NONE',  ( -3.430248998885765387E-15, 1.000000000000000000, 0.000000000000000000 ) ) ;
#541 = CARTESIAN_POINT ( 'NONE',  ( -13.31980430188085940, 8.310980298662697052, -2.119396692806553961 ) ) ;
#542 = DIRECTION ( 'NONE',  ( 1.000000000000000000, 3.473606673227792680E-15, 0.000000000000000000 ) ) ;
#543 = VECTOR ( 'NONE', #2817, 1000.000000000000000 ) ;
#544 = CARTESIAN_POINT ( 'NONE',  ( -1.153440962113984947, -8.301438382521427073, -52.09983304185177388 ) ) ;
#545 = EDGE_LOOP ( 'NONE', ( #7798, #989, #6934, #2095, #3015 ) ) ;
#546 = LINE ( 'NONE', #3144, #8069 ) ;
#547 = EDGE_LOOP ( 'NONE', ( #983, #6031, #3231, #3557, #7631, #4988, #2601, #5797 ) ) ;
#548 = CARTESIAN_POINT ( 'NONE',  ( -3.158181921811780146, 8.433140615859208822, -51.87409687158618965 ) ) ;
#549 = VERTEX_POINT ( 'NONE', #1190 ) ;
#550 = CARTESIAN_POINT ( 'NONE',  ( 0.000000000000000000, 0.000000000000000000, 0.000000000000000000 ) ) ;
#551 = AXIS2_PLACEMENT_3D ( 'NONE', #88, #2558, #4558 ) ;
#552 = CIRCLE ( 'NONE', #2995, 8.582195121928899439 ) ;
#553 = EDGE_CURVE ( 'NONE', #6919, #122, #3201, .T. ) ;
#554 = TOROIDAL_SURFACE ( 'NONE', #5325, 10.96999999997879982, 2.500000000000000000 ) ;
#555 = CIRCLE ( 'NONE', #7088, 0.5000000000000004441 ) ;
#556 = ORIENTED_EDGE ( 'NONE', *, *, #4597, .F. ) ;
#557 = ORIENTED_EDGE ( 'NONE', *, *, #2471, .F. ) ;
#558 = CARTESIAN_POINT ( 'NONE',  ( -11.85347294840419252, 6.096570068693861089, -29.72381202059446537 ) ) ;
#559 = LINE ( 'NONE', #688, #7078 ) ;
#560 = CARTESIAN_POINT ( 'NONE',  ( -13.28925813037553461, 9.159366716813014619, 1.991324738090026969 ) ) ;
#561 = CARTESIAN_POINT ( 'NONE',  ( -6.382531835699300514E-28, 4.943961906533899588E-14, 0.000000000000000000 ) ) ;
#562 = EDGE_CURVE ( 'NONE', #1540, #6919, #8361, .T. ) ;
#563 = CARTESIAN_POINT ( 'NONE',  ( 5.847982602819089770, 5.847982602819249642, -48.06875000204840376 ) ) ;
#564 = CARTESIAN_POINT ( 'NONE',  ( -16.56460090652047157, -2.078054163931312238E-16, -7.253710961795334811 ) ) ;
#565 = ORIENTED_EDGE ( 'NONE', *, *, #3624, .F. ) ;
#566 = CARTESIAN_POINT ( 'NONE',  ( -11.00000000000000000, 30.64999999999999858, 0.000000000000000000 ) ) ;
#567 = CARTESIAN_POINT ( 'NONE',  ( 16.87363886082253472, 0.1892979575722888996, 7.318491964728824684 ) ) ;
#568 = CARTESIAN_POINT ( 'NONE',  ( 17.00804270882173341, 25.82053145635078195, -3.116663528090196422 ) ) ;
#569 = CARTESIAN_POINT ( 'NONE',  ( 0.1002849517299546495, 1.492188296729691110, -3.890056612790431245 ) ) ;
#570 = DIRECTION ( 'NONE',  ( 3.469446951953629966E-15, -1.000000000000000000, 0.000000000000000000 ) ) ;
#571 = CARTESIAN_POINT ( 'NONE',  ( 6.422081758775140869, -6.422081758775310512, -49.47500000409679899 ) ) ;
#572 = DIRECTION ( 'NONE',  ( 1.000000000000000000, 0.000000000000000000, 0.000000000000000000 ) ) ;
#573 = CARTESIAN_POINT ( 'NONE',  ( 0.000000000000000000, 0.000000000000000000, 0.000000000000000000 ) ) ;
#574 = CARTESIAN_POINT ( 'NONE',  ( 3.425668896209458136, 8.270296309428895043, -43.47500000204843928 ) ) ;
#575 = EDGE_CURVE ( 'NONE', #3486, #337, #2499, .T. ) ;
#576 = DIRECTION ( 'NONE',  ( 3.430248998885765387E-15, 0.000000000000000000, 1.000000000000000000 ) ) ;
#577 = ORIENTED_EDGE ( 'NONE', *, *, #7827, .F. ) ;
#578 = CARTESIAN_POINT ( 'NONE',  ( 3.761968395621567485, 9.082195121928897663, -42.81875000000003695 ) ) ;
#579 = CARTESIAN_POINT ( 'NONE',  ( -9.082195121929208526, -3.761968395621562156, -45.25624999999999432 ) ) ;
#580 = ORIENTED_EDGE ( 'NONE', *, *, #2386, .F. ) ;
#581 = CARTESIAN_POINT ( 'NONE',  ( 5.847982602819100428, 5.847982602819249642, -45.44375000204840376 ) ) ;
#582 = DIRECTION ( 'NONE',  ( -3.430248998885765387E-15, 0.000000000000000000, -1.000000000000000000 ) ) ;
#583 = DIRECTION ( 'NONE',  ( 3.430248998885765387E-15, -1.000000000000000000, 0.000000000000000000 ) ) ;
#584 = CARTESIAN_POINT ( 'NONE',  ( -11.38466659687186144, 7.255299199762189843, -36.10000000000000142 ) ) ;
#585 = CARTESIAN_POINT ( 'NONE',  ( -1.787159728419484805E-13, 0.000000000000000000, -52.10000000000000142 ) ) ;
#586 = ADVANCED_FACE ( 'NONE', ( #5017 ), #5793, .T. ) ;
#587 = DIRECTION ( 'NONE',  ( 6.112085292819410516E-15, 0.000000000000000000, 1.000000000000000000 ) ) ;
#588 = EDGE_LOOP ( 'NONE', ( #4972, #1006 ) ) ;
#589 = CARTESIAN_POINT ( 'NONE',  ( -14.79108867122049986, 20.00000000000000000, -11.11187184591742039 ) ) ;
#590 = EDGE_LOOP ( 'NONE', ( #3813, #1652, #1569, #7535 ) ) ;
#591 = B_SPLINE_CURVE_WITH_KNOTS ( 'NONE', 3,
 ( #5303, #7848, #2662, #7170 ),
 .UNSPECIFIED., .F., .F.,
 ( 4, 4 ),
 ( 0.000000000000000000, 1.000000000000000000 ),
 .UNSPECIFIED. ) ;
#592 = UNCERTAINTY_MEASURE_WITH_UNIT (LENGTH_MEASURE( 1.000000000000000082E-05 ), #6326, 'distance_accuracy_value', 'NONE');
#593 = CARTESIAN_POINT ( 'NONE',  ( 1.639829176630759940E-12, -478.0496043183500205, 0.000000000000000000 ) ) ;
#594 = CIRCLE ( 'NONE', #8333, 11.41666666666661989 ) ;
#595 = AXIS2_PLACEMENT_3D ( 'NONE', #2615, #5851, #782 ) ;
#596 = VERTEX_POINT ( 'NONE', #8281 ) ;
#597 = ORIENTED_EDGE ( 'NONE', *, *, #6446, .T. ) ;
#598 = CARTESIAN_POINT ( 'NONE',  ( 3.149999999999999911, -2.245892547147640528, 3.889999999999999680 ) ) ;
#599 = AXIS2_PLACEMENT_3D ( 'NONE', #8014, #7977, #2790 ) ;
#600 = VECTOR ( 'NONE', #7677, 1000.000000000000000 ) ;
#601 = ADVANCED_FACE ( 'NONE', ( #7021 ), #7957, .T. ) ;
#602 = CARTESIAN_POINT ( 'NONE',  ( 14.63825911038526506, 0.07661923972346178224, 10.93865152685253328 ) ) ;
#603 = AXIS2_PLACEMENT_3D ( 'NONE', #8164, #8203, #174 ) ;
#604 = CARTESIAN_POINT ( 'NONE',  ( -11.81137264456901725, -6.191137065726813660, -29.72928687070166731 ) ) ;
#605 = FACE_OUTER_BOUND ( 'NONE', #5452, .T. ) ;
#606 = AXIS2_PLACEMENT_3D ( 'NONE', #4698, #5338, #822 ) ;
#607 = AXIS2_PLACEMENT_3D ( 'NONE', #1844, #1334, #6528 ) ;
#608 = CARTESIAN_POINT ( 'NONE',  ( -5.847982602819389975, -5.847982602819249642, -39.81875000204840376 ) ) ;
#609 = EDGE_LOOP ( 'NONE', ( #2942, #4119, #6388, #4555 ) ) ;
#610 = CARTESIAN_POINT ( 'NONE',  ( -11.13989905620890219, 7.002021353501048928, -29.62118607591949981 ) ) ;
#611 = ORIENTED_EDGE ( 'NONE', *, *, #2302, .F. ) ;
#612 = CARTESIAN_POINT ( 'NONE',  ( 11.08598307023657981, -6.945607795033968301, -29.60000000000004050 ) ) ;
#613 = DIRECTION ( 'NONE',  ( 1.000000000000000000, 0.000000000000000000, 0.000000000000000000 ) ) ;
#614 = EDGE_CURVE ( 'NONE', #911, #388, #3791, .T. ) ;
#615 = CARTESIAN_POINT ( 'NONE',  ( -12.96734374286125124, 10.01523814144834823, -1.590751452437560998 ) ) ;
#616 = CARTESIAN_POINT ( 'NONE',  ( -7.916602882191509316, -2.499010733450005795, -52.10000000000076170 ) ) ;
#617 = CARTESIAN_POINT ( 'NONE',  ( 9.082195121928741344, 0.000000000000000000, -46.28750000409679899 ) ) ;
#618 = DIRECTION ( 'NONE',  ( -0.8647368637171916061, -2.966262761065513735E-15, -0.5022252049913018546 ) ) ;
#619 = DIRECTION ( 'NONE',  ( 1.000000000000000000, 0.000000000000000000, 0.000000000000000000 ) ) ;
#620 = CIRCLE ( 'NONE', #5106, 2.499999999999998668 ) ;
#621 = CARTESIAN_POINT ( 'NONE',  ( -8.270296309429046033, -3.425668896209603798, -41.41250000204841086 ) ) ;
#622 = CARTESIAN_POINT ( 'NONE',  ( -11.32730072484526040, -7.344539351715430264, 260.0852191789194876 ) ) ;
#623 = EDGE_LOOP ( 'NONE', ( #2206, #2204, #8207, #1479 ) ) ;
#624 = CARTESIAN_POINT ( 'NONE',  ( -3.761968395621865469, -9.082195121928897663, -42.06875000000000853 ) ) ;
#625 = DIRECTION ( 'NONE',  ( 1.000000000000000000, 3.000602769257179956E-15, 0.000000000000000000 ) ) ;
#626 = VERTEX_POINT ( 'NONE', #4979 ) ;
#627 = CARTESIAN_POINT ( 'NONE',  ( -5.847982602819409514, -5.847982602819249642, -44.69375000204840376 ) ) ;
#628 = CARTESIAN_POINT ( 'NONE',  ( 3.649999999999999911, -4.491785094295284608, -1.146801959133629872E-16 ) ) ;
#629 = MANIFOLD_SOLID_BREP ( '____3[1]', #142 ) ;
#630 = SURFACE_STYLE_USAGE ( .BOTH. , #4673 ) ;
#631 = LINE ( 'NONE', #6376, #3117 ) ;
#632 = CARTESIAN_POINT ( 'NONE',  ( 1.174599622725128967, -8.407099729185000925, -52.10001728613763561 ) ) ;
#633 = DIRECTION ( 'NONE',  ( 3.430248998885765387E-15, 0.000000000000000000, 1.000000000000000000 ) ) ;
#634 = EDGE_LOOP ( 'NONE', ( #7067, #3275, #7121, #7492 ) ) ;
#635 = CARTESIAN_POINT ( 'NONE',  ( -4.682912740811446817, 7.729083398983245701, -51.80774182497188463 ) ) ;
#636 = ORIENTED_EDGE ( 'NONE', *, *, #6318, .F. ) ;
#637 = CARTESIAN_POINT ( 'NONE',  ( 16.99023429030851062, 25.24097444869735440, 3.808795822430535161 ) ) ;
#638 = ADVANCED_FACE ( 'NONE', ( #7183 ), #2138, .T. ) ;
#639 = AXIS2_PLACEMENT_3D ( 'NONE', #5652, #4925, #6246 ) ;
#640 = ORIENTED_EDGE ( 'NONE', *, *, #6217, .F. ) ;
#641 = ORIENTED_EDGE ( 'NONE', *, *, #5463, .T. ) ;
#642 = CARTESIAN_POINT ( 'NONE',  ( -8.765659117723380689, 2.376865260098945054, -51.60000000000000142 ) ) ;
#643 = MANIFOLD_SOLID_BREP ( '______1[1]', #4116 ) ;
#644 = CARTESIAN_POINT ( 'NONE',  ( -11.76960359528420419, 6.076027198158455711, -29.66329245527795067 ) ) ;
#645 = SPHERICAL_SURFACE ( 'NONE', #1638, 0.5000000000000000000 ) ;
#646 = VECTOR ( 'NONE', #5870, 1000.000000000000000 ) ;
#647 = CARTESIAN_POINT ( 'NONE',  ( -13.26024224004727259, 9.294084892977023671, 1.949195855108730280 ) ) ;
#648 = CARTESIAN_POINT ( 'NONE',  ( -6.440270817713939824E-14, 0.000000000000000000, -18.53496675703924979 ) ) ;
#649 = EDGE_CURVE ( 'NONE', #6209, #3601, #2954, .T. ) ;
#650 = CARTESIAN_POINT ( 'NONE',  ( 3.425668896209462577, 8.270296309428895043, -41.97500000204840376 ) ) ;
#651 = ORIENTED_EDGE ( 'NONE', *, *, #562, .F. ) ;
#652 = AXIS2_PLACEMENT_3D ( 'NONE', #4791, #6108, #274 ) ;
#653 = CARTESIAN_POINT ( 'NONE',  ( -11.29339412287558986, 7.160437606555740686, -29.76581262701399311 ) ) ;
#654 = EDGE_LOOP ( 'NONE', ( #611, #3145, #1514, #2643, #7427 ) ) ;
#655 = CARTESIAN_POINT ( 'NONE',  ( 11.27533680009356232, -7.141677505596164544, -29.73979636421519501 ) ) ;
#656 = B_SPLINE_CURVE_WITH_KNOTS ( 'NONE', 3,
 ( #7607, #1823, #3267, #5787, #1313, #8371, #8415, #35, #2544, #3900, #2588, #7732, #2633, #7102, #5187 ),
 .UNSPECIFIED., .F., .F.,
 ( 4, 2, 2, 2, 1, 2, 2, 4 ),
 ( 0.000000000000000000, 0.2500000000000497935, 0.3750000000000747180, 0.4375000000000850431, 0.4687500000000879852, 0.4843750000000847655, 0.5000000000000814904, 1.000000000000000000 ),
 .UNSPECIFIED. ) ;
#657 = CARTESIAN_POINT ( 'NONE',  ( 16.48144778058409798, 1.059988441938903821E-13, 7.236150845296010381 ) ) ;
#658 = CARTESIAN_POINT ( 'NONE',  ( -2.178596126286346912, 0.1416697634165589581, 18.21894363004262374 ) ) ;
#659 = CARTESIAN_POINT ( 'NONE',  ( -9.082195121928011261, 1.112248118530191819E-15, 260.0852191789194876 ) ) ;
#660 = DIRECTION ( 'NONE',  ( 0.000000000000000000, -1.000000000000000000, 0.000000000000000000 ) ) ;
#661 = CARTESIAN_POINT ( 'NONE',  ( -1.569351831161309789E-13, 9.082195121928901216, -45.91250000409679899 ) ) ;
#662 = DIRECTION ( 'NONE',  ( -1.000000000000000000, 0.000000000000000000, 0.000000000000000000 ) ) ;
#663 = CARTESIAN_POINT ( 'NONE',  ( 11.91747997293430039, 6.342213422355330366, -30.09999999999999787 ) ) ;
#664 = DIRECTION ( 'NONE',  ( -1.000000000000000000, -3.430248998885765387E-15, 0.000000000000000000 ) ) ;
#665 = ORIENTED_EDGE ( 'NONE', *, *, #2251, .T. ) ;
#666 = DIRECTION ( 'NONE',  ( 1.000000000000000000, 3.000602769257179956E-15, 0.000000000000000000 ) ) ;
#667 = CARTESIAN_POINT ( 'NONE',  ( 0.03615272096123881701, -0.8864195624406038254, -3.889872269230561841 ) ) ;
#668 = ORIENTED_EDGE ( 'NONE', *, *, #5754, .F. ) ;
#669 = CARTESIAN_POINT ( 'NONE',  ( 8.270296309428744053, 3.425668896209609571, -47.03750000204846771 ) ) ;
#670 = CARTESIAN_POINT ( 'NONE',  ( 11.11165212067779784, -7.414653512533353918, -36.44932857641398982 ) ) ;
#671 = LINE ( 'NONE', #115, #3191 ) ;
#672 = CARTESIAN_POINT ( 'NONE',  ( -8.575622497214468727E-14, 0.000000000000000000, -25.00000000000000000 ) ) ;
#673 = EDGE_CURVE ( 'NONE', #977, #5618, #1869, .T. ) ;
#674 = CYLINDRICAL_SURFACE ( 'NONE', #5378, 13.48383344964349995 ) ;
#675 = CARTESIAN_POINT ( 'NONE',  ( -16.99023429029836763, 25.24097444884480268, -3.808795822336093373 ) ) ;
#676 = VECTOR ( 'NONE', #2201, 1000.000000000000000 ) ;
#677 = ORIENTED_EDGE ( 'NONE', *, *, #3241, .F. ) ;
#678 = CARTESIAN_POINT ( 'NONE',  ( 8.270296309428765369, 3.425668896209609571, -39.53750000204847481 ) ) ;
#679 = CARTESIAN_POINT ( 'NONE',  ( -1.224377614870049813, 8.666726394248721377, -52.07000224572592373 ) ) ;
#680 = EDGE_LOOP ( 'NONE', ( #252, #8077, #3781, #3333 ) ) ;
#681 = CARTESIAN_POINT ( 'NONE',  ( 0.7920112913839594260, 9.064071960144955753, -51.73434355300252463 ) ) ;
#682 = CIRCLE ( 'NONE', #3927, 10.96999999997878028 ) ;
#683 = ORIENTED_EDGE ( 'NONE', *, *, #5200, .F. ) ;
#684 = DIRECTION ( 'NONE',  ( 0.8640541274851133435, 0.5033989121719866233, -2.963920805788923327E-15 ) ) ;
#685 = DIRECTION ( 'NONE',  ( -1.000000000000000000, 8.881784197001250351E-16, 3.469446951953614189E-15 ) ) ;
#686 = ADVANCED_FACE ( 'NONE', ( #1443 ), #4030, .T. ) ;
#687 = AXIS2_PLACEMENT_3D ( 'NONE', #3197, #1365, #7072 ) ;
#688 = CARTESIAN_POINT ( 'NONE',  ( 11.51955714060749969, -4.954775805651800091, -36.60000000000000142 ) ) ;
#689 = VECTOR ( 'NONE', #5055, 1000.000000000000000 ) ;
#690 = CARTESIAN_POINT ( 'NONE',  ( 8.270296309428744053, 3.425668896209603798, -45.16250000204843218 ) ) ;
#691 = CARTESIAN_POINT ( 'NONE',  ( 3.149999999999999911, -2.245892547147640528, 3.889999999999999680 ) ) ;
#692 = VECTOR ( 'NONE', #618, 1000.000000000000000 ) ;
#693 = TOROIDAL_SURFACE ( 'NONE', #4222, 10.96999999997879982, 2.500000000000000000 ) ;
#694 = AXIS2_PLACEMENT_3D ( 'NONE', #7663, #7501, #2472 ) ;
#695 = AXIS2_PLACEMENT_3D ( 'NONE', #6609, #5287, #1133 ) ;
#696 = CARTESIAN_POINT ( 'NONE',  ( -5.847982602819399744, 5.847982602819249642, -43.19375000204840376 ) ) ;
#697 = ORIENTED_EDGE ( 'NONE', *, *, #1927, .F. ) ;
#698 = CARTESIAN_POINT ( 'NONE',  ( -11.30747280414957068, 7.175091193677912038, -29.78858226374628870 ) ) ;
#699 = ORIENTED_EDGE ( 'NONE', *, *, #5044, .F. ) ;
#700 = EDGE_CURVE ( 'NONE', #1530, #8171, #2756, .T. ) ;
#701 = FACE_OUTER_BOUND ( 'NONE', #2217, .T. ) ;
#702 = CARTESIAN_POINT ( 'NONE',  ( -12.01955328097396070, 4.952811214434479581, -36.60000000000000142 ) ) ;
#703 = FACE_OUTER_BOUND ( 'NONE', #4172, .T. ) ;
#704 = DIRECTION ( 'NONE',  ( 3.430248998885765387E-15, 0.000000000000000000, 1.000000000000000000 ) ) ;
#705 = CARTESIAN_POINT ( 'NONE',  ( -4.799999999999999822, 0.000000000000000000, -45.49717795502759543 ) ) ;
#706 = CARTESIAN_POINT ( 'NONE',  ( -3.761968395621876127, 9.082195121928897663, -45.81875000409676346 ) ) ;
#707 = CARTESIAN_POINT ( 'NONE',  ( 9.082195121928736015, 3.761968395621746453, -41.50625000000010800 ) ) ;
#708 = DIRECTION ( 'NONE',  ( 1.000000000000000000, 0.000000000000000000, -6.112085292819410516E-15 ) ) ;
#709 = CARTESIAN_POINT ( 'NONE',  ( 5.658611042260061730, 7.022093127877836238, -51.84946712457946205 ) ) ;
#710 = CARTESIAN_POINT ( 'NONE',  ( -1.392976761726977944E-13, 8.270296309428900372, -40.75625000204840376 ) ) ;
#711 = DIRECTION ( 'NONE',  ( -3.340948916696100036E-15, 0.000000000000000000, -1.000000000000000000 ) ) ;
#712 = CARTESIAN_POINT ( 'NONE',  ( 1.639829176630759940E-12, -478.0496043183500205, 0.000000000000000000 ) ) ;
#713 = EDGE_CURVE ( 'NONE', #4899, #4468, #4446, .T. ) ;
#714 = CARTESIAN_POINT ( 'NONE',  ( 0.02530690467286718023, -0.7456936113688307222, -3.889759257749040966 ) ) ;
#715 = ORIENTED_EDGE ( 'NONE', *, *, #1257, .F. ) ;
#716 = CARTESIAN_POINT ( 'NONE',  ( 8.270296309428733394, -3.425668896209614456, -47.22500000204846060 ) ) ;
#717 = DIRECTION ( 'NONE',  ( 0.000000000000000000, 0.000000000000000000, 1.000000000000000000 ) ) ;
#718 = DIRECTION ( 'NONE',  ( -0.003929182435834586984, 0.9999922807328993635, 0.000000000000000000 ) ) ;
#719 = DIRECTION ( 'NONE',  ( 3.430248998885765387E-15, 0.000000000000000000, 1.000000000000000000 ) ) ;
#720 = CARTESIAN_POINT ( 'NONE',  ( -1.740289472864159679E-13, 8.270296309428900372, -50.88125000204840376 ) ) ;
#721 = CARTESIAN_POINT ( 'NONE',  ( -16.99352181674603912, 26.32947880498130644, -2.541214412373912435 ) ) ;
#722 = ORIENTED_EDGE ( 'NONE', *, *, #4015, .F. ) ;
#723 = CARTESIAN_POINT ( 'NONE',  ( -9.082195121929080628, 1.112248118530191819E-15, -51.35000000000000142 ) ) ;
#724 = CARTESIAN_POINT ( 'NONE',  ( -7.257602140014483894, 5.444162821859531043, -51.69762572762896014 ) ) ;
#725 = ORIENTED_EDGE ( 'NONE', *, *, #1848, .F. ) ;
#726 = CARTESIAN_POINT ( 'NONE',  ( 4.799999999999689848, 5.878304635907109815E-16, -45.49717795502759543 ) ) ;
#727 = ORIENTED_EDGE ( 'NONE', *, *, #5969, .F. ) ;
#728 = DIRECTION ( 'NONE',  ( 1.000000000000000000, 3.571186321298530749E-15, 0.000000000000000000 ) ) ;
#729 = CARTESIAN_POINT ( 'NONE',  ( 11.00000000000155964, -478.0496043183500205, 0.000000000000000000 ) ) ;
#730 = CARTESIAN_POINT ( 'NONE',  ( 11.47609182578959874, 6.107316628932839997, -36.10000000000000142 ) ) ;
#731 = CARTESIAN_POINT ( 'NONE',  ( -5.847982602819409514, 5.847982602819249642, -44.69375000204840376 ) ) ;
#732 = FACE_BOUND ( 'NONE', #5280, .T. ) ;
#733 = EDGE_CURVE ( 'NONE', #295, #8171, #1858, .T. ) ;
#734 = CARTESIAN_POINT ( 'NONE',  ( -8.270296309429046033, -3.425668896209603798, -41.41250000204841086 ) ) ;
#735 = AXIS2_PLACEMENT_3D ( 'NONE', #8328, #7104, #4589 ) ;
#736 = VERTEX_POINT ( 'NONE', #8414 ) ;
#737 = CARTESIAN_POINT ( 'NONE',  ( -1.015353703670189902E-13, 0.000000000000000000, -29.60000000000000142 ) ) ;
#738 = AXIS2_PLACEMENT_3D ( 'NONE', #1979, #1336, #7251 ) ;
#739 = ORIENTED_EDGE ( 'NONE', *, *, #2825, .T. ) ;
#740 = CARTESIAN_POINT ( 'NONE',  ( 5.847982602819069342, 5.847982602819249642, -52.94375000204840376 ) ) ;
#741 = CARTESIAN_POINT ( 'NONE',  ( -12.02309718830104046, 5.883932846630645308, -36.41826409813295840 ) ) ;
#742 = CYLINDRICAL_SURFACE ( 'NONE', #2491, 0.5000000000000005551 ) ;
#743 = AXIS2_PLACEMENT_3D ( 'NONE', #4917, #7507, #6878 ) ;
#744 = CARTESIAN_POINT ( 'NONE',  ( -1.564901071760309761E-13, 0.000000000000000000, -45.62062614896549917 ) ) ;
#745 = CARTESIAN_POINT ( 'NONE',  ( 8.921570627134731097E-13, 0.000000000000000000, 260.0852191789194876 ) ) ;
#746 = ADVANCED_FACE ( 'NONE', ( #2587 ), #5186, .F. ) ;
#747 = CARTESIAN_POINT ( 'NONE',  ( -9.082195121929059312, -3.761968395621714034, -45.44375000409675636 ) ) ;
#748 = CARTESIAN_POINT ( 'NONE',  ( -1.614373849131154928E-13, 9.082195121928901216, -47.22500000000000142 ) ) ;
#749 = CIRCLE ( 'NONE', #7269, 3.939999999999999947 ) ;
#750 = FACE_OUTER_BOUND ( 'NONE', #342, .T. ) ;
#751 = CARTESIAN_POINT ( 'NONE',  ( 6.332583748794600176, 6.402360911803622656, -51.86674626639438657 ) ) ;
#752 = PLANE ( 'NONE',  #3996 ) ;
#753 = PLANE ( 'NONE',  #1487 ) ;
#754 = CARTESIAN_POINT ( 'NONE',  ( -3.964203361766485055E-14, 11.55803989154983924, 0.000000000000000000 ) ) ;
#755 = CARTESIAN_POINT ( 'NONE',  ( -1.562817070481059683E-13, 0.000000000000000000, -45.55987250455289939 ) ) ;
#756 = ORIENTED_EDGE ( 'NONE', *, *, #4808, .T. ) ;
#757 = CARTESIAN_POINT ( 'NONE',  ( -1.495884231693549908E-13, 8.270296309428900372, -43.75625000204839665 ) ) ;
#758 = DIRECTION ( 'NONE',  ( -1.000000000000000000, 0.000000000000000000, 0.000000000000000000 ) ) ;
#759 = EDGE_CURVE ( 'NONE', #7148, #5196, #8379, .T. ) ;
#760 = DIRECTION ( 'NONE',  ( 3.430248998885765387E-15, 0.000000000000000000, 1.000000000000000000 ) ) ;
#761 = CARTESIAN_POINT ( 'NONE',  ( 3.200000000000006395, -0.2089857151974846283, -3.889999999999993019 ) ) ;
#762 = LINE ( 'NONE', #3394, #207 ) ;
#763 = CARTESIAN_POINT ( 'NONE',  ( -1.799136157908309870E-13, -8.270296309428900372, -52.00625000204839665 ) ) ;
#764 = ORIENTED_EDGE ( 'NONE', *, *, #1756, .T. ) ;
#765 = CARTESIAN_POINT ( 'NONE',  ( 9.082195121928723580, -3.761968395621719363, -52.19375000000012221 ) ) ;
#766 = CARTESIAN_POINT ( 'NONE',  ( -8.440559727288066583, 3.399511187532414880, -51.62918790676502567 ) ) ;
#767 = VERTEX_POINT ( 'NONE', #8066 ) ;
#768 =( BOUNDED_CURVE ( )  B_SPLINE_CURVE ( 2, ( #1463, #6656, #3416, #4057, #825, #4279, #3553, #5400, #5525 ),
 .UNSPECIFIED., .F., .F. ) 
 B_SPLINE_CURVE_WITH_KNOTS ( ( 3, 2, 2, 2, 3 ),
 ( 0.2500000000000000000, 0.2625000000000000111, 0.2750000000000000222, 0.2874999999999999778, 0.2999999999999999889 ),
 .UNSPECIFIED. ) 
 CURVE ( )  GEOMETRIC_REPRESENTATION_ITEM ( )  RATIONAL_B_SPLINE_CURVE ( ( 1.000000000000000000, 0.9238795325112849621, 1.000000000000000000, 0.9238795325112869605, 1.000000000000000000, 0.9238795325112869605, 1.000000000000000000, 0.9238795325112849621, 1.000000000000000000 ) ) 
 REPRESENTATION_ITEM ( '' )  );
#769 = ORIENTED_EDGE ( 'NONE', *, *, #3148, .F. ) ;
#770 = LINE ( 'NONE', #5036, #6139 ) ;
#771 = EDGE_CURVE ( 'NONE', #8158, #3459, #146, .T. ) ;
#772 = CARTESIAN_POINT ( 'NONE',  ( -10.82518948902131228, -7.631878118914173115, -36.53612462124631577 ) ) ;
#773 = CARTESIAN_POINT ( 'NONE',  ( 9.082195121928769765, 0.000000000000000000, -38.78750000409684873 ) ) ;
#774 = CARTESIAN_POINT ( 'NONE',  ( -8.270296309429046033, 3.425668896209609571, -43.10000000204841086 ) ) ;
#775 = CARTESIAN_POINT ( 'NONE',  ( 3.149999999999999911, 0.000000000000000000, 0.000000000000000000 ) ) ;
#776 = CARTESIAN_POINT ( 'NONE',  ( -8.270296309429035375, 3.425668896209609571, -41.60000000204838244 ) ) ;
#777 = EDGE_LOOP ( 'NONE', ( #5027, #4811, #8409 ) ) ;
#778 = EDGE_CURVE ( 'NONE', #7084, #2407, #4238, .T. ) ;
#779 = CARTESIAN_POINT ( 'NONE',  ( -1.456530739060257693E-13, -9.082195121928901216, -41.97500000000000142 ) ) ;
#780 = CARTESIAN_POINT ( 'NONE',  ( 8.270296309428720960, -3.425668896209614456, -51.72500000204842507 ) ) ;
#781 = CARTESIAN_POINT ( 'NONE',  ( 14.84803800315411770, 0.5000000000001120215, -11.03565890451899989 ) ) ;
#782 = DIRECTION ( 'NONE',  ( 1.000000000000000000, 0.000000000000000000, -6.112085292819410516E-15 ) ) ;
#783 = AXIS2_PLACEMENT_3D ( 'NONE', #1910, #4504, #1271 ) ;
#784 = FACE_OUTER_BOUND ( 'NONE', #4387, .T. ) ;
#785 = AXIS2_PLACEMENT_3D ( 'NONE', #7222, #5222, #6591 ) ;
#786 = CARTESIAN_POINT ( 'NONE',  ( -9.082195121929073522, 3.761968395621719363, -48.63125000409677057 ) ) ;
#787 = CARTESIAN_POINT ( 'NONE',  ( -8.270296309429060244, 1.012819190334226073E-15, -47.50625000204840376 ) ) ;
#788 = CARTESIAN_POINT ( 'NONE',  ( 0.06741560581228382698, -3.976422763923626036, 0.8929825775306210467 ) ) ;
#789 = CARTESIAN_POINT ( 'NONE',  ( 1.639829176630759940E-12, -478.0496043183500205, 0.000000000000000000 ) ) ;
#790 = DIRECTION ( 'NONE',  ( -1.000000000000000000, -3.428423085967675991E-15, 0.000000000000000000 ) ) ;
#791 = DIRECTION ( 'NONE',  ( 3.162668142169864979E-15, 0.000000000000000000, 1.000000000000000000 ) ) ;
#792 = CARTESIAN_POINT ( 'NONE',  ( -1.516170057507509889E-13, 44.20000000000000284, 0.000000000000000000 ) ) ;
#793 = EDGE_CURVE ( 'NONE', #4713, #5877, #4044, .T. ) ;
#794 = AXIS2_PLACEMENT_3D ( 'NONE', #2375, #3409, #1740 ) ;
#795 = CARTESIAN_POINT ( 'NONE',  ( 0.2190318617485615127, -2.245892547147650298, -3.889999999999999680 ) ) ;
#796 = ORIENTED_EDGE ( 'NONE', *, *, #2684, .F. ) ;
#797 = CARTESIAN_POINT ( 'NONE',  ( -12.35683807978206161, 10.69975961130180053, -1.053396789941700023E-10 ) ) ;
#798 = CARTESIAN_POINT ( 'NONE',  ( -1.015353703670191922E-13, 0.000000000000000000, -29.60000000000000142 ) ) ;
#799 = DIRECTION ( 'NONE',  ( 0.8679833099209478542, -0.4965933685609139059, -2.977398879905884978E-15 ) ) ;
#800 = DIRECTION ( 'NONE',  ( 6.112085292819410516E-15, 0.000000000000000000, 1.000000000000000000 ) ) ;
#801 = CARTESIAN_POINT ( 'NONE',  ( -4.299999999999849720, 5.265981236333430130E-16, -0.9999999999999859002 ) ) ;
#802 = CARTESIAN_POINT ( 'NONE',  ( -10.80401457142341926, 7.593583716521690619, -36.56436988993750958 ) ) ;
#803 = AXIS2_PLACEMENT_3D ( 'NONE', #7260, #7811, #5901 ) ;
#804 = DIRECTION ( 'NONE',  ( 1.000000000000000000, 0.000000000000000000, 0.000000000000000000 ) ) ;
#805 = ORIENTED_EDGE ( 'NONE', *, *, #2350, .F. ) ;
#806 = CARTESIAN_POINT ( 'NONE',  ( -6.253485403949484933, 5.939269580056252273, -39.05868744634129541 ) ) ;
#807 = ORIENTED_EDGE ( 'NONE', *, *, #138, .T. ) ;
#808 = EDGE_CURVE ( 'NONE', #6087, #7976, #5526, .T. ) ;
#809 = PRODUCT_RELATED_PRODUCT_CATEGORY ( 'part', '', ( #6299 ) ) ;
#810 = CARTESIAN_POINT ( 'NONE',  ( -14.74435923336091747, 0.1405896068447836378, 10.91964689286590939 ) ) ;
#811 = ORIENTED_EDGE ( 'NONE', *, *, #3930, .T. ) ;
#812 = CARTESIAN_POINT ( 'NONE',  ( -9.005618544346706500, 27.16649795039108284, 14.42879238474698589 ) ) ;
#813 = CARTESIAN_POINT ( 'NONE',  ( -10.89013751425750343, -7.594650620007876718, -36.51638370147912127 ) ) ;
#814 =( BOUNDED_CURVE ( )  B_SPLINE_CURVE ( 2, ( #7351, #4924, #2199, #4194, #6841, #3467, #3596, #922, #2923 ),
 .UNSPECIFIED., .F., .F. ) 
 B_SPLINE_CURVE_WITH_KNOTS ( ( 3, 2, 2, 2, 3 ),
 ( 0.2000000000000000111, 0.2124999999999999944, 0.2250000000000000056, 0.2374999999999999889, 0.2500000000000000000 ),
 .UNSPECIFIED. ) 
 CURVE ( )  GEOMETRIC_REPRESENTATION_ITEM ( )  RATIONAL_B_SPLINE_CURVE ( ( 1.000000000000000000, 0.9238795325112869605, 1.000000000000000000, 0.9238795325112869605, 1.000000000000000000, 0.9238795325112869605, 1.000000000000000000, 0.9238795325112829637, 1.000000000000000000 ) ) 
 REPRESENTATION_ITEM ( '' )  );
#815 = DIRECTION ( 'NONE',  ( 0.8640541274851131215, 0.5033989121719870674, -2.963920805788926088E-15 ) ) ;
#816 = VECTOR ( 'NONE', #6639, 1000.000000000000000 ) ;
#817 = CARTESIAN_POINT ( 'NONE',  ( 3.216449871733483956, 3.472472819865045857, 1.765500648091762548 ) ) ;
#818 = CARTESIAN_POINT ( 'NONE',  ( 8.270296309428765369, -3.425668896209614456, -39.35000000204843218 ) ) ;
#819 = VERTEX_POINT ( 'NONE', #7390 ) ;
#820 = VECTOR ( 'NONE', #1460, 1000.000000000000000 ) ;
#821 = VECTOR ( 'NONE', #7689, 1000.000000000000000 ) ;
#822 = DIRECTION ( 'NONE',  ( -0.8679833099209478542, 0.4965933685609139059, 0.000000000000000000 ) ) ;
#823 = CARTESIAN_POINT ( 'NONE',  ( -8.270296309429070902, 1.012819190334226073E-15, -50.88125000204840376 ) ) ;
#824 = CARTESIAN_POINT ( 'NONE',  ( -5.702906006641159209, 2.990098682433330105E-14, 22.29742970033995064 ) ) ;
#825 = CARTESIAN_POINT ( 'NONE',  ( -1.713799413976689748E-13, -9.082195121928901216, -49.47500000000000142 ) ) ;
#826 = DIRECTION ( 'NONE',  ( -3.546053166959960346E-15, 0.000000000000000000, -1.000000000000000000 ) ) ;
#827 = EDGE_CURVE ( 'NONE', #5808, #6721, #2948, .T. ) ;
#828 = CARTESIAN_POINT ( 'NONE',  ( -9.082195121929050430, -3.761968395621714034, -42.44375000409676346 ) ) ;
#829 = CARTESIAN_POINT ( 'NONE',  ( -3.425668896209771219, 8.270296309428895043, -47.78750000204840376 ) ) ;
#830 = AXIS2_PLACEMENT_3D ( 'NONE', #2783, #352, #4865 ) ;
#831 = DIRECTION ( 'NONE',  ( 0.000000000000000000, 0.4999999999999998890, -0.8660254037844387076 ) ) ;
#832 = CARTESIAN_POINT ( 'NONE',  ( 7.202058892282191316, 5.381326163517918815, -51.89168803524236750 ) ) ;
#833 = AXIS2_PLACEMENT_3D ( 'NONE', #4932, #8157, #7523 ) ;
#834 = DIRECTION ( 'NONE',  ( -1.000000000000000000, 0.000000000000000000, 3.469446951953614189E-15 ) ) ;
#835 = CARTESIAN_POINT ( 'NONE',  ( -1.506832125664014710E-13, 31.15000000000000213, -7.625000000000000000 ) ) ;
#836 = CARTESIAN_POINT ( 'NONE',  ( 11.26142623746734550, 7.274875385956920404, -29.80886155548687455 ) ) ;
#837 = CARTESIAN_POINT ( 'NONE',  ( 6.422081758775170179, 6.422081758775310512, -41.60000000409684873 ) ) ;
#838 = ORIENTED_EDGE ( 'NONE', *, *, #4685, .F. ) ;
#839 = CARTESIAN_POINT ( 'NONE',  ( -3.425668896209744130, 8.270296309428905701, -40.66250000204842507 ) ) ;
#840 = CARTESIAN_POINT ( 'NONE',  ( 3.149999999999999911, 0.000000000000000000, 0.000000000000000000 ) ) ;
#841 = CARTESIAN_POINT ( 'NONE',  ( -4.541082355240139812, 7.865420476727041255, -39.59927409042269630 ) ) ;
#842 = DIRECTION ( 'NONE',  ( -1.000000000000000000, -1.224646799147354440E-16, 0.000000000000000000 ) ) ;
#843 = CARTESIAN_POINT ( 'NONE',  ( 16.67477690905467824, 0.02065802298663587874, -7.183790496291377892 ) ) ;
#844 = EDGE_CURVE ( 'NONE', #4590, #2845, #5978, .T. ) ;
#845 = CARTESIAN_POINT ( 'NONE',  ( -3.425668896209787651, -8.270296309428895043, -51.72500000204841797 ) ) ;
#846 = CARTESIAN_POINT ( 'NONE',  ( -5.847982602819429943, 5.847982602819249642, -51.06875000204840376 ) ) ;
#847 = VERTEX_POINT ( 'NONE', #369 ) ;
#848 = CARTESIAN_POINT ( 'NONE',  ( 9.082195121928720027, 0.000000000000000000, -53.60000000000000142 ) ) ;
#849 = ORIENTED_EDGE ( 'NONE', *, *, #1500, .F. ) ;
#850 = CARTESIAN_POINT ( 'NONE',  ( -6.382531835699300514E-28, 4.943961906533899588E-14, 0.000000000000000000 ) ) ;
#851 = CARTESIAN_POINT ( 'NONE',  ( 6.422081758775149751, 6.422081758775310512, -47.60000000409680609 ) ) ;
#852 = EDGE_CURVE ( 'NONE', #8173, #7146, #4307, .T. ) ;
#853 = ORIENTED_EDGE ( 'NONE', *, *, #5589, .F. ) ;
#854 = CARTESIAN_POINT ( 'NONE',  ( -7.811946201364081688, 27.10667345727723898, 15.12211848670017922 ) ) ;
#855 = CARTESIAN_POINT ( 'NONE',  ( -0.5909401206163040765, -13.48706008638809983, -30.09999999999999787 ) ) ;
#856 = CARTESIAN_POINT ( 'NONE',  ( 1.639829176630759940E-12, -478.0496043183500205, 0.000000000000000000 ) ) ;
#857 = CARTESIAN_POINT ( 'NONE',  ( -1.306924868575479868E-13, 0.000000000000000000, -38.10000000000000142 ) ) ;
#858 = DIRECTION ( 'NONE',  ( 3.430248998885765387E-15, -1.000000000000000000, 0.000000000000000000 ) ) ;
#859 = VERTEX_POINT ( 'NONE', #2799 ) ;
#860 = ADVANCED_FACE ( 'NONE', ( #6286 ), #7969, .T. ) ;
#861 = LINE ( 'NONE', #902, #6049 ) ;
#862 = DIRECTION ( 'NONE',  ( -3.340948916696100036E-15, 0.000000000000000000, -1.000000000000000000 ) ) ;
#863 = DIRECTION ( 'NONE',  ( 1.000000000000000000, 0.000000000000000000, -3.287536593771871753E-15 ) ) ;
#864 = DIRECTION ( 'NONE',  ( 1.000000000000000000, 0.000000000000000000, -4.111937128241320637E-15 ) ) ;
#865 = CARTESIAN_POINT ( 'NONE',  ( -6.422081758775449956, 6.422081758775310512, -41.22500000409679899 ) ) ;
#866 = AXIS2_PLACEMENT_3D ( 'NONE', #712, #7812, #666 ) ;
#867 = CARTESIAN_POINT ( 'NONE',  ( -8.270296309429081560, 1.012819190334226073E-15, -52.00625000204839665 ) ) ;
#868 = CARTESIAN_POINT ( 'NONE',  ( -11.50000000000000000, 0.5000000000000169864, 0.000000000000000000 ) ) ;
#869 = CARTESIAN_POINT ( 'NONE',  ( 3.805633668045180773, 8.201103180935117365, -51.80344128142308335 ) ) ;
#870 = ORIENTED_EDGE ( 'NONE', *, *, #345, .F. ) ;
#871 = CARTESIAN_POINT ( 'NONE',  ( -4.722517800359009485E-14, 13.76727404305916025, 0.000000000000000000 ) ) ;
#872 = ADVANCED_FACE ( 'NONE', ( #6366 ), #7298, .T. ) ;
#873 = DIRECTION ( 'NONE',  ( 5.060269027461990574E-15, 0.000000000000000000, 1.000000000000000000 ) ) ;
#874 = CARTESIAN_POINT ( 'NONE',  ( 3.216449871733489285, -3.265204821577859295, 2.124499351908254230 ) ) ;
#875 = AXIS2_PLACEMENT_3D ( 'NONE', #984, #4384, #7491 ) ;
#876 = CIRCLE ( 'NONE', #8355, 5.299999999999849720 ) ;
#877 = DIRECTION ( 'NONE',  ( 0.000000000000000000, 0.000000000000000000, 1.000000000000000000 ) ) ;
#878 = ORIENTED_EDGE ( 'NONE', *, *, #5828, .T. ) ;
#879 = CARTESIAN_POINT ( 'NONE',  ( 8.270296309428770698, 0.000000000000000000, -39.63125000204845350 ) ) ;
#880 = CARTESIAN_POINT ( 'NONE',  ( 16.98243490029299352, 20.92482380152146604, 6.852903947011641961 ) ) ;
#881 = AXIS2_PLACEMENT_3D ( 'NONE', #6023, #4019, #708 ) ;
#882 = DIRECTION ( 'NONE',  ( -0.4628419563775921231, -0.8864408177744091955, 1.587663157506565561E-15 ) ) ;
#883 = CARTESIAN_POINT ( 'NONE',  ( 6.422081758775140869, -6.422081758775310512, -47.97500000409679899 ) ) ;
#884 = CARTESIAN_POINT ( 'NONE',  ( 0.6969072952549200117, -13.48199985988048155, -30.09999999999999787 ) ) ;
#885 = CARTESIAN_POINT ( 'NONE',  ( 8.270296309428731618, 0.000000000000000000, -49.75625000204850323 ) ) ;
#886 = CARTESIAN_POINT ( 'NONE',  ( 5.847982602819089770, 5.847982602819249642, -48.44375000204840376 ) ) ;
#887 = ORIENTED_EDGE ( 'NONE', *, *, #2054, .F. ) ;
#888 = CARTESIAN_POINT ( 'NONE',  ( 6.422081758775149751, 6.422081758775310512, -47.41250000000000142 ) ) ;
#889 = ORIENTED_EDGE ( 'NONE', *, *, #5248, .T. ) ;
#890 = VECTOR ( 'NONE', #3901, 1000.000000000000114 ) ;
#891 = CARTESIAN_POINT ( 'NONE',  ( 3.761968395621562156, 9.082195121928899439, -44.50625000409684162 ) ) ;
#892 = FACE_OUTER_BOUND ( 'NONE', #930, .T. ) ;
#893 = VERTEX_POINT ( 'NONE', #3048 ) ;
#894 = CARTESIAN_POINT ( 'NONE',  ( -0.6969072952563603041, 13.48199985988684801, -36.25794255096062102 ) ) ;
#895 = CARTESIAN_POINT ( 'NONE',  ( -0.5419429915804048203, -13.31744060963177567, -29.72296645205046062 ) ) ;
#896 = VERTEX_POINT ( 'NONE', #1810 ) ;
#897 = LINE ( 'NONE', #215, #1494 ) ;
#898 = EDGE_CURVE ( 'NONE', #2046, #456, #6484, .T. ) ;
#899 = CARTESIAN_POINT ( 'NONE',  ( -1.516170057507514938E-13, 44.20000000000000284, 0.000000000000000000 ) ) ;
#900 = FACE_BOUND ( 'NONE', #5698, .T. ) ;
#901 = EDGE_LOOP ( 'NONE', ( #6278, #4471, #7863, #5418 ) ) ;
#902 = CARTESIAN_POINT ( 'NONE',  ( 11.32730072484810080, 7.344539351713819997, 260.0852191789194876 ) ) ;
#903 = CARTESIAN_POINT ( 'NONE',  ( 3.425668896209440817, 8.270296309428905701, -48.35000000204845350 ) ) ;
#904 = FACE_OUTER_BOUND ( 'NONE', #7574, .T. ) ;
#905 = EDGE_CURVE ( 'NONE', #626, #1358, #8147, .T. ) ;
#906 = DIRECTION ( 'NONE',  ( -0.002571354084718379968, 0.000000000000000000, 0.9999966940636209056 ) ) ;
#907 = CARTESIAN_POINT ( 'NONE',  ( -1.360054986107123922E-13, -9.082195121928901216, -39.16250000409679899 ) ) ;
#908 = CARTESIAN_POINT ( 'NONE',  ( -3.425668896209787651, -8.270296309428895043, -51.72500000204842507 ) ) ;
#909 = DIRECTION ( 'NONE',  ( 0.000000000000000000, 0.000000000000000000, -1.000000000000000000 ) ) ;
#910 = DIRECTION ( 'NONE',  ( 0.4697935868411388660, -0.8827762942914457733, -4.255888135579749573E-12 ) ) ;
#911 = VERTEX_POINT ( 'NONE', #6325 ) ;
#912 = LINE ( 'NONE', #7383, #4263 ) ;
#913 = CARTESIAN_POINT ( 'NONE',  ( 3.149999999999999911, -0.6256996084384610635, 3.889999999999999680 ) ) ;
#914 = LINE ( 'NONE', #4919, #414 ) ;
#915 = CARTESIAN_POINT ( 'NONE',  ( 17.00547750946272174, 26.55195491295119936, -2.116704383718004845 ) ) ;
#916 = PRODUCT_DEFINITION_CONTEXT ( 'detailed design', #2699, 'design' ) ;
#917 = CARTESIAN_POINT ( 'NONE',  ( 0.06741560581217292958, 2.761556979240383569, 2.997191840978730593 ) ) ;
#918 = VERTEX_POINT ( 'NONE', #8191 ) ;
#919 = CARTESIAN_POINT ( 'NONE',  ( -5.847982602819389975, -5.847982602819249642, -40.19375000204840376 ) ) ;
#920 = CARTESIAN_POINT ( 'NONE',  ( 16.98846348698238984, 24.43673372032651869, 4.508279479995019656 ) ) ;
#921 = EDGE_CURVE ( 'NONE', #3690, #3426, #2131, .T. ) ;
#922 = CARTESIAN_POINT ( 'NONE',  ( -9.082195121929208526, 3.761968395621578587, -48.63125000409676346 ) ) ;
#923 = CARTESIAN_POINT ( 'NONE',  ( 9.082195121928741344, 0.000000000000000000, -47.78750000409679899 ) ) ;
#924 = DIRECTION ( 'NONE',  ( 1.000000000000000000, 0.000000000000000000, 0.000000000000000000 ) ) ;
#925 = CARTESIAN_POINT ( 'NONE',  ( -6.188841559993619373E-14, 0.000000000000000000, -18.04196010844660236 ) ) ;
#926 = CARTESIAN_POINT ( 'NONE',  ( -1.688835737880875085E-13, 8.270296309428900372, -49.38125000204840376 ) ) ;
#927 = CARTESIAN_POINT ( 'NONE',  ( -5.847982602819420173, 5.847982602819249642, -49.56875000204840376 ) ) ;
#928 = ORIENTED_EDGE ( 'NONE', *, *, #3616, .T. ) ;
#929 = CARTESIAN_POINT ( 'NONE',  ( -6.422081758775480154, -6.422081758775310512, -49.66250000000000142 ) ) ;
#930 = EDGE_LOOP ( 'NONE', ( #2298, #5879, #4768, #4430, #1378, #5620, #1550 ) ) ;
#931 = CIRCLE ( 'NONE', #110, 10.55333333332982093 ) ;
#932 = DIRECTION ( 'NONE',  ( 3.430248998885765387E-15, -1.000000000000000000, 0.000000000000000000 ) ) ;
#933 = CARTESIAN_POINT ( 'NONE',  ( -3.425668896209761005, 8.270296309428895043, -44.78750000204841086 ) ) ;
#934 = EDGE_CURVE ( 'NONE', #2235, #3968, #6901, .T. ) ;
#935 = CARTESIAN_POINT ( 'NONE',  ( 8.124999999999849010, 30.64999999999999858, 9.950255243072240648E-16 ) ) ;
#936 = CARTESIAN_POINT ( 'NONE',  ( 4.612995434986428833, 24.46902360999750670, 16.95335302980780767 ) ) ;
#937 = ORIENTED_EDGE ( 'NONE', *, *, #7586, .T. ) ;
#938 = CARTESIAN_POINT ( 'NONE',  ( -7.787939591397487149, 27.09996187438146009, 15.13606275070679885 ) ) ;
#939 = ORIENTED_EDGE ( 'NONE', *, *, #6182, .T. ) ;
#940 = CARTESIAN_POINT ( 'NONE',  ( -0.5510377174497110842, 12.98831618932742238, -29.60000000000000142 ) ) ;
#941 = ORIENTED_EDGE ( 'NONE', *, *, #6404, .T. ) ;
#942 = CARTESIAN_POINT ( 'NONE',  ( 3.761968395621583472, 9.082195121928899439, -38.50625000409682031 ) ) ;
#943 = ADVANCED_FACE ( 'NONE', ( #8231 ), #1729, .F. ) ;
#944 = ORIENTED_EDGE ( 'NONE', *, *, #2597, .F. ) ;
#945 = CARTESIAN_POINT ( 'NONE',  ( -6.422081758775470384, 6.422081758775310512, -45.72500000409679899 ) ) ;
#946 = CARTESIAN_POINT ( 'NONE',  ( 5.847982602819089770, 5.847982602819249642, -48.44375000204840376 ) ) ;
#947 = VECTOR ( 'NONE', #2077, 1000.000000000000114 ) ;
#948 = CARTESIAN_POINT ( 'NONE',  ( 3.149999999999999911, -3.055989016502234534, -2.486871756045684556 ) ) ;
#949 = PLANE ( 'NONE',  #5180 ) ;
#950 = CONICAL_SURFACE ( 'NONE', #4902, 8.355999999999999872, 0.7853981633974476129 ) ;
#951 = CARTESIAN_POINT ( 'NONE',  ( -3.761968395621854810, -9.082195121928897663, -39.25625000409679188 ) ) ;
#952 = CARTESIAN_POINT ( 'NONE',  ( -3.425668896209771219, 8.270296309428895043, -49.28750000204836823 ) ) ;
#953 = ADVANCED_FACE ( 'NONE', ( #2403 ), #5690, .F. ) ;
#954 = FILL_AREA_STYLE_COLOUR ( '', #1972 ) ;
#955 = DIRECTION ( 'NONE',  ( -1.000000000000000000, -3.430248998885764992E-15, 0.000000000000000000 ) ) ;
#956 = EDGE_LOOP ( 'NONE', ( #2314, #4566, #6173, #7920 ) ) ;
#957 = LINE ( 'NONE', #7590, #3726 ) ;
#958 = CARTESIAN_POINT ( 'NONE',  ( 2.133141957237989939, -478.0496043183500205, 18.37660755934774670 ) ) ;
#959 = CARTESIAN_POINT ( 'NONE',  ( -8.628354412431662013, 2.883232306667038891, -51.61403621534768149 ) ) ;
#960 = CARTESIAN_POINT ( 'NONE',  ( 17.00619746773958951, 26.37438352659600937, -2.388891524320582604 ) ) ;
#961 =( REPRESENTATION_RELATIONSHIP ('NONE','NONE', #2221, #3370 ) REPRESENTATION_RELATIONSHIP_WITH_TRANSFORMATION ( #5691 )SHAPE_REPRESENTATION_RELATIONSHIP( ) );
#962 = TOROIDAL_SURFACE ( 'NONE', #2049, 13.00000000000000000, 0.5000000000000000000 ) ;
#963 = CARTESIAN_POINT ( 'NONE',  ( 0.06270859887010755973, 2.783605033135219120, 2.959029427530480483 ) ) ;
#964 = ORIENTED_EDGE ( 'NONE', *, *, #8412, .T. ) ;
#965 = VECTOR ( 'NONE', #3577, 1000.000000000000000 ) ;
#966 = AXIS2_PLACEMENT_3D ( 'NONE', #6409, #572, #2326 ) ;
#967 = B_SPLINE_CURVE_WITH_KNOTS ( 'NONE', 3,
 ( #1929, #5716, #6479, #4518, #560, #647, #5202, #480, #3074, #8258, #3242, #8386, #5756, #8345, #7115, #2560, #7705, #5030, #1880, #1287, #7, #1970, #6312, #4559, #5675, #4396, #7628, #1799 ),
 .UNSPECIFIED., .F., .F.,
 ( 4, 2, 2, 2, 2, 2, 2, 2, 2, 2, 1, 1, 2, 2, 4 ),
 ( 0.000000000000000000, 0.1249999999999997502, 0.1875000000000004441, 0.2500000000000011102, 0.3750000000000036637, 0.4375000000000044409, 0.4687500000000043299, 0.5000000000000042188, 0.6250000000000057732, 0.6875000000000062172, 0.7187500000000063283, 0.7343750000000064393, 0.7421875000000068834, 0.7500000000000072164, 1.000000000000000000 ),
 .UNSPECIFIED. ) ;
#968 = VECTOR ( 'NONE', #7035, 1000.000000000000000 ) ;
#969 = PLANE ( 'NONE',  #1683 ) ;
#970 = CARTESIAN_POINT ( 'NONE',  ( -1.306924868575481887E-13, 0.000000000000000000, -38.10000000000000142 ) ) ;
#971 =( NAMED_UNIT ( * ) PLANE_ANGLE_UNIT ( ) SI_UNIT ( $, .RADIAN. ) );
#972 = CARTESIAN_POINT ( 'NONE',  ( -8.270296309429049586, 1.012819190334226073E-15, -44.50625000204840376 ) ) ;
#973 = CARTESIAN_POINT ( 'NONE',  ( 3.425668896209462577, -8.270296309428895043, -42.91250000204843218 ) ) ;
#974 = EDGE_CURVE ( 'NONE', #6474, #736, #3276, .T. ) ;
#975 = VERTEX_POINT ( 'NONE', #5047 ) ;
#976 = CARTESIAN_POINT ( 'NONE',  ( -3.761968395621876127, 9.082195121928897663, -47.13125000000001563 ) ) ;
#977 = VERTEX_POINT ( 'NONE', #1218 ) ;
#978 = CARTESIAN_POINT ( 'NONE',  ( -9.082195121929041548, 1.112248118530191819E-15, -40.84999999999999432 ) ) ;
#979 = VERTEX_POINT ( 'NONE', #529 ) ;
#980 = CARTESIAN_POINT ( 'NONE',  ( -1.580457784229344920E-13, -8.270296309428900372, -45.63125000204840376 ) ) ;
#981 = CARTESIAN_POINT ( 'NONE',  ( -16.79093069571090169, 0.07977616985941875238, 7.206870701318940142 ) ) ;
#982 = CARTESIAN_POINT ( 'NONE',  ( 8.285959357624252064, 27.20098430885725804, 14.84533334992254794 ) ) ;
#983 = ORIENTED_EDGE ( 'NONE', *, *, #6240, .T. ) ;
#984 = CARTESIAN_POINT ( 'NONE',  ( -8.259362086046658862E-14, 0.000000000000000000, -23.95803989154985203 ) ) ;
#985 = ORIENTED_EDGE ( 'NONE', *, *, #6840, .T. ) ;
#986 = CARTESIAN_POINT ( 'NONE',  ( -3.795440906709020012, 23.22031054799737504, -17.42249506550185956 ) ) ;
#987 = ORIENTED_EDGE ( 'NONE', *, *, #4587, .F. ) ;
#988 = CARTESIAN_POINT ( 'NONE',  ( 9.082195121928759107, 0.000000000000000000, -40.28750000409684162 ) ) ;
#989 = ORIENTED_EDGE ( 'NONE', *, *, #6973, .T. ) ;
#990 = CARTESIAN_POINT ( 'NONE',  ( 3.761968395621567929, -9.082195121928899439, -43.38125000000003695 ) ) ;
#991 = CARTESIAN_POINT ( 'NONE',  ( 3.425668896209458136, -8.270296309428895043, -44.41250000204844639 ) ) ;
#992 = CARTESIAN_POINT ( 'NONE',  ( -9.082195121929069970, 1.112248118530191819E-15, -50.03750000409679899 ) ) ;
#993 = CARTESIAN_POINT ( 'NONE',  ( 3.042436931914655140, -8.024814678619119235, -52.10000000000000142 ) ) ;
#994 = EDGE_CURVE ( 'NONE', #6301, #2870, #8025, .T. ) ;
#995 = CARTESIAN_POINT ( 'NONE',  ( -1.786272724162489857E-13, -8.270296309428900372, -51.63125000204839665 ) ) ;
#996 = CARTESIAN_POINT ( 'NONE',  ( -8.270296309429058468, 3.425668896209609571, -46.10000000204839665 ) ) ;
#997 = DIRECTION ( 'NONE',  ( 1.000000000000000000, 0.000000000000000000, -3.597944987211155163E-15 ) ) ;
#998 = CARTESIAN_POINT ( 'NONE',  ( 1.134466123167022777, -13.22707818019748593, -36.51716091525370445 ) ) ;
#999 = VERTEX_POINT ( 'NONE', #1769 ) ;
#1000 = DIRECTION ( 'NONE',  ( 0.000000000000000000, 0.000000000000000000, -1.000000000000000000 ) ) ;
#1001 = CARTESIAN_POINT ( 'NONE',  ( -1.032504948664619993E-13, 0.000000000000000000, -30.09999999999999787 ) ) ;
#1002 = CARTESIAN_POINT ( 'NONE',  ( 12.41594839767364711, 24.41208159512137854, -12.44817694312011014 ) ) ;
#1003 = FACE_OUTER_BOUND ( 'NONE', #4523, .T. ) ;
#1004 = CARTESIAN_POINT ( 'NONE',  ( -1.306924868575481887E-13, 0.000000000000000000, -38.10000000000000142 ) ) ;
#1005 = EDGE_CURVE ( 'NONE', #6015, #6475, #3535, .T. ) ;
#1006 = ORIENTED_EDGE ( 'NONE', *, *, #759, .T. ) ;
#1007 = CARTESIAN_POINT ( 'NONE',  ( 0.5600748461233280295, 13.38010429784012700, -29.78858226375442086 ) ) ;
#1008 = CIRCLE ( 'NONE', #5075, 11.00000000000000000 ) ;
#1009 = TOROIDAL_SURFACE ( 'NONE', #2771, 10.46999999997875896, 0.5000000000000000000 ) ;
#1010 = CARTESIAN_POINT ( 'NONE',  ( 3.149999999999999911, 3.939999999999999947, 0.000000000000000000 ) ) ;
#1011 = DIRECTION ( 'NONE',  ( 5.046468293750750058E-15, -1.000000000000000000, 0.000000000000000000 ) ) ;
#1012 = CARTESIAN_POINT ( 'NONE',  ( -11.97747321196310821, -5.757170162997342189, -36.50786242707610540 ) ) ;
#1013 = CARTESIAN_POINT ( 'NONE',  ( -8.270296309429058468, 3.425668896209608683, -47.60000000204841797 ) ) ;
#1014 = CIRCLE ( 'NONE', #2094, 0.5000000000000004441 ) ;
#1015 = CARTESIAN_POINT ( 'NONE',  ( 5.847982602819100428, -5.847982602819249642, -45.81875000204849613 ) ) ;
#1016 = ORIENTED_EDGE ( 'NONE', *, *, #1670, .F. ) ;
#1017 = CARTESIAN_POINT ( 'NONE',  ( -1.713799413976689748E-13, -9.082195121928901216, -49.47500000000000142 ) ) ;
#1018 = ORIENTED_EDGE ( 'NONE', *, *, #278, .F. ) ;
#1019 = VECTOR ( 'NONE', #1744, 1000.000000000000114 ) ;
#1020 = DIRECTION ( 'NONE',  ( 3.286844480798195458E-15, 0.000000000000000000, 1.000000000000000000 ) ) ;
#1021 = EDGE_CURVE ( 'NONE', #2134, #2921, #5570, .T. ) ;
#1022 = ORIENTED_EDGE ( 'NONE', *, *, #2977, .F. ) ;
#1023 = CARTESIAN_POINT ( 'NONE',  ( -8.270296309429069126, 3.425668896209609571, -50.97500000204836823 ) ) ;
#1024 = AXIS2_PLACEMENT_3D ( 'NONE', #6018, #3291, #3922 ) ;
#1025 = CARTESIAN_POINT ( 'NONE',  ( -16.86736607687870304, 0.1416697634184176102, 7.222752225071036314 ) ) ;
#1026 = CARTESIAN_POINT ( 'NONE',  ( -9.082195121929069970, 1.112248118530191819E-15, -48.53750000409679899 ) ) ;
#1027 = VERTEX_POINT ( 'NONE', #2484 ) ;
#1028 =( BOUNDED_CURVE ( )  B_SPLINE_CURVE ( 2, ( #1820, #1311, #6374, #5137, #3223, #4421, #3897, #3853, #5740 ),
 .UNSPECIFIED., .F., .F. ) 
 B_SPLINE_CURVE_WITH_KNOTS ( ( 3, 2, 2, 2, 3 ),
 ( 0.4500000000000000111, 0.4625000000000000222, 0.4749999999999999778, 0.4874999999999999889, 0.5000000000000000000 ),
 .UNSPECIFIED. ) 
 CURVE ( )  GEOMETRIC_REPRESENTATION_ITEM ( )  RATIONAL_B_SPLINE_CURVE ( ( 1.000000000000000000, 0.9238795325112829637, 1.000000000000000000, 0.9238795325112869605, 1.000000000000000000, 0.9238795325112869605, 1.000000000000000000, 0.9238795325112869605, 1.000000000000000000 ) ) 
 REPRESENTATION_ITEM ( '' )  );
#1029 = DIRECTION ( 'NONE',  ( 3.430248998885765387E-15, 0.000000000000000000, 1.000000000000000000 ) ) ;
#1030 = ORIENTED_EDGE ( 'NONE', *, *, #2865, .T. ) ;
#1031 = AXIS2_PLACEMENT_3D ( 'NONE', #2716, #2121, #2634 ) ;
#1032 = CARTESIAN_POINT ( 'NONE',  ( -8.128071740574801751, 27.18793805094107796, -14.93593043952595778 ) ) ;
#1033 = ORIENTED_EDGE ( 'NONE', *, *, #3150, .F. ) ;
#1034 = AXIS2_PLACEMENT_3D ( 'NONE', #7649, #2416, #6258 ) ;
#1035 = ORIENTED_EDGE ( 'NONE', *, *, #5058, .T. ) ;
#1036 = PLANE ( 'NONE',  #3801 ) ;
#1037 = CARTESIAN_POINT ( 'NONE',  ( -8.270296309429046033, 3.425668896209609571, -43.47500000204836823 ) ) ;
#1038 = B_SPLINE_CURVE_WITH_KNOTS ( 'NONE', 3,
 ( #1558, #3463, #8019, #2481, #569, #1764, #7716, #7045, #3083, #4366, #5080, #1177 ),
 .UNSPECIFIED., .F., .F.,
 ( 4, 2, 2, 2, 2, 4 ),
 ( 0.000000000000000000, 0.2499999999999998890, 0.3749999999999998335, 0.4374999999999997780, 0.4999999999999997780, 1.000000000000000000 ),
 .UNSPECIFIED. ) ;
#1039 = DIRECTION ( 'NONE',  ( 3.597944987211185140E-15, 0.000000000000000000, 1.000000000000000000 ) ) ;
#1040 =( BOUNDED_CURVE ( )  B_SPLINE_CURVE ( 2, ( #1433, #5305, #2746, #6706, #2108, #7892, #1512, #2068, #148 ),
 .UNSPECIFIED., .F., .F. ) 
 B_SPLINE_CURVE_WITH_KNOTS ( ( 3, 2, 2, 2, 3 ),
 ( 0.2000000000000000111, 0.2124999999999999944, 0.2250000000000000056, 0.2374999999999999889, 0.2500000000000000000 ),
 .UNSPECIFIED. ) 
 CURVE ( )  GEOMETRIC_REPRESENTATION_ITEM ( )  RATIONAL_B_SPLINE_CURVE ( ( 1.000000000000000000, 0.9238795325112869605, 1.000000000000000000, 0.9238795325112869605, 1.000000000000000000, 0.9238795325112869605, 1.000000000000000000, 0.9238795325112879597, 1.000000000000000000 ) ) 
 REPRESENTATION_ITEM ( '' )  );
#1041 = LINE ( 'NONE', #6230, #4497 ) ;
#1042 = EDGE_CURVE ( 'NONE', #6342, #7784, #3953, .T. ) ;
#1043 = CARTESIAN_POINT ( 'NONE',  ( -5.847982602819420173, 5.847982602819249642, -47.69375000204840376 ) ) ;
#1044 = DIRECTION ( 'NONE',  ( 1.000000000000000000, 3.000602769257179956E-15, 0.000000000000000000 ) ) ;
#1045 = DIRECTION ( 'NONE',  ( -0.8673082178019110300, -2.975083145840400387E-15, 0.4977714890723179963 ) ) ;
#1046 = EDGE_LOOP ( 'NONE', ( #8087, #2303, #4940, #8304 ) ) ;
#1047 = CARTESIAN_POINT ( 'NONE',  ( -1.715124499443544942E-15, 0.5000000000000560663, 0.000000000000000000 ) ) ;
#1048 = CARTESIAN_POINT ( 'NONE',  ( 14.45242570673706162, 9.903879325635949487E-14, 10.72974329568253893 ) ) ;
#1049 = CARTESIAN_POINT ( 'NONE',  ( 8.870859319409783339, 27.18793805091848270, -14.50708183094301695 ) ) ;
#1050 = CARTESIAN_POINT ( 'NONE',  ( -1.499018812513079924E-13, 43.70000000000000284, 0.000000000000000000 ) ) ;
#1051 = DIRECTION ( 'NONE',  ( -0.9999966940636209056, 0.000000000000000000, -0.002571354084718399918 ) ) ;
#1052 = CARTESIAN_POINT ( 'NONE',  ( 0.000000000000000000, -3.368838820721465233, -1.944999999999999840 ) ) ;
#1053 = AXIS2_PLACEMENT_3D ( 'NONE', #2362, #6969, #3803 ) ;
#1054 = DIRECTION ( 'NONE',  ( -1.000000000000000000, 0.000000000000000000, 0.000000000000000000 ) ) ;
#1055 = CARTESIAN_POINT ( 'NONE',  ( 8.921570627134731097E-13, 0.000000000000000000, 260.0852191789194876 ) ) ;
#1056 = CARTESIAN_POINT ( 'NONE',  ( -11.97757220880619933, -5.731545220308198907, -36.51540287674555429 ) ) ;
#1057 = CARTESIAN_POINT ( 'NONE',  ( -5.847982602819409514, -5.847982602819249642, -45.81875000204840376 ) ) ;
#1058 = ADVANCED_FACE ( 'NONE', ( #452 ), #2862, .T. ) ;
#1059 = CARTESIAN_POINT ( 'NONE',  ( -1.438960013025305851E-13, -8.270296309428900372, -41.50625000204840376 ) ) ;
#1060 = ORIENTED_EDGE ( 'NONE', *, *, #7845, .F. ) ;
#1061 = CARTESIAN_POINT ( 'NONE',  ( 3.761968395621545280, 9.082195121928897663, -50.31875000000010090 ) ) ;
#1062 = ORIENTED_EDGE ( 'NONE', *, *, #3040, .F. ) ;
#1063 = CARTESIAN_POINT ( 'NONE',  ( 11.49999999999986144, 17.19173968106289863, 1.408343819019445921E-15 ) ) ;
#1064 = EDGE_LOOP ( 'NONE', ( #3911, #7589, #3991 ) ) ;
#1065 = CARTESIAN_POINT ( 'NONE',  ( -5.847982602819429943, -5.847982602819249642, -52.19375000204840376 ) ) ;
#1066 = CARTESIAN_POINT ( 'NONE',  ( -0.9666074834909246238, -13.27217787166752849, -36.49465901583634775 ) ) ;
#1067 = CARTESIAN_POINT ( 'NONE',  ( -12.96563409168117964, 7.186683927124466464, -1.587072520211718629 ) ) ;
#1068 = CARTESIAN_POINT ( 'NONE',  ( 8.128071740630046449, 27.18793805097482519, 14.93593043948760624 ) ) ;
#1069 = CARTESIAN_POINT ( 'NONE',  ( -1.015353703670191922E-13, 0.000000000000000000, -29.60000000000000142 ) ) ;
#1070 = AXIS2_PLACEMENT_3D ( 'NONE', #1777, #8319, #2492 ) ;
#1071 = ORIENTED_EDGE ( 'NONE', *, *, #6008, .T. ) ;
#1072 = ADVANCED_FACE ( 'NONE', ( #7514 ), #1686, .F. ) ;
#1073 = CARTESIAN_POINT ( 'NONE',  ( 2.223642507253761114, 0.3730381701354895108, -18.35386627274021265 ) ) ;
#1074 = ORIENTED_EDGE ( 'NONE', *, *, #3844, .T. ) ;
#1075 = CARTESIAN_POINT ( 'NONE',  ( -4.572463264719294429, 24.41208159514839338, -16.97661519601356517 ) ) ;
#1076 = ORIENTED_EDGE ( 'NONE', *, *, #2258, .F. ) ;
#1077 = PRODUCT_RELATED_PRODUCT_CATEGORY ( 'part', '', ( #7581 ) ) ;
#1078 = ORIENTED_EDGE ( 'NONE', *, *, #509, .F. ) ;
#1079 = FACE_OUTER_BOUND ( 'NONE', #3306, .T. ) ;
#1080 = CIRCLE ( 'NONE', #2562, 10.96999999997873942 ) ;
#1081 = CARTESIAN_POINT ( 'NONE',  ( 8.270296309428744053, 3.425668896209609571, -45.53750000204845350 ) ) ;
#1082 = EDGE_CURVE ( 'NONE', #3261, #2134, #5724, .T. ) ;
#1083 = PLANE ( 'NONE',  #694 ) ;
#1084 = CYLINDRICAL_SURFACE ( 'NONE', #3776, 7.625000000000000000 ) ;
#1085 = B_SPLINE_CURVE_WITH_KNOTS ( 'NONE', 3,
 ( #7673, #1845, #4443, #3633, #1212, #6238, #567, #3003, #3161, #2528, #403, #2356, #7553, #1722, #5165, #657 ),
 .UNSPECIFIED., .F., .F.,
 ( 4, 2, 2, 1, 1, 2, 2, 2, 4 ),
 ( 0.000000000000000000, 0.2499999999998467337, 0.3749999999997700728, 0.4374999999997320477, 0.4687499999997169486, 0.4843749999997136180, 0.4999999999997102318, 0.7499999999998550049, 1.000000000000000000 ),
 .UNSPECIFIED. ) ;
#1086 = CARTESIAN_POINT ( 'NONE',  ( 3.425668896209440817, 8.270296309428895043, -47.97500000204844639 ) ) ;
#1087 = CIRCLE ( 'NONE', #6252, 0.5000000000000004441 ) ;
#1088 = CARTESIAN_POINT ( 'NONE',  ( -1.272622378586621957E-13, 0.000000000000000000, -37.10000000000000142 ) ) ;
#1089 = DIRECTION ( 'NONE',  ( -0.002571354084718379968, 0.000000000000000000, 0.9999966940636209056 ) ) ;
#1090 = EDGE_LOOP ( 'NONE', ( #1606, #2127, #1317, #3642 ) ) ;
#1091 = FACE_OUTER_BOUND ( 'NONE', #4931, .T. ) ;
#1092 = CARTESIAN_POINT ( 'NONE',  ( -1.934840686435905026E-14, 5.641960108450250644, 0.000000000000000000 ) ) ;
#1093 = CARTESIAN_POINT ( 'NONE',  ( 8.579910659190144173, 27.20588806981802676, -14.67608613086977876 ) ) ;
#1094 = CARTESIAN_POINT ( 'NONE',  ( 17.00927414436147345, 25.35950161600379005, -3.595253138499061141 ) ) ;
#1095 = SHAPE_REPRESENTATION ( 'hexagon head bolts-full thread gb_GB_FASTENER_BOLT_STBAB A M5X10-N.step', ( #3519 ), #1624 ) ;
#1096 = EDGE_CURVE ( 'NONE', #7396, #3261, #3888, .T. ) ;
#1097 = CARTESIAN_POINT ( 'NONE',  ( -1.619203873126450199, -12.89876656185581894, -36.60000000000000142 ) ) ;
#1098 =( GEOMETRIC_REPRESENTATION_CONTEXT ( 3 ) GLOBAL_UNCERTAINTY_ASSIGNED_CONTEXT ( ( #6560 ) ) GLOBAL_UNIT_ASSIGNED_CONTEXT ( ( #7515, #971, #7561 ) ) REPRESENTATION_CONTEXT ( 'NONE', 'WORKASPACE' ) );
#1099 = CARTESIAN_POINT ( 'NONE',  ( 10.88427627194626446, 7.598005402346195147, -36.51829070677362665 ) ) ;
#1100 = FACE_OUTER_BOUND ( 'NONE', #6399, .T. ) ;
#1101 = CARTESIAN_POINT ( 'NONE',  ( -8.125000000000149214, 31.15000000000000213, 0.000000000000000000 ) ) ;
#1102 = CARTESIAN_POINT ( 'NONE',  ( -11.97633066135238344, -6.047539094761854805, -36.37648944727489919 ) ) ;
#1103 = CARTESIAN_POINT ( 'NONE',  ( 5.847982602819110198, 5.847982602819249642, -42.06875000204845350 ) ) ;
#1104 = CARTESIAN_POINT ( 'NONE',  ( -8.270296309429058468, -3.425668896209603798, -46.28750000204838244 ) ) ;
#1105 = CIRCLE ( 'NONE', #5989, 11.00000000000000000 ) ;
#1106 = VERTEX_POINT ( 'NONE', #3976 ) ;
#1107 = CARTESIAN_POINT ( 'NONE',  ( 9.082195121928757331, -3.761968395621719363, -41.69375000000008669 ) ) ;
#1108 = TOROIDAL_SURFACE ( 'NONE', #5169, 10.46999999997875896, 0.5000000000000000000 ) ;
#1109 = ORIENTED_EDGE ( 'NONE', *, *, #553, .F. ) ;
#1110 = CARTESIAN_POINT ( 'NONE',  ( -6.422081758775449956, -6.422081758775310512, -40.66249999999999432 ) ) ;
#1111 = ORIENTED_EDGE ( 'NONE', *, *, #3132, .F. ) ;
#1112 = CARTESIAN_POINT ( 'NONE',  ( 8.270296309428720960, -3.425668896209614456, -51.72500000204842507 ) ) ;
#1113 = CARTESIAN_POINT ( 'NONE',  ( 8.921570627134731097E-13, 0.000000000000000000, 260.0852191789194876 ) ) ;
#1114 = EDGE_CURVE ( 'NONE', #6822, #1867, #591, .T. ) ;
#1115 = AXIS2_PLACEMENT_3D ( 'NONE', #7333, #2220, #6019 ) ;
#1116 = CIRCLE ( 'NONE', #695, 13.50000000000000000 ) ;
#1117 = CARTESIAN_POINT ( 'NONE',  ( -12.98004546893229438, 7.211922882443261962, -1.609754698627243519 ) ) ;
#1118 = DIRECTION ( 'NONE',  ( 1.000000000000000000, 0.000000000000000000, -3.430248998885765387E-15 ) ) ;
#1119 = CARTESIAN_POINT ( 'NONE',  ( 12.02373063106709949, -6.016945432910570268, 260.0852191789194876 ) ) ;
#1120 = CIRCLE ( 'NONE', #4089, 11.00000000000000000 ) ;
#1121 = ORIENTED_EDGE ( 'NONE', *, *, #483, .F. ) ;
#1122 = VERTEX_POINT ( 'NONE', #2703 ) ;
#1123 = CARTESIAN_POINT ( 'NONE',  ( -10.53934475416104455, 26.39975103221695107, -13.55206171613393984 ) ) ;
#1124 = EDGE_LOOP ( 'NONE', ( #5163, #7372, #3217, #2296 ) ) ;
#1125 = EDGE_CURVE ( 'NONE', #5918, #5499, #7889, .T. ) ;
#1126 = ORIENTED_EDGE ( 'NONE', *, *, #5423, .T. ) ;
#1127 = CARTESIAN_POINT ( 'NONE',  ( 3.649999999999999911, 2.245892547147644969, 3.889999999999999680 ) ) ;
#1128 = CARTESIAN_POINT ( 'NONE',  ( 8.270296309428754711, 3.425668896209609571, -42.53750000204846060 ) ) ;
#1129 = CYLINDRICAL_SURFACE ( 'NONE', #1366, 0.5000000000000005551 ) ;
#1130 = CARTESIAN_POINT ( 'NONE',  ( -14.84803800315163969, 0.5000000000000000000, 11.03565890452231990 ) ) ;
#1131 = EDGE_CURVE ( 'NONE', #6167, #5505, #2452, .T. ) ;
#1132 = CARTESIAN_POINT ( 'NONE',  ( -1.637382002897589987E-13, 8.270296309428900372, -47.88125000204840376 ) ) ;
#1133 = DIRECTION ( 'NONE',  ( 1.000000000000000000, 0.000000000000000000, -3.597944987211155163E-15 ) ) ;
#1134 = VERTEX_POINT ( 'NONE', #6493 ) ;
#1135 = CARTESIAN_POINT ( 'NONE',  ( 11.96695103995327969, -6.248366411099439688, -30.09999999999999787 ) ) ;
#1136 = FACE_OUTER_BOUND ( 'NONE', #3188, .T. ) ;
#1137 = CARTESIAN_POINT ( 'NONE',  ( -3.761968395621865469, 9.082195121928899439, -44.13125000000002274 ) ) ;
#1138 = CARTESIAN_POINT ( 'NONE',  ( 9.082195121928759107, 0.000000000000000000, -40.28750000409684162 ) ) ;
#1139 = CARTESIAN_POINT ( 'NONE',  ( -3.164905314480544796, -7.640757514548360163, -52.10000000000000142 ) ) ;
#1140 = DIRECTION ( 'NONE',  ( -3.430248998885765387E-15, 0.000000000000000000, -1.000000000000000000 ) ) ;
#1141 = DIRECTION ( 'NONE',  ( -3.430248998885765387E-15, 0.000000000000000000, -1.000000000000000000 ) ) ;
#1142 = APPLICATION_PROTOCOL_DEFINITION ( 'draft international standard', 'automotive_design', 1998, #3832 ) ;
#1143 = EDGE_CURVE ( 'NONE', #4246, #1932, #5109, .T. ) ;
#1144 = CARTESIAN_POINT ( 'NONE',  ( -5.847982602819389975, -5.847982602819249642, -39.81875000204840376 ) ) ;
#1145 = CARTESIAN_POINT ( 'NONE',  ( -1.598791701660124649E-13, 8.270296309428900372, -46.75625000204840376 ) ) ;
#1146 = CARTESIAN_POINT ( 'NONE',  ( -1.456530739060257693E-13, -9.082195121928901216, -41.97500000000000142 ) ) ;
#1147 = CARTESIAN_POINT ( 'NONE',  ( -6.229999410714838744E-14, 0.000000000000000000, -18.04196010844664855 ) ) ;
#1148 = VERTEX_POINT ( 'NONE', #23 ) ;
#1149 = CARTESIAN_POINT ( 'NONE',  ( -2.216019217278258235, 8.270296309428896819, -38.82060438569897087 ) ) ;
#1150 = CARTESIAN_POINT ( 'NONE',  ( 10.95135015384900257, -7.507749881004972536, -36.51576556610854141 ) ) ;
#1151 = CIRCLE ( 'NONE', #5903, 0.5000000000000004441 ) ;
#1152 = CARTESIAN_POINT ( 'NONE',  ( 11.80323253478183965, 25.14156536465250724, 12.82666008669119329 ) ) ;
#1153 = CARTESIAN_POINT ( 'NONE',  ( -0.9122231778037087624, -8.342145702687366438, -52.09987097334209238 ) ) ;
#1154 = CIRCLE ( 'NONE', #2360, 8.125000000000000000 ) ;
#1155 = EDGE_LOOP ( 'NONE', ( #7603, #1924 ) ) ;
#1156 = DIRECTION ( 'NONE',  ( -3.340948916696100036E-15, 0.000000000000000000, -1.000000000000000000 ) ) ;
#1157 = ORIENTED_EDGE ( 'NONE', *, *, #1369, .T. ) ;
#1158 = CARTESIAN_POINT ( 'NONE',  ( -4.103992555942244991, 23.71508879919017332, -17.24544306792608239 ) ) ;
#1159 = ORIENTED_EDGE ( 'NONE', *, *, #4276, .F. ) ;
#1160 = AXIS2_PLACEMENT_3D ( 'NONE', #17, #2568, #7041 ) ;
#1161 = CARTESIAN_POINT ( 'NONE',  ( 3.087393292337994755, 8.512144011872539551, -51.78628329539252206 ) ) ;
#1162 = VECTOR ( 'NONE', #799, 1000.000000000000114 ) ;
#1163 = EDGE_LOOP ( 'NONE', ( #697, #3464, #3701, #3692 ) ) ;
#1164 = ORIENTED_EDGE ( 'NONE', *, *, #700, .T. ) ;
#1165 = CARTESIAN_POINT ( 'NONE',  ( -9.082195121929006021, -3.761968395621779759, -46.94375000409677057 ) ) ;
#1166 = ADVANCED_FACE ( 'NONE', ( #5216 ), #7129, .T. ) ;
#1167 = CARTESIAN_POINT ( 'NONE',  ( -1.715124499443544942E-15, 0.5000000000000560663, 0.000000000000000000 ) ) ;
#1168 = DIRECTION ( 'NONE',  ( -3.202566417187980019E-15, 0.000000000000000000, -1.000000000000000000 ) ) ;
#1169 = DIRECTION ( 'NONE',  ( 0.000000000000000000, 0.000000000000000000, 1.000000000000000000 ) ) ;
#1170 = CARTESIAN_POINT ( 'NONE',  ( -3.425668896209765446, 8.270296309428895043, -46.28750000204838244 ) ) ;
#1171 = ORIENTED_EDGE ( 'NONE', *, *, #7410, .F. ) ;
#1172 = EDGE_CURVE ( 'NONE', #3136, #5060, #279, .T. ) ;
#1173 = FACE_OUTER_BOUND ( 'NONE', #5964, .T. ) ;
#1174 = B_SPLINE_CURVE_WITH_KNOTS ( 'NONE', 3,
 ( #7780, #1954, #4544, #1785, #1524, #2034, #5317, #3431, #3354, #4114, #1351, #4758, #2120, #6718, #884 ),
 .UNSPECIFIED., .F., .F.,
 ( 4, 2, 2, 2, 1, 2, 2, 4 ),
 ( 0.000000000000000000, 0.2499999999999204525, 0.3749999999998833156, 0.4374999999998677724, 0.4687499999998653299, 0.4843749999998668843, 0.4999999999998684386, 1.000000000000000000 ),
 .UNSPECIFIED. ) ;
#1175 = CARTESIAN_POINT ( 'NONE',  ( 7.635023254326354980, 27.05405201543860372, -15.22488002179174948 ) ) ;
#1176 = CARTESIAN_POINT ( 'NONE',  ( 17.00989809255471386, 25.11348895550672466, -3.834807944060882878 ) ) ;
#1177 = CARTESIAN_POINT ( 'NONE',  ( 0.000000000000000000, 0.000000000000000000, -3.889999999999999680 ) ) ;
#1178 = CARTESIAN_POINT ( 'NONE',  ( 1.778769189234029788E-17, -3.180883570199139143, -2.270548043454006848 ) ) ;
#1179 = CARTESIAN_POINT ( 'NONE',  ( -9.082195121929073522, 3.761968395621719363, -50.13125000409680609 ) ) ;
#1180 = CARTESIAN_POINT ( 'NONE',  ( 8.124999999999838352, 31.15000000000000213, 9.950255243072240648E-16 ) ) ;
#1181 = APPLICATION_PROTOCOL_DEFINITION ( 'draft international standard', 'automotive_design', 1998, #5638 ) ;
#1182 = CARTESIAN_POINT ( 'NONE',  ( -5.847982602819389975, 5.847982602819249642, -40.19375000204840376 ) ) ;
#1183 = CARTESIAN_POINT ( 'NONE',  ( 13.40000000000000036, 0.000000000000000000, 0.000000000000000000 ) ) ;
#1184 = ORIENTED_EDGE ( 'NONE', *, *, #3616, .F. ) ;
#1185 = CARTESIAN_POINT ( 'NONE',  ( 3.761968395621572814, -9.082195121928897663, -41.88125000000007248 ) ) ;
#1186 = CYLINDRICAL_SURFACE ( 'NONE', #4456, 18.50000000000000000 ) ;
#1187 = ORIENTED_EDGE ( 'NONE', *, *, #2891, .T. ) ;
#1188 = CARTESIAN_POINT ( 'NONE',  ( 8.270296309428731618, 0.000000000000000000, -48.63125000204850323 ) ) ;
#1189 = DIRECTION ( 'NONE',  ( -3.430248998885765387E-15, 0.000000000000000000, -1.000000000000000000 ) ) ;
#1190 = CARTESIAN_POINT ( 'NONE',  ( 9.082195121928759107, 0.000000000000000000, -41.60000000000000142 ) ) ;
#1191 = CYLINDRICAL_SURFACE ( 'NONE', #1758, 10.96999999997873942 ) ;
#1192 = CARTESIAN_POINT ( 'NONE',  ( -0.1719127050796049883, -8.422940446917751345, -52.09999759696517430 ) ) ;
#1193 = ORIENTED_EDGE ( 'NONE', *, *, #1588, .F. ) ;
#1194 = CARTESIAN_POINT ( 'NONE',  ( -16.99355656723309949, 26.33888885135706559, -2.527706189207873599 ) ) ;
#1195 = EDGE_LOOP ( 'NONE', ( #4302, #985, #6435, #2243 ) ) ;
#1196 = ORIENTED_EDGE ( 'NONE', *, *, #2567, .F. ) ;
#1197 = EDGE_CURVE ( 'NONE', #2655, #5486, #5815, .T. ) ;
#1198 = CARTESIAN_POINT ( 'NONE',  ( 16.99348298821101366, 26.31893759347234152, 2.556295742840226204 ) ) ;
#1199 = VECTOR ( 'NONE', #8366, 1000.000000000000114 ) ;
#1200 = ORIENTED_EDGE ( 'NONE', *, *, #5032, .F. ) ;
#1201 = ORIENTED_EDGE ( 'NONE', *, *, #8325, .T. ) ;
#1202 = CARTESIAN_POINT ( 'NONE',  ( 13.65000000000000036, 2.908536147974964699E-16, -2.250000000000000000 ) ) ;
#1203 = CARTESIAN_POINT ( 'NONE',  ( -9.082195121928011261, 1.112248118530191819E-15, 260.0852191789194876 ) ) ;
#1204 = VECTOR ( 'NONE', #3285, 1000.000000000000000 ) ;
#1205 = CARTESIAN_POINT ( 'NONE',  ( -11.82375271685885920, -6.194187982740686493, -29.74095269984636758 ) ) ;
#1206 = FACE_OUTER_BOUND ( 'NONE', #4160, .T. ) ;
#1207 = EDGE_CURVE ( 'NONE', #8173, #8364, #8341, .T. ) ;
#1208 = AXIS2_PLACEMENT_3D ( 'NONE', #2537, #5131, #3728 ) ;
#1209 = CARTESIAN_POINT ( 'NONE',  ( -8.270296309429070902, 1.012819190334226073E-15, -49.00625000204840376 ) ) ;
#1210 = ORIENTED_EDGE ( 'NONE', *, *, #5961, .F. ) ;
#1211 = CARTESIAN_POINT ( 'NONE',  ( 0.5909401206152580244, 13.48706008638814069, -36.10000000000000142 ) ) ;
#1212 = CARTESIAN_POINT ( 'NONE',  ( 16.91677859249754690, 0.2521551406615015756, 7.327427258522471121 ) ) ;
#1213 = CARTESIAN_POINT ( 'NONE',  ( -17.00547750946649472, 26.55195491295221188, 2.116704383687827651 ) ) ;
#1214 = CARTESIAN_POINT ( 'NONE',  ( -12.71693373201982524, 10.36485179386457212, -1.170929402555435539 ) ) ;
#1215 = DIRECTION ( 'NONE',  ( -0.003929182435835271332, 0.9999922807328993635, 1.347807411696154634E-17 ) ) ;
#1216 = EDGE_CURVE ( 'NONE', #549, #5708, #6585, .T. ) ;
#1217 = CARTESIAN_POINT ( 'NONE',  ( -1.720231130990129708E-13, -9.082195121928901216, -49.66250000409679899 ) ) ;
#1218 = CARTESIAN_POINT ( 'NONE',  ( -10.29903697233565829, -7.932832876246829201, -36.60000000000000142 ) ) ;
#1219 = PRODUCT_CONTEXT ( 'NONE', #5638, 'mechanical' ) ;
#1220 = CARTESIAN_POINT ( 'NONE',  ( -8.270296309429046033, -3.425668896209603798, -42.91250000204837534 ) ) ;
#1221 = FACE_OUTER_BOUND ( 'NONE', #2286, .T. ) ;
#1222 = LINE ( 'NONE', #4918, #7528 ) ;
#1223 = DIRECTION ( 'NONE',  ( 3.597944987211185140E-15, 0.000000000000000000, 1.000000000000000000 ) ) ;
#1224 = AXIS2_PLACEMENT_3D ( 'NONE', #5624, #5664, #1701 ) ;
#1225 = DIRECTION ( 'NONE',  ( -1.000000000000000000, 0.000000000000000000, 0.000000000000000000 ) ) ;
#1226 = ORIENTED_EDGE ( 'NONE', *, *, #6996, .T. ) ;
#1227 = CARTESIAN_POINT ( 'NONE',  ( -3.425668896209761005, -8.270296309428895043, -43.10000000204841086 ) ) ;
#1228 = DIRECTION ( 'NONE',  ( -1.000000000000000000, -3.430248998885765387E-15, 0.000000000000000000 ) ) ;
#1229 = CARTESIAN_POINT ( 'NONE',  ( -12.61329891059985009, 6.722431069189297226, -0.9740791533350180442 ) ) ;
#1230 = CARTESIAN_POINT ( 'NONE',  ( 12.17164840004790882, 24.66137434082479274, 12.61523716062281508 ) ) ;
#1231 = EDGE_CURVE ( 'NONE', #8171, #295, #3578, .T. ) ;
#1232 = AXIS2_PLACEMENT_3D ( 'NONE', #5199, #7033, #4557 ) ;
#1233 = DIRECTION ( 'NONE',  ( -1.000000000000000000, 0.000000000000000000, 3.430248998885770120E-15 ) ) ;
#1234 = CARTESIAN_POINT ( 'NONE',  ( -16.98858478073959333, 24.49382139849167928, -4.461225875862728785 ) ) ;
#1235 = EDGE_LOOP ( 'NONE', ( #5845, #5792, #5823, #6382 ) ) ;
#1236 = CARTESIAN_POINT ( 'NONE',  ( -4.459296235089334814, 7.856138127060044773, -51.81717508309109377 ) ) ;
#1237 = ORIENTED_EDGE ( 'NONE', *, *, #8220, .T. ) ;
#1238 = LINE ( 'NONE', #8332, #1639 ) ;
#1239 = CIRCLE ( 'NONE', #4364, 0.5000000000000004441 ) ;
#1240 = CIRCLE ( 'NONE', #2320, 2.099999999999999645 ) ;
#1241 = AXIS2_PLACEMENT_3D ( 'NONE', #5812, #1725, #6925 ) ;
#1242 = CIRCLE ( 'NONE', #3139, 18.50000000000000000 ) ;
#1243 = ORIENTED_EDGE ( 'NONE', *, *, #3800, .T. ) ;
#1244 = VERTEX_POINT ( 'NONE', #6625 ) ;
#1245 = ADVANCED_FACE ( 'NONE', ( #2575 ), #3894, .T. ) ;
#1246 = DIRECTION ( 'NONE',  ( 0.000000000000000000, 0.000000000000000000, 1.000000000000000000 ) ) ;
#1247 = DIRECTION ( 'NONE',  ( -0.9999922807328994745, -0.003929182435833542680, 0.000000000000000000 ) ) ;
#1248 = DIRECTION ( 'NONE',  ( 1.000000000000000000, 0.000000000000000000, -3.202566417187951620E-15 ) ) ;
#1249 = CARTESIAN_POINT ( 'NONE',  ( 3.761968395621556382, -9.082195121928899439, -47.88125000000004405 ) ) ;
#1250 = CARTESIAN_POINT ( 'NONE',  ( -5.847982602819389975, 5.847982602819249642, -40.19375000204840376 ) ) ;
#1251 = ORIENTED_EDGE ( 'NONE', *, *, #3515, .T. ) ;
#1252 = CARTESIAN_POINT ( 'NONE',  ( -11.22361199482063476, 7.088597102175510756, -29.67733556210921364 ) ) ;
#1253 = ORIENTED_EDGE ( 'NONE', *, *, #71, .F. ) ;
#1254 = FACE_OUTER_BOUND ( 'NONE', #4284, .T. ) ;
#1255 = CARTESIAN_POINT ( 'NONE',  ( 11.52373063106709949, -6.016945432908680225, -29.60000000000000142 ) ) ;
#1256 = CARTESIAN_POINT ( 'NONE',  ( 17.01126907389405929, 24.50965247843876682, -4.360695241154015633 ) ) ;
#1257 = EDGE_CURVE ( 'NONE', #7396, #228, #7194, .T. ) ;
#1258 = LINE ( 'NONE', #525, #6958 ) ;
#1259 = CARTESIAN_POINT ( 'NONE',  ( 9.082195121928752002, 0.000000000000000000, -43.28750000409684873 ) ) ;
#1260 = CARTESIAN_POINT ( 'NONE',  ( -6.422081758775470384, -6.422081758775310512, -46.85000000409679899 ) ) ;
#1261 = CARTESIAN_POINT ( 'NONE',  ( -3.761968395621854810, 9.082195121928899439, -41.13125000000002984 ) ) ;
#1262 = CARTESIAN_POINT ( 'NONE',  ( 8.270296309428754711, 3.425668896209603798, -42.16250000204845350 ) ) ;
#1263 = CARTESIAN_POINT ( 'NONE',  ( -5.847982602819389975, -5.847982602819249642, -40.19375000204840376 ) ) ;
#1264 = CARTESIAN_POINT ( 'NONE',  ( 10.46999999997870034, 1.282205198704680197E-15, -23.95803989154990177 ) ) ;
#1265 = CARTESIAN_POINT ( 'NONE',  ( 9.082195121928757331, 3.761968395621714034, -43.00625000000007248 ) ) ;
#1266 = EDGE_CURVE ( 'NONE', #2845, #7524, #4264, .T. ) ;
#1267 = FACE_OUTER_BOUND ( 'NONE', #5960, .T. ) ;
#1268 = ORIENTED_EDGE ( 'NONE', *, *, #1711, .T. ) ;
#1269 = CARTESIAN_POINT ( 'NONE',  ( 8.270296309428744053, -3.425668896209614456, -44.22500000204847481 ) ) ;
#1270 = CARTESIAN_POINT ( 'NONE',  ( -11.52713340287263932, 6.882964151612149806, -30.09999999999999787 ) ) ;
#1271 = DIRECTION ( 'NONE',  ( -1.000000000000000000, -3.430248998885764992E-15, 0.000000000000000000 ) ) ;
#1272 = CARTESIAN_POINT ( 'NONE',  ( 12.27712973614864467, 24.51654379631141367, 12.55470041455180308 ) ) ;
#1273 = CARTESIAN_POINT ( 'NONE',  ( 9.082195121928791082, 0.000000000000000000, -38.10000000000000142 ) ) ;
#1274 = CARTESIAN_POINT ( 'NONE',  ( -16.98607707596511673, 23.24035657583617365, -5.410533856507625750 ) ) ;
#1275 = EDGE_LOOP ( 'NONE', ( #6334, #4357, #4109, #2984 ) ) ;
#1276 = CARTESIAN_POINT ( 'NONE',  ( -2.164887269919833823, 8.392091931282665840, -52.09282042239712496 ) ) ;
#1277 = VERTEX_POINT ( 'NONE', #797 ) ;
#1278 = ADVANCED_FACE ( 'NONE', ( #1560 ), #276, .T. ) ;
#1279 = CARTESIAN_POINT ( 'NONE',  ( 6.422081758775140869, 6.422081758775310512, -50.60000000409679899 ) ) ;
#1280 = VECTOR ( 'NONE', #1054, 1000.000000000000000 ) ;
#1281 = ORIENTED_EDGE ( 'NONE', *, *, #3100, .T. ) ;
#1282 = EDGE_LOOP ( 'NONE', ( #6136, #2080, #5551, #2477 ) ) ;
#1283 = CARTESIAN_POINT ( 'NONE',  ( -5.897194783007089465E-14, 17.19173968106284889, 0.000000000000000000 ) ) ;
#1284 = CARTESIAN_POINT ( 'NONE',  ( -12.02420802010369982, 6.137460508164069850, -30.09999999999999787 ) ) ;
#1285 = CARTESIAN_POINT ( 'NONE',  ( 9.082195121928730686, 0.000000000000000000, -50.60000000000000142 ) ) ;
#1286 = AXIS2_PLACEMENT_3D ( 'NONE', #5651, #2402, #3802 ) ;
#1287 = CARTESIAN_POINT ( 'NONE',  ( -12.63695160252977701, 10.45846816549178548, 0.9462602739824760301 ) ) ;
#1288 = CARTESIAN_POINT ( 'NONE',  ( -2.133141957238450015, 20.00000000000000000, -18.37660755934744827 ) ) ;
#1289 = AXIS2_PLACEMENT_3D ( 'NONE', #7944, #5227, #3352 ) ;
#1290 = CARTESIAN_POINT ( 'NONE',  ( -8.270296309429046033, 3.425668896209609571, -43.10000000204841086 ) ) ;
#1291 = ORIENTED_EDGE ( 'NONE', *, *, #6914, .T. ) ;
#1292 = CARTESIAN_POINT ( 'NONE',  ( -8.218204235325419296E-14, 0.000000000000000000, -23.95803989154979874 ) ) ;
#1293 = VERTEX_POINT ( 'NONE', #3390 ) ;
#1294 =( BOUNDED_CURVE ( )  B_SPLINE_CURVE ( 2, ( #5647, #8226, #2397, #7714, #488, #1137, #2529, #4999, #8307 ),
 .UNSPECIFIED., .F., .F. ) 
 B_SPLINE_CURVE_WITH_KNOTS ( ( 3, 2, 2, 2, 3 ),
 ( 0.5999999999999999778, 0.6125000000000000444, 0.6250000000000000000, 0.6374999999999999556, 0.6500000000000000222 ),
 .UNSPECIFIED. ) 
 CURVE ( )  GEOMETRIC_REPRESENTATION_ITEM ( )  RATIONAL_B_SPLINE_CURVE ( ( 1.000000000000000000, 0.9238795325112869605, 1.000000000000000000, 0.9238795325112869605, 1.000000000000000000, 0.9238795325112869605, 1.000000000000000000, 0.9238795325112899581, 1.000000000000000000 ) ) 
 REPRESENTATION_ITEM ( '' )  );
#1295 = FACE_BOUND ( 'NONE', #588, .T. ) ;
#1297 = VECTOR ( 'NONE', #5217, 1000.000000000000000 ) ;
#1296 = CARTESIAN_POINT ( 'NONE',  ( -12.02170866522374837, 5.447034697528052583, -36.55966779382702470 ) ) ;
#1298 = CARTESIAN_POINT ( 'NONE',  ( -11.52373063106709949, 6.016945432909070135, -29.60000000000000142 ) ) ;
#1299 = CARTESIAN_POINT ( 'NONE',  ( 5.616711034105151157, -6.644113912017073353, -52.08598708391410526 ) ) ;
#1300 = ADVANCED_FACE ( 'NONE', ( #2753 ), #2963, .T. ) ;
#1301 = CARTESIAN_POINT ( 'NONE',  ( 10.89013751426519860, 7.594650620003409180, -36.51638370147657042 ) ) ;
#1302 = CARTESIAN_POINT ( 'NONE',  ( -3.761968395621870354, -9.082195121928897663, -43.75625000409680609 ) ) ;
#1303 = DIRECTION ( 'NONE',  ( 3.286844480798195458E-15, 0.000000000000000000, 1.000000000000000000 ) ) ;
#1304 = CARTESIAN_POINT ( 'NONE',  ( 3.649999999999999911, 4.491785094295289937, -7.041893596023440204E-16 ) ) ;
#1305 = CARTESIAN_POINT ( 'NONE',  ( -1.715124499443544942E-15, 0.5000000000000560663, 0.000000000000000000 ) ) ;
#1306 = DIRECTION ( 'NONE',  ( -1.000000000000000000, -1.224646799147353454E-16, 0.000000000000000000 ) ) ;
#1307 = DIRECTION ( 'NONE',  ( 0.000000000000000000, 0.000000000000000000, 1.000000000000000000 ) ) ;
#1308 = PLANE ( 'NONE',  #4362 ) ;
#1309 = ORIENTED_EDGE ( 'NONE', *, *, #1814, .T. ) ;
#1310 = CARTESIAN_POINT ( 'NONE',  ( -8.270296309429069126, -3.425668896209603798, -47.78750000204840376 ) ) ;
#1311 = CARTESIAN_POINT ( 'NONE',  ( -9.082195121929217407, -3.761968395621562156, -46.75625000000003695 ) ) ;
#1312 = CARTESIAN_POINT ( 'NONE',  ( -6.422081758775449956, -6.422081758775310512, -39.35000000409679899 ) ) ;
#1313 = CARTESIAN_POINT ( 'NONE',  ( -14.63679845704659144, 0.07977616991974680050, -10.93793718508113244 ) ) ;
#1314 = EDGE_CURVE ( 'NONE', #979, #79, #7769, .T. ) ;
#1315 = DIRECTION ( 'NONE',  ( -3.430248998885770120E-15, 0.000000000000000000, -1.000000000000000000 ) ) ;
#1316 = DIRECTION ( 'NONE',  ( 4.116867168269980600E-15, -1.000000000000000000, 0.000000000000000000 ) ) ;
#1317 = ORIENTED_EDGE ( 'NONE', *, *, #6287, .T. ) ;
#1318 = CARTESIAN_POINT ( 'NONE',  ( -3.761968395621892114, 9.082195121928897663, -51.63125000000001563 ) ) ;
#1319 = CARTESIAN_POINT ( 'NONE',  ( -0.9157414177108811337, 8.764953365357737169, -52.04429446471519327 ) ) ;
#1320 = VERTEX_POINT ( 'NONE', #1139 ) ;
#1321 = CARTESIAN_POINT ( 'NONE',  ( -1.394433704704898025, 8.974527023337120823, -51.68495283154033615 ) ) ;
#1322 = EDGE_CURVE ( 'NONE', #626, #8084, #6692, .T. ) ;
#1323 = ORIENTED_EDGE ( 'NONE', *, *, #5343, .F. ) ;
#1324 = DIRECTION ( 'NONE',  ( 1.000000000000000000, 0.000000000000000000, -3.430248998885765387E-15 ) ) ;
#1325 = CARTESIAN_POINT ( 'NONE',  ( -11.97421977356512990, 6.125581647635101490, -29.84159630608503377 ) ) ;
#1326 = CARTESIAN_POINT ( 'NONE',  ( 9.082195121928757331, -3.761968395621696271, -50.69375000000010800 ) ) ;
#1327 = CARTESIAN_POINT ( 'NONE',  ( -8.270296309429058468, -3.425668896209603798, -44.41250000204840376 ) ) ;
#1328 = CARTESIAN_POINT ( 'NONE',  ( -6.382531835699300514E-28, 4.943961906533899588E-14, 0.000000000000000000 ) ) ;
#1329 = CARTESIAN_POINT ( 'NONE',  ( -8.270296309429046033, -3.425668896209603798, -42.91250000204837534 ) ) ;
#1330 = ORIENTED_EDGE ( 'NONE', *, *, #5044, .T. ) ;
#1331 = ADVANCED_FACE ( 'NONE', ( #7594 ), #4367, .T. ) ;
#1332 = CARTESIAN_POINT ( 'NONE',  ( -11.28277265047329436, 7.149398774009881663, -29.75010747240116160 ) ) ;
#1333 = ORIENTED_EDGE ( 'NONE', *, *, #4294, .T. ) ;
#1334 = DIRECTION ( 'NONE',  ( 3.430248998885765387E-15, 0.000000000000000000, 1.000000000000000000 ) ) ;
#1335 = DIRECTION ( 'NONE',  ( 3.640075490574285808E-15, -1.000000000000000000, 0.000000000000000000 ) ) ;
#1336 = DIRECTION ( 'NONE',  ( 0.000000000000000000, 0.000000000000000000, 1.000000000000000000 ) ) ;
#1337 = CARTESIAN_POINT ( 'NONE',  ( -3.430248998885904621E-15, 0.000000000000000000, -1.000000000000000000 ) ) ;
#1338 = CARTESIAN_POINT ( 'NONE',  ( 17.00005620110424687, 27.20584413604580121, 2.863397000519300003E-17 ) ) ;
#1339 = CARTESIAN_POINT ( 'NONE',  ( 3.761968395621551053, 9.082195121928897663, -47.50625000409682031 ) ) ;
#1340 = DIRECTION ( 'NONE',  ( 3.375678115414340516E-15, -1.000000000000000000, 0.000000000000000000 ) ) ;
#1341 = CYLINDRICAL_SURFACE ( 'NONE', #5781, 9.082195121928901216 ) ;
#1342 = CARTESIAN_POINT ( 'NONE',  ( 4.067388491312644128, 8.069436593011893422, -51.80984614615793049 ) ) ;
#1343 = CARTESIAN_POINT ( 'NONE',  ( -4.135141231507310167, 7.162290697896779079, -39.13052385769400132 ) ) ;
#1344 = CARTESIAN_POINT ( 'NONE',  ( 11.13296714078554039, -6.823272136019820522, -29.60000000000000142 ) ) ;
#1345 = DIRECTION ( 'NONE',  ( -1.000000000000000000, 0.000000000000000000, 0.000000000000000000 ) ) ;
#1346 = FACE_OUTER_BOUND ( 'NONE', #8289, .T. ) ;
#1347 = ORIENTED_EDGE ( 'NONE', *, *, #6414, .T. ) ;
#1348 = CARTESIAN_POINT ( 'NONE',  ( 5.847982602819100428, -5.847982602819249642, -45.81875000204849613 ) ) ;
#1349 = CARTESIAN_POINT ( 'NONE',  ( 3.149999999999999911, -0.6256996084384610635, 3.889999999999999680 ) ) ;
#1350 = DIRECTION ( 'NONE',  ( -0.002571354084718399918, -8.820384774886116985E-18, 0.9999966940636209056 ) ) ;
#1351 = CARTESIAN_POINT ( 'NONE',  ( 0.6520461893868386705, -13.33105271822103610, -29.73999151959283793 ) ) ;
#1352 = CARTESIAN_POINT ( 'NONE',  ( 3.149999999999999911, 2.245892547147650298, 3.889999999999999680 ) ) ;
#1353 = CARTESIAN_POINT ( 'NONE',  ( -16.99210598376860304, 25.91647910852571002, -3.084077605198918715 ) ) ;
#1354 = CIRCLE ( 'NONE', #8144, 10.96999999997873942 ) ;
#1355 = VERTEX_POINT ( 'NONE', #8108 ) ;
#1356 = CARTESIAN_POINT ( 'NONE',  ( -9.082195121929080628, 1.112248118530191819E-15, -52.85000000000000142 ) ) ;
#1357 = CARTESIAN_POINT ( 'NONE',  ( -1.571718823470017234, 8.790953456206759498, -51.95887018326527595 ) ) ;
#1358 = VERTEX_POINT ( 'NONE', #3084 ) ;
#1359 =( BOUNDED_CURVE ( )  B_SPLINE_CURVE ( 2, ( #2118, #1483, #1312, #6504, #7839, #5162, #7247, #3246, #2654 ),
 .UNSPECIFIED., .F., .F. ) 
 B_SPLINE_CURVE_WITH_KNOTS ( ( 3, 2, 2, 2, 3 ),
 ( 0.8499999999999999778, 0.8625000000000000444, 0.8750000000000000000, 0.8874999999999999556, 0.9000000000000000222 ),
 .UNSPECIFIED. ) 
 CURVE ( )  GEOMETRIC_REPRESENTATION_ITEM ( )  RATIONAL_B_SPLINE_CURVE ( ( 1.000000000000000000, 0.9238795325112889589, 1.000000000000000000, 0.9238795325112869605, 1.000000000000000000, 0.9238795325112869605, 1.000000000000000000, 0.9238795325112859613, 1.000000000000000000 ) ) 
 REPRESENTATION_ITEM ( '' )  );
#1360 = EDGE_CURVE ( 'NONE', #2775, #5866, #289, .T. ) ;
#1361 = CARTESIAN_POINT ( 'NONE',  ( -14.69192503062459743, 0.07847758071408848790, 10.86065885686655896 ) ) ;
#1362 = CIRCLE ( 'NONE', #1627, 8.469999999978789162 ) ;
#1363 = VERTEX_POINT ( 'NONE', #3636 ) ;
#1364 = CARTESIAN_POINT ( 'NONE',  ( -1.597879858438739920, 12.95709222530552296, -36.60000000000000142 ) ) ;
#1365 = DIRECTION ( 'NONE',  ( -1.224646799147351975E-16, -4.200843456763865836E-31, 1.000000000000000000 ) ) ;
#1366 = AXIS2_PLACEMENT_3D ( 'NONE', #5674, #8134, #6310 ) ;
#1367 = CARTESIAN_POINT ( 'NONE',  ( 14.79108867122170068, 0.5000000000001120215, 11.11187184591580213 ) ) ;
#1368 = AXIS2_PLACEMENT_3D ( 'NONE', #899, #3060, #1952 ) ;
#1369 = EDGE_CURVE ( 'NONE', #977, #2514, #8189, .T. ) ;
#1370 = CARTESIAN_POINT ( 'NONE',  ( 3.425668896209451919, -8.270296309428895043, -45.53750000204845350 ) ) ;
#1371 = AXIS2_PLACEMENT_3D ( 'NONE', #744, #4703, #3925 ) ;
#1372 = DIRECTION ( 'NONE',  ( 3.430248998885765387E-15, -1.000000000000000000, -4.428795146508079763E-45 ) ) ;
#1373 = CIRCLE ( 'NONE', #1644, 10.96999999997878028 ) ;
#1374 = AXIS2_PLACEMENT_3D ( 'NONE', #1759, #6517, #4401 ) ;
#1375 = CARTESIAN_POINT ( 'NONE',  ( 3.425668896209458136, 8.270296309428895043, -43.47500000204843218 ) ) ;
#1376 = ORIENTED_EDGE ( 'NONE', *, *, #7927, .T. ) ;
#1377 = CARTESIAN_POINT ( 'NONE',  ( 0.1838293097414886446, -2.052456113654414604, 3.890000000000005009 ) ) ;
#1378 = ORIENTED_EDGE ( 'NONE', *, *, #4696, .T. ) ;
#1379 = CARTESIAN_POINT ( 'NONE',  ( -1.747682422925024772E-13, -8.270296309428900372, -50.50625000204840376 ) ) ;
#1380 = CARTESIAN_POINT ( 'NONE',  ( -4.722517800359009485E-14, 13.76727404305916025, 0.000000000000000000 ) ) ;
#1381 = DIRECTION ( 'NONE',  ( -3.428423085967685458E-15, 1.000000000000000000, 0.000000000000000000 ) ) ;
#1382 = EDGE_CURVE ( 'NONE', #896, #2583, #1482, .T. ) ;
#1383 = CARTESIAN_POINT ( 'NONE',  ( 7.367461518821586175, -4.768591437754284179, -52.06105763476042370 ) ) ;
#1384 = CARTESIAN_POINT ( 'NONE',  ( 8.921570627134731097E-13, 0.000000000000000000, 260.0852191789194876 ) ) ;
#1385 = CARTESIAN_POINT ( 'NONE',  ( -9.082195121929059312, 3.761968395621719363, -45.63125000409679899 ) ) ;
#1386 = CARTESIAN_POINT ( 'NONE',  ( 11.50000000000000000, 11.55803989154990141, 1.408343819019450062E-15 ) ) ;
#1387 = DIRECTION ( 'NONE',  ( 0.8679833099209474101, -0.4965933685609146275, -2.977398879905883400E-15 ) ) ;
#1388 = CARTESIAN_POINT ( 'NONE',  ( 6.339559474393173133, 6.395288560325088412, -51.86692957066541965 ) ) ;
#1389 = CARTESIAN_POINT ( 'NONE',  ( 4.764560328305437481E-19, 0.1881509986146046587, 3.890000000000001013 ) ) ;
#1390 = CARTESIAN_POINT ( 'NONE',  ( -3.794597690548329674E-14, 11.06503324295825941, 0.000000000000000000 ) ) ;
#1391 = DIRECTION ( 'NONE',  ( 0.000000000000000000, -1.000000000000000000, 0.000000000000000000 ) ) ;
#1392 = CARTESIAN_POINT ( 'NONE',  ( -11.00000000000000000, 0.5000000000000179856, 1.347111479062085841E-15 ) ) ;
#1393 = VERTEX_POINT ( 'NONE', #5813 ) ;
#1394 = CARTESIAN_POINT ( 'NONE',  ( 8.270296309428749382, 0.000000000000000000, -44.13125000204844639 ) ) ;
#1395 = CARTESIAN_POINT ( 'NONE',  ( -4.854428881323615386, 6.983061268240211561, -52.09999999940625059 ) ) ;
#1396 = EDGE_CURVE ( 'NONE', #2407, #3136, #5770, .T. ) ;
#1397 = EDGE_CURVE ( 'NONE', #419, #8107, #6180, .T. ) ;
#1398 = CARTESIAN_POINT ( 'NONE',  ( 3.649999999999999911, 0.000000000000000000, 0.000000000000000000 ) ) ;
#1400 = PRESENTATION_STYLE_ASSIGNMENT (( #3899 ) ) ;
#1399 =( REPRESENTATION_RELATIONSHIP ('NONE','NONE', #2221, #1095 ) REPRESENTATION_RELATIONSHIP_WITH_TRANSFORMATION ( #7808 )SHAPE_REPRESENTATION_RELATIONSHIP( ) );
#1401 = CARTESIAN_POINT ( 'NONE',  ( 16.89130015087281222, 0.1664557563025026443, -7.227635372347782194 ) ) ;
#1402 = FACE_OUTER_BOUND ( 'NONE', #5312, .T. ) ;
#1403 = CARTESIAN_POINT ( 'NONE',  ( -3.425668896209771663, -8.270296309428895043, -47.60000000204841797 ) ) ;
#1404 = VERTEX_POINT ( 'NONE', #1338 ) ;
#1405 = CARTESIAN_POINT ( 'NONE',  ( 3.425668896209474124, 8.270296309428905701, -39.35000000204843218 ) ) ;
#1406 = CARTESIAN_POINT ( 'NONE',  ( 11.19627146959685682, 25.88750981232048431, -13.15652388710849863 ) ) ;
#1407 = ORIENTED_EDGE ( 'NONE', *, *, #905, .F. ) ;
#1408 = EDGE_CURVE ( 'NONE', #1613, #2174, #5214, .T. ) ;
#1409 = ORIENTED_EDGE ( 'NONE', *, *, #5240, .F. ) ;
#1410 = FACE_OUTER_BOUND ( 'NONE', #6201, .T. ) ;
#1411 = FACE_OUTER_BOUND ( 'NONE', #2245, .T. ) ;
#1412 = AXIS2_PLACEMENT_3D ( 'NONE', #1001, #2273, #3001 ) ;
#1413 = CARTESIAN_POINT ( 'NONE',  ( -1.426096579279483819E-13, -8.270296309428900372, -41.13125000204840376 ) ) ;
#1414 = DIRECTION ( 'NONE',  ( 3.313702914957640589E-15, 0.000000000000000000, 1.000000000000000000 ) ) ;
#1415 = CARTESIAN_POINT ( 'NONE',  ( -1.426096579279483819E-13, -8.270296309428900372, -41.13125000204840376 ) ) ;
#1416 = AXIS2_PLACEMENT_3D ( 'NONE', #2505, #587, #5102 ) ;
#1417 = EDGE_CURVE ( 'NONE', #8107, #8364, #3253, .T. ) ;
#1418 = EDGE_LOOP ( 'NONE', ( #3784, #4598, #5973, #3703 ) ) ;
#1419 = LINE ( 'NONE', #4053, #820 ) ;
#1420 = VECTOR ( 'NONE', #1645, 1000.000000000000000 ) ;
#1421 = CARTESIAN_POINT ( 'NONE',  ( 3.425668896209430159, -8.270296309428895043, -51.91250000204844639 ) ) ;
#1422 = CARTESIAN_POINT ( 'NONE',  ( -1.173145157618936088E-13, 34.20000000000000284, 0.000000000000000000 ) ) ;
#1423 = LINE ( 'NONE', #5299, #2909 ) ;
#1424 = ADVANCED_FACE ( 'NONE', ( #1980 ), #527, .T. ) ;
#1425 = AXIS2_PLACEMENT_3D ( 'NONE', #7226, #2673, #718 ) ;
#1426 = AXIS2_PLACEMENT_3D ( 'NONE', #8305, #2436, #7799 ) ;
#1427 = CARTESIAN_POINT ( 'NONE',  ( 5.526805978567044697, -6.713944876104336323, -52.08686732231819150 ) ) ;
#1428 = CARTESIAN_POINT ( 'NONE',  ( -6.422081758775480154, 6.422081758775310512, -48.72500000409679899 ) ) ;
#1429 = CARTESIAN_POINT ( 'NONE',  ( -8.747134947158758278E-14, 0.000000000000000000, -25.50000000000000000 ) ) ;
#1430 = ADVANCED_FACE ( 'NONE', ( #6362 ), #5771, .T. ) ;
#1431 = AXIS2_PLACEMENT_3D ( 'NONE', #1472, #6494, #4062 ) ;
#1432 = DIRECTION ( 'NONE',  ( -3.430248998885765387E-15, 0.000000000000000000, -1.000000000000000000 ) ) ;
#1433 = CARTESIAN_POINT ( 'NONE',  ( 9.082195121928730686, 0.000000000000000000, -50.60000000000000142 ) ) ;
#1434 = DIRECTION ( 'NONE',  ( 3.473606673227795441E-15, -1.000000000000000000, 0.000000000000000000 ) ) ;
#1435 = CARTESIAN_POINT ( 'NONE',  ( 0.02532462646677355669, -2.996187097055381443, 2.590278471780508962 ) ) ;
#1436 = CARTESIAN_POINT ( 'NONE',  ( -17.01870763777180073, 20.00000000000000000, 7.253522615946500274 ) ) ;
#1437 = CARTESIAN_POINT ( 'NONE',  ( 3.761968395621572814, 9.082195121928899439, -41.50625000409679188 ) ) ;
#1438 = ORIENTED_EDGE ( 'NONE', *, *, #7598, .F. ) ;
#1439 = CARTESIAN_POINT ( 'NONE',  ( 8.270296309428754711, 3.425668896209609571, -41.03750000204843928 ) ) ;
#1440 = DIRECTION ( 'NONE',  ( -3.430248998885765387E-15, 0.000000000000000000, -1.000000000000000000 ) ) ;
#1441 = TOROIDAL_SURFACE ( 'NONE', #2797, 11.50000000000000000, 0.5000000000000000000 ) ;
#1442 = CARTESIAN_POINT ( 'NONE',  ( -0.3426434363347464762, -13.05306843142770035, -29.60000000000000142 ) ) ;
#1443 = FACE_OUTER_BOUND ( 'NONE', #547, .T. ) ;
#1444 = CARTESIAN_POINT ( 'NONE',  ( 16.91090685405242056, 0.1891327843108837892, -7.231646313418581329 ) ) ;
#1445 = CARTESIAN_POINT ( 'NONE',  ( -5.847982602819429943, 5.847982602819249642, -50.69375000204840376 ) ) ;
#1446 = CARTESIAN_POINT ( 'NONE',  ( -8.270296309429069126, 3.425668896209608683, -50.97500000204836823 ) ) ;
#1447 = ORIENTED_EDGE ( 'NONE', *, *, #2175, .T. ) ;
#1448 = EDGE_CURVE ( 'NONE', #7112, #7775, #3622, .T. ) ;
#1449 = CARTESIAN_POINT ( 'NONE',  ( -9.082195121929082404, -3.761968395621714034, -51.25625000000005826 ) ) ;
#1450 = ORIENTED_EDGE ( 'NONE', *, *, #1042, .T. ) ;
#1451 = CARTESIAN_POINT ( 'NONE',  ( -6.422081758775449956, 6.422081758775310512, -42.72500000409679899 ) ) ;
#1452 = EDGE_LOOP ( 'NONE', ( #7660, #3630, #4753 ) ) ;
#1453 = CARTESIAN_POINT ( 'NONE',  ( -10.72282611913256645, 26.30892426213483759, 13.43151536055221307 ) ) ;
#1454 = DIRECTION ( 'NONE',  ( 1.000000000000000000, 3.469446951953614189E-15, 0.000000000000000000 ) ) ;
#1455 = CARTESIAN_POINT ( 'NONE',  ( 10.96999999997865949, 0.000000000000000000, -29.60000000000000142 ) ) ;
#1456 = CARTESIAN_POINT ( 'NONE',  ( -1.534474532931014994E-13, 8.270296309428900372, -44.88125000204840376 ) ) ;
#1457 = DIRECTION ( 'NONE',  ( -0.002571354084719082531, 0.000000000000000000, 0.9999966940636207946 ) ) ;
#1458 = CARTESIAN_POINT ( 'NONE',  ( 3.149999999999999911, -3.681688624940699928, 1.403128243954306020 ) ) ;
#1459 = EDGE_LOOP ( 'NONE', ( #1030, #6713, #3938 ) ) ;
#1460 = DIRECTION ( 'NONE',  ( 3.430248998885765387E-15, 0.000000000000000000, 1.000000000000000000 ) ) ;
#1461 = CARTESIAN_POINT ( 'NONE',  ( -8.270296309429081560, 1.012819190334226073E-15, -52.38125000204840376 ) ) ;
#1462 = DIRECTION ( 'NONE',  ( 3.287536593771870570E-15, 0.000000000000000000, 1.000000000000000000 ) ) ;
#1463 = CARTESIAN_POINT ( 'NONE',  ( -9.082195121929069970, 1.112248118530191819E-15, -49.85000000000000142 ) ) ;
#1464 =( GEOMETRIC_REPRESENTATION_CONTEXT ( 3 ) GLOBAL_UNCERTAINTY_ASSIGNED_CONTEXT ( ( #8251 ) ) GLOBAL_UNIT_ASSIGNED_CONTEXT ( ( #7101, #4629, #5995 ) ) REPRESENTATION_CONTEXT ( 'NONE', 'WORKASPACE' ) );
#1465 = B_SPLINE_CURVE_WITH_KNOTS ( 'NONE', 3,
 ( #6789, #6880, #1593, #913 ),
 .UNSPECIFIED., .F., .F.,
 ( 4, 4 ),
 ( 0.000000000000000000, 1.000000000000000000 ),
 .UNSPECIFIED. ) ;
#1466 = CARTESIAN_POINT ( 'NONE',  ( 6.875942351983202805, -5.451120853994573245, -52.07055532156601885 ) ) ;
#1467 = EDGE_CURVE ( 'NONE', #6683, #1320, #5544, .T. ) ;
#1468 = CIRCLE ( 'NONE', #8390, 11.00000000000000000 ) ;
#1469 = CARTESIAN_POINT ( 'NONE',  ( 3.761968395621572814, 9.082195121928897663, -41.50625000409679188 ) ) ;
#1470 = CARTESIAN_POINT ( 'NONE',  ( 3.425668896209435932, 8.270296309428895043, -49.47500000204840376 ) ) ;
#1471 = CONTEXT_DEPENDENT_SHAPE_REPRESENTATION ( #961, #6981 ) ;
#1472 = CARTESIAN_POINT ( 'NONE',  ( 11.52373063106709949, -6.016945432908640257, -36.10000000000000142 ) ) ;
#1473 = DIRECTION ( 'NONE',  ( 1.000000000000000000, 5.046468293750711404E-15, 0.000000000000000000 ) ) ;
#1474 = DIRECTION ( 'NONE',  ( 1.000000000000000000, 0.000000000000000000, -6.112085292819410516E-15 ) ) ;
#1475 = CARTESIAN_POINT ( 'NONE',  ( 11.32730072484710071, 7.344539351713819997, -30.09999999999999787 ) ) ;
#1476 = CIRCLE ( 'NONE', #2559, 0.5000000000000004441 ) ;
#1477 = CARTESIAN_POINT ( 'NONE',  ( 0.09489119943010386471, -1.490170439004971259, -3.889995368121213826 ) ) ;
#1478 = ADVANCED_FACE ( 'NONE', ( #5081 ), #7538, .T. ) ;
#1479 = ORIENTED_EDGE ( 'NONE', *, *, #7702, .F. ) ;
#1480 = CARTESIAN_POINT ( 'NONE',  ( -1.341523026743689817E-13, 8.270296309428900372, -39.25625000204845350 ) ) ;
#1481 = CARTESIAN_POINT ( 'NONE',  ( -4.650252435156420283, 7.135753957674502601, -52.09999397931601806 ) ) ;
#1482 = B_SPLINE_CURVE_WITH_KNOTS ( 'NONE', 3,
 ( #3758, #5524, #407, #6284, #5611, #6839, #6202, #366, #6926, #1099, #2572, #8358, #1301, #2617, #8398, #5127 ),
 .UNSPECIFIED., .F., .F.,
 ( 4, 2, 2, 1, 1, 1, 1, 2, 2, 4 ),
 ( 0.000000000000000000, 0.2500000000001466605, 0.3750000000002189915, 0.4375000000002552403, 0.4687500000002728928, 0.4843750000002802758, 0.4921875000002824962, 0.4960937500002816081, 0.5000000000002806644, 1.000000000000000000 ),
 .UNSPECIFIED. ) ;
#1483 = CARTESIAN_POINT ( 'NONE',  ( -9.082195121928942072, -3.761968395621818839, -39.44375000409679899 ) ) ;
#1484 = CARTESIAN_POINT ( 'NONE',  ( 2.098819471565099626, 0.1892979575742408105, 18.27224589012218203 ) ) ;
#1485 = LINE ( 'NONE', #3310, #947 ) ;
#1486 = DIRECTION ( 'NONE',  ( 3.430248998885765387E-15, -1.000000000000000000, 0.000000000000000000 ) ) ;
#1487 = AXIS2_PLACEMENT_3D ( 'NONE', #4665, #2749, #6028 ) ;
#1488 = CARTESIAN_POINT ( 'NONE',  ( -8.270296309429070902, 1.012819190334226073E-15, -47.88125000204840376 ) ) ;
#1489 = VERTEX_POINT ( 'NONE', #5257 ) ;
#1490 = CARTESIAN_POINT ( 'NONE',  ( 9.082195121928723580, 3.761968395621714034, -52.00625000000008669 ) ) ;
#1491 = EDGE_LOOP ( 'NONE', ( #2504, #8156 ) ) ;
#1492 = CARTESIAN_POINT ( 'NONE',  ( 9.082195121928752002, 0.000000000000000000, -43.28750000409684873 ) ) ;
#1493 = ADVANCED_FACE ( 'NONE', ( #5938 ), #6579, .T. ) ;
#1494 = VECTOR ( 'NONE', #3442, 1000.000000000000000 ) ;
#1495 = CARTESIAN_POINT ( 'NONE',  ( -12.46070447937583836, 24.34846543245168249, 12.42218219424864678 ) ) ;
#1496 = FACE_OUTER_BOUND ( 'NONE', #3513, .T. ) ;
#1497 = CARTESIAN_POINT ( 'NONE',  ( -11.50000000000000000, 1.323581429996620048E-14, 0.000000000000000000 ) ) ;
#1498 = AXIS2_PLACEMENT_3D ( 'NONE', #8129, #6259, #6214 ) ;
#1499 = CARTESIAN_POINT ( 'NONE',  ( -1.026227045285756923, -13.23802237947418803, -36.51576556610865509 ) ) ;
#1500 = EDGE_CURVE ( 'NONE', #7566, #7026, #100, .T. ) ;
#1501 = CYLINDRICAL_SURFACE ( 'NONE', #7938, 10.96999999997878028 ) ;
#1502 = ORIENTED_EDGE ( 'NONE', *, *, #5213, .F. ) ;
#1503 = CARTESIAN_POINT ( 'NONE',  ( -1.569351831161309789E-13, 9.082195121928901216, -45.91250000409679899 ) ) ;
#1504 = CARTESIAN_POINT ( 'NONE',  ( -8.270296309429079784, -3.425668896209603798, -52.28750000204841797 ) ) ;
#1505 = CARTESIAN_POINT ( 'NONE',  ( 8.921570627134731097E-13, 0.000000000000000000, 260.0852191789194876 ) ) ;
#1506 = CARTESIAN_POINT ( 'NONE',  ( 1.567540348012489565E-16, 3.274875685324481367, -2.107748924546053004 ) ) ;
#1507 = CIRCLE ( 'NONE', #7751, 0.5000000000000004441 ) ;
#1508 = VECTOR ( 'NONE', #7653, 1000.000000000000114 ) ;
#1509 = CARTESIAN_POINT ( 'NONE',  ( 9.082195121928769765, 0.000000000000000000, -38.78750000409684873 ) ) ;
#1510 = CARTESIAN_POINT ( 'NONE',  ( 3.425668896209446590, 8.270296309428895043, -46.47500000204842507 ) ) ;
#1511 = AXIS2_PLACEMENT_3D ( 'NONE', #4178, #2265, #906 ) ;
#1512 = CARTESIAN_POINT ( 'NONE',  ( -6.422081758775480154, 6.422081758775310512, -50.03750000000000142 ) ) ;
#1513 = AXIS2_PLACEMENT_3D ( 'NONE', #166, #123, #6081 ) ;
#1514 = ORIENTED_EDGE ( 'NONE', *, *, #1586, .F. ) ;
#1515 = LINE ( 'NONE', #6628, #3446 ) ;
#1516 = FACE_BOUND ( 'NONE', #4452, .T. ) ;
#1517 = CARTESIAN_POINT ( 'NONE',  ( -13.18554943628485532, 7.649824544270764193, 1.840159029737506780 ) ) ;
#1518 = CARTESIAN_POINT ( 'NONE',  ( -15.54417670682435038, 34.20000000000000284, 1.903612624939309878E-15 ) ) ;
#1519 = ORIENTED_EDGE ( 'NONE', *, *, #1534, .F. ) ;
#1520 = CARTESIAN_POINT ( 'NONE',  ( 8.270296309428754711, -3.425668896209614456, -41.22500000204841797 ) ) ;
#1521 = CARTESIAN_POINT ( 'NONE',  ( -6.005408094199172098, 5.915694742646114612, -52.09999880661542448 ) ) ;
#1522 = CARTESIAN_POINT ( 'NONE',  ( 3.149999999999999911, -4.491785094295289937, -6.505213034913029759E-15 ) ) ;
#1523 = CARTESIAN_POINT ( 'NONE',  ( 1.174229118596025634, 13.15334293995984183, -36.56436988994372683 ) ) ;
#1524 = CARTESIAN_POINT ( 'NONE',  ( 0.6302097735564369252, -13.25616193801972109, -29.67909308195315887 ) ) ;
#1525 = CARTESIAN_POINT ( 'NONE',  ( -5.847982602819409514, -5.847982602819249642, -44.31875000204839665 ) ) ;
#1526 = EDGE_CURVE ( 'NONE', #4853, #7404, #5326, .T. ) ;
#1527 = CARTESIAN_POINT ( 'NONE',  ( -3.425668896209776104, -8.270296309428895043, -49.10000000204843218 ) ) ;
#1528 = ORIENTED_EDGE ( 'NONE', *, *, #7764, .T. ) ;
#1529 = CARTESIAN_POINT ( 'NONE',  ( 9.082195121928723580, -3.761968395621719363, -49.19375000000008669 ) ) ;
#1530 = VERTEX_POINT ( 'NONE', #8300 ) ;
#1531 = CARTESIAN_POINT ( 'NONE',  ( 9.082195121928776871, 3.761968395621690497, -44.69375000409686294 ) ) ;
#1532 = CARTESIAN_POINT ( 'NONE',  ( -16.83464131810622177, 0.1123382363774581144, 7.215980719678488420 ) ) ;
#1533 = VERTEX_POINT ( 'NONE', #4475 ) ;
#1534 = EDGE_CURVE ( 'NONE', #4697, #5877, #8295, .T. ) ;
#1535 = CARTESIAN_POINT ( 'NONE',  ( -7.089429639068551836, 26.81635075042994387, 15.54172958359396617 ) ) ;
#1536 = CARTESIAN_POINT ( 'NONE',  ( -0.5246807554078370961, -13.25828672093851424, -29.67737509914237748 ) ) ;
#1537 = ORIENTED_EDGE ( 'NONE', *, *, #6496, .T. ) ;
#1538 = CYLINDRICAL_SURFACE ( 'NONE', #5981, 0.4999999999999996114 ) ;
#1539 = DIRECTION ( 'NONE',  ( 0.000000000000000000, 0.000000000000000000, -1.000000000000000000 ) ) ;
#1540 = VERTEX_POINT ( 'NONE', #3830 ) ;
#1541 = DIRECTION ( 'NONE',  ( 3.597944987211185140E-15, 0.000000000000000000, 1.000000000000000000 ) ) ;
#1542 = CARTESIAN_POINT ( 'NONE',  ( 8.270296309428733394, -3.425668896209614456, -47.22500000204846060 ) ) ;
#1543 = CYLINDRICAL_SURFACE ( 'NONE', #6677, 13.50000000000000000 ) ;
#1544 = CARTESIAN_POINT ( 'NONE',  ( 10.96999999997965958, 0.000000000000000000, 260.0852191789194876 ) ) ;
#1545 = B_SPLINE_CURVE_WITH_KNOTS ( 'NONE', 3,
 ( #8378, #4469, #5750, #5148, #1321, #7108, #5066, #1960, #4431, #5194, #4553, #1871, #7149, #3907, #681, #3277, #6989, #1161, #3744, #869, #1342, #3933, #5426, #7172, #1985, #66, #6584, #5347, #3458, #6539, #5942, #709, #105, #7216, #7932, #4020, #3979, #3301, #6064, #751, #1388, #5261, #4745, #832, #3383, #5899, #3421, #2664, #3343, #2705, #7849, #2024, #7339, #6663, #4619, #2788 ),
 .UNSPECIFIED., .F., .F.,
 ( 4, 2, 2, 2, 1, 1, 1, 2, 2, 2, 2, 2, 1, 1, 1, 1, 2, 2, 2, 2, 2, 1, 1, 1, 2, 2, 2, 2, 1, 1, 2, 2, 2, 4 ),
 ( 0.000000000000000000, 0.1249999999999898137, 0.1874999999999847067, 0.2187499999999821532, 0.2343749999999808487, 0.2421874999999801825, 0.2460937499999798495, 0.2480468749999797107, 0.2499999999999795441, 0.3749999999999696354, 0.4374999999999647504, 0.4687499999999623079, 0.4843749999999611422, 0.4921874999999604761, 0.4960937499999600320, 0.4980468749999598099, 0.4990234374999597544, 0.4999999999999596989, 0.5624999999999632516, 0.5937499999999651390, 0.6093749999999661382, 0.6171874999999666933, 0.6210937499999670264, 0.6230468749999672484, 0.6240234374999673594, 0.6249999999999674705, 0.6874999999999718003, 0.7187499999999739098, 0.7343749999999750200, 0.7421874999999755751, 0.7460937499999757971, 0.7499999999999760192, 0.8749999999999880096, 1.000000000000000000 ),
 .UNSPECIFIED. ) ;
#1546 = CARTESIAN_POINT ( 'NONE',  ( 9.082195121928759107, 0.000000000000000000, -40.28750000409684162 ) ) ;
#1547 = TOROIDAL_SURFACE ( 'NONE', #6311, 13.00000000000000000, 0.5000000000000000000 ) ;
#1548 = CARTESIAN_POINT ( 'NONE',  ( 5.847982602819080000, -5.847982602819249642, -48.44375000204840376 ) ) ;
#1549 = SURFACE_SIDE_STYLE ('',( #7974 ) ) ;
#1550 = ORIENTED_EDGE ( 'NONE', *, *, #2545, .F. ) ;
#1551 = FACE_OUTER_BOUND ( 'NONE', #7192, .T. ) ;
#1552 = CARTESIAN_POINT ( 'NONE',  ( 11.52373063106709949, -6.016945432908680225, -30.09999999999999787 ) ) ;
#1553 = CARTESIAN_POINT ( 'NONE',  ( -5.479859136916138240, 7.225739583630230278, -51.77509411436834341 ) ) ;
#1554 = CARTESIAN_POINT ( 'NONE',  ( 17.00422556662708473, 26.80743076213541443, -1.651371822029820136 ) ) ;
#1555 = CIRCLE ( 'NONE', #4683, 11.50000000000000000 ) ;
#1556 = EDGE_CURVE ( 'NONE', #1027, #6775, #1373, .T. ) ;
#1557 = AXIS2_PLACEMENT_3D ( 'NONE', #2093, #2735, #7290 ) ;
#1558 = CARTESIAN_POINT ( 'NONE',  ( 0.2190318617485615127, 2.245892547147644969, -3.889999999999999680 ) ) ;
#1559 = ORIENTED_EDGE ( 'NONE', *, *, #1794, .T. ) ;
#1560 = FACE_OUTER_BOUND ( 'NONE', #4333, .T. ) ;
#1561 = CARTESIAN_POINT ( 'NONE',  ( 16.98359795780908499, 21.76223072111077173, 6.369905830170096372 ) ) ;
#1562 = MECHANICAL_DESIGN_GEOMETRIC_PRESENTATION_REPRESENTATION (  '', ( #6732 ), #3329 ) ;
#1563 = B_SPLINE_CURVE_WITH_KNOTS ( 'NONE', 3,
 ( #5521, #1637, #2960, #5476, #2918, #4190, #7510, #3589, #6107, #4749, #5394, #7980, #6882, #4232, #6836, #3548, #189, #8104, #6199, #6710, #362, #1678, #4273, #7343, #1517, #2275, #3462, #4150, #272 ),
 .UNSPECIFIED., .F., .F.,
 ( 4, 2, 2, 1, 1, 2, 2, 2, 1, 2, 2, 2, 2, 2, 2, 4 ),
 ( 0.000000000000000000, 0.1250000000000006384, 0.1875000000000007216, 0.2187500000000007772, 0.2343750000000009437, 0.2421875000000012490, 0.2500000000000015543, 0.3125000000000040523, 0.3437500000000047740, 0.3593750000000047184, 0.3750000000000047184, 0.5000000000000045519, 0.6250000000000043299, 0.6875000000000038858, 0.7500000000000033307, 1.000000000000000000 ),
 .UNSPECIFIED. ) ;
#1564 = CARTESIAN_POINT ( 'NONE',  ( 2.103678623808302284, 0.2098687136628515082, 18.28694103732714993 ) ) ;
#1565 = CARTESIAN_POINT ( 'NONE',  ( -3.425668896209765890, -8.270296309428895043, -45.72500000204838244 ) ) ;
#1566 = CARTESIAN_POINT ( 'NONE',  ( 8.270296309428733394, -3.425668896209614456, -50.22500000204844639 ) ) ;
#1567 = ORIENTED_EDGE ( 'NONE', *, *, #6377, .F. ) ;
#1568 = CARTESIAN_POINT ( 'NONE',  ( -3.761968395621886785, 9.082195121928897663, -50.13125000000005116 ) ) ;
#1569 = ORIENTED_EDGE ( 'NONE', *, *, #1143, .F. ) ;
#1570 = DIRECTION ( 'NONE',  ( -0.9999966940636210166, 0.000000000000000000, -0.002571354084718395147 ) ) ;
#1571 = EDGE_CURVE ( 'NONE', #1650, #1533, #3404, .T. ) ;
#1572 = CARTESIAN_POINT ( 'NONE',  ( 3.761968395621551053, 9.082195121928899439, -47.50625000409682741 ) ) ;
#1573 = CARTESIAN_POINT ( 'NONE',  ( -11.13296714078500038, 6.823272136020140266, -29.60000000000000142 ) ) ;
#1574 = VERTEX_POINT ( 'NONE', #1840 ) ;
#1575 = CARTESIAN_POINT ( 'NONE',  ( -7.883953049256018808, 27.12576930250585150, 15.08029393705569454 ) ) ;
#1576 = CARTESIAN_POINT ( 'NONE',  ( -0.4720812600798346970, -13.07354686216430295, -29.59999999999999432 ) ) ;
#1577 = ORIENTED_EDGE ( 'NONE', *, *, #6777, .T. ) ;
#1578 = LINE ( 'NONE', #7368, #8009 ) ;
#1579 = EDGE_CURVE ( 'NONE', #1691, #7728, #4437, .T. ) ;
#1580 = B_SPLINE_CURVE_WITH_KNOTS ( 'NONE', 3,
 ( #3983, #3937, #6545, #4712, #714, #667, #2150, #7981, #154, #1477, #5865, #795 ),
 .UNSPECIFIED., .F., .F.,
 ( 4, 2, 2, 2, 2, 4 ),
 ( 0.000000000000000000, 0.2499999999999995559, 0.3749999999999994449, 0.4374999999999993339, 0.4999999999999993339, 1.000000000000000000 ),
 .UNSPECIFIED. ) ;
#1581 = ORIENTED_EDGE ( 'NONE', *, *, #1322, .F. ) ;
#1582 = CARTESIAN_POINT ( 'NONE',  ( -10.96999999997886022, 1.343437538662042052E-15, -37.60000000000000142 ) ) ;
#1583 = CARTESIAN_POINT ( 'NONE',  ( -1.547337966676835006E-13, 8.270296309428900372, -45.25625000204840376 ) ) ;
#1584 = CARTESIAN_POINT ( 'NONE',  ( -9.082195121929052206, 1.112248118530191819E-15, -42.35000000000000142 ) ) ;
#1585 = FACE_OUTER_BOUND ( 'NONE', #6786, .T. ) ;
#1586 = EDGE_CURVE ( 'NONE', #8381, #1277, #967, .T. ) ;
#1587 = CARTESIAN_POINT ( 'NONE',  ( -8.270296309429079784, -3.425668896209603798, -51.91250000204844639 ) ) ;
#1588 = EDGE_CURVE ( 'NONE', #6644, #6721, #6997, .T. ) ;
#1589 = CARTESIAN_POINT ( 'NONE',  ( -8.270296309429069126, -3.425668896209603798, -50.41250000204836823 ) ) ;
#1590 = DIRECTION ( 'NONE',  ( -1.000000000000000000, 0.000000000000000000, 0.000000000000000000 ) ) ;
#1591 = CARTESIAN_POINT ( 'NONE',  ( 10.96999999997870034, 0.000000000000000000, -23.95803989154985203 ) ) ;
#1592 = VERTEX_POINT ( 'NONE', #7320 ) ;
#1593 = CARTESIAN_POINT ( 'NONE',  ( 3.183333333333543180, -0.4158012297869150276, 3.889999999999988578 ) ) ;
#1594 = DIRECTION ( 'NONE',  ( 3.430248998885765387E-15, 0.000000000000000000, 1.000000000000000000 ) ) ;
#1595 = CARTESIAN_POINT ( 'NONE',  ( 0.1528420460101195255, 2.436993559365994599, 3.558916705675334136 ) ) ;
#1596 = ORIENTED_EDGE ( 'NONE', *, *, #7344, .F. ) ;
#1597 = CARTESIAN_POINT ( 'NONE',  ( 14.74857482065756642, 0.1466869657489374978, -10.92436233681213409 ) ) ;
#1598 = DIRECTION ( 'NONE',  ( 1.000000000000000000, 0.000000000000000000, 0.000000000000000000 ) ) ;
#1599 = CARTESIAN_POINT ( 'NONE',  ( 0.8654522417699911374, 13.33029977078908779, -36.44932857641408930 ) ) ;
#1600 = CARTESIAN_POINT ( 'NONE',  ( -11.97591216603107078, -6.169287297549326254, -36.26809041329935468 ) ) ;
#1601 = EDGE_CURVE ( 'NONE', #2213, #7058, #433, .T. ) ;
#1602 = CARTESIAN_POINT ( 'NONE',  ( -3.425668896209771663, 8.270296309428895043, -49.28750000204836823 ) ) ;
#1603 = CARTESIAN_POINT ( 'NONE',  ( -1.547337966676835006E-13, 8.270296309428900372, -45.25625000204840376 ) ) ;
#1604 = VERTEX_POINT ( 'NONE', #3476 ) ;
#1605 = CARTESIAN_POINT ( 'NONE',  ( 9.082195121928746673, 3.761968395621714034, -44.50625000000003695 ) ) ;
#1606 = ORIENTED_EDGE ( 'NONE', *, *, #7658, .F. ) ;
#1607 = CONICAL_SURFACE ( 'NONE', #6774, 2.525000000000000355, 0.7853981633974688181 ) ;
#1608 = CARTESIAN_POINT ( 'NONE',  ( -9.082195121929101944, 3.761968395621667405, -44.13125000409680609 ) ) ;
#1609 = ORIENTED_EDGE ( 'NONE', *, *, #440, .T. ) ;
#1610 = CARTESIAN_POINT ( 'NONE',  ( -3.425668896209744130, 8.270296309428895043, -40.28750000204840376 ) ) ;
#1611 = CARTESIAN_POINT ( 'NONE',  ( -16.76527861269910247, 0.06388759715320828370, 7.201546571379404682 ) ) ;
#1612 = CARTESIAN_POINT ( 'NONE',  ( 7.002412627586601879, 26.83147225537748426, 15.58188836992479587 ) ) ;
#1613 = VERTEX_POINT ( 'NONE', #7280 ) ;
#1614 = CARTESIAN_POINT ( 'NONE',  ( -6.412039777544875641, 26.35664484339167046, 15.93515046058361584 ) ) ;
#1615 = ORIENTED_EDGE ( 'NONE', *, *, #8290, .T. ) ;
#1616 = CARTESIAN_POINT ( 'NONE',  ( -12.29149843828747279, 24.49657021243198685, -12.54645384751110981 ) ) ;
#1617 = ORIENTED_EDGE ( 'NONE', *, *, #5159, .T. ) ;
#1618 = EDGE_CURVE ( 'NONE', #7775, #979, #1888, .T. ) ;
#1619 = CARTESIAN_POINT ( 'NONE',  ( 6.422081758775179949, 6.422081758775310512, -38.60000000409684873 ) ) ;
#1620 = VERTEX_POINT ( 'NONE', #7909 ) ;
#1621 = CARTESIAN_POINT ( 'NONE',  ( -2.084511992891523224, 0.1405896068292819268, -18.22881310503173324 ) ) ;
#1622 = EDGE_CURVE ( 'NONE', #3447, #7533, #3009, .T. ) ;
#1623 = CARTESIAN_POINT ( 'NONE',  ( 5.847982602819100428, -5.847982602819249642, -44.31875000204844639 ) ) ;
#1624 =( GEOMETRIC_REPRESENTATION_CONTEXT ( 3 ) GLOBAL_UNCERTAINTY_ASSIGNED_CONTEXT ( ( #592 ) ) GLOBAL_UNIT_ASSIGNED_CONTEXT ( ( #6326, #4531, #453 ) ) REPRESENTATION_CONTEXT ( 'NONE', 'WORKASPACE' ) );
#1625 = DIRECTION ( 'NONE',  ( -3.430248998885765387E-15, 1.000000000000000000, 0.000000000000000000 ) ) ;
#1626 = CARTESIAN_POINT ( 'NONE',  ( 0.1486729132436750700, 2.439202169421398114, -3.555177912629916115 ) ) ;
#1627 = AXIS2_PLACEMENT_3D ( 'NONE', #4084, #212, #2850 ) ;
#1628 = CARTESIAN_POINT ( 'NONE',  ( -1.312083156244877734E-13, 9.082195121928901216, -38.41250000409679899 ) ) ;
#1629 = CARTESIAN_POINT ( 'NONE',  ( -1.688835737880875085E-13, 8.270296309428900372, -49.38125000204840376 ) ) ;
#1630 = DIRECTION ( 'NONE',  ( 3.000602769257185084E-15, -1.000000000000000000, 0.000000000000000000 ) ) ;
#1631 = CARTESIAN_POINT ( 'NONE',  ( 1.162626781757653660, -13.21069092179178028, -36.52607879069348940 ) ) ;
#1632 = ORIENTED_EDGE ( 'NONE', *, *, #4363, .F. ) ;
#1633 = EDGE_CURVE ( 'NONE', #436, #3039, #1242, .T. ) ;
#1634 = CARTESIAN_POINT ( 'NONE',  ( 6.422081758775140869, -6.422081758775310512, -49.47500000409679899 ) ) ;
#1635 = CARTESIAN_POINT ( 'NONE',  ( -11.21900721848116866, -7.230214923565736029, -29.73999151960004284 ) ) ;
#1636 = CARTESIAN_POINT ( 'NONE',  ( 13.39605856696349306, 22.86892159466859553, -11.87885418502795609 ) ) ;
#1637 = CARTESIAN_POINT ( 'NONE',  ( -12.35993454410941261, 6.502241284747541705, 0.1322209122532000958 ) ) ;
#1638 = AXIS2_PLACEMENT_3D ( 'NONE', #730, #1247, #5882 ) ;
#1639 = VECTOR ( 'NONE', #6345, 1000.000000000000000 ) ;
#1640 = CARTESIAN_POINT ( 'NONE',  ( -1.935332801376539997E-14, 5.641960108450250644, 0.000000000000000000 ) ) ;
#1641 = VERTEX_POINT ( 'NONE', #5239 ) ;
#1642 = CARTESIAN_POINT ( 'NONE',  ( 0.2190318617485615127, -2.245892547147650298, -3.889999999999999680 ) ) ;
#1643 = CIRCLE ( 'NONE', #7083, 18.50000000000000000 ) ;
#1644 = AXIS2_PLACEMENT_3D ( 'NONE', #5155, #2474, #2606 ) ;
#1645 = DIRECTION ( 'NONE',  ( -0.7089226654466376232, 0.000000000000000000, 0.7052862216263937611 ) ) ;
#1646 = CARTESIAN_POINT ( 'NONE',  ( 2.075621574192964225, 0.1129329368161747782, 18.20175287725150426 ) ) ;
#1647 = CARTESIAN_POINT ( 'NONE',  ( -11.97615597913564400, -6.095872582744455315, -36.34118143277361668 ) ) ;
#1648 = CARTESIAN_POINT ( 'NONE',  ( -1.637382002897589987E-13, 8.270296309428900372, -47.88125000204840376 ) ) ;
#1649 = CARTESIAN_POINT ( 'NONE',  ( -5.847982602819409514, 5.847982602819249642, -46.56875000204840376 ) ) ;
#1650 = VERTEX_POINT ( 'NONE', #2083 ) ;
#1651 = CARTESIAN_POINT ( 'NONE',  ( -3.761968395621870354, 9.082195121928897663, -45.63124999999998010 ) ) ;
#1652 = ORIENTED_EDGE ( 'NONE', *, *, #8384, .T. ) ;
#1653 = CARTESIAN_POINT ( 'NONE',  ( 0.6969072952551719213, -13.48199985988090077, -30.09999999999999787 ) ) ;
#1654 = EDGE_CURVE ( 'NONE', #5578, #736, #5727, .T. ) ;
#1655 = ORIENTED_EDGE ( 'NONE', *, *, #8266, .F. ) ;
#1656 = CARTESIAN_POINT ( 'NONE',  ( -8.270296309429069126, -3.425668896209603798, -49.28750000204836823 ) ) ;
#1657 = CARTESIAN_POINT ( 'NONE',  ( 0.07772598541957588536, 4.022383984689512637, -0.8133064905449400861 ) ) ;
#1658 = CARTESIAN_POINT ( 'NONE',  ( 9.190165667868182453, 27.10667345727112476, 14.32640310671111905 ) ) ;
#1659 = ORIENTED_EDGE ( 'NONE', *, *, #6016, .F. ) ;
#1660 = LINE ( 'NONE', #4251, #4542 ) ;
#1661 = EDGE_LOOP ( 'NONE', ( #2944, #2260, #7881, #4581 ) ) ;
#1662 = CARTESIAN_POINT ( 'NONE',  ( -10.30903449813902562, 26.57035294814975401, -13.68423921953132805 ) ) ;
#1663 = VERTEX_POINT ( 'NONE', #4080 ) ;
#1664 = EDGE_CURVE ( 'NONE', #1974, #2834, #6347, .T. ) ;
#1665 = ORIENTED_EDGE ( 'NONE', *, *, #4477, .T. ) ;
#1666 = CARTESIAN_POINT ( 'NONE',  ( -2.023273945233412086, 0.02065269088521836174, -18.04330532056390624 ) ) ;
#1667 = CARTESIAN_POINT ( 'NONE',  ( 8.270296309428749382, 0.000000000000000000, -44.13125000204844639 ) ) ;
#1668 = CARTESIAN_POINT ( 'NONE',  ( 0.04009732523905942814, 3.835446108975429258, 1.137008898577615890 ) ) ;
#1669 = DIRECTION ( 'NONE',  ( 1.000000000000000000, 3.430248998885765387E-15, 0.000000000000000000 ) ) ;
#1670 = EDGE_CURVE ( 'NONE', #2752, #6707, #6135, .T. ) ;
#1671 = CARTESIAN_POINT ( 'NONE',  ( -5.847982602819429943, 5.847982602819249642, -50.69375000204840376 ) ) ;
#1672 = CARTESIAN_POINT ( 'NONE',  ( 16.98117996039124833, -478.0496043183500205, 7.340948654830680375 ) ) ;
#1673 = CARTESIAN_POINT ( 'NONE',  ( -16.57494520410450178, 8.599999999999999645, -0.04262019395420749840 ) ) ;
#1674 = VERTEX_POINT ( 'NONE', #2165 ) ;
#1675 = DIRECTION ( 'NONE',  ( 3.430248998885765387E-15, 0.000000000000000000, 1.000000000000000000 ) ) ;
#1676 = DIRECTION ( 'NONE',  ( 3.313702914957640589E-15, 0.000000000000000000, 1.000000000000000000 ) ) ;
#1677 = CARTESIAN_POINT ( 'NONE',  ( 10.71986739993264059, 26.31134169569666525, -13.43323373845192492 ) ) ;
#1678 = CARTESIAN_POINT ( 'NONE',  ( -13.04287247744149525, 7.307862905378382123, 1.627629926086806345 ) ) ;
#1679 =( BOUNDED_CURVE ( )  B_SPLINE_CURVE ( 2, ( #2144, #3627, #6875, #5389, #307, #4744, #4870, #6830, #6705 ),
 .UNSPECIFIED., .F., .F. ) 
 B_SPLINE_CURVE_WITH_KNOTS ( ( 3, 2, 2, 2, 3 ),
 ( 0.8000000000000000444, 0.8125000000000000000, 0.8249999999999999556, 0.8375000000000000222, 0.8499999999999999778 ),
 .UNSPECIFIED. ) 
 CURVE ( )  GEOMETRIC_REPRESENTATION_ITEM ( )  RATIONAL_B_SPLINE_CURVE ( ( 1.000000000000000000, 0.9238795325112869605, 1.000000000000000000, 0.9238795325112869605, 1.000000000000000000, 0.9238795325112869605, 1.000000000000000000, 0.9238795325112839629, 1.000000000000000000 ) ) 
 REPRESENTATION_ITEM ( '' )  );
#1680 = DIRECTION ( 'NONE',  ( -0.003929182435834711884, 0.9999922807328993635, 1.347807411696156791E-17 ) ) ;
#1681 = CARTESIAN_POINT ( 'NONE',  ( 6.422081758775160409, -6.422081758775310512, -41.97500000409684873 ) ) ;
#1682 = AXIS2_PLACEMENT_3D ( 'NONE', #7508, #1676, #270 ) ;
#1683 = AXIS2_PLACEMENT_3D ( 'NONE', #1010, #5438, #1685 ) ;
#1684 = EDGE_CURVE ( 'NONE', #1148, #7952, #2055, .T. ) ;
#1685 = DIRECTION ( 'NONE',  ( 0.000000000000000000, 1.000000000000000000, 0.000000000000000000 ) ) ;
#1686 = CYLINDRICAL_SURFACE ( 'NONE', #6951, 4.299999999999844391 ) ;
#1687 = CARTESIAN_POINT ( 'NONE',  ( -11.97609386265226483, -6.114805389438318528, -36.32468851851091785 ) ) ;
#1688 = CARTESIAN_POINT ( 'NONE',  ( -8.270296309429060244, 1.012819190334226073E-15, -46.00625000204840376 ) ) ;
#1689 = CIRCLE ( 'NONE', #6862, 13.48383344964349995 ) ;
#1690 = CARTESIAN_POINT ( 'NONE',  ( -8.270296309429049586, 1.012819190334226073E-15, -43.38125000204840376 ) ) ;
#1691 = VERTEX_POINT ( 'NONE', #2806 ) ;
#1692 = CARTESIAN_POINT ( 'NONE',  ( 9.082195121928730686, 0.000000000000000000, -49.09999999999999432 ) ) ;
#1693 = EDGE_LOOP ( 'NONE', ( #6262, #194, #6850, #8262, #5836, #7408, #3656, #640, #8297, #1 ) ) ;
#1694 = AXIS2_PLACEMENT_3D ( 'NONE', #4776, #7371, #255 ) ;
#1695 = DIRECTION ( 'NONE',  ( 0.000000000000000000, -1.000000000000000000, 0.000000000000000000 ) ) ;
#1696 = CIRCLE ( 'NONE', #8283, 3.939999999999999947 ) ;
#1697 = ORIENTED_EDGE ( 'NONE', *, *, #6973, .F. ) ;
#1698 = CARTESIAN_POINT ( 'NONE',  ( -3.425668896209744130, -8.270296309428895043, -39.72500000204839665 ) ) ;
#1699 = CARTESIAN_POINT ( 'NONE',  ( -3.794597690548329674E-14, 11.06503324295825941, 0.000000000000000000 ) ) ;
#1700 = CARTESIAN_POINT ( 'NONE',  ( 9.082195121929791171, 0.000000000000000000, 260.0852191789194876 ) ) ;
#1701 = DIRECTION ( 'NONE',  ( -1.000000000000000000, -1.224646799147349509E-16, 0.000000000000000000 ) ) ;
#1702 = ADVANCED_FACE ( 'NONE', ( #5920 ), #693, .F. ) ;
#1703 = DIRECTION ( 'NONE',  ( 3.430248998885765387E-15, 0.000000000000000000, 1.000000000000000000 ) ) ;
#1704 = VERTEX_POINT ( 'NONE', #5409 ) ;
#1705 = FACE_OUTER_BOUND ( 'NONE', #1235, .T. ) ;
#1706 = VERTEX_POINT ( 'NONE', #2683 ) ;
#1707 = CARTESIAN_POINT ( 'NONE',  ( -2.969259000606114807, 21.75014437970112269, -17.89664937830766078 ) ) ;
#1708 = ORIENTED_EDGE ( 'NONE', *, *, #4018, .T. ) ;
#1709 = AXIS2_PLACEMENT_3D ( 'NONE', #6419, #7606, #3022 ) ;
#1710 = ORIENTED_EDGE ( 'NONE', *, *, #8229, .T. ) ;
#1711 = EDGE_CURVE ( 'NONE', #1106, #7112, #7450, .T. ) ;
#1712 = CARTESIAN_POINT ( 'NONE',  ( -1.238319888597766067E-13, 0.000000000000000000, -36.10000000000000142 ) ) ;
#1713 = CARTESIAN_POINT ( 'NONE',  ( 3.425668896209458136, 8.270296309428905701, -43.85000000204843928 ) ) ;
#1714 = DIRECTION ( 'NONE',  ( -3.430248998885765387E-15, 1.000000000000000000, 0.000000000000000000 ) ) ;
#1715 = FACE_OUTER_BOUND ( 'NONE', #3984, .T. ) ;
#1716 = CARTESIAN_POINT ( 'NONE',  ( -3.425668896209776548, -8.270296309428895043, -48.72500000204836113 ) ) ;
#1717 = DIRECTION ( 'NONE',  ( -1.000000000000000000, -3.430248998885765387E-15, 0.000000000000000000 ) ) ;
#1718 = CARTESIAN_POINT ( 'NONE',  ( 1.196805585044649067, -13.19082815773483297, -36.53612462124397808 ) ) ;
#1719 = ORIENTED_EDGE ( 'NONE', *, *, #4435, .T. ) ;
#1720 = CARTESIAN_POINT ( 'NONE',  ( -0.6969072952571343516, 13.48199985988049221, -30.03706812706312945 ) ) ;
#1721 = CARTESIAN_POINT ( 'NONE',  ( 11.41666666666663943, 6.134966757041840246, 0.000000000000000000 ) ) ;
#1722 = CARTESIAN_POINT ( 'NONE',  ( 16.64022733633521867, 0.02146881011652191154, 7.269200330307652003 ) ) ;
#1723 = LINE ( 'NONE', #5726, #5365 ) ;
#1724 = EDGE_CURVE ( 'NONE', #4987, #6775, #555, .T. ) ;
#1725 = DIRECTION ( 'NONE',  ( -0.9999966940636210166, 0.000000000000000000, -0.002571354084719085133 ) ) ;
#1726 = CARTESIAN_POINT ( 'NONE',  ( 9.082195121928759107, -3.761968395621724692, -41.88125000409686294 ) ) ;
#1727 = AXIS2_PLACEMENT_3D ( 'NONE', #3855, #6462, #5826 ) ;
#1728 = DIRECTION ( 'NONE',  ( 0.000000000000000000, -1.000000000000000000, 0.000000000000000000 ) ) ;
#1729 = PLANE ( 'NONE',  #7698 ) ;
#1730 = CARTESIAN_POINT ( 'NONE',  ( -11.97736855084126084, -5.784758431145821334, -36.49929230471880004 ) ) ;
#1731 = CARTESIAN_POINT ( 'NONE',  ( 3.425668896209468350, 8.270296309428895043, -40.47500000204843218 ) ) ;
#1732 = CARTESIAN_POINT ( 'NONE',  ( -5.847982602819409514, -5.847982602819249642, -44.69375000204840376 ) ) ;
#1733 = EDGE_LOOP ( 'NONE', ( #4668, #6983, #2435, #4329 ) ) ;
#1734 = CARTESIAN_POINT ( 'NONE',  ( -1.511466379164584983E-13, 9.082195121928901216, -44.22500000000000142 ) ) ;
#1735 = ORIENTED_EDGE ( 'NONE', *, *, #3652, .T. ) ;
#1736 = EDGE_CURVE ( 'NONE', #6775, #3747, #2246, .T. ) ;
#1737 = CYLINDRICAL_SURFACE ( 'NONE', #149, 10.96999999997873942 ) ;
#1738 = VERTEX_POINT ( 'NONE', #4201 ) ;
#1739 = CARTESIAN_POINT ( 'NONE',  ( -4.135148154715476920, 7.162286700789596949, -38.75552362291693953 ) ) ;
#1740 = DIRECTION ( 'NONE',  ( 1.000000000000000000, 5.046468293750711404E-15, 0.000000000000000000 ) ) ;
#1741 = CARTESIAN_POINT ( 'NONE',  ( -13.33022253209290042, 8.600000000016089885, -2.134283777964490536 ) ) ;
#1742 = CARTESIAN_POINT ( 'NONE',  ( 3.795440906694615979, 23.22031054796213212, 17.42249506551252125 ) ) ;
#1743 = B_SPLINE_CURVE_WITH_KNOTS ( 'NONE', 3,
 ( #4261, #1506, #8135, #2222, #8095, #4824, #3452, #2180, #4781, #7415, #1626, #3491 ),
 .UNSPECIFIED., .F., .F.,
 ( 4, 2, 2, 2, 2, 4 ),
 ( 0.000000000000000000, 0.2500000000000009437, 0.3750000000000011657, 0.4375000000000013323, 0.5000000000000014433, 1.000000000000000000 ),
 .UNSPECIFIED. ) ;
#1744 = DIRECTION ( 'NONE',  ( -0.002571354084718225144, -8.820384774885506850E-18, 0.9999966940636209056 ) ) ;
#1745 = AXIS2_PLACEMENT_3D ( 'NONE', #3388, #5990, #2751 ) ;
#1746 = ORIENTED_EDGE ( 'NONE', *, *, #7504, .T. ) ;
#1747 = DIRECTION ( 'NONE',  ( -3.430248998885765387E-15, 1.000000000000000000, 0.000000000000000000 ) ) ;
#1748 = EDGE_LOOP ( 'NONE', ( #1210, #2057, #3522 ) ) ;
#1749 = CARTESIAN_POINT ( 'NONE',  ( -9.258071782059511534, 27.08722623836567323, -14.28743377755339239 ) ) ;
#1750 = ORIENTED_EDGE ( 'NONE', *, *, #6446, .F. ) ;
#1751 = EDGE_LOOP ( 'NONE', ( #8329, #7869, #2123, #4203 ) ) ;
#1752 = CARTESIAN_POINT ( 'NONE',  ( -9.082195121928011261, 1.112248118530191819E-15, 260.0852191789194876 ) ) ;
#1753 = CARTESIAN_POINT ( 'NONE',  ( -8.270296309429046033, -3.425668896209603798, -41.78750000204837534 ) ) ;
#1754 = CARTESIAN_POINT ( 'NONE',  ( 0.2190318617485615127, 4.491785094295289937, 2.168404344971009854E-16 ) ) ;
#1755 = CARTESIAN_POINT ( 'NONE',  ( 8.921570627134731097E-13, 0.000000000000000000, 260.0852191789194876 ) ) ;
#1756 = EDGE_CURVE ( 'NONE', #2655, #7404, #2734, .T. ) ;
#1757 = CARTESIAN_POINT ( 'NONE',  ( -3.425668896209771219, 8.270296309428895043, -47.78750000204840376 ) ) ;
#1758 = AXIS2_PLACEMENT_3D ( 'NONE', #7691, #5742, #6338 ) ;
#1759 = CARTESIAN_POINT ( 'NONE',  ( -1.499018812513081944E-13, 30.64999999999999858, 0.000000000000000000 ) ) ;
#1760 = VERTEX_POINT ( 'NONE', #8198 ) ;
#1761 = CARTESIAN_POINT ( 'NONE',  ( -1.289773623581051922E-13, 0.000000000000000000, -37.60000000000000142 ) ) ;
#1762 = CARTESIAN_POINT ( 'NONE',  ( 8.363791870226538805, 27.20736738594205306, -14.80160357901953105 ) ) ;
#1763 = CARTESIAN_POINT ( 'NONE',  ( -17.00595961204360762, 26.43554252717484232, 2.298100841236048630 ) ) ;
#1764 = CARTESIAN_POINT ( 'NONE',  ( 0.08326925914944371954, 1.353958461846472394, -3.890119375429966553 ) ) ;
#1765 = AXIS2_PLACEMENT_3D ( 'NONE', #1127, #4347, #2470 ) ;
#1766 = CARTESIAN_POINT ( 'NONE',  ( 0.5544238080547380099, 13.36058500864135290, -29.76581262701813202 ) ) ;
#1767 = B_SPLINE_CURVE_WITH_KNOTS ( 'NONE', 3,
 ( #2757, #2800, #5230, #3469, #6676, #7313, #1444, #1401, #6075, #4031, #7902, #5996, #6037, #843, #1995, #200 ),
 .UNSPECIFIED., .F., .F.,
 ( 4, 2, 2, 1, 1, 2, 2, 2, 4 ),
 ( 0.000000000000000000, 0.2499999999999678035, 0.3749999999999515943, 0.4374999999999432676, 0.4687499999999430456, 0.4843749999999429345, 0.4999999999999428235, 0.7499999999999713562, 1.000000000000000000 ),
 .UNSPECIFIED. ) ;
#1768 = CARTESIAN_POINT ( 'NONE',  ( -6.422081758775489924, 6.422081758775310512, -51.72500000409679899 ) ) ;
#1769 = CARTESIAN_POINT ( 'NONE',  ( 10.97000000000000064, 0.000000000000000000, -18.04196010844664855 ) ) ;
#1770 = DIRECTION ( 'NONE',  ( 0.000000000000000000, 0.000000000000000000, 1.000000000000000000 ) ) ;
#1771 = CARTESIAN_POINT ( 'NONE',  ( 3.425668896209474124, 8.270296309428895043, -38.97500000204841797 ) ) ;
#1772 = CARTESIAN_POINT ( 'NONE',  ( 5.847982602819100428, 5.847982602819249642, -43.94375000204844639 ) ) ;
#1773 = AXIS2_PLACEMENT_3D ( 'NONE', #2556, #1837, #685 ) ;
#1774 = ORIENTED_EDGE ( 'NONE', *, *, #7835, .T. ) ;
#1775 = CARTESIAN_POINT ( 'NONE',  ( -1.460012644181295846E-13, 9.082195121928901216, -42.72500000000000142 ) ) ;
#1776 = AXIS2_PLACEMENT_3D ( 'NONE', #6876, #267, #4185 ) ;
#1777 = CARTESIAN_POINT ( 'NONE',  ( -11.46999999997886022, 1.404669878619410021E-15, -37.10000000000000142 ) ) ;
#1778 = AXIS2_PLACEMENT_3D ( 'NONE', #1101, #5007, #3126 ) ;
#1779 = EDGE_LOOP ( 'NONE', ( #7996, #7322, #3712, #4786 ) ) ;
#1780 = CARTESIAN_POINT ( 'NONE',  ( 8.270296309428720960, 0.000000000000000000, -53.13125000204849613 ) ) ;
#1782 = CIRCLE ( 'NONE', #6540, 0.5000000000000002220 ) ;
#1781 = CARTESIAN_POINT ( 'NONE',  ( 11.23870485623232085, -7.340987558410946079, -36.36853519508672150 ) ) ;
#1783 = AXIS2_PLACEMENT_3D ( 'NONE', #8256, #4436, #7034 ) ;
#1784 = CIRCLE ( 'NONE', #2457, 10.96999999997873942 ) ;
#1785 = CARTESIAN_POINT ( 'NONE',  ( 0.6228078899134644741, -13.23078930495529093, -29.66329245521235336 ) ) ;
#1786 = ADVANCED_FACE ( 'NONE', ( #2371 ), #1737, .T. ) ;
#1787 = CARTESIAN_POINT ( 'NONE',  ( -0.5814068906839141571, -8.385676126927895879, -52.09993406611179267 ) ) ;
#1788 = ORIENTED_EDGE ( 'NONE', *, *, #1601, .F. ) ;
#1789 = CARTESIAN_POINT ( 'NONE',  ( 2.180260943848046029, 0.1467623611331957401, -18.22392409841689087 ) ) ;
#1790 = ORIENTED_EDGE ( 'NONE', *, *, #2175, .F. ) ;
#1791 = CARTESIAN_POINT ( 'NONE',  ( -12.26393870602476177, 24.53483689693182512, -12.56227104064596922 ) ) ;
#1792 = VERTEX_POINT ( 'NONE', #1063 ) ;
#1793 = CARTESIAN_POINT ( 'NONE',  ( 3.761968395621545724, 9.082195121928899439, -50.50625000409687004 ) ) ;
#1794 = EDGE_CURVE ( 'NONE', #5708, #4680, #4499, .T. ) ;
#1795 = ORIENTED_EDGE ( 'NONE', *, *, #6426, .T. ) ;
#1796 = ORIENTED_EDGE ( 'NONE', *, *, #5107, .T. ) ;
#1797 = CARTESIAN_POINT ( 'NONE',  ( -2.074002104852850081, 0.1114193722181554130, -18.19710329611271860 ) ) ;
#1798 = CARTESIAN_POINT ( 'NONE',  ( -1.238319888597766067E-13, 0.000000000000000000, -36.10000000000000142 ) ) ;
#1799 = CARTESIAN_POINT ( 'NONE',  ( -12.35683807978206161, 10.69975961130180053, -1.053396789941700023E-10 ) ) ;
#1800 = DIRECTION ( 'NONE',  ( -0.4965933685609145165, -0.8679833099209476321, 0.000000000000000000 ) ) ;
#1801 = CARTESIAN_POINT ( 'NONE',  ( -8.270296309429058468, 3.425668896209609571, -47.60000000204841797 ) ) ;
#1802 = CARTESIAN_POINT ( 'NONE',  ( -1.173145157618936088E-13, 34.20000000000000284, 0.000000000000000000 ) ) ;
#1803 = ORIENTED_EDGE ( 'NONE', *, *, #6483, .T. ) ;
#1804 = DIRECTION ( 'NONE',  ( -3.202566417187980019E-15, 0.000000000000000000, -1.000000000000000000 ) ) ;
#1805 = CARTESIAN_POINT ( 'NONE',  ( 7.744244715239582355, 27.08722623837099519, -15.16144224208841962 ) ) ;
#1806 = CARTESIAN_POINT ( 'NONE',  ( 17.01622162879101552, 21.83205607936728043, -6.286716536253508458 ) ) ;
#1807 = CARTESIAN_POINT ( 'NONE',  ( -12.35365009570194417, 10.70181964625640880, -0.1361288615957968462 ) ) ;
#1808 = CARTESIAN_POINT ( 'NONE',  ( 0.07772598541941935779, -2.715536074219661700, -3.076833469243553942 ) ) ;
#1809 = CARTESIAN_POINT ( 'NONE',  ( -6.422081758775489924, -6.422081758775310512, -51.35000000409679899 ) ) ;
#1810 = CARTESIAN_POINT ( 'NONE',  ( 10.29903697233519999, 7.932832876247100096, -36.60000000000000142 ) ) ;
#1811 =( NAMED_UNIT ( * ) PLANE_ANGLE_UNIT ( ) SI_UNIT ( $, .RADIAN. ) );
#1812 = CARTESIAN_POINT ( 'NONE',  ( -3.425668896209744130, 8.270296309428895043, -40.28750000204840376 ) ) ;
#1813 = DIRECTION ( 'NONE',  ( 0.000000000000000000, 0.000000000000000000, -1.000000000000000000 ) ) ;
#1814 = EDGE_CURVE ( 'NONE', #1974, #6689, #6687, .T. ) ;
#1815 = ORIENTED_EDGE ( 'NONE', *, *, #1618, .F. ) ;
#1816 = CARTESIAN_POINT ( 'NONE',  ( 6.422081758775160409, -6.422081758775310512, -41.78750000000000142 ) ) ;
#1817 = DIRECTION ( 'NONE',  ( -3.318601432303480613E-15, 1.000000000000000000, 0.000000000000000000 ) ) ;
#1818 = VERTEX_POINT ( 'NONE', #418 ) ;
#1819 = CARTESIAN_POINT ( 'NONE',  ( -5.847982602819420173, 5.847982602819249642, -49.56875000204840376 ) ) ;
#1820 = CARTESIAN_POINT ( 'NONE',  ( -9.082195121929059312, 1.112248118530191819E-15, -46.85000000000000142 ) ) ;
#1821 = CIRCLE ( 'NONE', #472, 13.50000000000000000 ) ;
#1822 = CARTESIAN_POINT ( 'NONE',  ( -1.015353703670189902E-13, 0.000000000000000000, -29.60000000000000142 ) ) ;
#1823 = CARTESIAN_POINT ( 'NONE',  ( -14.51004674115404924, -5.059963068660375073E-15, -10.79457558177232457 ) ) ;
#1824 = DIRECTION ( 'NONE',  ( 0.000000000000000000, 0.4999999999999998890, -0.8660254037844387076 ) ) ;
#1825 = CIRCLE ( 'NONE', #7255, 0.5000000000000004441 ) ;
#1826 = VERTEX_POINT ( 'NONE', #5447 ) ;
#1827 = CARTESIAN_POINT ( 'NONE',  ( -3.069768328173958949, 21.84545349365100719, 17.87628771330205524 ) ) ;
#1828 = VERTEX_POINT ( 'NONE', #5534 ) ;
#1829 = CARTESIAN_POINT ( 'NONE',  ( -1.367386889983329690, 8.809473991861080933, -51.97326994109847931 ) ) ;
#1830 = VERTEX_POINT ( 'NONE', #8117 ) ;
#1831 = AXIS2_PLACEMENT_3D ( 'NONE', #2613, #5809, #7758 ) ;
#1832 = EDGE_CURVE ( 'NONE', #4590, #3869, #4332, .T. ) ;
#1833 = CARTESIAN_POINT ( 'NONE',  ( 16.99147725097246919, 25.70185481122342708, 3.325478632193916262 ) ) ;
#1834 = VECTOR ( 'NONE', #2826, 1000.000000000000000 ) ;
#1835 = ORIENTED_EDGE ( 'NONE', *, *, #3910, .T. ) ;
#1836 = VERTEX_POINT ( 'NONE', #4245 ) ;
#1837 = DIRECTION ( 'NONE',  ( 3.469446951953645349E-15, -3.481477601130805235E-32, 1.000000000000000000 ) ) ;
#1838 = CYLINDRICAL_SURFACE ( 'NONE', #551, 11.00000000000000000 ) ;
#1839 = EDGE_CURVE ( 'NONE', #1818, #5834, #2290, .T. ) ;
#1840 = CARTESIAN_POINT ( 'NONE',  ( 11.97608796615601889, 6.109281220152680270, -30.09999999999999787 ) ) ;
#1841 = CARTESIAN_POINT ( 'NONE',  ( 0.2190318617485615127, -4.491785094295289937, -5.421010862427519803E-15 ) ) ;
#1842 = CARTESIAN_POINT ( 'NONE',  ( -8.270296309429058468, -3.425668896209603798, -47.41250000204837534 ) ) ;
#1843 = EDGE_LOOP ( 'NONE', ( #580, #941, #164, #7054, #6177, #1035, #5711, #5584, #1976, #1615 ) ) ;
#1844 = CARTESIAN_POINT ( 'NONE',  ( -10.96999999997886022, 0.000000000000000000, -25.50000000000000000 ) ) ;
#1845 = CARTESIAN_POINT ( 'NONE',  ( 16.98117996039129807, 0.4376547363725698525, 7.340948654830691922 ) ) ;
#1846 = CARTESIAN_POINT ( 'NONE',  ( -6.188841559993619373E-14, 0.000000000000000000, -18.04196010844660236 ) ) ;
#1847 = CARTESIAN_POINT ( 'NONE',  ( -12.53085500091565763, 10.55673792881200512, -0.7946496373524349899 ) ) ;
#1848 = EDGE_CURVE ( 'NONE', #7107, #2256, #3646, .T. ) ;
#1849 = CARTESIAN_POINT ( 'NONE',  ( 9.082195121928759107, -3.761968395621724692, -43.38125000409683452 ) ) ;
#1850 = B_SPLINE_CURVE_WITH_KNOTS ( 'NONE', 3,
 ( #2726, #6768, #6048, #6648, #6814, #3479, #5453, #2085, #1495, #211, #7446, #3364, #8083, #6731, #6691, #5965, #7958, #2810, #4687, #2211, #7997, #4809, #2128, #1453, #2168, #7365, #250, #6085, #4083, #812, #4769, #5412, #3403, #5370, #4727, #3521, #7405, #2253, #1575, #854, #938, #6010, #169, #294, #1535, #4125, #2895, #5496, #4854, #2766, #1614, #5330, #7323, #8167, #2983, #6341, #3065, #6302, #4427, #3566, #3740, #6218, #8247, #3026, #5021, #1827, #5667 ),
 .UNSPECIFIED., .F., .F.,
 ( 4, 2, 2, 1, 1, 1, 1, 1, 2, 2, 2, 1, 1, 1, 1, 1, 2, 2, 2, 2, 1, 1, 2, 2, 2, 2, 2, 1, 1, 2, 1, 1, 1, 1, 2, 2, 2, 1, 1, 1, 1, 1, 2, 2, 4 ),
 ( 0.000000000000000000, 0.1250000000000551781, 0.1875000000000827949, 0.2187500000000967837, 0.2343750000001040834, 0.2421875000001077194, 0.2460937500001092737, 0.2480468750001100231, 0.2490234375001101619, 0.2500000000001103007, 0.3125000000001265099, 0.3437500000001343925, 0.3593750000001381117, 0.3671875000001399436, 0.3710937500001409428, 0.3730468750001413869, 0.3740234375001415534, 0.3750000000001417200, 0.4375000000001492140, 0.4687500000001528222, 0.4843750000001545986, 0.4921875000001554312, 0.4960937500001558753, 0.5000000000001563194, 0.5312500000001598721, 0.5390625000001606493, 0.5429687500001612044, 0.5468750000001616485, 0.5625000000001638689, 0.5937500000001680878, 0.6093750000001701972, 0.6171875000001711964, 0.6210937500001717515, 0.6230468750001720846, 0.6240234375001721956, 0.6250000000001723066, 0.6875000000001586509, 0.7187500000001521006, 0.7343750000001486589, 0.7421875000001471046, 0.7460937500001461054, 0.7480468750001456613, 0.7490234375001454392, 0.7500000000001452172, 1.000000000000000000 ),
 .UNSPECIFIED. ) ;
#1851 = CARTESIAN_POINT ( 'NONE',  ( -3.761968395621892114, -9.082195121928897663, -49.75625000409684162 ) ) ;
#1852 = CARTESIAN_POINT ( 'NONE',  ( -2.133141957238809727, -478.0496043183500205, -18.37660755934724932 ) ) ;
#1853 = APPLICATION_PROTOCOL_DEFINITION ( 'draft international standard', 'automotive_design', 1998, #7913 ) ;
#1854 = CARTESIAN_POINT ( 'NONE',  ( 5.847982602819110198, -5.847982602819249642, -42.44375000204845350 ) ) ;
#1855 = DIRECTION ( 'NONE',  ( 1.000000000000000000, 0.000000000000000000, 0.000000000000000000 ) ) ;
#1856 = ORIENTED_EDGE ( 'NONE', *, *, #6100, .T. ) ;
#1857 = CARTESIAN_POINT ( 'NONE',  ( -6.422081758775449956, 6.422081758775310512, -41.03749999999999432 ) ) ;
#1858 = CIRCLE ( 'NONE', #1727, 9.500000000000000000 ) ;
#1859 = CARTESIAN_POINT ( 'NONE',  ( -14.50741434793464002, -3.006690990700314791E-16, 10.65527704648447838 ) ) ;
#1860 = ORIENTED_EDGE ( 'NONE', *, *, #6681, .T. ) ;
#1861 = CARTESIAN_POINT ( 'NONE',  ( -5.847982602819409514, 5.847982602819249642, -46.56875000204840376 ) ) ;
#1862 = CARTESIAN_POINT ( 'NONE',  ( -12.93627631878650774, 7.137295074601275324, -1.540499891186209114 ) ) ;
#1863 = CARTESIAN_POINT ( 'NONE',  ( 12.26393870601965830, 24.53483689694014913, 12.56227104064838684 ) ) ;
#1864 = LINE ( 'NONE', #6465, #7279 ) ;
#1865 = ORIENTED_EDGE ( 'NONE', *, *, #562, .T. ) ;
#1866 = CYLINDRICAL_SURFACE ( 'NONE', #3854, 10.97000000000000064 ) ;
#1867 = VERTEX_POINT ( 'NONE', #8035 ) ;
#1868 = CARTESIAN_POINT ( 'NONE',  ( -1.241256625462000773, 8.662108948018216736, -52.07078976341458798 ) ) ;
#1869 = CIRCLE ( 'NONE', #8385, 13.00000000000000000 ) ;
#1870 = ORIENTED_EDGE ( 'NONE', *, *, #1556, .T. ) ;
#1871 = CARTESIAN_POINT ( 'NONE',  ( -0.04053785094944625800, 9.068445094704292941, -51.71609749219388874 ) ) ;
#1872 = EDGE_LOOP ( 'NONE', ( #3129, #6896, #2210, #4818 ) ) ;
#1873 = TOROIDAL_SURFACE ( 'NONE', #2964, 13.00000000000000000, 0.5000000000000000000 ) ;
#1874 = EDGE_CURVE ( 'NONE', #1530, #8327, #8170, .T. ) ;
#1875 = ORIENTED_EDGE ( 'NONE', *, *, #1096, .T. ) ;
#1876 = VERTEX_POINT ( 'NONE', #4805 ) ;
#1877 = CYLINDRICAL_SURFACE ( 'NONE', #5714, 9.500000000000000000 ) ;
#1878 = CYLINDRICAL_SURFACE ( 'NONE', #8417, 9.082195121928901216 ) ;
#1879 = CIRCLE ( 'NONE', #2419, 11.41666666666661989 ) ;
#1880 = CARTESIAN_POINT ( 'NONE',  ( -12.68012478630516604, 10.41318055439832158, 1.029473137706965691 ) ) ;
#1881 = CARTESIAN_POINT ( 'NONE',  ( 0.04853886739464980532, -3.882821151775841528, -1.055094877771835193 ) ) ;
#1882 = AXIS2_PLACEMENT_3D ( 'NONE', #6666, #7304, #1474 ) ;
#1883 = CARTESIAN_POINT ( 'NONE',  ( 5.847982602819110198, -5.847982602819249642, -40.94375000204845350 ) ) ;
#1884 = EDGE_CURVE ( 'NONE', #8107, #6707, #4503, .T. ) ;
#1885 = ORIENTED_EDGE ( 'NONE', *, *, #3800, .F. ) ;
#1886 = CARTESIAN_POINT ( 'NONE',  ( 0.01928145117932759597, -0.7413581471535839462, 3.889995181807823776 ) ) ;
#1887 = ORIENTED_EDGE ( 'NONE', *, *, #4696, .F. ) ;
#1888 =( BOUNDED_CURVE ( )  B_SPLINE_CURVE ( 2, ( #1492, #5962, #3955, #5327, #4726, #6607, #1451, #2722, #5366 ),
 .UNSPECIFIED., .F., .F. ) 
 B_SPLINE_CURVE_WITH_KNOTS ( ( 3, 2, 2, 2, 3 ),
 ( 0.5999999999999999778, 0.6125000000000000444, 0.6250000000000000000, 0.6374999999999999556, 0.6500000000000000222 ),
 .UNSPECIFIED. ) 
 CURVE ( )  GEOMETRIC_REPRESENTATION_ITEM ( )  RATIONAL_B_SPLINE_CURVE ( ( 1.000000000000000000, 0.9238795325112869605, 1.000000000000000000, 0.9238795325112869605, 1.000000000000000000, 0.9238795325112869605, 1.000000000000000000, 0.9238795325112849621, 1.000000000000000000 ) ) 
 REPRESENTATION_ITEM ( '' )  );
#1889 = DIRECTION ( 'NONE',  ( 1.000000000000000000, 0.000000000000000000, -3.202566417187951620E-15 ) ) ;
#1890 = EDGE_CURVE ( 'NONE', #1613, #2369, #4287, .T. ) ;
#1891 = DIRECTION ( 'NONE',  ( 0.000000000000000000, 0.000000000000000000, -1.000000000000000000 ) ) ;
#1892 = CARTESIAN_POINT ( 'NONE',  ( -1.306924868575479868E-13, 0.000000000000000000, -38.10000000000000142 ) ) ;
#1893 = CARTESIAN_POINT ( 'NONE',  ( -13.10091069310495193, 9.744827845198885896, -1.795871131529510834 ) ) ;
#1894 = DIRECTION ( 'NONE',  ( 0.000000000000000000, 0.000000000000000000, -1.000000000000000000 ) ) ;
#1895 = FACE_OUTER_BOUND ( 'NONE', #3070, .T. ) ;
#1896 = DIRECTION ( 'NONE',  ( -1.000000000000000000, -3.428423085967675991E-15, 0.000000000000000000 ) ) ;
#1897 = DIRECTION ( 'NONE',  ( 1.000000000000000000, 0.000000000000000000, 0.000000000000000000 ) ) ;
#1898 = EDGE_CURVE ( 'NONE', #1830, #5065, #4091, .T. ) ;
#1899 = CARTESIAN_POINT ( 'NONE',  ( 5.847982602819100428, -5.847982602819249642, -43.94375000204844639 ) ) ;
#1900 = CARTESIAN_POINT ( 'NONE',  ( 3.425668896209474124, 8.270296309428895043, -39.35000000204843218 ) ) ;
#1901 = ADVANCED_FACE ( 'NONE', ( #6123 ), #1308, .T. ) ;
#1902 = DIRECTION ( 'NONE',  ( 0.000000000000000000, 0.000000000000000000, 1.000000000000000000 ) ) ;
#1903 = CARTESIAN_POINT ( 'NONE',  ( -9.082195121929041548, 1.112248118530191819E-15, -40.84999999999999432 ) ) ;
#1904 = CIRCLE ( 'NONE', #1224, 1.000000000000000888 ) ;
#1905 = CARTESIAN_POINT ( 'NONE',  ( -11.32730072484602069, -7.344539351714999498, -30.09999999999999787 ) ) ;
#1906 = ORIENTED_EDGE ( 'NONE', *, *, #8266, .T. ) ;
#1907 = CARTESIAN_POINT ( 'NONE',  ( 8.270296309428740500, 0.000000000000000000, -47.13125000204840376 ) ) ;
#1908 = CARTESIAN_POINT ( 'NONE',  ( 0.000000000000000000, -3.368838820721465233, 1.944999999999999840 ) ) ;
#1909 =( BOUNDED_CURVE ( )  B_SPLINE_CURVE ( 2, ( #2008, #2648, #5201, #5153, #7872, #7792, #3239, #1326, #7196 ),
 .UNSPECIFIED., .F., .F. ) 
 B_SPLINE_CURVE_WITH_KNOTS ( ( 3, 2, 2, 2, 3 ),
 ( 0.1499999999999999944, 0.1625000000000000056, 0.1749999999999999889, 0.1875000000000000000, 0.2000000000000000111 ),
 .UNSPECIFIED. ) 
 CURVE ( )  GEOMETRIC_REPRESENTATION_ITEM ( )  RATIONAL_B_SPLINE_CURVE ( ( 1.000000000000000000, 0.9238795325112839629, 1.000000000000000000, 0.9238795325112869605, 1.000000000000000000, 0.9238795325112869605, 1.000000000000000000, 0.9238795325112859613, 1.000000000000000000 ) ) 
 REPRESENTATION_ITEM ( '' )  );
#1910 = CARTESIAN_POINT ( 'NONE',  ( -6.382531835699300514E-28, 4.943961906533899588E-14, 0.000000000000000000 ) ) ;
#1911 = CARTESIAN_POINT ( 'NONE',  ( 9.914817818743102862, 26.81635075034904858, 13.91049095749545650 ) ) ;
#1912 = AXIS2_PLACEMENT_3D ( 'NONE', #1712, #5028, #6271 ) ;
#1913 = CARTESIAN_POINT ( 'NONE',  ( 11.52373063106709949, -6.016945432908640257, -36.10000000000000142 ) ) ;
#1914 = CIRCLE ( 'NONE', #1776, 11.00000000000000000 ) ;
#1915 = FACE_OUTER_BOUND ( 'NONE', #1452, .T. ) ;
#1916 = ORIENTED_EDGE ( 'NONE', *, *, #4752, .T. ) ;
#1917 = CARTESIAN_POINT ( 'NONE',  ( -1.063175382165697069, 8.712373976422616906, -52.06067711831961020 ) ) ;
#1918 = EDGE_LOOP ( 'NONE', ( #82, #6317, #4897, #4635, #6819, #3658, #1803, #1790 ) ) ;
#1919 = FACE_OUTER_BOUND ( 'NONE', #1661, .T. ) ;
#1920 = AXIS2_PLACEMENT_3D ( 'NONE', #3415, #4738, #2819 ) ;
#1921 = AXIS2_PLACEMENT_3D ( 'NONE', #1283, #2434, #44 ) ;
#1922 = CIRCLE ( 'NONE', #5864, 2.500000000000000444 ) ;
#1923 = VECTOR ( 'NONE', #6253, 1000.000000000000000 ) ;
#1924 = ORIENTED_EDGE ( 'NONE', *, *, #7434, .T. ) ;
#1925 = ORIENTED_EDGE ( 'NONE', *, *, #5909, .F. ) ;
#1926 = CARTESIAN_POINT ( 'NONE',  ( 3.149999999999999911, 0.000000000000000000, 0.000000000000000000 ) ) ;
#1927 = EDGE_CURVE ( 'NONE', #2752, #5411, #3769, .T. ) ;
#1928 = DIRECTION ( 'NONE',  ( 1.000000000000000000, 0.000000000000000000, -6.112085292819410516E-15 ) ) ;
#1929 = CARTESIAN_POINT ( 'NONE',  ( -13.34102221924871934, 8.599999999982360421, 2.065702337102719888 ) ) ;
#1930 = DIRECTION ( 'NONE',  ( 1.000000000000000000, 0.000000000000000000, -3.234088158250902493E-15 ) ) ;
#1931 = CARTESIAN_POINT ( 'NONE',  ( 8.270296309428749382, 0.000000000000000000, -42.25625000204845350 ) ) ;
#1932 = VERTEX_POINT ( 'NONE', #5660 ) ;
#1933 = CARTESIAN_POINT ( 'NONE',  ( -11.08762593682102704, 6.947301842431891750, -29.59999999999995524 ) ) ;
#1934 = ORIENTED_EDGE ( 'NONE', *, *, #2956, .T. ) ;
#1935 = CYLINDRICAL_SURFACE ( 'NONE', #3590, 13.50000000000000000 ) ;
#1936 = CARTESIAN_POINT ( 'NONE',  ( -1.460012644181295846E-13, 9.082195121928901216, -42.72500000000000142 ) ) ;
#1937 = CARTESIAN_POINT ( 'NONE',  ( -2.227618966553013280, 0.3752941095260730608, 18.36539446186291258 ) ) ;
#1938 = DIRECTION ( 'NONE',  ( -1.000000000000000000, 1.224646799147354193E-16, 0.000000000000000000 ) ) ;
#1939 = EDGE_CURVE ( 'NONE', #7404, #4734, #1782, .T. ) ;
#1940 = CARTESIAN_POINT ( 'NONE',  ( -8.270331893325234773, 0.3598931378354213173, -52.10000003620113063 ) ) ;
#1941 = CARTESIAN_POINT ( 'NONE',  ( 6.422081758775160409, -6.422081758775310512, -43.47500000409684873 ) ) ;
#1942 = CARTESIAN_POINT ( 'NONE',  ( -6.422081758775470384, 6.422081758775310512, -47.03750000000000142 ) ) ;
#1943 = DIRECTION ( 'NONE',  ( 0.9999966940636210166, 0.000000000000000000, 0.002571354084718000064 ) ) ;
#1944 = CARTESIAN_POINT ( 'NONE',  ( -10.96999999997790098, 1.343437538662047969E-15, 260.0852191789194876 ) ) ;
#1945 = LINE ( 'NONE', #4664, #6993 ) ;
#1946 = DIRECTION ( 'NONE',  ( -1.000000000000000000, 0.000000000000000000, 3.430248998885765387E-15 ) ) ;
#1947 = DIRECTION ( 'NONE',  ( -3.318601432303480613E-15, 1.000000000000000000, 0.000000000000000000 ) ) ;
#1948 = CARTESIAN_POINT ( 'NONE',  ( 3.149999999999999911, 3.055989016502244748, -2.486871756045669901 ) ) ;
#1949 = EDGE_CURVE ( 'NONE', #6985, #6987, #3002, .T. ) ;
#1950 = EDGE_LOOP ( 'NONE', ( #2422, #6616, #8250, #8239 ) ) ;
#1951 = CARTESIAN_POINT ( 'NONE',  ( 8.270296309428754711, 3.425668896209609571, -42.53750000204846060 ) ) ;
#1952 = DIRECTION ( 'NONE',  ( 1.000000000000000000, 3.228641771092578681E-15, 0.000000000000000000 ) ) ;
#1953 = LINE ( 'NONE', #3898, #7540 ) ;
#1954 = CARTESIAN_POINT ( 'NONE',  ( 0.5754623897530197763, -13.07168553700396174, -29.60000000000000142 ) ) ;
#1955 = CARTESIAN_POINT ( 'NONE',  ( 1.271007633725309116, -8.397964415996138854, -52.10000828666636608 ) ) ;
#1956 = CARTESIAN_POINT ( 'NONE',  ( 3.649999999999999911, 0.000000000000000000, 0.000000000000000000 ) ) ;
#1957 = ORIENTED_EDGE ( 'NONE', *, *, #84, .F. ) ;
#1958 = CARTESIAN_POINT ( 'NONE',  ( -1.533655706962469889, 8.583008809521599503, -52.08132254476073797 ) ) ;
#1959 = ORIENTED_EDGE ( 'NONE', *, *, #2545, .T. ) ;
#1960 = CARTESIAN_POINT ( 'NONE',  ( -0.4194298023047236534, 9.061181577070453130, -51.70765668460527564 ) ) ;
#1961 = EDGE_CURVE ( 'NONE', #2342, #3504, #7620, .T. ) ;
#1963 = EDGE_CURVE ( 'NONE', #5752, #596, #4839, .T. ) ;
#1962 = AXIS2_PLACEMENT_3D ( 'NONE', #3839, #1381, #3336 ) ;
#1964 = VERTEX_POINT ( 'NONE', #5134 ) ;
#1965 = CARTESIAN_POINT ( 'NONE',  ( 11.00000000000000000, 0.5000000000000940359, 0.000000000000000000 ) ) ;
#1966 = CARTESIAN_POINT ( 'NONE',  ( -11.83912183723277955, 6.093060225581476530, -29.71157185385166954 ) ) ;
#1967 = CIRCLE ( 'NONE', #7125, 3.439999999999999947 ) ;
#1968 = DIRECTION ( 'NONE',  ( -1.000000000000000000, -3.430248998885765387E-15, 0.000000000000000000 ) ) ;
#1969 = TOROIDAL_SURFACE ( 'NONE', #4546, 4.799999999999849720, 0.5000000000000000000 ) ;
#1970 = CARTESIAN_POINT ( 'NONE',  ( -12.59172112350503170, 10.50356396167176065, 0.8547531520640887504 ) ) ;
#1971 = DIRECTION ( 'NONE',  ( -3.234088158250905254E-15, 0.000000000000000000, -1.000000000000000000 ) ) ;
#1972 = COLOUR_RGB ( '',1.000000000000000000, 1.000000000000000000, 1.000000000000000000 ) ;
#1973 = CARTESIAN_POINT ( 'NONE',  ( 5.847982602819100428, -5.847982602819249642, -43.94375000204844639 ) ) ;
#1974 = VERTEX_POINT ( 'NONE', #1859 ) ;
#1975 = CARTESIAN_POINT ( 'NONE',  ( -16.78561130651265643, 0.1030777070201331497, -7.300250792623391938 ) ) ;
#1976 = ORIENTED_EDGE ( 'NONE', *, *, #3102, .F. ) ;
#1977 = CARTESIAN_POINT ( 'NONE',  ( 11.34869877175317399, -7.217822740052175057, -29.84105631010312365 ) ) ;
#1978 = CARTESIAN_POINT ( 'NONE',  ( -12.02221269479439592, 5.629540630581389316, -36.51759212602265592 ) ) ;
#1979 = CARTESIAN_POINT ( 'NONE',  ( 11.52373063106709949, -6.016945432910570268, 260.0852191789194876 ) ) ;
#1980 = FACE_OUTER_BOUND ( 'NONE', #2084, .T. ) ;
#1981 = CARTESIAN_POINT ( 'NONE',  ( 9.082195121928734238, -3.761968395621719363, -47.88125000409685583 ) ) ;
#1982 = CARTESIAN_POINT ( 'NONE',  ( 17.02518152262255313, 0.5000000000001049161, -9.771209109167960705 ) ) ;
#1983 = B_SPLINE_CURVE_WITH_KNOTS ( 'NONE', 3,
 ( #3405, #7366, #1707, #2897, #986, #1158, #5023, #4301, #2985, #1075, #3614, #2941, #6304, #3568, #4941, #6176, #341, #6906, #8169, #3742, #2299, #4386, #470, #5587, #6859, #5545, #3067, #6220, #2341, #4343, #1032, #8127, #7577, #432, #7534, #4898, #7493, #7448, #5669, #6986, #296, #1749, #5498, #4986, #6946, #8208, #1662, #8249, #1123, #8086, #2255, #5629, #7614, #4253, #387, #3700, #2423, #3657, #2384, #6263, #1791, #4856, #3028, #1616, #4210, #6817, #589 ),
 .UNSPECIFIED., .F., .F.,
 ( 4, 2, 2, 1, 1, 1, 1, 1, 2, 2, 2, 1, 1, 1, 1, 1, 2, 2, 2, 2, 1, 1, 2, 2, 2, 2, 2, 1, 1, 2, 1, 1, 1, 1, 2, 2, 2, 1, 1, 1, 1, 1, 2, 2, 4 ),
 ( 0.000000000000000000, 0.1249999999999632516, 0.1874999999999448774, 0.2187499999999358014, 0.2343749999999312494, 0.2421874999999287237, 0.2460937499999275579, 0.2480468749999273637, 0.2490234374999275024, 0.2499999999999276690, 0.3124999999999505951, 0.3437499999999619194, 0.3593749999999674705, 0.3671874999999700795, 0.3710937499999715783, 0.3730468749999725220, 0.3740234374999728550, 0.3749999999999731881, 0.4374999999999920619, 0.4687500000000016098, 0.4843750000000064393, 0.4921875000000089928, 0.4960937500000103806, 0.5000000000000116573, 0.5312500000000214273, 0.5390625000000239808, 0.5429687500000250910, 0.5468750000000263123, 0.5625000000000310862, 0.5937500000000408562, 0.6093750000000455191, 0.6171875000000480727, 0.6210937500000492939, 0.6230468750000499600, 0.6240234375000501821, 0.6250000000000502931, 0.6875000000000587308, 0.7187500000000629496, 0.7343750000000648370, 0.7421875000000657252, 0.7460937500000659472, 0.7480468750000662803, 0.7490234375000665024, 0.7500000000000666134, 1.000000000000000000 ),
 .UNSPECIFIED. ) ;
#1984 = CARTESIAN_POINT ( 'NONE',  ( 8.921570627134731097E-13, 0.000000000000000000, 260.0852191789194876 ) ) ;
#1985 = CARTESIAN_POINT ( 'NONE',  ( 4.457336375520935867, 7.854859981571880034, -51.81955371661935317 ) ) ;
#1986 = EDGE_CURVE ( 'NONE', #2636, #93, #5041, .T. ) ;
#1987 = CARTESIAN_POINT ( 'NONE',  ( 0.05047544708192980289, 0.5000000000000560663, -19.62984425721655057 ) ) ;
#1988 = CARTESIAN_POINT ( 'NONE',  ( 0.04853886739464973593, -2.855149543441815041, 2.835074316902865821 ) ) ;
#1989 = CARTESIAN_POINT ( 'NONE',  ( 11.19784972586521654, 7.207906193354655322, -29.71050436892766200 ) ) ;
#1990 = CARTESIAN_POINT ( 'NONE',  ( -2.133141957240449749, 0.5000000000000560663, -18.37660755934724932 ) ) ;
#1991 = ORIENTED_EDGE ( 'NONE', *, *, #5328, .T. ) ;
#1992 = CARTESIAN_POINT ( 'NONE',  ( 3.425668896209446590, 8.270296309428905701, -46.85000000204843928 ) ) ;
#1993 = DIRECTION ( 'NONE',  ( 3.478934956386840157E-15, 0.000000000000000000, 1.000000000000000000 ) ) ;
#1994 = CARTESIAN_POINT ( 'NONE',  ( 3.149999999999999911, 3.055989016502244748, 2.486871756045674786 ) ) ;
#1995 = CARTESIAN_POINT ( 'NONE',  ( 16.60169719505637431, 1.131534373578074737E-13, -7.168430829951685013 ) ) ;
#1996 = EDGE_CURVE ( 'NONE', #4200, #268, #7686, .T. ) ;
#1997 = FACE_OUTER_BOUND ( 'NONE', #3203, .T. ) ;
#1998 = ORIENTED_EDGE ( 'NONE', *, *, #3216, .T. ) ;
#1999 = CARTESIAN_POINT ( 'NONE',  ( -5.847982602819389975, -5.847982602819249642, -40.19375000204840376 ) ) ;
#2000 = FACE_OUTER_BOUND ( 'NONE', #609, .T. ) ;
#2001 = ORIENTED_EDGE ( 'NONE', *, *, #1408, .T. ) ;
#2002 = CARTESIAN_POINT ( 'NONE',  ( 13.65000000000000036, 0.000000000000000000, 0.000000000000000000 ) ) ;
#2003 = ORIENTED_EDGE ( 'NONE', *, *, #7199, .T. ) ;
#2004 = EDGE_CURVE ( 'NONE', #7815, #5889, #497, .T. ) ;
#2005 = CARTESIAN_POINT ( 'NONE',  ( -1.499018812513079924E-13, 43.70000000000000284, 0.000000000000000000 ) ) ;
#2006 = CARTESIAN_POINT ( 'NONE',  ( 15.54417670682405017, 43.70000000000000284, 0.000000000000000000 ) ) ;
#2007 = ADVANCED_FACE ( 'NONE', ( #2410 ), #3367, .F. ) ;
#2008 = CARTESIAN_POINT ( 'NONE',  ( -9.082195121929080628, 1.112248118530191819E-15, -51.35000000000000142 ) ) ;
#2009 = CARTESIAN_POINT ( 'NONE',  ( -3.425668896209755232, -8.270296309428895043, -42.72500000204838244 ) ) ;
#2010 = CARTESIAN_POINT ( 'NONE',  ( -4.722517800359009485E-14, 13.76727404305916025, 0.000000000000000000 ) ) ;
#2011 = CARTESIAN_POINT ( 'NONE',  ( -5.847982602819399744, -5.847982602819249642, -41.31875000204840376 ) ) ;
#2012 = ORIENTED_EDGE ( 'NONE', *, *, #2272, .F. ) ;
#2013 = CARTESIAN_POINT ( 'NONE',  ( 11.49999999999986144, 17.69173968106289863, 1.408343819019445921E-15 ) ) ;
#2014 = VECTOR ( 'NONE', #7836, 1000.000000000000000 ) ;
#2015 = VERTEX_POINT ( 'NONE', #5013 ) ;
#2016 = CARTESIAN_POINT ( 'NONE',  ( 8.270296309428720960, 0.000000000000000000, -51.63125000204849613 ) ) ;
#2017 = CARTESIAN_POINT ( 'NONE',  ( -12.02219298481123744, 5.624192677988988365, -36.51908781381612101 ) ) ;
#2018 = CARTESIAN_POINT ( 'NONE',  ( -2.164810064852752625, 0.1041284961923119035, 18.17722384441374217 ) ) ;
#2019 = CARTESIAN_POINT ( 'NONE',  ( 3.149999999999999911, 0.000000000000000000, 3.939999999999999947 ) ) ;
#2020 = CARTESIAN_POINT ( 'NONE',  ( -3.761968395621870354, -9.082195121928899439, -43.75625000409680609 ) ) ;
#2021 = CARTESIAN_POINT ( 'NONE',  ( -3.761968395621881012, -9.082195121928897663, -46.75625000409678478 ) ) ;
#2022 = CARTESIAN_POINT ( 'NONE',  ( -9.082195121929059312, 1.112248118530191819E-15, -46.85000000000000142 ) ) ;
#2023 = FACE_OUTER_BOUND ( 'NONE', #485, .T. ) ;
#2024 = CARTESIAN_POINT ( 'NONE',  ( 8.141860905722719366, 3.828488651382136343, -51.92544935958199659 ) ) ;
#2025 = FACE_OUTER_BOUND ( 'NONE', #8367, .T. ) ;
#2026 = CYLINDRICAL_SURFACE ( 'NONE', #4741, 15.54417670682419939 ) ;
#2027 = CARTESIAN_POINT ( 'NONE',  ( 10.97269291361721955, 6.971370756418659553, -29.60000000000000142 ) ) ;
#2028 = ADVANCED_FACE ( 'NONE', ( #8277 ), #7708, .T. ) ;
#2029 = FACE_OUTER_BOUND ( 'NONE', #3617, .T. ) ;
#2030 = ORIENTED_EDGE ( 'NONE', *, *, #1417, .T. ) ;
#2031 = CARTESIAN_POINT ( 'NONE',  ( 5.847982602819100428, -5.847982602819249642, -44.31875000204844639 ) ) ;
#2032 = CARTESIAN_POINT ( 'NONE',  ( -4.790806861429354413, 7.031661290941802811, -52.09999913901393853 ) ) ;
#2033 = CARTESIAN_POINT ( 'NONE',  ( -9.082195121928965165, -3.761968395621831274, -51.44375000409677767 ) ) ;
#2034 = CARTESIAN_POINT ( 'NONE',  ( 0.6398456657906459455, -13.28928642843703223, -29.70337536857432070 ) ) ;
#2035 = CARTESIAN_POINT ( 'NONE',  ( 8.270296309428722736, -3.425668896209608683, -51.35000000204843928 ) ) ;
#2036 = CARTESIAN_POINT ( 'NONE',  ( -16.99354768437461161, 26.33648568571409143, -2.531160088646764006 ) ) ;
#2037 = CIRCLE ( 'NONE', #4350, 0.5000000000000004441 ) ;
#2038 = ORIENTED_EDGE ( 'NONE', *, *, #5213, .T. ) ;
#2039 = CARTESIAN_POINT ( 'NONE',  ( -6.422081758775489924, -6.422081758775310512, -52.66250000000000142 ) ) ;
#2040 = CARTESIAN_POINT ( 'NONE',  ( -8.765659117723380689, 2.376865260098945054, -51.60000000000000142 ) ) ;
#2041 = ORIENTED_EDGE ( 'NONE', *, *, #6404, .F. ) ;
#2042 = PRODUCT_DEFINITION_CONTEXT ( 'detailed design', #6505, 'design' ) ;
#2043 = DIRECTION ( 'NONE',  ( 1.000000000000000000, 3.375678115414327500E-15, 0.000000000000000000 ) ) ;
#2044 = EDGE_CURVE ( 'NONE', #2300, #8116, #5052, .T. ) ;
#2045 = VECTOR ( 'NONE', #4990, 1000.000000000000000 ) ;
#2046 = VERTEX_POINT ( 'NONE', #7644 ) ;
#2047 = PLANE ( 'NONE',  #7752 ) ;
#2048 = DIRECTION ( 'NONE',  ( -1.000000000000000000, 0.000000000000000000, 3.439401604603058548E-15 ) ) ;
#2049 = AXIS2_PLACEMENT_3D ( 'NONE', #3113, #5715, #5597 ) ;
#2050 = CARTESIAN_POINT ( 'NONE',  ( -4.551005350414719934E-14, 13.26727404305916203, 0.000000000000000000 ) ) ;
#2051 = CARTESIAN_POINT ( 'NONE',  ( 8.270296309428744053, -3.425668896209614456, -45.35000000204846771 ) ) ;
#2052 = CIRCLE ( 'NONE', #4464, 10.96999999997878028 ) ;
#2053 = DIRECTION ( 'NONE',  ( -1.000000000000000000, -3.430248998885764992E-15, -5.329070518200749816E-15 ) ) ;
#2054 = EDGE_CURVE ( 'NONE', #1792, #7481, #5959, .T. ) ;
#2055 = CIRCLE ( 'NONE', #7893, 11.50000000000000000 ) ;
#2056 = CARTESIAN_POINT ( 'NONE',  ( 8.270296309428754711, -3.425668896209614456, -42.35000000204842507 ) ) ;
#2057 = ORIENTED_EDGE ( 'NONE', *, *, #6318, .T. ) ;
#2058 = CARTESIAN_POINT ( 'NONE',  ( -11.38466659687123972, 7.255299199763130424, -30.09999999999999787 ) ) ;
#2059 = ORIENTED_EDGE ( 'NONE', *, *, #8070, .T. ) ;
#2060 = CARTESIAN_POINT ( 'NONE',  ( -3.425668896209787651, -8.270296309428895043, -52.10000000204838244 ) ) ;
#2061 = CARTESIAN_POINT ( 'NONE',  ( -1.516170057507509889E-13, 31.15000000000000213, 0.000000000000000000 ) ) ;
#2062 = CARTESIAN_POINT ( 'NONE',  ( -4.135142412925819855, 7.162290015807259991, -38.75552381763019838 ) ) ;
#2063 = CARTESIAN_POINT ( 'NONE',  ( 5.882544637824130618, -6.426690344986022652, -52.08323901436138215 ) ) ;
#2064 = CARTESIAN_POINT ( 'NONE',  ( 3.761968395621561712, -9.082195121928897663, -45.06875000409679899 ) ) ;
#2065 = ADVANCED_FACE ( 'NONE', ( #1267 ), #1186, .T. ) ;
#2066 = CARTESIAN_POINT ( 'NONE',  ( -3.761968395621876127, 9.082195121928899439, -47.13125000000001563 ) ) ;
#2067 = LINE ( 'NONE', #1944, #1297 ) ;
#2068 = CARTESIAN_POINT ( 'NONE',  ( -9.082195121929016679, 3.761968395621784644, -49.94375000000005826 ) ) ;
#2069 = DIRECTION ( 'NONE',  ( 3.430248998885765387E-15, -1.000000000000000000, 0.000000000000000000 ) ) ;
#2070 = CARTESIAN_POINT ( 'NONE',  ( -10.96999999997886022, 1.343437538662042052E-15, -37.10000000000000142 ) ) ;
#2071 = CARTESIAN_POINT ( 'NONE',  ( -5.897194783007099562E-14, 17.19173968106284889, 0.000000000000000000 ) ) ;
#2072 = DIRECTION ( 'NONE',  ( 3.430248998885765387E-15, 0.000000000000000000, 1.000000000000000000 ) ) ;
#2073 = VERTEX_POINT ( 'NONE', #3220 ) ;
#2074 = CARTESIAN_POINT ( 'NONE',  ( 14.81468683829299238, 0.2818702498272833146, -10.99849595491974519 ) ) ;
#2075 = CARTESIAN_POINT ( 'NONE',  ( 10.36105758348891825, -7.851654968961709002, -36.60000000000000142 ) ) ;
#2076 = FILL_AREA_STYLE_COLOUR ( '', #6908 ) ;
#2077 = DIRECTION ( 'NONE',  ( -0.2468963878759134201, 0.000000000000000000, -0.9690418843650807634 ) ) ;
#2078 = CARTESIAN_POINT ( 'NONE',  ( 3.425668896209430159, -8.270296309428895043, -51.53750000204847481 ) ) ;
#2079 = CARTESIAN_POINT ( 'NONE',  ( 8.270296309428731618, 0.000000000000000000, -50.13125000204850323 ) ) ;
#2080 = ORIENTED_EDGE ( 'NONE', *, *, #5631, .T. ) ;
#2081 = CARTESIAN_POINT ( 'NONE',  ( -1.768735054081015019E-13, 9.082195121928901216, -51.72500000000000142 ) ) ;
#2082 = ORIENTED_EDGE ( 'NONE', *, *, #2415, .T. ) ;
#2083 = CARTESIAN_POINT ( 'NONE',  ( -11.47609182578959874, -6.107316628933260105, -29.60000000000000142 ) ) ;
#2084 = EDGE_LOOP ( 'NONE', ( #3644, #6907, #538, #7040 ) ) ;
#2085 = CARTESIAN_POINT ( 'NONE',  ( -12.55022847381646756, 24.21946641762331254, 12.37018367023913967 ) ) ;
#2086 = DIRECTION ( 'NONE',  ( 0.000000000000000000, 0.000000000000000000, -1.000000000000000000 ) ) ;
#2087 = ADVANCED_FACE ( 'NONE', ( #5822 ), #5821, .T. ) ;
#2088 = DIRECTION ( 'NONE',  ( 0.003929182435834711884, -0.9999922807328993635, -1.347807411696154788E-17 ) ) ;
#2089 = AXIS2_PLACEMENT_3D ( 'NONE', #4188, #2830, #5519 ) ;
#2090 = CARTESIAN_POINT ( 'NONE',  ( -5.847982602819399744, -5.847982602819249642, -41.31875000204840376 ) ) ;
#2091 = VECTOR ( 'NONE', #7220, 1000.000000000000000 ) ;
#2092 = CARTESIAN_POINT ( 'NONE',  ( 3.761968395621562156, -9.082195121928899439, -45.06875000409679899 ) ) ;
#2093 = CARTESIAN_POINT ( 'NONE',  ( -10.96999999997886022, 1.343437538662049941E-15, -21.00000000000000000 ) ) ;
#2094 = AXIS2_PLACEMENT_3D ( 'NONE', #150, #2747, #7259 ) ;
#2095 = ORIENTED_EDGE ( 'NONE', *, *, #8335, .T. ) ;
#2096 = AXIS2_PLACEMENT_3D ( 'NONE', #7267, #2197, #6634 ) ;
#2097 = LINE ( 'NONE', #3413, #543 ) ;
#2098 = EDGE_CURVE ( 'NONE', #8327, #1530, #6356, .T. ) ;
#2099 = CARTESIAN_POINT ( 'NONE',  ( -5.847982602819420173, -5.847982602819249642, -49.19375000204840376 ) ) ;
#2100 = CYLINDRICAL_SURFACE ( 'NONE', #1115, 0.4999999999999994449 ) ;
#2101 = CARTESIAN_POINT ( 'NONE',  ( -2.093353306286973137, 4.112740240964678245E-14, 17.96335687878023535 ) ) ;
#2102 = TOROIDAL_SURFACE ( 'NONE', #743, 13.00000000000000000, 0.5000000000000000000 ) ;
#2103 = DIRECTION ( 'NONE',  ( -1.000000000000000000, 0.000000000000000000, 3.430248998885765387E-15 ) ) ;
#2104 = CARTESIAN_POINT ( 'NONE',  ( 9.082195121928757331, 3.761968395621714034, -43.19375000409685583 ) ) ;
#2105 = CARTESIAN_POINT ( 'NONE',  ( -3.425668896209776548, 8.270296309428895043, -50.78750000204844639 ) ) ;
#2106 = AXIS2_PLACEMENT_3D ( 'NONE', #1304, #2704, #831 ) ;
#2107 = PLANE ( 'NONE',  #3595 ) ;
#2108 = CARTESIAN_POINT ( 'NONE',  ( -1.717281319097729920E-13, 9.082195121928901216, -50.22500000000000142 ) ) ;
#2109 = FACE_OUTER_BOUND ( 'NONE', #4548, .T. ) ;
#2110 = FACE_OUTER_BOUND ( 'NONE', #4722, .T. ) ;
#2111 = FACE_OUTER_BOUND ( 'NONE', #6771, .T. ) ;
#2112 = ADVANCED_FACE ( 'NONE', ( #70 ), #5415, .T. ) ;
#2113 = DIRECTION ( 'NONE',  ( -3.227392513445455032E-15, 0.000000000000000000, -1.000000000000000000 ) ) ;
#2114 = ORIENTED_EDGE ( 'NONE', *, *, #7999, .F. ) ;
#2115 = CARTESIAN_POINT ( 'NONE',  ( -5.847982602819389975, 5.847982602819249642, -40.56875000204840376 ) ) ;
#2116 = CARTESIAN_POINT ( 'NONE',  ( -6.019804628816758374, 5.899593169086622346, -52.09999991498538208 ) ) ;
#2117 = AXIS2_PLACEMENT_3D ( 'NONE', #3140, #583, #8323 ) ;
#2118 = CARTESIAN_POINT ( 'NONE',  ( -9.082195121929041548, 1.112248118530191819E-15, -39.53750000409679899 ) ) ;
#2119 = CARTESIAN_POINT ( 'NONE',  ( 2.117633481240281945, 0.2818702498517460797, 18.32914312854286365 ) ) ;
#2120 = CARTESIAN_POINT ( 'NONE',  ( 0.6822005669759850788, -13.43276933822832220, -29.84159630609024916 ) ) ;
#2121 = DIRECTION ( 'NONE',  ( 1.000000000000000000, 0.000000000000000000, 0.000000000000000000 ) ) ;
#2122 = CARTESIAN_POINT ( 'NONE',  ( 3.425668896209430159, 8.270296309428895043, -51.35000000204843928 ) ) ;
#2123 = ORIENTED_EDGE ( 'NONE', *, *, #8377, .T. ) ;
#2124 = CARTESIAN_POINT ( 'NONE',  ( 8.270296309428760040, 0.000000000000000000, -41.13125000204845350 ) ) ;
#2125 = ORIENTED_EDGE ( 'NONE', *, *, #5885, .T. ) ;
#2126 = DIRECTION ( 'NONE',  ( -1.000000000000000000, -1.224646799147349509E-16, 0.000000000000000000 ) ) ;
#2127 = ORIENTED_EDGE ( 'NONE', *, *, #934, .F. ) ;
#2128 = CARTESIAN_POINT ( 'NONE',  ( -10.73143525926390929, 26.30187909226707887, 13.42651529581674907 ) ) ;
#2129 = DIRECTION ( 'NONE',  ( 6.112085292819410516E-15, 0.000000000000000000, 1.000000000000000000 ) ) ;
#2130 = FACE_OUTER_BOUND ( 'NONE', #2999, .T. ) ;
#2131 = CIRCLE ( 'NONE', #639, 3.939999999999999947 ) ;
#2132 = CARTESIAN_POINT ( 'NONE',  ( -13.48383344964354080, 17.19173968106279915, 1.651293347434189916E-15 ) ) ;
#2133 = DIRECTION ( 'NONE',  ( 1.000000000000000000, 0.000000000000000000, -3.478934956386841735E-15 ) ) ;
#2134 = VERTEX_POINT ( 'NONE', #1990 ) ;
#2135 = DIRECTION ( 'NONE',  ( 0.000000000000000000, 0.000000000000000000, 1.000000000000000000 ) ) ;
#2136 = DIRECTION ( 'NONE',  ( -1.000000000000000000, 0.000000000000000000, 3.340948916696072820E-15 ) ) ;
#2137 = DIRECTION ( 'NONE',  ( -1.000000000000000000, -3.430248998885765387E-15, 0.000000000000000000 ) ) ;
#2138 = TOROIDAL_SURFACE ( 'NONE', #6222, 10.46999999997873942, 0.5000000000000000000 ) ;
#2139 = CYLINDRICAL_SURFACE ( 'NONE', #2600, 13.50000000000000000 ) ;
#2140 = EDGE_CURVE ( 'NONE', #79, #5110, #5758, .T. ) ;
#2141 = CONICAL_SURFACE ( 'NONE', #101, 4.299999999999694289, 0.2494761781891190466 ) ;
#2142 = CARTESIAN_POINT ( 'NONE',  ( 3.761968395621578587, 9.082195121928897663, -40.00625000409683452 ) ) ;
#2143 = CARTESIAN_POINT ( 'NONE',  ( -5.847982602819429943, -5.847982602819249642, -50.31875000204840376 ) ) ;
#2144 = CARTESIAN_POINT ( 'NONE',  ( 9.082195121928759107, 0.000000000000000000, -40.28750000409684162 ) ) ;
#2145 = EDGE_LOOP ( 'NONE', ( #6130, #2816, #533, #1596, #3025, #471 ) ) ;
#2146 = CARTESIAN_POINT ( 'NONE',  ( -14.45242570673706162, -1.120443676519633987E-16, -10.72974329568253893 ) ) ;
#2147 = DIRECTION ( 'NONE',  ( 3.430248998885765387E-15, -1.000000000000000000, 0.000000000000000000 ) ) ;
#2148 = DIRECTION ( 'NONE',  ( 0.000000000000000000, -1.000000000000000000, 0.000000000000000000 ) ) ;
#2149 = CIRCLE ( 'NONE', #3240, 7.625000000000000000 ) ;
#2150 = CARTESIAN_POINT ( 'NONE',  ( 0.04006926573203967862, -0.9334844701281478363, -3.889912913734922206 ) ) ;
#2151 = ORIENTED_EDGE ( 'NONE', *, *, #2302, .T. ) ;
#2152 = CARTESIAN_POINT ( 'NONE',  ( -2.216019217278258235, 8.270296309428896819, -39.19560438569896377 ) ) ;
#2153 = FACE_OUTER_BOUND ( 'NONE', #1693, .T. ) ;
#2154 = ADVANCED_FACE ( 'NONE', ( #7178 ), #2141, .F. ) ;
#2155 = DIRECTION ( 'NONE',  ( 1.224646799147353947E-16, 1.000000000000000000, -4.200843456763865836E-31 ) ) ;
#2156 = CARTESIAN_POINT ( 'NONE',  ( 1.011837190347505855, 13.24625855339804836, -36.51094379192457495 ) ) ;
#2157 = DIRECTION ( 'NONE',  ( 0.000000000000000000, 1.000000000000000000, 0.000000000000000000 ) ) ;
#2158 = CARTESIAN_POINT ( 'NONE',  ( -11.03512617257784711, 7.459036493201394613, -36.48468805582636776 ) ) ;
#2159 = CARTESIAN_POINT ( 'NONE',  ( 5.847982602819080000, -5.847982602819249642, -50.31875000204840376 ) ) ;
#2160 = ORIENTED_EDGE ( 'NONE', *, *, #3782, .F. ) ;
#2161 = CARTESIAN_POINT ( 'NONE',  ( -2.216010649093012042, 8.270296309428893267, -39.19560462018379354 ) ) ;
#2162 = ORIENTED_EDGE ( 'NONE', *, *, #4536, .F. ) ;
#2163 =( BOUNDED_CURVE ( )  B_SPLINE_CURVE ( 2, ( #6955, #3071, #2945, #477, #6350, #990, #2989, #3572, #2345 ),
 .UNSPECIFIED., .F., .F. ) 
 B_SPLINE_CURVE_WITH_KNOTS ( ( 3, 2, 2, 2, 3 ),
 ( 0.6500000000000000222, 0.6624999999999999778, 0.6750000000000000444, 0.6875000000000000000, 0.6999999999999999556 ),
 .UNSPECIFIED. ) 
 CURVE ( )  GEOMETRIC_REPRESENTATION_ITEM ( )  RATIONAL_B_SPLINE_CURVE ( ( 1.000000000000000000, 0.9238795325112829637, 1.000000000000000000, 0.9238795325112869605, 1.000000000000000000, 0.9238795325112869605, 1.000000000000000000, 0.9238795325112869605, 1.000000000000000000 ) ) 
 REPRESENTATION_ITEM ( '' )  );
#2164 = B_SPLINE_CURVE_WITH_KNOTS ( 'NONE', 3,
 ( #7185, #3902, #5914, #37, #1274, #2635, #6554, #6509, #3312, #78, #3861, #6381, #5233, #1234, #7862, #675, #7064, #1353, #3820, #3271, #8418, #3948, #721, #2036, #1194, #2677, #5275, #6422 ),
 .UNSPECIFIED., .F., .F.,
 ( 4, 2, 2, 1, 1, 1, 1, 1, 2, 2, 2, 1, 1, 1, 1, 1, 2, 2, 4 ),
 ( 0.000000000000000000, 0.2500000000000124345, 0.3750000000000182077, 0.4375000000000210942, 0.4687500000000225375, 0.4843750000000231482, 0.4921875000000239253, 0.4960937500000238143, 0.4980468750000238698, 0.5000000000000238698, 0.6250000000000054401, 0.6874999999999962252, 0.7187499999999918954, 0.7343749999999901190, 0.7421874999999888978, 0.7460937499999880096, 0.7480468749999878986, 0.7499999999999877875, 1.000000000000000000 ),
 .UNSPECIFIED. ) ;
#2165 = CARTESIAN_POINT ( 'NONE',  ( 0.5510377174497140818, -12.98831618932742238, -29.60000000000000142 ) ) ;
#2166 = CARTESIAN_POINT ( 'NONE',  ( -13.48383344964354080, 13.76727404305911939, 1.651293347434189916E-15 ) ) ;
#2167 = EDGE_LOOP ( 'NONE', ( #4521, #4593, #1655, #1187 ) ) ;
#2168 = CARTESIAN_POINT ( 'NONE',  ( -10.71986739993097260, 26.31134169569724079, 13.43323373845322521 ) ) ;
#2169 = CARTESIAN_POINT ( 'NONE',  ( -11.32730072484697637, -7.344539351714588271, -36.25794255096023733 ) ) ;
#2170 = DIRECTION ( 'NONE',  ( 0.000000000000000000, 0.000000000000000000, -1.000000000000000000 ) ) ;
#2171 =( GEOMETRIC_REPRESENTATION_CONTEXT ( 3 ) GLOBAL_UNCERTAINTY_ASSIGNED_CONTEXT ( ( #3318 ) ) GLOBAL_UNIT_ASSIGNED_CONTEXT ( ( #8067, #5483, #4841 ) ) REPRESENTATION_CONTEXT ( 'NONE', 'WORKASPACE' ) );
#2172 = FACE_OUTER_BOUND ( 'NONE', #1751, .T. ) ;
#2173 = DIRECTION ( 'NONE',  ( 5.060269027471760616E-15, 0.000000000000000000, 1.000000000000000000 ) ) ;
#2174 = VERTEX_POINT ( 'NONE', #111 ) ;
#2175 = EDGE_CURVE ( 'NONE', #1604, #2775, #1580, .T. ) ;
#2176 = TOROIDAL_SURFACE ( 'NONE', #2723, 13.00000000000000000, 0.5000000000000000000 ) ;
#2177 = AXIS2_PLACEMENT_3D ( 'NONE', #798, #1993, #3391 ) ;
#2178 = CARTESIAN_POINT ( 'NONE',  ( 8.270296309428733394, -3.425668896209614456, -48.72500000204848192 ) ) ;
#2179 = CARTESIAN_POINT ( 'NONE',  ( 3.200000000000620126, 4.599145712490759620E-14, 3.889999999999999680 ) ) ;
#2180 = CARTESIAN_POINT ( 'NONE',  ( 0.04853886739465085309, 2.855149543440544058, -2.835074316904139469 ) ) ;
#2181 = AXIS2_PLACEMENT_3D ( 'NONE', #6701, #1462, #863 ) ;
#2182 = AXIS2_PLACEMENT_3D ( 'NONE', #3078, #7001, #6476 ) ;
#2183 = CARTESIAN_POINT ( 'NONE',  ( 6.422081758775170179, 6.422081758775310512, -41.60000000409684873 ) ) ;
#2184 = CARTESIAN_POINT ( 'NONE',  ( -5.847982602819420173, -5.847982602819249642, -48.81875000204840376 ) ) ;
#2185 = VECTOR ( 'NONE', #179, 1000.000000000000000 ) ;
#2186 = CARTESIAN_POINT ( 'NONE',  ( 11.47609182578855958, 6.107316628934760239, -36.10000000000000142 ) ) ;
#2187 = DIRECTION ( 'NONE',  ( 1.000000000000000000, -8.881784197001250746E-15, -3.202566417187951620E-15 ) ) ;
#2188 = EDGE_LOOP ( 'NONE', ( #1193, #1537, #2736, #6047 ) ) ;
#2189 = FACE_OUTER_BOUND ( 'NONE', #4792, .T. ) ;
#2190 = DIRECTION ( 'NONE',  ( 1.000000000000000000, 0.000000000000000000, -6.112085292819410516E-15 ) ) ;
#2191 = B_SPLINE_CURVE_WITH_KNOTS ( 'NONE', 3,
 ( #2811, #1576, #6733, #2767, #1536, #7871, #6050, #895, #4645, #5372, #7239, #3480, #5331, #3523, #855 ),
 .UNSPECIFIED., .F., .F.,
 ( 4, 2, 2, 2, 1, 2, 2, 4 ),
 ( 0.000000000000000000, 0.2499999999999910072, 0.3749999999999865663, 0.4374999999999872879, 0.4687499999999794609, 0.4843749999999842903, 0.4999999999999891198, 1.000000000000000000 ),
 .UNSPECIFIED. ) ;
#2192 = CARTESIAN_POINT ( 'NONE',  ( 10.83473833026425481, 26.21561179419548893, -13.36651677452137754 ) ) ;
#2193 = CARTESIAN_POINT ( 'NONE',  ( 17.00208442931575092, 27.12362487754769091, -0.8261227992739902382 ) ) ;
#2194 = ADVANCED_FACE ( 'NONE', ( #1346 ), #2626, .T. ) ;
#2195 = CARTESIAN_POINT ( 'NONE',  ( 0.08314105332048665753, 2.692496079636995887, 3.116697031718179023 ) ) ;
#2196 = ORIENTED_EDGE ( 'NONE', *, *, #4399, .T. ) ;
#2197 = DIRECTION ( 'NONE',  ( 3.430248998885765387E-15, -1.000000000000000000, 2.214397573254039882E-45 ) ) ;
#2198 = CARTESIAN_POINT ( 'NONE',  ( 16.98702884801279467, 23.73728644273599286, 5.052257857398630314 ) ) ;
#2199 = CARTESIAN_POINT ( 'NONE',  ( 6.422081758775140869, 6.422081758775310512, -49.10000000409679899 ) ) ;
#2200 = DIRECTION ( 'NONE',  ( 3.275689100648230228E-15, 0.000000000000000000, 1.000000000000000000 ) ) ;
#2201 = DIRECTION ( 'NONE',  ( 3.430248998885765387E-15, -1.000000000000000000, 0.000000000000000000 ) ) ;
#2202 = CARTESIAN_POINT ( 'NONE',  ( 8.270296309428733394, 3.425668896209603798, -48.16250000204841086 ) ) ;
#2203 = CARTESIAN_POINT ( 'NONE',  ( -5.847982602819420173, 5.847982602819249642, -48.06875000204840376 ) ) ;
#2204 = ORIENTED_EDGE ( 'NONE', *, *, #8350, .F. ) ;
#2205 = CARTESIAN_POINT ( 'NONE',  ( 6.422081758775140869, 6.422081758775310512, -48.91249999999999432 ) ) ;
#2206 = ORIENTED_EDGE ( 'NONE', *, *, #5300, .T. ) ;
#2207 = ADVANCED_FACE ( 'NONE', ( #6030 ), #1873, .T. ) ;
#2208 = DIRECTION ( 'NONE',  ( 1.000000000000000000, 0.000000000000000000, -3.286844480798195064E-15 ) ) ;
#2209 = CARTESIAN_POINT ( 'NONE',  ( 0.1125552956965545914, 4.160803939236179083, -0.5733110861772243716 ) ) ;
#2210 = ORIENTED_EDGE ( 'NONE', *, *, #8130, .T. ) ;
#2211 = CARTESIAN_POINT ( 'NONE',  ( -10.83473833026806155, 26.21561179416681142, 13.36651677452610798 ) ) ;
#2212 = DIRECTION ( 'NONE',  ( 1.000000000000000000, 0.000000000000000000, 0.000000000000000000 ) ) ;
#2213 = VERTEX_POINT ( 'NONE', #7854 ) ;
#2214 = CYLINDRICAL_SURFACE ( 'NONE', #2306, 9.082195121928901216 ) ;
#2215 = ADVANCED_FACE ( 'NONE', ( #2029 ), #4624, .T. ) ;
#2216 = CARTESIAN_POINT ( 'NONE',  ( 11.46999999997859909, 0.000000000000000000, -37.10000000000000142 ) ) ;
#2217 = EDGE_LOOP ( 'NONE', ( #155, #2851, #3672, #3743 ) ) ;
#2218 = DIRECTION ( 'NONE',  ( 1.000000000000000000, 0.000000000000000000, -4.111937128241320637E-15 ) ) ;
#2219 = CARTESIAN_POINT ( 'NONE',  ( -1.490413748008591959E-13, -8.270296309428900372, -43.00625000204840376 ) ) ;
#2220 = DIRECTION ( 'NONE',  ( -0.8647368637171909400, -2.966262761065514918E-15, -0.5022252049913030758 ) ) ;
#2221 = SHAPE_REPRESENTATION ( 'BP-1P-000311111', ( #4761, #2991, #6793, #3793 ), #8420 ) ;
#2222 = CARTESIAN_POINT ( 'NONE',  ( 0.01929495349849483926, 3.042716155160903657, -2.509521010006799280 ) ) ;
#2223 = TOROIDAL_SURFACE ( 'NONE', #3050, 10.47000000000000064, 0.5000000000000000000 ) ;
#2224 = CARTESIAN_POINT ( 'NONE',  ( -8.270296309429079784, 3.425668896209609571, -52.10000000204838244 ) ) ;
#2225 = CARTESIAN_POINT ( 'NONE',  ( -1.786272724162489857E-13, -8.270296309428900372, -51.63125000204839665 ) ) ;
#2226 = CARTESIAN_POINT ( 'NONE',  ( 1.639829176630759940E-12, -478.0496043183500205, 0.000000000000000000 ) ) ;
#2227 = CARTESIAN_POINT ( 'NONE',  ( 1.292536267688124019, -13.13523551946654777, -36.55945197345518238 ) ) ;
#2228 = ORIENTED_EDGE ( 'NONE', *, *, #5489, .T. ) ;
#2229 = DIRECTION ( 'NONE',  ( 1.000000000000000000, 0.000000000000000000, -3.546053166959957190E-15 ) ) ;
#2230 = FACE_OUTER_BOUND ( 'NONE', #6572, .T. ) ;
#2231 = CARTESIAN_POINT ( 'NONE',  ( -6.355240544059792107, 6.469307154040542684, -51.73872991583989034 ) ) ;
#2232 = DIRECTION ( 'NONE',  ( 3.430248998885765387E-15, 0.000000000000000000, 1.000000000000000000 ) ) ;
#2233 = AXIS2_PLACEMENT_3D ( 'NONE', #566, #5122, #7712 ) ;
#2234 = CARTESIAN_POINT ( 'NONE',  ( 1.465366998749939833E-16, 3.180883570197154953, 2.270548043457447651 ) ) ;
#2235 = VERTEX_POINT ( 'NONE', #1392 ) ;
#2236 = CARTESIAN_POINT ( 'NONE',  ( -5.847982602819399744, -5.847982602819249642, -41.69375000204840376 ) ) ;
#2237 = AXIS2_PLACEMENT_3D ( 'NONE', #2013, #7709, #4607 ) ;
#2238 = CARTESIAN_POINT ( 'NONE',  ( 5.870380598260250160, 7.189142809436360058E-16, -51.72344819393800464 ) ) ;
#2239 = CARTESIAN_POINT ( 'NONE',  ( 1.022910553934212707, 13.23992013265455014, -36.51466954073021753 ) ) ;
#2240 = EDGE_CURVE ( 'NONE', #4713, #626, #5947, .T. ) ;
#2241 = CARTESIAN_POINT ( 'NONE',  ( 3.425668896209451919, 8.270296309428895043, -44.97500000204845350 ) ) ;
#2242 = CARTESIAN_POINT ( 'NONE',  ( -3.425668896209749903, 8.270296309428895043, -42.16250000204839665 ) ) ;
#2243 = ORIENTED_EDGE ( 'NONE', *, *, #3498, .F. ) ;
#2244 = CARTESIAN_POINT ( 'NONE',  ( -9.082195121929059312, 1.112248118530191819E-15, -45.35000000000000142 ) ) ;
#2245 = EDGE_LOOP ( 'NONE', ( #756, #8118, #7435, #6802 ) ) ;
#2246 = LINE ( 'NONE', #2974, #6403 ) ;
#2247 = VERTEX_POINT ( 'NONE', #4667 ) ;
#2248 = CARTESIAN_POINT ( 'NONE',  ( 8.270296309428754711, -3.425668896209614456, -40.85000000204846771 ) ) ;
#2249 = DIRECTION ( 'NONE',  ( 0.000000000000000000, -1.000000000000000000, 0.000000000000000000 ) ) ;
#2250 = CARTESIAN_POINT ( 'NONE',  ( 5.795748176899078175, 25.88750981217458147, 16.27451746393703758 ) ) ;
#2251 = EDGE_CURVE ( 'NONE', #6468, #7107, #3768, .T. ) ;
#2252 = VERTEX_POINT ( 'NONE', #5351 ) ;
#2253 = CARTESIAN_POINT ( 'NONE',  ( -7.931948348717908104, 27.13719393595120621, 15.05241666122959465 ) ) ;
#2254 = VERTEX_POINT ( 'NONE', #7939 ) ;
#2255 = CARTESIAN_POINT ( 'NONE',  ( -10.59422522323509952, 26.35664484338468938, -13.52056456771223125 ) ) ;
#2256 = VERTEX_POINT ( 'NONE', #3635 ) ;
#2257 = CARTESIAN_POINT ( 'NONE',  ( 8.921570627134731097E-13, 0.000000000000000000, 260.0852191789194876 ) ) ;
#2258 = EDGE_CURVE ( 'NONE', #5918, #6486, #4878, .T. ) ;
#2259 = APPLICATION_CONTEXT ( 'automotive_design' ) ;
#2260 = ORIENTED_EDGE ( 'NONE', *, *, #778, .T. ) ;
#2261 = EDGE_CURVE ( 'NONE', #3426, #2962, #7426, .T. ) ;
#2262 = DIRECTION ( 'NONE',  ( -3.430248998885765387E-15, 0.000000000000000000, -1.000000000000000000 ) ) ;
#2263 = CARTESIAN_POINT ( 'NONE',  ( 8.270296309428731618, 0.000000000000000000, -48.63125000204850323 ) ) ;
#2264 = DIRECTION ( 'NONE',  ( -1.000000000000000000, 0.000000000000000000, 0.000000000000000000 ) ) ;
#2265 = DIRECTION ( 'NONE',  ( -0.9999966940636210166, 0.000000000000000000, -0.002571354084718380402 ) ) ;
#2266 = CARTESIAN_POINT ( 'NONE',  ( 3.761968395621578587, -9.082195121928897663, -40.56875000409682741 ) ) ;
#2267 = CARTESIAN_POINT ( 'NONE',  ( -8.270296309429058468, 3.425668896209609571, -47.60000000204841797 ) ) ;
#2268 = FACE_OUTER_BOUND ( 'NONE', #4207, .T. ) ;
#2269 = DIRECTION ( 'NONE',  ( 3.430248998885765387E-15, 0.000000000000000000, 1.000000000000000000 ) ) ;
#2270 = EDGE_LOOP ( 'NONE', ( #384, #7464, #3613, #3949 ) ) ;
#2271 = DIRECTION ( 'NONE',  ( -3.546053166959960346E-15, 0.000000000000000000, -1.000000000000000000 ) ) ;
#2272 = EDGE_CURVE ( 'NONE', #5499, #6475, #4213, .T. ) ;
#2273 = DIRECTION ( 'NONE',  ( -3.340948916696100036E-15, 0.000000000000000000, -1.000000000000000000 ) ) ;
#2274 = PLANE ( 'NONE',  #7202 ) ;
#2275 = CARTESIAN_POINT ( 'NONE',  ( -13.20532988095562743, 7.709182509213857060, 1.869064394594466716 ) ) ;
#2276 = B_SPLINE_CURVE_WITH_KNOTS ( 'NONE', 3,
 ( #5537, #7402, #6127, #1611, #981, #2294, #1532, #4893, #7487, #4248, #8162, #1025, #6046, #380, #4123 ),
 .UNSPECIFIED., .F., .F.,
 ( 4, 2, 2, 2, 1, 2, 2, 4 ),
 ( 0.000000000000000000, 0.2500000000000080491, 0.3750000000000123790, 0.4375000000000142109, 0.4687500000000083822, 0.4843750000000054956, 0.5000000000000025535, 1.000000000000000000 ),
 .UNSPECIFIED. ) ;
#2277 = DIRECTION ( 'NONE',  ( 1.000000000000000000, 0.000000000000000000, 0.000000000000000000 ) ) ;
#2278 = ORIENTED_EDGE ( 'NONE', *, *, #345, .T. ) ;
#2279 = DIRECTION ( 'NONE',  ( 5.843279076974570843E-15, 0.000000000000000000, 1.000000000000000000 ) ) ;
#2280 = DIRECTION ( 'NONE',  ( -0.8864408177744091955, 0.4628419563775919010, 0.000000000000000000 ) ) ;
#2281 = CARTESIAN_POINT ( 'NONE',  ( 1.974033432649480169, 5.623480065046668625E-14, 17.89142789178049853 ) ) ;
#2282 = CARTESIAN_POINT ( 'NONE',  ( -11.97751952369555362, -5.745127776629180616, -36.51144693035426769 ) ) ;
#2283 = CARTESIAN_POINT ( 'NONE',  ( 5.847982602819080000, -5.847982602819249642, -49.94375000204840376 ) ) ;
#2284 = CARTESIAN_POINT ( 'NONE',  ( 3.425668896209458136, -8.270296309428895043, -44.41250000204846060 ) ) ;
#2285 = ADVANCED_FACE ( 'NONE', ( #6154 ), #2833, .T. ) ;
#2286 = EDGE_LOOP ( 'NONE', ( #7382, #4373, #8013, #5135 ) ) ;
#2287 = CARTESIAN_POINT ( 'NONE',  ( -1.717281319097729920E-13, 9.082195121928901216, -50.22500000000000142 ) ) ;
#2288 = ORIENTED_EDGE ( 'NONE', *, *, #1579, .T. ) ;
#2289 = AXIS2_PLACEMENT_3D ( 'NONE', #775, #6614, #3369 ) ;
#2290 = LINE ( 'NONE', #1653, #6006 ) ;
#2291 = EDGE_LOOP ( 'NONE', ( #2196, #5068, #4186 ) ) ;
#2292 = CARTESIAN_POINT ( 'NONE',  ( -8.270296309429038928, 1.012819190334226073E-15, -40.00625000204840376 ) ) ;
#2293 = CIRCLE ( 'NONE', #3379, 13.50000000000000000 ) ;
#2294 = CARTESIAN_POINT ( 'NONE',  ( -16.82434265194165590, 0.1041284961741711784, 7.213831411668162552 ) ) ;
#2295 = CARTESIAN_POINT ( 'NONE',  ( 4.604525112080767535, 24.45715890906464196, 16.95821435636038998 ) ) ;
#2296 = ORIENTED_EDGE ( 'NONE', *, *, #7212, .F. ) ;
#2297 = CARTESIAN_POINT ( 'NONE',  ( 2.227618966549290036, 0.5000000000000560663, -18.36539446186409918 ) ) ;
#2298 = ORIENTED_EDGE ( 'NONE', *, *, #3182, .T. ) ;
#2299 = CARTESIAN_POINT ( 'NONE',  ( -6.218812988535828978, 26.26634047653897497, -16.03173080193453259 ) ) ;
#2300 = VERTEX_POINT ( 'NONE', #8106 ) ;
#2301 = CARTESIAN_POINT ( 'NONE',  ( 9.082195121928787529, -3.761968395621696271, -40.38125000409683452 ) ) ;
#2302 = EDGE_CURVE ( 'NONE', #911, #1830, #4963, .T. ) ;
#2303 = ORIENTED_EDGE ( 'NONE', *, *, #4989, .T. ) ;
#2304 = CARTESIAN_POINT ( 'NONE',  ( -2.078725887674760742, 0.1239423527637887601, -18.21132467988931225 ) ) ;
#2305 = CARTESIAN_POINT ( 'NONE',  ( -1.593321217975164933E-13, -8.270296309428900372, -46.00625000204840376 ) ) ;
#2306 = AXIS2_PLACEMENT_3D ( 'NONE', #2257, #2852, #5459 ) ;
#2307 = DIRECTION ( 'NONE',  ( -3.428423085967685458E-15, 1.000000000000000000, 0.000000000000000000 ) ) ;
#2308 = EDGE_CURVE ( 'NONE', #736, #5578, #1468, .T. ) ;
#2309 = FACE_BOUND ( 'NONE', #2595, .T. ) ;
#2310 = PRODUCT_DEFINITION ( 'ๆ', '', #7452, #5193 ) ;
#2311 = CARTESIAN_POINT ( 'NONE',  ( -6.422081758775439297, 6.422081758775310512, -39.72500000409680609 ) ) ;
#2312 = CARTESIAN_POINT ( 'NONE',  ( -1.516170057507509889E-13, 31.15000000000000213, 0.000000000000000000 ) ) ;
#2313 = CARTESIAN_POINT ( 'NONE',  ( 11.47609182578860043, 6.107316628934760239, -30.09999999999999787 ) ) ;
#2314 = ORIENTED_EDGE ( 'NONE', *, *, #5862, .F. ) ;
#2315 = CARTESIAN_POINT ( 'NONE',  ( 9.082195121928759107, 0.000000000000000000, -40.09999999999999432 ) ) ;
#2316 = CARTESIAN_POINT ( 'NONE',  ( -11.03268055050636320, -7.034207817015505348, -29.59999999999999787 ) ) ;
#2317 = CARTESIAN_POINT ( 'NONE',  ( 11.81685453016923759, 25.21269551820824617, -12.79609019356954569 ) ) ;
#2318 = CARTESIAN_POINT ( 'NONE',  ( 13.65000000000000036, 2.755455298081544778E-16, -2.250000000000000000 ) ) ;
#2319 = AXIS2_PLACEMENT_3D ( 'NONE', #5113, #5925, #1968 ) ;
#2320 = AXIS2_PLACEMENT_3D ( 'NONE', #1673, #2998, #1089 ) ;
#2321 = CARTESIAN_POINT ( 'NONE',  ( 3.149999999999999911, 3.681688624940695043, 1.403128243954326004 ) ) ;
#2322 = CARTESIAN_POINT ( 'NONE',  ( -6.422081758775460614, -6.422081758775310512, -42.35000000409679899 ) ) ;
#2323 = AXIS2_PLACEMENT_3D ( 'NONE', #304, #5386, #5511 ) ;
#2324 = VECTOR ( 'NONE', #932, 1000.000000000000000 ) ;
#2325 = CARTESIAN_POINT ( 'NONE',  ( 11.52373063106709949, -6.016945432908630487, -36.10000000000000142 ) ) ;
#2326 = DIRECTION ( 'NONE',  ( 0.000000000000000000, 0.000000000000000000, -1.000000000000000000 ) ) ;
#2327 = CARTESIAN_POINT ( 'NONE',  ( 3.425668896209441261, -8.270296309428895043, -48.53750000204843928 ) ) ;
#2328 = CARTESIAN_POINT ( 'NONE',  ( -5.847982602819409514, 5.847982602819249642, -45.06875000204840376 ) ) ;
#2329 = ORIENTED_EDGE ( 'NONE', *, *, #4177, .F. ) ;
#2330 = CARTESIAN_POINT ( 'NONE',  ( 9.082195121928734238, -3.761968395621719363, -47.69375000000006537 ) ) ;
#2331 = EDGE_LOOP ( 'NONE', ( #7398, #7319, #5177 ) ) ;
#2332 = DIRECTION ( 'NONE',  ( 0.9999922807328994745, 0.003929182435835270465, 0.000000000000000000 ) ) ;
#2333 = ORIENTED_EDGE ( 'NONE', *, *, #7165, .F. ) ;
#2334 = CARTESIAN_POINT ( 'NONE',  ( -1.328659592997870057E-13, 8.270296309428900372, -38.88125000204845350 ) ) ;
#2335 = DIRECTION ( 'NONE',  ( -0.9999966940636210166, 0.000000000000000000, -0.002571354084719085133 ) ) ;
#2336 = CARTESIAN_POINT ( 'NONE',  ( 6.270620453991968546, 26.30892426213325663, 16.00199749980883013 ) ) ;
#2337 = CARTESIAN_POINT ( 'NONE',  ( -2.530639482844359023, -7.942432009185148800, -52.09999999999998721 ) ) ;
#2338 = ORIENTED_EDGE ( 'NONE', *, *, #329, .T. ) ;
#2339 = CARTESIAN_POINT ( 'NONE',  ( 2.168806755234696126, 0.1117266107195926950, -18.18965772865452379 ) ) ;
#2340 = ORIENTED_EDGE ( 'NONE', *, *, #5335, .T. ) ;
#2341 = CARTESIAN_POINT ( 'NONE',  ( -7.722649258497819247, 27.10994095777692081, -15.16854706132609643 ) ) ;
#2342 = VERTEX_POINT ( 'NONE', #315 ) ;
#2343 = EDGE_CURVE ( 'NONE', #3851, #8084, #3006, .T. ) ;
#2344 = EDGE_LOOP ( 'NONE', ( #460, #2385, #444, #3877 ) ) ;
#2345 = CARTESIAN_POINT ( 'NONE',  ( 9.082195121928752002, 0.000000000000000000, -43.10000000000000142 ) ) ;
#2346 = CARTESIAN_POINT ( 'NONE',  ( -8.270296309429058468, -3.425668896209603798, -44.78750000204841086 ) ) ;
#2347 = CARTESIAN_POINT ( 'NONE',  ( 11.50000000000000000, 0.5000000000000950351, 1.408343819019454007E-15 ) ) ;
#2348 = CARTESIAN_POINT ( 'NONE',  ( 0.1486729132429855105, -4.298475472019645416, -0.3348220873733662728 ) ) ;
#2349 = CARTESIAN_POINT ( 'NONE',  ( -8.270296309429058468, -3.425668896209603798, -45.91250000204835402 ) ) ;
#2350 = EDGE_CURVE ( 'NONE', #1363, #6475, #5279, .T. ) ;
#2351 = CARTESIAN_POINT ( 'NONE',  ( -12.01955328097396070, 4.952811214434479581, -36.60000000000000142 ) ) ;
#2352 = DIRECTION ( 'NONE',  ( 1.000000000000000000, 3.430248998885765387E-15, 0.000000000000000000 ) ) ;
#2353 = EDGE_LOOP ( 'NONE', ( #6384, #7024, #6734, #8252 ) ) ;
#2354 = CARTESIAN_POINT ( 'NONE',  ( 10.46999999997859909, 0.000000000000000000, -38.10000000000000142 ) ) ;
#2355 = FACE_OUTER_BOUND ( 'NONE', #5488, .T. ) ;
#2356 = CARTESIAN_POINT ( 'NONE',  ( 16.80099117223807781, 0.1129329368511746839, 7.303335426738255975 ) ) ;
#2357 = CARTESIAN_POINT ( 'NONE',  ( -17.00619746774076546, 26.37438352659672702, 2.388891524312357628 ) ) ;
#2358 = CARTESIAN_POINT ( 'NONE',  ( 9.082195121928741344, 0.000000000000000000, -46.10000000000000142 ) ) ;
#2359 = CARTESIAN_POINT ( 'NONE',  ( 3.761968395621572814, -9.082195121928899439, -42.06875000409684873 ) ) ;
#2360 = AXIS2_PLACEMENT_3D ( 'NONE', #3982, #7773, #4023 ) ;
#2361 = CARTESIAN_POINT ( 'NONE',  ( 3.761968395621551053, 9.082195121928897663, -49.00625000409679188 ) ) ;
#2362 = CARTESIAN_POINT ( 'NONE',  ( 13.65000000000000036, 0.000000000000000000, 0.000000000000000000 ) ) ;
#2363 = CARTESIAN_POINT ( 'NONE',  ( 5.847982602819089770, 5.847982602819249642, -48.06875000204840376 ) ) ;
#2364 = TOROIDAL_SURFACE ( 'NONE', #5228, 18.00000000000000000, 0.5000000000000000000 ) ;
#2365 = CARTESIAN_POINT ( 'NONE',  ( 5.847982602819110198, -5.847982602819249642, -41.31875000204845350 ) ) ;
#2366 = EDGE_CURVE ( 'NONE', #5782, #2247, #405, .T. ) ;
#2367 = VERTEX_POINT ( 'NONE', #2358 ) ;
#2368 = CARTESIAN_POINT ( 'NONE',  ( 6.422081758775140869, -6.422081758775310512, -49.28750000000000142 ) ) ;
#2369 = VERTEX_POINT ( 'NONE', #2321 ) ;
#2370 = AXIS2_PLACEMENT_3D ( 'NONE', #2483, #4489, #8312 ) ;
#2371 = FACE_OUTER_BOUND ( 'NONE', #3017, .T. ) ;
#2372 = CIRCLE ( 'NONE', #7005, 10.96999999997878028 ) ;
#2373 = ORIENTED_EDGE ( 'NONE', *, *, #771, .T. ) ;
#2374 = CARTESIAN_POINT ( 'NONE',  ( 5.847982602819069342, 5.847982602819249642, -52.94375000204840376 ) ) ;
#2375 = CARTESIAN_POINT ( 'NONE',  ( 1.639829176630759940E-12, -478.0496043183500205, 0.000000000000000000 ) ) ;
#2376 = B_SPLINE_CURVE_WITH_KNOTS ( 'NONE', 3,
 ( #6151, #1720, #4358, #7550, #4315, #3000, #310, #5644, #6920, #2871, #8058, #3499, #3673, #7421, #3585, #6279 ),
 .UNSPECIFIED., .F., .F.,
 ( 4, 2, 2, 1, 1, 2, 2, 2, 4 ),
 ( 0.000000000000000000, 0.2499999999999379940, 0.3749999999999057976, 0.4374999999998860911, 0.4687499999998763212, 0.4843749999998759326, 0.4999999999998755440, 0.7499999999999377165, 1.000000000000000000 ),
 .UNSPECIFIED. ) ;
#2377 = CARTESIAN_POINT ( 'NONE',  ( -12.35683807978234050, 6.500240388697930527, -1.083149661190471966E-10 ) ) ;
#2378 = CARTESIAN_POINT ( 'NONE',  ( 6.273587972507976396, 26.31134169569551418, 16.00029436276826189 ) ) ;
#2379 = CARTESIAN_POINT ( 'NONE',  ( -15.54417670682435038, 34.20000000000000284, 2.084604601680954862E-15 ) ) ;
#2380 = ORIENTED_EDGE ( 'NONE', *, *, #4775, .F. ) ;
#2381 = CARTESIAN_POINT ( 'NONE',  ( 2.206566921285943117, 0.2518244354725213130, -18.30284011672222633 ) ) ;
#2382 = ORIENTED_EDGE ( 'NONE', *, *, #6060, .T. ) ;
#2383 = AXIS2_PLACEMENT_3D ( 'NONE', #7131, #3978, #7891 ) ;
#2384 = CARTESIAN_POINT ( 'NONE',  ( -12.17164840006684479, 24.66137434079240975, -12.61523716061400791 ) ) ;
#2385 = ORIENTED_EDGE ( 'NONE', *, *, #3122, .F. ) ;
#2386 = EDGE_CURVE ( 'NONE', #918, #6822, #7511, .T. ) ;
#2387 = ORIENTED_EDGE ( 'NONE', *, *, #7109, .T. ) ;
#2388 = CARTESIAN_POINT ( 'NONE',  ( -2.080994107020611938, 0.1302069345537014422, -18.21816148119694390 ) ) ;
#2389 = CARTESIAN_POINT ( 'NONE',  ( -8.270296309429046033, 3.425668896209609571, -41.97500000204840376 ) ) ;
#2390 = CARTESIAN_POINT ( 'NONE',  ( 0.03617803780967767530, 3.811857277647534570, 1.177772049199552251 ) ) ;
#2391 = CARTESIAN_POINT ( 'NONE',  ( 0.004823738374623584915, -3.555121461926287196, -1.621843629379228879 ) ) ;
#2392 = CARTESIAN_POINT ( 'NONE',  ( -1.740289472864159679E-13, 8.270296309428900372, -50.88125000204840376 ) ) ;
#2393 = CARTESIAN_POINT ( 'NONE',  ( 13.48383344964342001, 17.19173968106289863, 0.000000000000000000 ) ) ;
#2394 = ORIENTED_EDGE ( 'NONE', *, *, #7908, .F. ) ;
#2395 = DIRECTION ( 'NONE',  ( 0.9999922807328994745, 0.003929182435835270465, 0.000000000000000000 ) ) ;
#2396 = CARTESIAN_POINT ( 'NONE',  ( 4.839291655847455687, 24.66137434083984914, -16.84857530068000386 ) ) ;
#2397 = CARTESIAN_POINT ( 'NONE',  ( 6.422081758775160409, 6.422081758775310512, -44.41250000000000142 ) ) ;
#2398 = CARTESIAN_POINT ( 'NONE',  ( -12.50861628266586578, 10.57673998770559720, -0.7413834900722916510 ) ) ;
#2399 = EDGE_CURVE ( 'NONE', #325, #6474, #4323, .T. ) ;
#2400 = CARTESIAN_POINT ( 'NONE',  ( 0.5501746348419217503, 13.34586712744007997, -29.75010747240234821 ) ) ;
#2401 = EDGE_CURVE ( 'NONE', #6721, #5808, #3909, .T. ) ;
#2402 = DIRECTION ( 'NONE',  ( 0.003929182435835271332, -0.9999922807328993635, -1.347807411696154634E-17 ) ) ;
#2403 = FACE_OUTER_BOUND ( 'NONE', #504, .T. ) ;
#2404 = CARTESIAN_POINT ( 'NONE',  ( -20.64993173241400015, 8.599999999999999645, -0.05309846184900000182 ) ) ;
#2405 = CARTESIAN_POINT ( 'NONE',  ( -1.380113327981155912E-13, 8.270296309428900372, -40.38125000204840376 ) ) ;
#2406 = CARTESIAN_POINT ( 'NONE',  ( 8.270296309428744053, 3.425668896209608683, -44.03750000204843928 ) ) ;
#2407 = VERTEX_POINT ( 'NONE', #4108 ) ;
#2408 = DIRECTION ( 'NONE',  ( 1.000000000000000000, 0.000000000000000000, -3.597944987211155163E-15 ) ) ;
#2409 = ORIENTED_EDGE ( 'NONE', *, *, #167, .T. ) ;
#2410 = FACE_OUTER_BOUND ( 'NONE', #7455, .T. ) ;
#2411 = ADVANCED_FACE ( 'NONE', ( #3592 ), #7386, .F. ) ;
#2412 = ORIENTED_EDGE ( 'NONE', *, *, #793, .T. ) ;
#2413 = CARTESIAN_POINT ( 'NONE',  ( -1.804606641593269838E-13, 8.270296309428900372, -52.75625000204840376 ) ) ;
#2414 = CARTESIAN_POINT ( 'NONE',  ( -0.8948471401851842977, -13.31339209308401017, -36.46403866168619601 ) ) ;
#2415 = EDGE_CURVE ( 'NONE', #7404, #3753, #5566, .T. ) ;
#2416 = DIRECTION ( 'NONE',  ( 0.000000000000000000, 0.000000000000000000, -1.000000000000000000 ) ) ;
#2417 = CARTESIAN_POINT ( 'NONE',  ( 5.588414373050346384, 25.67290309377197843, 16.39350306775046562 ) ) ;
#2418 = DIRECTION ( 'NONE',  ( -3.430248998885765387E-15, 1.000000000000000000, 0.000000000000000000 ) ) ;
#2419 = AXIS2_PLACEMENT_3D ( 'NONE', #1699, #5461, #7370 ) ;
#2420 = ORIENTED_EDGE ( 'NONE', *, *, #2520, .F. ) ;
#2421 = DIRECTION ( 'NONE',  ( -3.162668142169864979E-15, 0.000000000000000000, -1.000000000000000000 ) ) ;
#2422 = ORIENTED_EDGE ( 'NONE', *, *, #2522, .F. ) ;
#2423 = CARTESIAN_POINT ( 'NONE',  ( -11.80323253484239920, 25.14156536454844826, -12.82666008666476465 ) ) ;
#2424 = ORIENTED_EDGE ( 'NONE', *, *, #3395, .F. ) ;
#2425 = EDGE_CURVE ( 'NONE', #8116, #1604, #1038, .T. ) ;
#2426 = EDGE_CURVE ( 'NONE', #122, #5782, #8309, .T. ) ;
#2427 = ORIENTED_EDGE ( 'NONE', *, *, #4515, .F. ) ;
#2428 = DIRECTION ( 'NONE',  ( 0.000000000000000000, 0.7071067811865474617, 0.7071067811865474617 ) ) ;
#2429 = CARTESIAN_POINT ( 'NONE',  ( 1.569834395577972509E-16, 3.462801956117072866, 1.782251075456338540 ) ) ;
#2430 = DIRECTION ( 'NONE',  ( 3.469446951953645349E-15, 5.918511921922380504E-31, 1.000000000000000000 ) ) ;
#2431 = CARTESIAN_POINT ( 'NONE',  ( -1.429368098491631822E-18, -3.462801956117553814, -1.782251075455502320 ) ) ;
#2432 = ADVANCED_FACE ( 'NONE', ( #3163 ), #554, .F. ) ;
#2433 = CARTESIAN_POINT ( 'NONE',  ( 3.425668896209435932, 8.270296309428895043, -49.47500000204840376 ) ) ;
#2434 = DIRECTION ( 'NONE',  ( 3.344954574219360224E-15, -1.000000000000000000, 0.000000000000000000 ) ) ;
#2435 = ORIENTED_EDGE ( 'NONE', *, *, #934, .T. ) ;
#2436 = DIRECTION ( 'NONE',  ( 3.430248998885765387E-15, 0.000000000000000000, 1.000000000000000000 ) ) ;
#2437 = CARTESIAN_POINT ( 'NONE',  ( 9.275022464201400751, 27.10994095773664370, -14.27228397315120745 ) ) ;
#2438 = CARTESIAN_POINT ( 'NONE',  ( -17.01135000111796813, 24.47161332540620293, 4.392143427884824369 ) ) ;
#2439 = CARTESIAN_POINT ( 'NONE',  ( -15.54417670682254915, -478.0496043183500205, 1.903612624939309878E-15 ) ) ;
#2440 = TOROIDAL_SURFACE ( 'NONE', #2994, 10.46999999997877850, 0.5000000000000000000 ) ;
#2441 = CARTESIAN_POINT ( 'NONE',  ( 0.1125552956962773826, -2.576903934519317207, -3.316706368454922949 ) ) ;
#2442 = CARTESIAN_POINT ( 'NONE',  ( 6.422081758775130211, -6.422081758775310512, -50.97500000409679899 ) ) ;
#2443 = CARTESIAN_POINT ( 'NONE',  ( -0.05047544708179160788, 50.00000000000000000, 19.62984425721650084 ) ) ;
#2444 = CARTESIAN_POINT ( 'NONE',  ( -5.847982602819399744, -5.847982602819249642, -42.81875000204840376 ) ) ;
#2445 = EDGE_CURVE ( 'NONE', #1277, #911, #2853, .T. ) ;
#2446 = CARTESIAN_POINT ( 'NONE',  ( -3.425668896209749903, -8.270296309428895043, -40.10000000204841797 ) ) ;
#2447 = AXIS2_PLACEMENT_3D ( 'NONE', #1798, #1039, #3664 ) ;
#2448 = VERTEX_POINT ( 'NONE', #1138 ) ;
#2449 = CARTESIAN_POINT ( 'NONE',  ( 3.761968395621572814, 9.082195121928897663, -41.31875000000006537 ) ) ;
#2450 = TOROIDAL_SURFACE ( 'NONE', #7211, 11.50000000000000000, 0.5000000000000000000 ) ;
#2451 = CARTESIAN_POINT ( 'NONE',  ( -6.422081758775470384, -6.422081758775310512, -45.16250000000000142 ) ) ;
#2452 = CIRCLE ( 'NONE', #7619, 18.50000000000000000 ) ;
#2453 = ORIENTED_EDGE ( 'NONE', *, *, #7927, .F. ) ;
#2454 = CARTESIAN_POINT ( 'NONE',  ( -1.696228687941739673E-13, -8.270296309428900372, -49.00625000204840376 ) ) ;
#2456 = AXIS2_PLACEMENT_3D ( 'NONE', #6561, #6043, #4682 ) ;
#2455 = DIRECTION ( 'NONE',  ( 0.9999922807328994745, 0.003929182435835270465, 0.000000000000000000 ) ) ;
#2457 = AXIS2_PLACEMENT_3D ( 'NONE', #6174, #2421, #3612 ) ;
#2458 = CARTESIAN_POINT ( 'NONE',  ( -13.27691728509025992, 8.030414003455296879, -2.056841824877832625 ) ) ;
#2459 = CARTESIAN_POINT ( 'NONE',  ( 16.48144778058409798, 1.059988441938903821E-13, 7.236150845296010381 ) ) ;
#2460 = CARTESIAN_POINT ( 'NONE',  ( -2.234078735489194935E-28, 0.000000000000000000, -2.580401170515499606E-14 ) ) ;
#2461 = ORIENTED_EDGE ( 'NONE', *, *, #4041, .F. ) ;
#2462 = EDGE_CURVE ( 'NONE', #1828, #1706, #1643, .T. ) ;
#2463 = DIRECTION ( 'NONE',  ( -0.9999922807328847085, -0.003929182439597882215, 0.000000000000000000 ) ) ;
#2464 = ORIENTED_EDGE ( 'NONE', *, *, #7264, .T. ) ;
#2465 = CARTESIAN_POINT ( 'NONE',  ( -1.023016658170917026, 8.815253065536731825, -52.00576194314972867 ) ) ;
#2466 = ORIENTED_EDGE ( 'NONE', *, *, #5961, .T. ) ;
#2467 = B_SPLINE_CURVE_WITH_KNOTS ( 'NONE', 3,
 ( #8187, #6360, #6239, #524, #2480, #5608, #1213, #1763, #2357, #4361, #3798, #6965, #3715, #6321, #6402, #5766, #8356, #4483, #3082, #4962, #7554, #5682, #8265, #2438, #5040, #4526, #4701 ),
 .UNSPECIFIED., .F., .F.,
 ( 4, 2, 2, 1, 1, 1, 1, 2, 2, 2, 1, 1, 1, 1, 1, 2, 2, 4 ),
 ( 0.000000000000000000, 0.1249999999999970579, 0.1874999999999957534, 0.2187499999999948097, 0.2343749999999943656, 0.2421874999999941713, 0.2460937499999942824, 0.2480468749999940881, 0.2499999999999938660, 0.3749999999999561462, 0.4374999999999369948, 0.4687499999999270028, 0.4843749999999223954, 0.4921874999999199529, 0.4960937499999191203, 0.4980468749999190647, 0.4999999999999190092, 1.000000000000000000 ),
 .UNSPECIFIED. ) ;
#2468 = ORIENTED_EDGE ( 'NONE', *, *, #3860, .T. ) ;
#2469 = ORIENTED_EDGE ( 'NONE', *, *, #7648, .F. ) ;
#2470 = DIRECTION ( 'NONE',  ( 0.000000000000000000, -1.000000000000000000, 0.000000000000000000 ) ) ;
#2471 = EDGE_CURVE ( 'NONE', #1760, #1533, #1258, .T. ) ;
#2472 = DIRECTION ( 'NONE',  ( 0.000000000000000000, 1.000000000000000000, 0.000000000000000000 ) ) ;
#2473 = B_SPLINE_CURVE_WITH_KNOTS ( 'NONE', 3,
 ( #8094, #6059, #6096, #948 ),
 .UNSPECIFIED., .F., .F.,
 ( 4, 4 ),
 ( 0.000000000000000000, 1.000000000000000000 ),
 .UNSPECIFIED. ) ;
#2474 = DIRECTION ( 'NONE',  ( 3.478934956386835029E-15, 0.000000000000000000, 1.000000000000000000 ) ) ;
#2475 = CARTESIAN_POINT ( 'NONE',  ( 0.000000000000000000, -3.368838820721465233, -1.944999999999999840 ) ) ;
#2476 = CARTESIAN_POINT ( 'NONE',  ( 8.270296309428731618, 0.000000000000000000, -48.25625000204850323 ) ) ;
#2477 = ORIENTED_EDGE ( 'NONE', *, *, #3100, .F. ) ;
#2478 = CARTESIAN_POINT ( 'NONE',  ( 11.13818365765579088, -6.998981726567627959, -29.62011156237688425 ) ) ;
#2479 = CARTESIAN_POINT ( 'NONE',  ( 6.466757342782488038, 26.39975103222636221, -15.90337115439569438 ) ) ;
#2480 = CARTESIAN_POINT ( 'NONE',  ( -17.00422556663235341, 26.80743076213676801, 1.651371821975488041 ) ) ;
#2481 = CARTESIAN_POINT ( 'NONE',  ( 0.1126656560276736024, 1.584695687358372185, -3.890018374512863808 ) ) ;
#2482 = CARTESIAN_POINT ( 'NONE',  ( 6.422081758775160409, -6.422081758775310512, -43.47500000409684873 ) ) ;
#2483 = CARTESIAN_POINT ( 'NONE',  ( -1.715124499443544942E-15, 0.5000000000000560663, 0.000000000000000000 ) ) ;
#2484 = CARTESIAN_POINT ( 'NONE',  ( -10.96999999997886022, 1.343437538662047969E-15, -25.00000000000000000 ) ) ;
#2485 = APPLICATION_PROTOCOL_DEFINITION ( 'draft international standard', 'automotive_design', 1998, #363 ) ;
#2486 = CARTESIAN_POINT ( 'NONE',  ( 3.425668896209474124, -8.270296309428895043, -39.53750000204841797 ) ) ;
#2487 = CARTESIAN_POINT ( 'NONE',  ( 3.425668896209468350, 8.270296309428895043, -40.85000000204841086 ) ) ;
#2488 = ORIENTED_EDGE ( 'NONE', *, *, #3406, .T. ) ;
#2489 = CARTESIAN_POINT ( 'NONE',  ( -9.082195121929052206, 1.112248118530191819E-15, -42.35000000000000142 ) ) ;
#2490 = AXIS2_PLACEMENT_3D ( 'NONE', #5219, #4578, #7175 ) ;
#2491 = AXIS2_PLACEMENT_3D ( 'NONE', #137, #7801, #7164 ) ;
#2492 = DIRECTION ( 'NONE',  ( -1.000000000000000000, 1.224646799147353454E-16, 0.000000000000000000 ) ) ;
#2493 = ORIENTED_EDGE ( 'NONE', *, *, #329, .F. ) ;
#2494 = CARTESIAN_POINT ( 'NONE',  ( -5.847982602819429943, 5.847982602819249642, -52.56875000204840376 ) ) ;
#2495 = CARTESIAN_POINT ( 'NONE',  ( 11.08231219305375426, -7.431656402441651821, -36.46403866169409724 ) ) ;
#2496 =( BOUNDED_CURVE ( )  B_SPLINE_CURVE ( 2, ( #4716, #6637, #5910, #7311, #7858, #7818, #841 ),
 .UNSPECIFIED., .F., .F. ) 
 B_SPLINE_CURVE_WITH_KNOTS ( ( 3, 2, 2, 3 ),
 ( 0.9000000000000000222, 0.9124999999999999778, 0.9250000000000000444, 0.9333094022416430491 ),
 .UNSPECIFIED. ) 
 CURVE ( )  GEOMETRIC_REPRESENTATION_ITEM ( )  RATIONAL_B_SPLINE_CURVE ( ( 1.000000000000000000, 0.9238795325112839629, 1.000000000000000000, 0.9238795325112869605, 1.000000000000000000, 0.9493987533451490046, 0.9660720846716990273 ) ) 
 REPRESENTATION_ITEM ( '' )  );
#2497 = EDGE_CURVE ( 'NONE', #6558, #513, #1120, .T. ) ;
#2498 = AXIS2_PLACEMENT_3D ( 'NONE', #1183, #4492, #1813 ) ;
#2499 = LINE ( 'NONE', #5701, #5385 ) ;
#2500 = CARTESIAN_POINT ( 'NONE',  ( 10.60520334062394454, 26.34792013281877132, 13.51426392992870262 ) ) ;
#2501 = AXIS2_PLACEMENT_3D ( 'NONE', #705, #660, #1894 ) ;
#2502 = CARTESIAN_POINT ( 'NONE',  ( 3.042436931914655140, -8.024814678619119235, -52.10000000000000142 ) ) ;
#2503 = CIRCLE ( 'NONE', #6172, 10.46999999997873942 ) ;
#2504 = ORIENTED_EDGE ( 'NONE', *, *, #5012, .T. ) ;
#2505 = CARTESIAN_POINT ( 'NONE',  ( 8.921570627134731097E-13, 0.000000000000000000, 260.0852191789194876 ) ) ;
#2506 = ORIENTED_EDGE ( 'NONE', *, *, #4606, .T. ) ;
#2507 = CARTESIAN_POINT ( 'NONE',  ( -1.310306126716366037, 8.643340381827000485, -52.07382549135963501 ) ) ;
#2508 = ORIENTED_EDGE ( 'NONE', *, *, #7835, .F. ) ;
#2509 = CIRCLE ( 'NONE', #2651, 0.5000000000000004441 ) ;
#2510 = AXIS2_PLACEMENT_3D ( 'NONE', #3160, #6400, #5680 ) ;
#2511 = DIRECTION ( 'NONE',  ( 1.000000000000000000, 0.000000000000000000, -3.430248998885764992E-15 ) ) ;
#2512 = EDGE_CURVE ( 'NONE', #7447, #8039, #7756, .T. ) ;
#2513 = AXIS2_PLACEMENT_3D ( 'NONE', #7315, #3311, #7355 ) ;
#2514 = VERTEX_POINT ( 'NONE', #1097 ) ;
#2515 = ORIENTED_EDGE ( 'NONE', *, *, #8036, .F. ) ;
#2516 = CARTESIAN_POINT ( 'NONE',  ( -1.516170057507509889E-13, 31.15000000000000213, 0.000000000000000000 ) ) ;
#2517 = CARTESIAN_POINT ( 'NONE',  ( 14.72849701303152159, 0.2096425384050056295, 11.04100821082528583 ) ) ;
#2518 = DIRECTION ( 'NONE',  ( -1.000000000000000000, -1.509903313490215104E-14, 3.469446951953614189E-15 ) ) ;
#2519 = DIRECTION ( 'NONE',  ( -3.478934956386835029E-15, 0.000000000000000000, -1.000000000000000000 ) ) ;
#2520 = EDGE_CURVE ( 'NONE', #5630, #5411, #6686, .T. ) ;
#2521 = AXIS2_PLACEMENT_3D ( 'NONE', #8121, #3477, #6765 ) ;
#2522 = EDGE_CURVE ( 'NONE', #2752, #419, #3133, .T. ) ;
#2523 = CARTESIAN_POINT ( 'NONE',  ( -1.431567062964442021E-13, 8.270296309428900372, -41.88125000204840376 ) ) ;
#2524 = ORIENTED_EDGE ( 'NONE', *, *, #3085, .T. ) ;
#2525 = CARTESIAN_POINT ( 'NONE',  ( -11.27982834976069526, 7.146341594182291423, -29.74596176215545285 ) ) ;
#2526 = ORIENTED_EDGE ( 'NONE', *, *, #1042, .F. ) ;
#2527 = PLANE ( 'NONE',  #5504 ) ;
#2528 = CARTESIAN_POINT ( 'NONE',  ( 16.83917324581484110, 0.1508385745454920157, 7.311318011307203157 ) ) ;
#2529 = CARTESIAN_POINT ( 'NONE',  ( -6.422081758775460614, 6.422081758775310512, -44.03750000000000142 ) ) ;
#2530 = DIRECTION ( 'NONE',  ( 1.000000000000000000, 3.375678115414327500E-15, 0.000000000000000000 ) ) ;
#2531 = CARTESIAN_POINT ( 'NONE',  ( -9.082195121929052206, 1.112248118530191819E-15, -44.03750000409674925 ) ) ;
#2532 = ADVANCED_FACE ( 'NONE', ( #5256 ), #6005, .T. ) ;
#2533 = CARTESIAN_POINT ( 'NONE',  ( -9.082195121929080628, 1.112248118530191819E-15, -51.53750000409679899 ) ) ;
#2534 = CARTESIAN_POINT ( 'NONE',  ( -9.082195121928942072, 3.761968395621824168, -40.94375000000001563 ) ) ;
#2535 = CARTESIAN_POINT ( 'NONE',  ( -2.216012111219454184, 8.270296309428902148, -38.82060458016990623 ) ) ;
#2536 = CARTESIAN_POINT ( 'NONE',  ( 3.649999999999999911, -2.245892547147644969, -3.889999999999999680 ) ) ;
#2537 = CARTESIAN_POINT ( 'NONE',  ( -1.032504948664619993E-13, 0.000000000000000000, -30.09999999999999787 ) ) ;
#2538 = CARTESIAN_POINT ( 'NONE',  ( 6.422081758775170179, 6.422081758775310512, -41.41250000000000142 ) ) ;
#2539 = AXIS2_PLACEMENT_3D ( 'NONE', #970, #5401, #7946 ) ;
#2540 = EDGE_LOOP ( 'NONE', ( #6042, #5819, #3027, #1916 ) ) ;
#2541 = CARTESIAN_POINT ( 'NONE',  ( -8.270296309429046033, 3.425668896209609571, -43.47500000204836823 ) ) ;
#2542 = CARTESIAN_POINT ( 'NONE',  ( 4.300000000000739675, 0.000000000000000000, 260.0852191789194876 ) ) ;
#2543 = CARTESIAN_POINT ( 'NONE',  ( -12.43325237951431994, 6.559082532409495236, -0.5467284750467106269 ) ) ;
#2544 = CARTESIAN_POINT ( 'NONE',  ( -14.68090538550202773, 0.1306836426007471352, -10.98733887876755411 ) ) ;
#2545 = EDGE_CURVE ( 'NONE', #5060, #325, #1922, .T. ) ;
#2546 = LINE ( 'NONE', #503, #7953 ) ;
#2547 = CYLINDRICAL_SURFACE ( 'NONE', #1416, 9.082195121928901216 ) ;
#2548 = ORIENTED_EDGE ( 'NONE', *, *, #808, .T. ) ;
#2549 = CARTESIAN_POINT ( 'NONE',  ( -1.130886336118501756, 8.818372515710800386, -51.99357703126935348 ) ) ;
#2550 = PRESENTATION_LAYER_ASSIGNMENT (  '', '', ( #4313 ) ) ;
#2551 = ORIENTED_EDGE ( 'NONE', *, *, #4214, .F. ) ;
#2552 = SHAPE_REPRESENTATION ( 'SJ10-06-002.step', ( #3519 ), #2171 ) ;
#2553 = CARTESIAN_POINT ( 'NONE',  ( -9.082195121929069970, 1.112248118530191819E-15, -50.03750000409679899 ) ) ;
#2554 = VERTEX_POINT ( 'NONE', #6531 ) ;
#2555 = ORIENTED_EDGE ( 'NONE', *, *, #8310, .F. ) ;
#2556 = CARTESIAN_POINT ( 'NONE',  ( -1.015353703670189902E-13, 0.000000000000000000, -29.60000000000000142 ) ) ;
#2557 = EDGE_CURVE ( 'NONE', #3478, #1964, #4613, .T. ) ;
#2558 = DIRECTION ( 'NONE',  ( 5.046468293750720081E-15, -1.000000000000000000, 0.000000000000000000 ) ) ;
#2559 = AXIS2_PLACEMENT_3D ( 'NONE', #2216, #3484, #1539 ) ;
#2560 = CARTESIAN_POINT ( 'NONE',  ( -12.86467733272739267, 10.18795301904910211, 1.348222678326554291 ) ) ;
#2561 = CARTESIAN_POINT ( 'NONE',  ( 10.36105758348891825, -7.851654968961709002, -36.60000000000000142 ) ) ;
#2562 = AXIS2_PLACEMENT_3D ( 'NONE', #2624, #791, #3345 ) ;
#2563 = CARTESIAN_POINT ( 'NONE',  ( -3.425668896209761005, -8.270296309428895043, -44.22500000204841086 ) ) ;
#2564 = EDGE_LOOP ( 'NONE', ( #6140, #4550 ) ) ;
#2565 = CARTESIAN_POINT ( 'NONE',  ( 0.1527957413870705827, -1.863406563961641504, 3.889913283529379040 ) ) ;
#2566 = ORIENTED_EDGE ( 'NONE', *, *, #5374, .F. ) ;
#2567 = EDGE_CURVE ( 'NONE', #7112, #6194, #2659, .T. ) ;
#2568 = DIRECTION ( 'NONE',  ( 1.224646799147351975E-16, 4.200843456763865836E-31, 1.000000000000000000 ) ) ;
#2569 = CARTESIAN_POINT ( 'NONE',  ( -16.99345113001765029, 8.599999999999999645, -2.568704671950854834 ) ) ;
#2570 = CARTESIAN_POINT ( 'NONE',  ( -2.178281547643132310, 0.1407367230532197422, 18.21799743548832495 ) ) ;
#2571 = CARTESIAN_POINT ( 'NONE',  ( -12.57277970504813069, 10.51789607936193782, -0.8901512420376289647 ) ) ;
#2572 = CARTESIAN_POINT ( 'NONE',  ( 10.88775266031845668, 7.596015572489577927, -36.51716091525103991 ) ) ;
#2573 = AXIS2_PLACEMENT_3D ( 'NONE', #5967, #4772, #2768 ) ;
#2574 = CARTESIAN_POINT ( 'NONE',  ( -6.422081758775480154, -6.422081758775310512, -48.35000000409679899 ) ) ;
#2575 = FACE_OUTER_BOUND ( 'NONE', #2975, .T. ) ;
#2576 = SHAPE_DEFINITION_REPRESENTATION ( #5002, #2552 ) ;
#2577 = CARTESIAN_POINT ( 'NONE',  ( -1.426096579279483819E-13, -8.270296309428900372, -41.13125000204840376 ) ) ;
#2578 = CARTESIAN_POINT ( 'NONE',  ( -1.032504948664619993E-13, 0.000000000000000000, -30.09999999999999787 ) ) ;
#2579 = CARTESIAN_POINT ( 'NONE',  ( 10.46999999997870034, 0.000000000000000000, -25.50000000000000000 ) ) ;
#2580 = EDGE_CURVE ( 'NONE', #3732, #3504, #427, .T. ) ;
#2581 = VECTOR ( 'NONE', #7475, 1000.000000000000000 ) ;
#2582 = CARTESIAN_POINT ( 'NONE',  ( 3.649999999999999911, 2.245892547147650298, -3.889999999999999680 ) ) ;
#2583 = VERTEX_POINT ( 'NONE', #4658 ) ;
#2584 = CARTESIAN_POINT ( 'NONE',  ( 8.270296309428744053, -3.425668896209614456, -45.72500000204842507 ) ) ;
#2585 = CARTESIAN_POINT ( 'NONE',  ( 11.38466659687145999, -7.255299199762409224, -36.10000000000000142 ) ) ;
#2586 = DIRECTION ( 'NONE',  ( -1.000000000000000000, 1.224646799147353454E-16, 0.000000000000000000 ) ) ;
#2587 = FACE_OUTER_BOUND ( 'NONE', #1046, .T. ) ;
#2588 = CARTESIAN_POINT ( 'NONE',  ( -14.68810781139363897, 0.1407367230574607664, -10.99544587460161971 ) ) ;
#2589 = CIRCLE ( 'NONE', #4765, 7.625000000000000000 ) ;
#2590 = CARTESIAN_POINT ( 'NONE',  ( -0.1319709303036687431, -8.425495670075090260, -52.09999938496704885 ) ) ;
#2591 = AXIS2_PLACEMENT_3D ( 'NONE', #840, #758, #717 ) ;
#2592 = DIRECTION ( 'NONE',  ( 1.000000000000000000, 0.000000000000000000, -5.060269027461970853E-15 ) ) ;
#2593 = VERTEX_POINT ( 'NONE', #7167 ) ;
#2594 = CARTESIAN_POINT ( 'NONE',  ( -4.752725728523406801, 7.687843204283816512, -51.80480534092235700 ) ) ;
#2595 = EDGE_LOOP ( 'NONE', ( #3363, #7737 ) ) ;
#2596 = DIRECTION ( 'NONE',  ( -1.000000000000000000, 0.000000000000000000, 3.478934956380105257E-15 ) ) ;
#2597 = EDGE_CURVE ( 'NONE', #1663, #1818, #7762, .T. ) ;
#2598 = AXIS2_PLACEMENT_3D ( 'NONE', #1422, #3923, #5298 ) ;
#2599 = CIRCLE ( 'NONE', #3279, 4.315479057817305453 ) ;
#2600 = AXIS2_PLACEMENT_3D ( 'NONE', #4739, #7334, #864 ) ;
#2601 = ORIENTED_EDGE ( 'NONE', *, *, #6354, .F. ) ;
#2602 = VERTEX_POINT ( 'NONE', #20 ) ;
#2603 = DIRECTION ( 'NONE',  ( 3.344954574219360224E-15, -1.000000000000000000, 0.000000000000000000 ) ) ;
#2604 = CARTESIAN_POINT ( 'NONE',  ( 3.149999999999999911, 3.055989016502244748, -2.486871756045669901 ) ) ;
#2605 = CARTESIAN_POINT ( 'NONE',  ( 14.78309319624352725, 0.3730381702078136574, 11.10266403659814394 ) ) ;
#2606 = DIRECTION ( 'NONE',  ( 1.000000000000000000, 0.000000000000000000, -3.478934956386834635E-15 ) ) ;
#2607 = DIRECTION ( 'NONE',  ( 0.000000000000000000, 0.000000000000000000, -1.000000000000000000 ) ) ;
#2608 = ADVANCED_FACE ( 'NONE', ( #784 ), #2616, .F. ) ;
#2609 = CARTESIAN_POINT ( 'NONE',  ( -3.425668896209744130, -8.270296309428895043, -39.72500000204839665 ) ) ;
#2610 = ORIENTED_EDGE ( 'NONE', *, *, #8229, .F. ) ;
#2611 = LINE ( 'NONE', #5888, #6606 ) ;
#2612 = ORIENTED_EDGE ( 'NONE', *, *, #2567, .T. ) ;
#2613 = CARTESIAN_POINT ( 'NONE',  ( 1.639829176630759940E-12, -478.0496043183500205, 0.000000000000000000 ) ) ;
#2614 = DIRECTION ( 'NONE',  ( 0.000000000000000000, 0.000000000000000000, -1.000000000000000000 ) ) ;
#2615 = CARTESIAN_POINT ( 'NONE',  ( 8.921570627134731097E-13, 0.000000000000000000, 260.0852191789194876 ) ) ;
#2616 = CYLINDRICAL_SURFACE ( 'NONE', #6129, 4.299999999999844391 ) ;
#2617 = CARTESIAN_POINT ( 'NONE',  ( 11.17759952568290593, 7.430178745316759148, -36.42160095330951464 ) ) ;
#2618 = ADVANCED_FACE ( 'NONE', ( #5211, #2700 ), #7208, .F. ) ;
#2619 = CARTESIAN_POINT ( 'NONE',  ( 6.422081758775140869, -6.422081758775310512, -47.97500000409679899 ) ) ;
#2620 = CARTESIAN_POINT ( 'NONE',  ( -6.860497997771589623E-14, 20.00000000000000000, 0.000000000000000000 ) ) ;
#2621 = CONTEXT_DEPENDENT_SHAPE_REPRESENTATION ( #1399, #4394 ) ;
#2622 = DIRECTION ( 'NONE',  ( 0.4965933685609145165, 0.8679833099209476321, 0.000000000000000000 ) ) ;
#2623 = CARTESIAN_POINT ( 'NONE',  ( -8.270296309429035375, 3.425668896209608683, -40.47500000204838244 ) ) ;
#2624 = CARTESIAN_POINT ( 'NONE',  ( -1.289773623581051922E-13, 0.000000000000000000, -37.60000000000000142 ) ) ;
#2625 = CARTESIAN_POINT ( 'NONE',  ( 11.23045522064698609, 7.242278139439617846, -29.75628163759437683 ) ) ;
#2626 = CYLINDRICAL_SURFACE ( 'NONE', #2687, 13.50000000000000000 ) ;
#2627 = ORIENTED_EDGE ( 'NONE', *, *, #3252, .T. ) ;
#2628 = CARTESIAN_POINT ( 'NONE',  ( 3.425668896209451919, 8.270296309428905701, -45.35000000204841086 ) ) ;
#2629 = CARTESIAN_POINT ( 'NONE',  ( 10.96567781715958390, -7.499405988037800341, -36.51094379192657868 ) ) ;
#2630 = EDGE_CURVE ( 'NONE', #7160, #400, #3966, .T. ) ;
#2631 = FACE_BOUND ( 'NONE', #6387, .T. ) ;
#2632 = FILL_AREA_STYLE ('',( #2076 ) ) ;
#2633 = CARTESIAN_POINT ( 'NONE',  ( -14.75757029225979799, 0.2423323321253818274, -11.07391014201205337 ) ) ;
#2634 = DIRECTION ( 'NONE',  ( 0.000000000000000000, 0.000000000000000000, -1.000000000000000000 ) ) ;
#2635 = CARTESIAN_POINT ( 'NONE',  ( -16.98702884801801360, 23.73728644265903043, -5.052257857437838062 ) ) ;
#2636 = VERTEX_POINT ( 'NONE', #5467 ) ;
#2637 = CARTESIAN_POINT ( 'NONE',  ( -3.761968395621897887, 9.082195121928897663, -53.13124999999998721 ) ) ;
#2638 = DIRECTION ( 'NONE',  ( 3.430248998885765387E-15, 0.000000000000000000, 1.000000000000000000 ) ) ;
#2639 = ORIENTED_EDGE ( 'NONE', *, *, #7073, .F. ) ;
#2640 = DIRECTION ( 'NONE',  ( 3.375678115414340516E-15, -1.000000000000000000, 0.000000000000000000 ) ) ;
#2641 = AXIS2_PLACEMENT_3D ( 'NONE', #4075, #804, #5485 ) ;
#2642 = TOROIDAL_SURFACE ( 'NONE', #466, 11.50000000000000000, 0.5000000000000000000 ) ;
#2643 = ORIENTED_EDGE ( 'NONE', *, *, #3148, .T. ) ;
#2644 = LINE ( 'NONE', #3912, #5042 ) ;
#2645 = ADVANCED_FACE ( 'NONE', ( #2864 ), #8051, .F. ) ;
#2646 = DIRECTION ( 'NONE',  ( 0.000000000000000000, 0.000000000000000000, -1.000000000000000000 ) ) ;
#2647 = TOROIDAL_SURFACE ( 'NONE', #7401, 11.50000000000000000, 0.5000000000000000000 ) ;
#2648 = CARTESIAN_POINT ( 'NONE',  ( -9.082195121929164117, -3.761968395621633210, -51.25624999999999432 ) ) ;
#2649 = CARTESIAN_POINT ( 'NONE',  ( -3.425668896209749903, -8.270296309428895043, -41.22500000204841797 ) ) ;
#2650 = CARTESIAN_POINT ( 'NONE',  ( -1.787159728419490106E-13, 0.000000000000000000, -52.10000000000000142 ) ) ;
#2651 = AXIS2_PLACEMENT_3D ( 'NONE', #2186, #909, #7547 ) ;
#2652 = CARTESIAN_POINT ( 'NONE',  ( 3.425668896209462577, -8.270296309428895043, -42.53750000204841797 ) ) ;
#2653 = EDGE_LOOP ( 'NONE', ( #7359, #3661, #4933, #246 ) ) ;
#2654 = CARTESIAN_POINT ( 'NONE',  ( 9.082195121928769765, 0.000000000000000000, -38.78750000409684873 ) ) ;
#2655 = VERTEX_POINT ( 'NONE', #6702 ) ;
#2656 = CARTESIAN_POINT ( 'NONE',  ( -5.847982602819429943, -5.847982602819249642, -52.19375000204840376 ) ) ;
#2657 = CARTESIAN_POINT ( 'NONE',  ( -12.02351854148263577, 5.952059795480709070, -36.37748881049317617 ) ) ;
#2658 = DIRECTION ( 'NONE',  ( 0.9999922807328994745, 0.003929182435835270465, 0.000000000000000000 ) ) ;
#2659 = LINE ( 'NONE', #659, #2185 ) ;
#2660 = CARTESIAN_POINT ( 'NONE',  ( -4.378665958575741257, -7.036930706259044932, -52.10020399949466707 ) ) ;
#2661 = CARTESIAN_POINT ( 'NONE',  ( -3.761968395621886785, 9.082195121928897663, -48.81875000409676346 ) ) ;
#2662 = CARTESIAN_POINT ( 'NONE',  ( 3.183333333333337567, 0.4158012297881857333, -3.889999999999993019 ) ) ;
#2663 = CARTESIAN_POINT ( 'NONE',  ( 0.08314105332072474486, -4.045386845186838443, 0.7734214886956527479 ) ) ;
#2664 = CARTESIAN_POINT ( 'NONE',  ( 7.662143332461256229, 4.677086247676100150, -51.90736322997420871 ) ) ;
#2665 = DIRECTION ( 'NONE',  ( 1.000000000000000000, 3.430248998885765387E-15, 0.000000000000000000 ) ) ;
#2666 = CARTESIAN_POINT ( 'NONE',  ( -1.032504948664619993E-13, 0.000000000000000000, -30.09999999999999787 ) ) ;
#2667 = CARTESIAN_POINT ( 'NONE',  ( 11.03106894554255746, 7.032519660513321114, -29.60000000000003340 ) ) ;
#2668 = EDGE_CURVE ( 'NONE', #7956, #7990, #6097, .T. ) ;
#2669 = PRODUCT_RELATED_PRODUCT_CATEGORY ( 'part', '', ( #4321 ) ) ;
#2670 = ORIENTED_EDGE ( 'NONE', *, *, #5248, .F. ) ;
#2671 = CARTESIAN_POINT ( 'NONE',  ( 3.425668896209451919, -8.270296309428895043, -45.91250000204841086 ) ) ;
#2672 = CARTESIAN_POINT ( 'NONE',  ( 0.6969072952559149936, -13.48199985988048155, 260.0852191789194876 ) ) ;
#2673 = DIRECTION ( 'NONE',  ( -0.9999922807328994745, -0.003929182435834587851, 0.000000000000000000 ) ) ;
#2674 = CARTESIAN_POINT ( 'NONE',  ( 10.96999999997871811, 0.000000000000000000, -21.00000000000000000 ) ) ;
#2675 = CARTESIAN_POINT ( 'NONE',  ( -6.422081758775489924, 6.422081758775310512, -51.53750000000000142 ) ) ;
#2676 = CARTESIAN_POINT ( 'NONE',  ( -11.38466659687186144, 7.255299199762189843, -36.10000000000000142 ) ) ;
#2677 = CARTESIAN_POINT ( 'NONE',  ( -16.99574405134132249, 26.92878323651509831, -1.676230986098785403 ) ) ;
#2678 = EDGE_LOOP ( 'NONE', ( #6685, #6527, #641, #7964 ) ) ;
#2679 = CARTESIAN_POINT ( 'NONE',  ( -9.082195121929082404, -3.761968395621714034, -52.75625000000001563 ) ) ;
#2680 = CARTESIAN_POINT ( 'NONE',  ( 12.46070447940063097, 24.34846543239867245, -12.42218219423929426 ) ) ;
#2681 = ORIENTED_EDGE ( 'NONE', *, *, #1736, .F. ) ;
#2682 = EDGE_CURVE ( 'NONE', #4697, #7784, #6872, .T. ) ;
#2683 = CARTESIAN_POINT ( 'NONE',  ( 14.79108867122026005, 20.00000000000000000, 11.11187184591756072 ) ) ;
#2684 = EDGE_CURVE ( 'NONE', #1363, #8116, #1743, .T. ) ;
#2685 = CARTESIAN_POINT ( 'NONE',  ( -7.285838599102588534E-14, 0.000000000000000000, -21.00000000000000000 ) ) ;
#2686 = CARTESIAN_POINT ( 'NONE',  ( 14.66830230162380744, 0.1117266108444550654, 10.97307061036010722 ) ) ;
#2688 = CARTESIAN_POINT ( 'NONE',  ( 5.847982602819110198, 5.847982602819249642, -42.06875000204845350 ) ) ;
#2687 = AXIS2_PLACEMENT_3D ( 'NONE', #3305, #7896, #5905 ) ;
#2689 = CARTESIAN_POINT ( 'NONE',  ( -9.082195121929059312, 1.112248118530191819E-15, -45.53750000409679899 ) ) ;
#2690 = CARTESIAN_POINT ( 'NONE',  ( 8.270296309428760040, 0.000000000000000000, -40.75625000204845350 ) ) ;
#2691 = ORIENTED_EDGE ( 'NONE', *, *, #8082, .F. ) ;
#2692 = CARTESIAN_POINT ( 'NONE',  ( 0.08308711710987687349, -1.352902373440692418, 3.889957193512237676 ) ) ;
#2693 = CIRCLE ( 'NONE', #6916, 10.46999999997875896 ) ;
#2694 = VERTEX_POINT ( 'NONE', #3623 ) ;
#2695 = CARTESIAN_POINT ( 'NONE',  ( 5.847982602819080000, 5.847982602819249642, -51.44375000204840376 ) ) ;
#2696 = CARTESIAN_POINT ( 'NONE',  ( 10.46999999997859909, 0.000000000000000000, -37.60000000000000142 ) ) ;
#2697 = CARTESIAN_POINT ( 'NONE',  ( -2.211502356106749723, 0.2423323321808027730, 18.31738584228591193 ) ) ;
#2698 = ADVANCED_FACE ( 'NONE', ( #2309, #6144 ), #949, .F. ) ;
#2699 = APPLICATION_CONTEXT ( 'automotive_design' ) ;
#2700 = FACE_OUTER_BOUND ( 'NONE', #6739, .T. ) ;
#2701 = EDGE_CURVE ( 'NONE', #8158, #5932, #1041, .T. ) ;
#2702 = CARTESIAN_POINT ( 'NONE',  ( 6.422081758775160409, 6.422081758775310512, -44.60000000409684873 ) ) ;
#2703 = CARTESIAN_POINT ( 'NONE',  ( -9.082195121929080628, 1.112248118530191819E-15, -51.53750000409679899 ) ) ;
#2704 = DIRECTION ( 'NONE',  ( 0.000000000000000000, -0.8660254037844387076, -0.4999999999999998890 ) ) ;
#2705 = CARTESIAN_POINT ( 'NONE',  ( 7.727807316875222376, 4.563565216899929666, -51.90979853216987294 ) ) ;
#2706 = CARTESIAN_POINT ( 'NONE',  ( -6.440270817713939824E-14, 0.000000000000000000, -18.53496675703924979 ) ) ;
#2707 = CARTESIAN_POINT ( 'NONE',  ( 0.01929495349849401353, -3.042716155164502112, 2.509521010002431662 ) ) ;
#2708 = DIRECTION ( 'NONE',  ( 0.2037883957665869716, -0.9790149589004658592, 0.000000000000000000 ) ) ;
#2709 = DIRECTION ( 'NONE',  ( 1.000000000000000000, 0.000000000000000000, -3.430248998885765387E-15 ) ) ;
#2710 = ORIENTED_EDGE ( 'NONE', *, *, #7453, .F. ) ;
#2711 = CARTESIAN_POINT ( 'NONE',  ( -8.270296309429046033, -3.425668896209603798, -41.78750000204837534 ) ) ;
#2712 = CARTESIAN_POINT ( 'NONE',  ( 9.082195121928741344, 0.000000000000000000, -47.78750000409679899 ) ) ;
#2713 = DIRECTION ( 'NONE',  ( -1.000000000000000000, 0.000000000000000000, 0.000000000000000000 ) ) ;
#2714 = CARTESIAN_POINT ( 'NONE',  ( 3.649999999999999911, 3.061616997868385113E-16, -2.500000000000000000 ) ) ;
#2715 = ADVANCED_FACE ( 'NONE', ( #1585 ), #6743, .F. ) ;
#2716 = CARTESIAN_POINT ( 'NONE',  ( 0.000000000000000000, 0.000000000000000000, 0.000000000000000000 ) ) ;
#2717 = CARTESIAN_POINT ( 'NONE',  ( 5.847982602819089770, 5.847982602819249642, -46.94375000204840376 ) ) ;
#2718 = AXIS2_PLACEMENT_3D ( 'NONE', #3988, #7987, #3943 ) ;
#2719 = ORIENTED_EDGE ( 'NONE', *, *, #1526, .T. ) ;
#2720 = CARTESIAN_POINT ( 'NONE',  ( 5.847982602819110198, 5.847982602819249642, -40.94375000204845350 ) ) ;
#2721 = ORIENTED_EDGE ( 'NONE', *, *, #5286, .T. ) ;
#2722 = CARTESIAN_POINT ( 'NONE',  ( -9.082195121929123260, 3.761968395621640315, -42.63125000409677057 ) ) ;
#2723 = AXIS2_PLACEMENT_3D ( 'NONE', #4001, #6086, #5288 ) ;
#2724 = ADVANCED_FACE ( 'NONE', ( #7460 ), #223, .T. ) ;
#2725 = EDGE_LOOP ( 'NONE', ( #2526, #5197, #8248, #8296 ) ) ;
#2726 = CARTESIAN_POINT ( 'NONE',  ( -14.84803800315293820, 20.00000000000000000, 11.03565890452061993 ) ) ;
#2727 = CARTESIAN_POINT ( 'NONE',  ( -10.88775266030978450, -7.596015572494687618, -36.51716091525387498 ) ) ;
#2728 = TOROIDAL_SURFACE ( 'NONE', #3945, 18.00000000000000000, 0.5000000000000000000 ) ;
#2729 = FACE_OUTER_BOUND ( 'NONE', #285, .T. ) ;
#2730 = AXIS2_PLACEMENT_3D ( 'NONE', #5795, #7657, #2511 ) ;
#2731 = CARTESIAN_POINT ( 'NONE',  ( -3.425668896209765446, -8.270296309428895043, -45.72500000204842507 ) ) ;
#2732 = AXIS2_PLACEMENT_3D ( 'NONE', #3679, #826, #7803 ) ;
#2733 = DIRECTION ( 'NONE',  ( 3.418798091341155250E-15, -1.000000000000000000, 0.000000000000000000 ) ) ;
#2734 = CIRCLE ( 'NONE', #3816, 0.5000000000000004441 ) ;
#2735 = DIRECTION ( 'NONE',  ( 1.224646799147353947E-16, 1.000000000000000000, -4.200843456763865836E-31 ) ) ;
#2736 = ORIENTED_EDGE ( 'NONE', *, *, #4327, .T. ) ;
#2737 = EDGE_CURVE ( 'NONE', #2554, #1134, #7968, .T. ) ;
#2738 = CARTESIAN_POINT ( 'NONE',  ( 3.761968395621562156, 9.082195121928899439, -46.00625000409680609 ) ) ;
#2739 = CARTESIAN_POINT ( 'NONE',  ( 5.847982602819080000, 5.847982602819249642, -49.94375000204840376 ) ) ;
#2740 = DIRECTION ( 'NONE',  ( 1.000000000000000000, 0.000000000000000000, 0.000000000000000000 ) ) ;
#2741 = DIRECTION ( 'NONE',  ( 0.000000000000000000, 0.000000000000000000, 1.000000000000000000 ) ) ;
#2742 = DIRECTION ( 'NONE',  ( 1.000000000000000000, 0.000000000000000000, 0.000000000000000000 ) ) ;
#2743 = CARTESIAN_POINT ( 'NONE',  ( 9.082195121928757331, -3.761968395621719363, -43.38125000409684162 ) ) ;
#2744 = CARTESIAN_POINT ( 'NONE',  ( -3.425668896209771219, -8.270296309428895043, -47.22500000204839665 ) ) ;
#2745 = DIRECTION ( 'NONE',  ( 0.000000000000000000, 0.000000000000000000, -1.000000000000000000 ) ) ;
#2746 = CARTESIAN_POINT ( 'NONE',  ( 6.422081758775140869, 6.422081758775310512, -50.41250000000000142 ) ) ;
#2747 = DIRECTION ( 'NONE',  ( 0.000000000000000000, 0.000000000000000000, -1.000000000000000000 ) ) ;
#2748 = ADVANCED_FACE ( 'NONE', ( #2949 ), #2139, .T. ) ;
#2749 = DIRECTION ( 'NONE',  ( 3.430248998885765387E-15, 0.000000000000000000, 1.000000000000000000 ) ) ;
#2750 = DIRECTION ( 'NONE',  ( 3.430248998885765387E-15, 0.000000000000000000, 1.000000000000000000 ) ) ;
#2751 = DIRECTION ( 'NONE',  ( 1.000000000000000000, 3.375678115414327500E-15, 0.000000000000000000 ) ) ;
#2752 = VERTEX_POINT ( 'NONE', #5422 ) ;
#2753 = FACE_OUTER_BOUND ( 'NONE', #2291, .T. ) ;
#2754 = CARTESIAN_POINT ( 'NONE',  ( -4.509598707815231755, 7.236132913786142318, -52.09998841196036778 ) ) ;
#2755 = CARTESIAN_POINT ( 'NONE',  ( 3.761968395621545724, -9.082195121928899439, -51.06875000409687715 ) ) ;
#2756 = LINE ( 'NONE', #5356, #646 ) ;
#2757 = CARTESIAN_POINT ( 'NONE',  ( 17.01870763777014872, 0.5000000000001120215, -7.253522615950269703 ) ) ;
#2758 = CARTESIAN_POINT ( 'NONE',  ( 1.639829176630759940E-12, -478.0496043183500205, 0.000000000000000000 ) ) ;
#2759 = CARTESIAN_POINT ( 'NONE',  ( -1.644774952958449779E-13, -8.270296309428900372, -47.50625000204840376 ) ) ;
#2760 = ORIENTED_EDGE ( 'NONE', *, *, #4551, .T. ) ;
#2761 = CARTESIAN_POINT ( 'NONE',  ( -8.270296309429035375, -3.425668896209603798, -40.28750000204840376 ) ) ;
#2762 = ORIENTED_EDGE ( 'NONE', *, *, #3287, .T. ) ;
#2763 =( BOUNDED_CURVE ( )  B_SPLINE_CURVE ( 2, ( #4187, #4873, #7465, #6788, #3631, #2914, #1634, #359, #4229 ),
 .UNSPECIFIED., .F., .F. ) 
 B_SPLINE_CURVE_WITH_KNOTS ( ( 3, 2, 2, 2, 3 ),
 ( 0.1499999999999999944, 0.1625000000000000056, 0.1749999999999999889, 0.1875000000000000000, 0.2000000000000000111 ),
 .UNSPECIFIED. ) 
 CURVE ( )  GEOMETRIC_REPRESENTATION_ITEM ( )  RATIONAL_B_SPLINE_CURVE ( ( 1.000000000000000000, 0.9238795325112899581, 1.000000000000000000, 0.9238795325112869605, 1.000000000000000000, 0.9238795325112869605, 1.000000000000000000, 0.9238795325112859613, 1.000000000000000000 ) ) 
 REPRESENTATION_ITEM ( '' )  );
#2764 = ADVANCED_FACE ( 'NONE', ( #1715 ), #15, .T. ) ;
#2765 = CARTESIAN_POINT ( 'NONE',  ( -6.860497997771589623E-14, 20.00000000000000000, 0.000000000000000000 ) ) ;
#2766 = CARTESIAN_POINT ( 'NONE',  ( -6.428457124759313857, 26.36968184176284780, 15.92561550809099025 ) ) ;
#2767 = CARTESIAN_POINT ( 'NONE',  ( -0.5172048051948986425, -13.23254516297577510, -29.66162301651151623 ) ) ;
#2768 = DIRECTION ( 'NONE',  ( 0.000000000000000000, 1.000000000000000000, 0.000000000000000000 ) ) ;
#2769 = ADVANCED_FACE ( 'NONE', ( #7585 ), #8346, .T. ) ;
#2770 = AXIS2_PLACEMENT_3D ( 'NONE', #231, #5429, #8015 ) ;
#2771 = AXIS2_PLACEMENT_3D ( 'NONE', #4838, #6073, #4155 ) ;
#2772 = CARTESIAN_POINT ( 'NONE',  ( -7.005376702023249358, 8.599999999999999645, 2.081993578940575240 ) ) ;
#2773 = LINE ( 'NONE', #6055, #3449 ) ;
#2774 = CIRCLE ( 'NONE', #8340, 10.55333333332982093 ) ;
#2775 = VERTEX_POINT ( 'NONE', #8259 ) ;
#2776 = AXIS2_PLACEMENT_3D ( 'NONE', #7557, #317, #7472 ) ;
#2777 = FACE_OUTER_BOUND ( 'NONE', #5779, .T. ) ;
#2778 = CIRCLE ( 'NONE', #7539, 0.5000000000000004441 ) ;
#2779 = CARTESIAN_POINT ( 'NONE',  ( 8.270296309428733394, 3.425668896209609571, -50.03750000204839665 ) ) ;
#2780 = CARTESIAN_POINT ( 'NONE',  ( -9.082195121928952730, 3.761968395621824168, -42.44375000000003695 ) ) ;
#2781 = ADVANCED_FACE ( 'NONE', ( #4949 ), #4397, .T. ) ;
#2782 = AXIS2_PLACEMENT_3D ( 'NONE', #5270, #4628, #6596 ) ;
#2783 = CARTESIAN_POINT ( 'NONE',  ( 8.921570627134731097E-13, 0.000000000000000000, 260.0852191789194876 ) ) ;
#2784 = CARTESIAN_POINT ( 'NONE',  ( -1.462962456073697906E-13, -9.082195121928901216, -42.16250000409679899 ) ) ;
#2785 = CARTESIAN_POINT ( 'NONE',  ( 3.425668896209440817, 8.270296309428895043, -47.97500000204844639 ) ) ;
#2786 = CIRCLE ( 'NONE', #2513, 0.4999999999999997780 ) ;
#2787 = CYLINDRICAL_SURFACE ( 'NONE', #5510, 18.50000000000000000 ) ;
#2788 = CARTESIAN_POINT ( 'NONE',  ( 8.893652495416690229, 1.356514670916050135E-11, -51.99114486382930522 ) ) ;
#2789 = ORIENTED_EDGE ( 'NONE', *, *, #5138, .F. ) ;
#2790 = DIRECTION ( 'NONE',  ( -1.000000000000000000, -3.430248998885765387E-15, 0.000000000000000000 ) ) ;
#2791 = FACE_OUTER_BOUND ( 'NONE', #2353, .T. ) ;
#2792 = DIRECTION ( 'NONE',  ( 0.000000000000000000, 0.000000000000000000, -1.000000000000000000 ) ) ;
#2793 = CARTESIAN_POINT ( 'NONE',  ( -1.414990626211449698E-13, 9.082195121928901216, -41.41250000409679899 ) ) ;
#2794 = ORIENTED_EDGE ( 'NONE', *, *, #1949, .F. ) ;
#2795 = CARTESIAN_POINT ( 'NONE',  ( -1.392976761726977944E-13, 8.270296309428900372, -40.75625000204840376 ) ) ;
#2796 = CARTESIAN_POINT ( 'NONE',  ( -5.792880553314788017, 6.144505035593468278, -52.09993590738584146 ) ) ;
#2797 = AXIS2_PLACEMENT_3D ( 'NONE', #463, #3098, #5056 ) ;
#2798 = DIRECTION ( 'NONE',  ( -0.002571354084719082531, 0.000000000000000000, 0.9999966940636207946 ) ) ;
#2799 = CARTESIAN_POINT ( 'NONE',  ( 1.720516308638554870, -12.88564409068112049, -36.60000000000000142 ) ) ;
#2800 = CARTESIAN_POINT ( 'NONE',  ( 17.01870763777021978, 0.4373764135903909223, -7.253522615950251051 ) ) ;
#2801 = CARTESIAN_POINT ( 'NONE',  ( -10.60561905574568797, 7.709173178554156181, -36.59999999999997300 ) ) ;
#2802 = CARTESIAN_POINT ( 'NONE',  ( 5.847982602819080000, 5.847982602819249642, -49.94375000204840376 ) ) ;
#2803 = VERTEX_POINT ( 'NONE', #3115 ) ;
#2804 = CARTESIAN_POINT ( 'NONE',  ( 9.082195121928720027, 0.000000000000000000, -52.10000000000000142 ) ) ;
#2805 = ORIENTED_EDGE ( 'NONE', *, *, #7702, .T. ) ;
#2806 = CARTESIAN_POINT ( 'NONE',  ( 3.149999999999999911, -2.245892547147650298, -3.889999999999999680 ) ) ;
#2807 = EDGE_CURVE ( 'NONE', #4987, #1738, #8293, .T. ) ;
#2808 = DIRECTION ( 'NONE',  ( 3.430248998885765387E-15, 0.000000000000000000, 1.000000000000000000 ) ) ;
#2809 = ORIENTED_EDGE ( 'NONE', *, *, #5796, .F. ) ;
#2810 = CARTESIAN_POINT ( 'NONE',  ( -11.19627146960885078, 25.88750981222795744, 13.15652388712370247 ) ) ;
#2811 = CARTESIAN_POINT ( 'NONE',  ( -0.4489545632836160483, -12.99224537176326066, -29.60000000000000142 ) ) ;
#2812 = CARTESIAN_POINT ( 'NONE',  ( -1.312083156244877734E-13, 9.082195121928901216, -38.41250000409679899 ) ) ;
#2813 = DIRECTION ( 'NONE',  ( 0.000000000000000000, 0.000000000000000000, -1.000000000000000000 ) ) ;
#2814 = FACE_OUTER_BOUND ( 'NONE', #7786, .T. ) ;
#2815 = ADVANCED_FACE ( 'NONE', ( #1206 ), #441, .T. ) ;
#2816 = ORIENTED_EDGE ( 'NONE', *, *, #5909, .T. ) ;
#2817 = DIRECTION ( 'NONE',  ( 0.000000000000000000, 0.4999999999999998890, 0.8660254037844387076 ) ) ;
#2818 = CARTESIAN_POINT ( 'NONE',  ( -5.847982602819429943, 5.847982602819249642, -51.06875000204840376 ) ) ;
#2819 = DIRECTION ( 'NONE',  ( 1.000000000000000000, 0.000000000000000000, -6.112085292819410516E-15 ) ) ;
#2820 =( BOUNDED_CURVE ( )  B_SPLINE_CURVE ( 2, ( #510, #7787, #1279, #1793, #5835, #5108, #5709, #4388, #2553 ),
 .UNSPECIFIED., .F., .F. ) 
 B_SPLINE_CURVE_WITH_KNOTS ( ( 3, 2, 2, 2, 3 ),
 ( 0.1000000000000000056, 0.1125000000000000028, 0.1250000000000000000, 0.1375000000000000111, 0.1499999999999999944 ),
 .UNSPECIFIED. ) 
 CURVE ( )  GEOMETRIC_REPRESENTATION_ITEM ( )  RATIONAL_B_SPLINE_CURVE ( ( 1.000000000000000000, 0.9238795325112869605, 1.000000000000000000, 0.9238795325112869605, 1.000000000000000000, 0.9238795325112869605, 1.000000000000000000, 0.9238795325112829637, 1.000000000000000000 ) ) 
 REPRESENTATION_ITEM ( '' )  );
#2821 = CARTESIAN_POINT ( 'NONE',  ( -18.50000000000000000, -1.399623203503292022E-14, 0.000000000000000000 ) ) ;
#2822 = AXIS2_PLACEMENT_3D ( 'NONE', #4580, #5266, #6500 ) ;
#2823 = CARTESIAN_POINT ( 'NONE',  ( 9.082195121928759107, 0.000000000000000000, -41.78750000409684873 ) ) ;
#2824 = CARTESIAN_POINT ( 'NONE',  ( 3.425668896209430159, -8.270296309428895043, -51.53750000204837534 ) ) ;
#2825 = EDGE_CURVE ( 'NONE', #3747, #6216, #2052, .T. ) ;
#2826 = DIRECTION ( 'NONE',  ( 3.430248998885765387E-15, 0.000000000000000000, 1.000000000000000000 ) ) ;
#2827 = CARTESIAN_POINT ( 'NONE',  ( -1.272622378586621957E-13, 0.000000000000000000, -37.10000000000000142 ) ) ;
#2828 = ORIENTED_EDGE ( 'NONE', *, *, #771, .F. ) ;
#2829 = DIRECTION ( 'NONE',  ( 3.430248998885765387E-15, 0.000000000000000000, 1.000000000000000000 ) ) ;
#2830 = DIRECTION ( 'NONE',  ( -3.430248998885765387E-15, 0.000000000000000000, -1.000000000000000000 ) ) ;
#2831 = CARTESIAN_POINT ( 'NONE',  ( 12.55022847386459262, 24.21946641752086649, -12.37018367022067089 ) ) ;
#2832 = CARTESIAN_POINT ( 'NONE',  ( 3.149999999999999911, -3.681688624940699928, 1.403128243954306020 ) ) ;
#2833 = CYLINDRICAL_SURFACE ( 'NONE', #7584, 0.4999999999999994449 ) ;
#2834 = VERTEX_POINT ( 'NONE', #1130 ) ;
#2835 = CARTESIAN_POINT ( 'NONE',  ( 14.50741434793462048, 9.922741798777749782E-14, -10.65527704648449969 ) ) ;
#2836 = CARTESIAN_POINT ( 'NONE',  ( -4.717512081836318316, 7.086686246499501962, -52.09999688918342287 ) ) ;
#2837 = CARTESIAN_POINT ( 'NONE',  ( 16.51844312351535038, 1.061257474319439822E-13, -7.151296160500309362 ) ) ;
#2838 = CARTESIAN_POINT ( 'NONE',  ( 9.082195121928682724, -3.761968395621784644, -47.88125000409684162 ) ) ;
#2839 = CARTESIAN_POINT ( 'NONE',  ( -11.97631077771664998, -6.052728043780835065, -36.37296921978258979 ) ) ;
#2840 = CARTESIAN_POINT ( 'NONE',  ( -1.534474532931014994E-13, 8.270296309428900372, -44.88125000204840376 ) ) ;
#2841 = CARTESIAN_POINT ( 'NONE',  ( -5.847982602819420173, -5.847982602819249642, -49.19375000204840376 ) ) ;
#2842 = EDGE_CURVE ( 'NONE', #8197, #256, #4596, .T. ) ;
#2843 = ORIENTED_EDGE ( 'NONE', *, *, #3204, .T. ) ;
#2844 = CARTESIAN_POINT ( 'NONE',  ( -6.422081758775470384, 6.422081758775310512, -47.03750000000000142 ) ) ;
#2845 = VERTEX_POINT ( 'NONE', #3831 ) ;
#2846 = DIRECTION ( 'NONE',  ( 5.060269027471780338E-15, 0.000000000000000000, 1.000000000000000000 ) ) ;
#2847 = VECTOR ( 'NONE', #4249, 1000.000000000000114 ) ;
#2848 = EDGE_LOOP ( 'NONE', ( #5146, #5540, #2639, #299 ) ) ;
#2849 = CARTESIAN_POINT ( 'NONE',  ( -0.6969072952560020351, 13.48199985988041938, -36.09999999998009912 ) ) ;
#2850 = DIRECTION ( 'NONE',  ( 1.000000000000000000, 0.000000000000000000, -3.276927463482694132E-15 ) ) ;
#2851 = ORIENTED_EDGE ( 'NONE', *, *, #2842, .F. ) ;
#2852 = DIRECTION ( 'NONE',  ( 6.112085292819410516E-15, 0.000000000000000000, 1.000000000000000000 ) ) ;
#2853 = B_SPLINE_CURVE_WITH_KNOTS ( 'NONE', 3,
 ( #6322, #1807, #5125, #5043, #8227, #6406, #7676, #2398, #7635, #1847, #5769, #6966, #2571, #4320, #7555, #5648, #4444, #3044, #1214, #489, #5683, #615, #5001, #1893, #7007, #8357, #8267, #3757, #3717, #8396, #4484, #7593 ),
 .UNSPECIFIED., .F., .F.,
 ( 4, 2, 2, 2, 1, 2, 2, 2, 1, 2, 2, 2, 2, 2, 2, 2, 4 ),
 ( 0.000000000000000000, 0.1250000000000019429, 0.1875000000000025813, 0.2187500000000031086, 0.2343750000000033584, 0.2421875000000035250, 0.2500000000000036637, 0.3125000000000047740, 0.3437500000000053291, 0.3593750000000053846, 0.3750000000000053846, 0.5000000000000061062, 0.6250000000000067724, 0.6875000000000064393, 0.7187500000000056621, 0.7500000000000047740, 1.000000000000000000 ),
 .UNSPECIFIED. ) ;
#2854 = AXIS2_PLACEMENT_3D ( 'NONE', #5799, #2646, #4434 ) ;
#2855 = DIRECTION ( 'NONE',  ( 1.000000000000000000, 0.000000000000000000, 0.000000000000000000 ) ) ;
#2856 = ORIENTED_EDGE ( 'NONE', *, *, #7771, .T. ) ;
#2857 = CIRCLE ( 'NONE', #2598, 15.54417670682419939 ) ;
#2858 = CONICAL_SURFACE ( 'NONE', #2591, 3.939999999999999947, 0.7853981633974547183 ) ;
#2859 = LINE ( 'NONE', #5381, #5371 ) ;
#2860 = CARTESIAN_POINT ( 'NONE',  ( -3.425668896209761005, -8.270296309428895043, -43.10000000204841086 ) ) ;
#2861 = CYLINDRICAL_SURFACE ( 'NONE', #3278, 9.082195121928901216 ) ;
#2862 = CONICAL_SURFACE ( 'NONE', #966, 3.889999999999999680, 1.221730476396036602 ) ;
#2863 = AXIS2_PLACEMENT_3D ( 'NONE', #2002, #6007, #7190 ) ;
#2864 = FACE_OUTER_BOUND ( 'NONE', #1733, .T. ) ;
#2865 = EDGE_CURVE ( 'NONE', #5866, #5103, #5195, .T. ) ;
#2866 = CIRCLE ( 'NONE', #6269, 7.625000000000000000 ) ;
#2867 = AXIS2_PLACEMENT_3D ( 'NONE', #6277, #3038, #2187 ) ;
#2868 = CARTESIAN_POINT ( 'NONE',  ( -3.425668896209781877, 8.270296309428895043, -52.28750000204841797 ) ) ;
#2869 = CARTESIAN_POINT ( 'NONE',  ( 3.425668896209440817, -8.270296309428895043, -48.53750000204843928 ) ) ;
#2870 = VERTEX_POINT ( 'NONE', #5116 ) ;
#2871 = CARTESIAN_POINT ( 'NONE',  ( -0.6550222260239386696, 13.34109929331170363, -29.75007381883596125 ) ) ;
#2872 = CARTESIAN_POINT ( 'NONE',  ( -6.068707232951390376E-14, 17.69173968106284889, 0.000000000000000000 ) ) ;
#2873 = CARTESIAN_POINT ( 'NONE',  ( 2.227618966551454971, 20.00000000000000000, -18.36539446186380076 ) ) ;
#2874 = CARTESIAN_POINT ( 'NONE',  ( 17.00112060918677059, 27.20073063862968255, -0.4139470989255676914 ) ) ;
#2875 = DIRECTION ( 'NONE',  ( 1.000000000000000000, 0.000000000000000000, -3.056042646409698552E-15 ) ) ;
#2876 = ADVANCED_FACE ( 'NONE', ( #4438 ), #1084, .F. ) ;
#2877 = VERTEX_POINT ( 'NONE', #8178 ) ;
#2878 = CARTESIAN_POINT ( 'NONE',  ( 11.52373063106709949, -6.016945432908640257, -36.10000000000000142 ) ) ;
#2879 = B_SPLINE_CURVE_WITH_KNOTS ( 'NONE', 3,
 ( #421, #817, #4978, #4130 ),
 .UNSPECIFIED., .F., .F.,
 ( 4, 4 ),
 ( 0.000000000000000000, 1.000000000000000000 ),
 .UNSPECIFIED. ) ;
#2880 = CARTESIAN_POINT ( 'NONE',  ( -3.761968395621870354, 9.082195121928899439, -45.63124999999998010 ) ) ;
#2881 = CARTESIAN_POINT ( 'NONE',  ( -6.422081758775480154, -6.422081758775310512, -48.35000000409679899 ) ) ;
#2882 = CARTESIAN_POINT ( 'NONE',  ( -1.631911519212629766E-13, -8.270296309428900372, -47.13125000204840376 ) ) ;
#2883 = CARTESIAN_POINT ( 'NONE',  ( -3.425668896209771663, 8.270296309428895043, -48.16250000204841086 ) ) ;
#2884 = ORIENTED_EDGE ( 'NONE', *, *, #1005, .F. ) ;
#2885 = CARTESIAN_POINT ( 'NONE',  ( 9.082195121928734238, 3.761968395621714034, -47.50625000000008669 ) ) ;
#2886 = ORIENTED_EDGE ( 'NONE', *, *, #5804, .F. ) ;
#2887 = CARTESIAN_POINT ( 'NONE',  ( -1.405077004076969818E-13, -9.082195121928901216, -40.47499999999999432 ) ) ;
#2888 = EDGE_CURVE ( 'NONE', #5932, #4246, #6861, .T. ) ;
#2889 = EDGE_LOOP ( 'NONE', ( #2420, #5643, #5205, #6909 ) ) ;
#2890 = CARTESIAN_POINT ( 'NONE',  ( -5.847982602819409514, -5.847982602819249642, -45.81875000204840376 ) ) ;
#2891 = EDGE_CURVE ( 'NONE', #5588, #3836, #7853, .T. ) ;
#2892 = CARTESIAN_POINT ( 'NONE',  ( 0.000000000000000000, 3.368838820721465233, -1.944999999999999840 ) ) ;
#2893 = LINE ( 'NONE', #1573, #2847 ) ;
#2894 = ORIENTED_EDGE ( 'NONE', *, *, #5309, .T. ) ;
#2895 = CARTESIAN_POINT ( 'NONE',  ( -6.696381546687551811, 26.57035294823002403, 15.77000537355030119 ) ) ;
#2896 = ORIENTED_EDGE ( 'NONE', *, *, #214, .F. ) ;
#2897 = CARTESIAN_POINT ( 'NONE',  ( -3.589360208759825532, 22.86892159504282773, -17.54075412197709483 ) ) ;
#2898 = ORIENTED_EDGE ( 'NONE', *, *, #450, .T. ) ;
#2899 = CARTESIAN_POINT ( 'NONE',  ( -0.1972551071973895065, -13.42427243550592131, -30.09999999999999787 ) ) ;
#2900 = ADVANCED_FACE ( 'NONE', ( #732, #5334 ), #8, .F. ) ;
#2901 = ORIENTED_EDGE ( 'NONE', *, *, #673, .T. ) ;
#2902 = CARTESIAN_POINT ( 'NONE',  ( -9.082195121929052206, 1.112248118530191819E-15, -42.35000000000000142 ) ) ;
#2903 = CARTESIAN_POINT ( 'NONE',  ( 5.847982602819110198, -5.847982602819249642, -42.81875000204845350 ) ) ;
#2904 = DIRECTION ( 'NONE',  ( -1.000000000000000000, 0.000000000000000000, 3.478934956386841735E-15 ) ) ;
#2905 = DIRECTION ( 'NONE',  ( 3.430248998885765387E-15, 0.000000000000000000, 1.000000000000000000 ) ) ;
#2906 = AXIS2_PLACEMENT_3D ( 'NONE', #6665, #2069, #2665 ) ;
#2907 = EDGE_CURVE ( 'NONE', #2877, #1106, #213, .T. ) ;
#2908 = CARTESIAN_POINT ( 'NONE',  ( -3.761968395621865469, -9.082195121928897663, -42.25625000409679188 ) ) ;
#2909 = VECTOR ( 'NONE', #7884, 1000.000000000000114 ) ;
#2910 = CARTESIAN_POINT ( 'NONE',  ( -3.425668896209781877, -8.270296309428895043, -50.22500000204844639 ) ) ;
#2911 = DIRECTION ( 'NONE',  ( -3.430248998885765387E-15, 1.000000000000000000, 0.000000000000000000 ) ) ;
#2912 = CARTESIAN_POINT ( 'NONE',  ( 15.54417670682585140, -478.0496043183500205, 0.000000000000000000 ) ) ;
#2913 = ORIENTED_EDGE ( 'NONE', *, *, #3718, .F. ) ;
#2914 = CARTESIAN_POINT ( 'NONE',  ( 3.761968395621551053, -9.082195121928899439, -49.56875000409680609 ) ) ;
#2915 = CYLINDRICAL_SURFACE ( 'NONE', #6854, 9.082195121928901216 ) ;
#2917 = VECTOR ( 'NONE', #5470, 1000.000000000000000 ) ;
#2916 = CARTESIAN_POINT ( 'NONE',  ( -11.38466659687024141, 7.255299199763130424, 260.0852191789194876 ) ) ;
#2918 = CARTESIAN_POINT ( 'NONE',  ( -12.45648819221991666, 6.575848780440718855, 0.5325071514449247756 ) ) ;
#2919 = AXIS2_PLACEMENT_3D ( 'NONE', #5518, #4830, #2395 ) ;
#2920 = CARTESIAN_POINT ( 'NONE',  ( 3.149999999999999911, 2.245892547147644969, 3.889999999999999680 ) ) ;
#2921 = VERTEX_POINT ( 'NONE', #1288 ) ;
#2922 = CARTESIAN_POINT ( 'NONE',  ( 0.5489991898037782647, 13.34178869831394998, -29.74596176215768395 ) ) ;
#2923 = CARTESIAN_POINT ( 'NONE',  ( -9.082195121929069970, 1.112248118530191819E-15, -48.53750000409679899 ) ) ;
#2924 = CARTESIAN_POINT ( 'NONE',  ( 0.9666074834849344155, 13.27217787166523522, -36.49465901583835858 ) ) ;
#2925 = CARTESIAN_POINT ( 'NONE',  ( -8.270296309429069126, 3.425668896209608683, -49.10000000204843218 ) ) ;
#2926 = EDGE_CURVE ( 'NONE', #3039, #1641, #5292, .T. ) ;
#2927 = CARTESIAN_POINT ( 'NONE',  ( 3.425668896209451919, -8.270296309428895043, -45.91250000204841086 ) ) ;
#2928 = ORIENTED_EDGE ( 'NONE', *, *, #2098, .T. ) ;
#2929 = CARTESIAN_POINT ( 'NONE',  ( 3.761968395621551053, 9.082195121928897663, -48.81875000000000853 ) ) ;
#2930 = EDGE_LOOP ( 'NONE', ( #8072, #7179 ) ) ;
#2931 = DIRECTION ( 'NONE',  ( -1.000000000000000000, -3.430248998885764992E-15, 0.000000000000000000 ) ) ;
#2932 = VECTOR ( 'NONE', #2808, 1000.000000000000000 ) ;
#2933 = ORIENTED_EDGE ( 'NONE', *, *, #4587, .T. ) ;
#2934 = CARTESIAN_POINT ( 'NONE',  ( -8.270296309429035375, 3.425668896209609571, -41.60000000204838244 ) ) ;
#2935 = CARTESIAN_POINT ( 'NONE',  ( 0.1001658913133296885, 4.114528883382415181, -0.6535383078640617516 ) ) ;
#2936 = CARTESIAN_POINT ( 'NONE',  ( 8.636668781196870981, 27.20736738590345993, 14.64405802102508858 ) ) ;
#2937 = EDGE_LOOP ( 'NONE', ( #6025, #3511, #2461, #5337 ) ) ;
#2938 = EDGE_CURVE ( 'NONE', #819, #1393, #5963, .T. ) ;
#2939 = CARTESIAN_POINT ( 'NONE',  ( -11.50000000000000000, 13.26727404305912117, 1.408343819019450062E-15 ) ) ;
#2940 = EDGE_LOOP ( 'NONE', ( #870, #5837, #6056, #1502, #7697 ) ) ;
#2941 = CARTESIAN_POINT ( 'NONE',  ( -4.604525112081101490, 24.45715890906565093, -16.95821435636012353 ) ) ;
#2942 = ORIENTED_EDGE ( 'NONE', *, *, #7963, .F. ) ;
#2943 = DIRECTION ( 'NONE',  ( -1.000000000000000000, -1.224646799147353454E-16, 0.000000000000000000 ) ) ;
#2944 = ORIENTED_EDGE ( 'NONE', *, *, #7868, .T. ) ;
#2945 = CARTESIAN_POINT ( 'NONE',  ( -6.422081758775460614, -6.422081758775310512, -43.66250000000000142 ) ) ;
#2946 = CARTESIAN_POINT ( 'NONE',  ( -8.270296309429060244, 1.012819190334226073E-15, -46.38125000204840376 ) ) ;
#2947 = DIRECTION ( 'NONE',  ( 3.430248998885765387E-15, 0.000000000000000000, 1.000000000000000000 ) ) ;
#2948 = CIRCLE ( 'NONE', #2539, 9.082195121928920756 ) ;
#2949 = FACE_OUTER_BOUND ( 'NONE', #2270, .T. ) ;
#2950 = CARTESIAN_POINT ( 'NONE',  ( -6.422081758775449956, 6.422081758775310512, -42.72500000409679899 ) ) ;
#2951 = CARTESIAN_POINT ( 'NONE',  ( -8.270296309429058468, -3.425668896209603798, -45.91250000204835402 ) ) ;
#2952 = PRESENTATION_STYLE_ASSIGNMENT (( #3542 ) ) ;
#2953 = CARTESIAN_POINT ( 'NONE',  ( 11.47609182578959874, 6.107316628932879965, -29.60000000000000142 ) ) ;
#2954 = CIRCLE ( 'NONE', #5548, 2.499999999999998668 ) ;
#2955 = EDGE_LOOP ( 'NONE', ( #2464, #1991, #3826, #3206, #5380, #5111 ) ) ;
#2956 = EDGE_CURVE ( 'NONE', #975, #400, #5558, .T. ) ;
#2957 = FACE_OUTER_BOUND ( 'NONE', #4152, .T. ) ;
#2958 = CARTESIAN_POINT ( 'NONE',  ( -11.32730072484602246, -7.344539351714996833, -29.97488855756787629 ) ) ;
#2959 = CARTESIAN_POINT ( 'NONE',  ( 12.88299551848835911, 23.71508879894062005, -12.17688334430288322 ) ) ;
#2960 = CARTESIAN_POINT ( 'NONE',  ( -12.38019984147066310, 6.516341948468194367, 0.2644014709329143842 ) ) ;
#2961 = DIRECTION ( 'NONE',  ( -3.469446951953620105E-15, 1.000000000000000000, 0.000000000000000000 ) ) ;
#2962 = VERTEX_POINT ( 'NONE', #691 ) ;
#2963 = PLANE ( 'NONE',  #2776 ) ;
#2964 = AXIS2_PLACEMENT_3D ( 'NONE', #5311, #4067, #2709 ) ;
#2965 = CARTESIAN_POINT ( 'NONE',  ( 12.02372677143354096, -6.014980841690719338, -36.10000000000000142 ) ) ;
#2966 = CARTESIAN_POINT ( 'NONE',  ( 5.299999999999840838, 6.490628035480779639E-16, -1.000000000000019984 ) ) ;
#2967 = CARTESIAN_POINT ( 'NONE',  ( -11.97624203489736594, -6.071290540127298740, -36.35986613234471321 ) ) ;
#2968 = CARTESIAN_POINT ( 'NONE',  ( -8.270296309429058468, 3.425668896209608683, -46.10000000204839665 ) ) ;
#2969 = CARTESIAN_POINT ( 'NONE',  ( -5.847982602819399744, -5.847982602819249642, -41.69375000204840376 ) ) ;
#2970 = ORIENTED_EDGE ( 'NONE', *, *, #5032, .T. ) ;
#2971 = CARTESIAN_POINT ( 'NONE',  ( -1.559438209026829910E-13, -9.082195121928901216, -44.97500000000000142 ) ) ;
#2972 = ORIENTED_EDGE ( 'NONE', *, *, #537, .F. ) ;
#2973 = CIRCLE ( 'NONE', #5142, 2.500000000000000000 ) ;
#2974 = CARTESIAN_POINT ( 'NONE',  ( 10.96999999997965958, 0.000000000000000000, 260.0852191789194876 ) ) ;
#2975 = EDGE_LOOP ( 'NONE', ( #3316, #7877, #3895, #218 ) ) ;
#2976 = CARTESIAN_POINT ( 'NONE',  ( 8.270296309428733394, 3.425668896209609571, -48.53750000204843928 ) ) ;
#2977 = EDGE_CURVE ( 'NONE', #2602, #8195, #3103, .T. ) ;
#2978 = AXIS2_PLACEMENT_3D ( 'NONE', #2578, #7772, #1946 ) ;
#2979 = CARTESIAN_POINT ( 'NONE',  ( 0.06741560581208072556, 3.976422763922884407, -0.8929825775313645631 ) ) ;
#2980 = CARTESIAN_POINT ( 'NONE',  ( 4.437779070994271713, 24.21946641761266505, 17.05390851674672348 ) ) ;
#2981 = LINE ( 'NONE', #3485, #3055 ) ;
#2982 = EDGE_LOOP ( 'NONE', ( #8223, #1567, #2506, #476 ) ) ;
#2983 = CARTESIAN_POINT ( 'NONE',  ( -5.833827172515477777, 25.85003701708502888, 16.27093365230646427 ) ) ;
#2984 = ORIENTED_EDGE ( 'NONE', *, *, #3182, .F. ) ;
#2985 = CARTESIAN_POINT ( 'NONE',  ( -4.527573110970252834, 24.34846543245168604, -17.00237772531427893 ) ) ;
#2986 = ORIENTED_EDGE ( 'NONE', *, *, #4309, .F. ) ;
#2987 = EDGE_CURVE ( 'NONE', #1355, #5010, #3243, .T. ) ;
#2988 = EDGE_LOOP ( 'NONE', ( #2329, #2041 ) ) ;
#2989 = CARTESIAN_POINT ( 'NONE',  ( 6.422081758775160409, -6.422081758775310512, -43.28750000000000142 ) ) ;
#2990 = CARTESIAN_POINT ( 'NONE',  ( 8.270296309428744053, 3.425668896209609571, -47.03750000204846771 ) ) ;
#2991 = AXIS2_PLACEMENT_3D ( 'NONE', #573, #7767, #1897 ) ;
#2992 = FACE_OUTER_BOUND ( 'NONE', #2725, .T. ) ;
#2993 = DIRECTION ( 'NONE',  ( 1.000000000000000000, 0.000000000000000000, -5.060269027471769294E-15 ) ) ;
#2994 = AXIS2_PLACEMENT_3D ( 'NONE', #7188, #2638, #7736 ) ;
#2995 = AXIS2_PLACEMENT_3D ( 'NONE', #443, #4267, #8012 ) ;
#2996 = CARTESIAN_POINT ( 'NONE',  ( -8.270296309429058468, 3.425668896209609571, -46.10000000204839665 ) ) ;
#2997 = DIRECTION ( 'NONE',  ( 1.000000000000000000, 0.000000000000000000, -3.430248998885765387E-15 ) ) ;
#2998 = DIRECTION ( 'NONE',  ( -0.9999966940636210166, 0.000000000000000000, -0.002571354084718395147 ) ) ;
#2999 = EDGE_LOOP ( 'NONE', ( #7671, #4076, #5294, #3396 ) ) ;
#3000 = CARTESIAN_POINT ( 'NONE',  ( -0.6695137748719370840, 13.39011889747287931, -29.80886155549104188 ) ) ;
#3001 = DIRECTION ( 'NONE',  ( -1.000000000000000000, 0.000000000000000000, 3.340948916696072820E-15 ) ) ;
#3002 = B_SPLINE_CURVE_WITH_KNOTS ( 'NONE', 3,
 ( #1948, #6371, #7774, #7602 ),
 .UNSPECIFIED., .F., .F.,
 ( 4, 4 ),
 ( 0.000000000000000000, 1.000000000000000000 ),
 .UNSPECIFIED. ) ;
#3003 = CARTESIAN_POINT ( 'NONE',  ( 16.85398722390965531, 0.1665402230626081004, 7.314406869555644342 ) ) ;
#3004 = CARTESIAN_POINT ( 'NONE',  ( 17.01130784077495051, 24.49146166791924273, -4.375752470887027457 ) ) ;
#3005 = AXIS2_PLACEMENT_3D ( 'NONE', #1802, #7831, #728 ) ;
#3006 = LINE ( 'NONE', #5522, #6912 ) ;
#3007 = CARTESIAN_POINT ( 'NONE',  ( 0.1838579291032781671, -2.342532132843976544, -3.722615327551545228 ) ) ;
#3008 = VECTOR ( 'NONE', #4058, 999.9999999999998863 ) ;
#3009 = CIRCLE ( 'NONE', #1513, 10.97000000000000064 ) ;
#3010 = CARTESIAN_POINT ( 'NONE',  ( 9.082195121928723580, 3.761968395621714034, -52.19375000409687004 ) ) ;
#3011 = CARTESIAN_POINT ( 'NONE',  ( 11.32730072484654116, 7.344539351714709952, -30.09999999999999787 ) ) ;
#3012 = SHAPE_REPRESENTATION_RELATIONSHIP ( 'NONE' , 'NONE' ,  #3370, #3187 ) ;
#3013 = CARTESIAN_POINT ( 'NONE',  ( 8.270296309428744053, 3.425668896209603798, -45.16250000204843218 ) ) ;
#3014 = CARTESIAN_POINT ( 'NONE',  ( -5.847982602819399744, 5.847982602819249642, -42.06875000204840376 ) ) ;
#3015 = ORIENTED_EDGE ( 'NONE', *, *, #575, .F. ) ;
#3016 = CARTESIAN_POINT ( 'NONE',  ( -9.082195121929073522, 3.761968395621719363, -49.94375000000002274 ) ) ;
#3017 = EDGE_LOOP ( 'NONE', ( #807, #4625, #6223, #4211 ) ) ;
#3018 = CARTESIAN_POINT ( 'NONE',  ( -1.517898096178024691E-13, 9.082195121928901216, -44.41250000409679899 ) ) ;
#3019 = ORIENTED_EDGE ( 'NONE', *, *, #852, .T. ) ;
#3020 = CARTESIAN_POINT ( 'NONE',  ( -8.270296309429069126, 3.425668896209609571, -49.47500000204840376 ) ) ;
#3021 = CARTESIAN_POINT ( 'NONE',  ( 11.00000000000000000, 11.55803989154990141, 0.000000000000000000 ) ) ;
#3022 = DIRECTION ( 'NONE',  ( -1.000000000000000000, 0.000000000000000000, 3.340948916696072820E-15 ) ) ;
#3023 = CARTESIAN_POINT ( 'NONE',  ( -4.299999999999999822, 5.265981236333518877E-16, -45.49717795502759543 ) ) ;
#3024 = CARTESIAN_POINT ( 'NONE',  ( -1.328659592997870057E-13, 8.270296309428900372, -38.88125000204845350 ) ) ;
#3025 = ORIENTED_EDGE ( 'NONE', *, *, #4052, .T. ) ;
#3026 = CARTESIAN_POINT ( 'NONE',  ( -4.719798540210017102, 24.49657021243220356, 16.91797682188914820 ) ) ;
#3027 = ORIENTED_EDGE ( 'NONE', *, *, #2240, .F. ) ;
#3028 = CARTESIAN_POINT ( 'NONE',  ( -12.28592440551238241, 24.50432779370612124, -12.54965293760727896 ) ) ;
#3029 = ORIENTED_EDGE ( 'NONE', *, *, #1131, .T. ) ;
#3030 = ORIENTED_EDGE ( 'NONE', *, *, #5754, .T. ) ;
#3031 = CARTESIAN_POINT ( 'NONE',  ( -2.133141957240449749, 0.5000000000000560663, -18.37660755934724932 ) ) ;
#3033 = ADVANCED_FACE ( 'NONE', ( #4603 ), #1607, .F. ) ;
#3032 = PRODUCT_DEFINITION_SHAPE ( 'NONE', 'NONE',  #5688 ) ;
#3034 = CARTESIAN_POINT ( 'NONE',  ( -3.425668896209765446, -8.270296309428895043, -44.60000000204843218 ) ) ;
#3035 = CARTESIAN_POINT ( 'NONE',  ( 0.01929495349849484273, 3.694667023575652909, 1.380308981875190133 ) ) ;
#3036 = DIRECTION ( 'NONE',  ( -3.430248998885765387E-15, 1.000000000000000000, 0.000000000000000000 ) ) ;
#3037 = CARTESIAN_POINT ( 'NONE',  ( -3.425668896209765446, -8.270296309428895043, -45.72500000204842507 ) ) ;
#3038 = DIRECTION ( 'NONE',  ( -3.202566417187980019E-15, -2.022227556055845053E-30, -1.000000000000000000 ) ) ;
#3039 = VERTEX_POINT ( 'NONE', #6480 ) ;
#3040 = EDGE_CURVE ( 'NONE', #228, #5533, #5830, .T. ) ;
#3041 = FACE_OUTER_BOUND ( 'NONE', #1124, .T. ) ;
#3042 = CARTESIAN_POINT ( 'NONE',  ( 6.428457124750677210, 26.36968184175543684, -15.92561550809606530 ) ) ;
#3043 = CARTESIAN_POINT ( 'NONE',  ( 17.01870763777180073, 20.00000000000000000, -7.253522615946190299 ) ) ;
#3044 = CARTESIAN_POINT ( 'NONE',  ( -12.70833069680124616, 10.37482305004957261, -1.155316190547428068 ) ) ;
#3045 = CARTESIAN_POINT ( 'NONE',  ( 0.5909401206144191399, 13.48706008638862563, -30.03745251882918055 ) ) ;
#3046 = AXIS2_PLACEMENT_3D ( 'NONE', #4790, #2232, #4833 ) ;
#3047 = CARTESIAN_POINT ( 'NONE',  ( 3.761968395621545280, 9.082195121928897663, -50.50625000409687004 ) ) ;
#3048 = CARTESIAN_POINT ( 'NONE',  ( -9.969999999999998863, 0.000000000000000000, 8.395570813735980481E-15 ) ) ;
#3049 = CARTESIAN_POINT ( 'NONE',  ( 5.847982602819110198, -5.847982602819249642, -40.94375000204845350 ) ) ;
#3050 = AXIS2_PLACEMENT_3D ( 'NONE', #5627, #8206, #4508 ) ;
#3051 = CARTESIAN_POINT ( 'NONE',  ( -3.425668896209761005, 8.270296309428895043, -45.16250000204837534 ) ) ;
#3052 = ORIENTED_EDGE ( 'NONE', *, *, #6205, .T. ) ;
#3053 = CARTESIAN_POINT ( 'NONE',  ( -1.238319888597766067E-13, 0.000000000000000000, -36.10000000000000142 ) ) ;
#3054 = ORIENTED_EDGE ( 'NONE', *, *, #5286, .F. ) ;
#3055 = VECTOR ( 'NONE', #7962, 1000.000000000000000 ) ;
#3056 = CARTESIAN_POINT ( 'NONE',  ( 12.02712954323907901, -6.880999560394229775, -40.00000000000000000 ) ) ;
#3057 = PRESENTATION_LAYER_ASSIGNMENT (  '', '', ( #6732 ) ) ;
#3058 = ORIENTED_EDGE ( 'NONE', *, *, #4389, .F. ) ;
#3059 = CARTESIAN_POINT ( 'NONE',  ( -8.270296309429069126, -3.425668896209603798, -50.78750000204844639 ) ) ;
#3060 = DIRECTION ( 'NONE',  ( -3.228641771092580259E-15, 1.000000000000000000, 0.000000000000000000 ) ) ;
#3061 = CARTESIAN_POINT ( 'NONE',  ( -12.59230038732147428, 6.701348511645929484, -0.9309253741248245673 ) ) ;
#3062 = CARTESIAN_POINT ( 'NONE',  ( 0.2190318617485615127, 2.245892547147644969, -3.889999999999999680 ) ) ;
#3063 = DIRECTION ( 'NONE',  ( -1.000000000000000000, -3.640075490574283442E-15, 0.000000000000000000 ) ) ;
#3064 = ORIENTED_EDGE ( 'NONE', *, *, #1448, .T. ) ;
#3065 = CARTESIAN_POINT ( 'NONE',  ( -5.206597213463563634, 25.14156536473799264, 16.63522926520082379 ) ) ;
#3066 = ORIENTED_EDGE ( 'NONE', *, *, #4981, .F. ) ;
#3067 = CARTESIAN_POINT ( 'NONE',  ( -7.002412627472196505, 26.83147225531092417, -15.58188836999147675 ) ) ;
#3068 = ORIENTED_EDGE ( 'NONE', *, *, #4202, .T. ) ;
#3069 = ADVANCED_FACE ( 'NONE', ( #605 ), #4561, .T. ) ;
#3070 = EDGE_LOOP ( 'NONE', ( #1268, #2612, #5462, #5434 ) ) ;
#3071 = CARTESIAN_POINT ( 'NONE',  ( -9.082195121929187209, -3.761968395621589245, -43.75625000000002984 ) ) ;
#3072 = CARTESIAN_POINT ( 'NONE',  ( -5.847982602819399744, 5.847982602819249642, -42.06875000204840376 ) ) ;
#3073 = DIRECTION ( 'NONE',  ( 5.060269027471770872E-15, 0.000000000000000000, 1.000000000000000000 ) ) ;
#3074 = CARTESIAN_POINT ( 'NONE',  ( -13.14288782586561055, 9.671129889682443803, 1.777784392911177846 ) ) ;
#3075 = DIRECTION ( 'NONE',  ( 6.112085292819410516E-15, 0.000000000000000000, 1.000000000000000000 ) ) ;
#3076 = EDGE_CURVE ( 'NONE', #6209, #8195, #931, .T. ) ;
#3077 = CARTESIAN_POINT ( 'NONE',  ( 8.270296309428733394, -3.425668896209614456, -49.85000000204848192 ) ) ;
#3078 = CARTESIAN_POINT ( 'NONE',  ( 3.149999999999999911, 0.000000000000000000, 0.000000000000000000 ) ) ;
#3079 = ORIENTED_EDGE ( 'NONE', *, *, #1197, .F. ) ;
#3080 = CARTESIAN_POINT ( 'NONE',  ( 8.921570627134731097E-13, 0.000000000000000000, 260.0852191789194876 ) ) ;
#3081 = CARTESIAN_POINT ( 'NONE',  ( 7.931948348648297120, 27.13719393594641716, -15.05241666126725697 ) ) ;
#3082 = CARTESIAN_POINT ( 'NONE',  ( -17.01099672889181136, 24.63550496995121364, 4.255348183394322525 ) ) ;
#3083 = CARTESIAN_POINT ( 'NONE',  ( 0.06285554085134339997, 1.172191627267078262, -3.890188170861216932 ) ) ;
#3084 = CARTESIAN_POINT ( 'NONE',  ( 11.32730072484710071, 7.344539351713819997, -30.09999999999999787 ) ) ;
#3085 = EDGE_CURVE ( 'NONE', #7897, #7684, #2693, .T. ) ;
#3086 = CYLINDRICAL_SURFACE ( 'NONE', #8212, 9.082195121928901216 ) ;
#3087 = DIRECTION ( 'NONE',  ( -0.4977714890723191621, 0.000000000000000000, -0.8673082178019103639 ) ) ;
#3088 = SHAPE_DEFINITION_REPRESENTATION ( #3164, #3370 ) ;
#3089 = CARTESIAN_POINT ( 'NONE',  ( -8.270296309429038928, 1.012819190334226073E-15, -40.00625000204840376 ) ) ;
#3090 = CARTESIAN_POINT ( 'NONE',  ( -8.270296309429060244, 1.012819190334226073E-15, -44.88125000204840376 ) ) ;
#3091 = VERTEX_POINT ( 'NONE', #2561 ) ;
#3092 = DIRECTION ( 'NONE',  ( 0.000000000000000000, 0.000000000000000000, 1.000000000000000000 ) ) ;
#3093 = CARTESIAN_POINT ( 'NONE',  ( 4.299999999999535305, 5.265981236333238831E-16, -45.55987250455289939 ) ) ;
#3094 = VERTEX_POINT ( 'NONE', #90 ) ;
#3095 = CARTESIAN_POINT ( 'NONE',  ( -3.425668896209776548, -8.270296309428895043, -49.10000000204843218 ) ) ;
#3096 = FACE_OUTER_BOUND ( 'NONE', #4385, .T. ) ;
#3097 = PRODUCT_DEFINITION_FORMATION_WITH_SPECIFIED_SOURCE ( 'ไป', '', #4321, .NOT_KNOWN. ) ;
#3098 = DIRECTION ( 'NONE',  ( -3.430248998885765387E-15, 1.000000000000000000, 0.000000000000000000 ) ) ;
#3099 = CARTESIAN_POINT ( 'NONE',  ( 12.28592440551077480, 24.50432779370836656, 12.54965293760806411 ) ) ;
#3100 = EDGE_CURVE ( 'NONE', #7693, #4734, #6522, .T. ) ;
#3101 = DIRECTION ( 'NONE',  ( 0.000000000000000000, 0.000000000000000000, 1.000000000000000000 ) ) ;
#3102 = EDGE_CURVE ( 'NONE', #7728, #3094, #389, .T. ) ;
#3103 = CIRCLE ( 'NONE', #3645, 0.5000000000000004441 ) ;
#3104 = VERTEX_POINT ( 'NONE', #5971 ) ;
#3105 = CARTESIAN_POINT ( 'NONE',  ( 2.197545087448018908, 0.2096425383648548302, -18.27575667823252914 ) ) ;
#3106 = EDGE_LOOP ( 'NONE', ( #4514, #1330, #168 ) ) ;
#3107 = CARTESIAN_POINT ( 'NONE',  ( -2.223019561791657495, 8.372394010265486131, -52.09351216042592370 ) ) ;
#3108 = ORIENTED_EDGE ( 'NONE', *, *, #1874, .F. ) ;
#3109 = CYLINDRICAL_SURFACE ( 'NONE', #141, 11.00000000000000000 ) ;
#3110 = ORIENTED_EDGE ( 'NONE', *, *, #6690, .F. ) ;
#3111 = ORIENTED_EDGE ( 'NONE', *, *, #5451, .T. ) ;
#3112 = FACE_OUTER_BOUND ( 'NONE', #6439, .T. ) ;
#3113 = CARTESIAN_POINT ( 'NONE',  ( -1.238319888597766067E-13, 0.000000000000000000, -36.10000000000000142 ) ) ;
#3114 = DIRECTION ( 'NONE',  ( 3.430248998885765387E-15, 0.000000000000000000, 1.000000000000000000 ) ) ;
#3115 = CARTESIAN_POINT ( 'NONE',  ( 11.52373063106709949, -6.016945432908640257, -36.60000000000000142 ) ) ;
#3116 = CARTESIAN_POINT ( 'NONE',  ( -8.270296309429070902, 1.012819190334226073E-15, -50.50625000204840376 ) ) ;
#3117 = VECTOR ( 'NONE', #502, 1000.000000000000000 ) ;
#3118 = ORIENTED_EDGE ( 'NONE', *, *, #4294, .F. ) ;
#3119 = PLANE ( 'NONE',  #1426 ) ;
#3120 = CARTESIAN_POINT ( 'NONE',  ( 6.111903500660028854, 26.11568782222488494, -16.10946384097445616 ) ) ;
#3121 = CARTESIAN_POINT ( 'NONE',  ( 13.40000000000000036, 0.000000000000000000, 2.500000000000000000 ) ) ;
#3122 = EDGE_CURVE ( 'NONE', #6474, #325, #4869, .T. ) ;
#3123 = DIRECTION ( 'NONE',  ( 3.430248998885765387E-15, 0.000000000000000000, 1.000000000000000000 ) ) ;
#3124 = CARTESIAN_POINT ( 'NONE',  ( -5.258962466412948622, -6.405811667411209775, -52.10017779140375893 ) ) ;
#3125 = CARTESIAN_POINT ( 'NONE',  ( -9.082195121929069970, 1.112248118530191819E-15, -50.03750000409679899 ) ) ;
#3126 = DIRECTION ( 'NONE',  ( -1.000000000000000000, 0.000000000000000000, 0.000000000000000000 ) ) ;
#3127 = CARTESIAN_POINT ( 'NONE',  ( -3.425668896209744130, -8.270296309428895043, -39.72500000204839665 ) ) ;
#3128 = CARTESIAN_POINT ( 'NONE',  ( -8.270296309429038928, 1.012819190334226073E-15, -40.38125000204840376 ) ) ;
#3129 = ORIENTED_EDGE ( 'NONE', *, *, #8046, .T. ) ;
#3130 = CARTESIAN_POINT ( 'NONE',  ( -9.082195121929052206, 1.112248118530191819E-15, -43.85000000000000142 ) ) ;
#3131 = AXIS2_PLACEMENT_3D ( 'NONE', #6149, #7463, #3670 ) ;
#3132 = EDGE_CURVE ( 'NONE', #2369, #6369, #2879, .T. ) ;
#3133 = CIRCLE ( 'NONE', #1371, 4.315479057817305453 ) ;
#3134 = CARTESIAN_POINT ( 'NONE',  ( 9.082195121928746673, -3.761968395621724692, -44.69375000000007248 ) ) ;
#3135 = AXIS2_PLACEMENT_3D ( 'NONE', #5084, #3683, #4448 ) ;
#3136 = VERTEX_POINT ( 'NONE', #3021 ) ;
#3137 = CARTESIAN_POINT ( 'NONE',  ( -5.847982602819429943, -5.847982602819249642, -50.69375000204840376 ) ) ;
#3139 = AXIS2_PLACEMENT_3D ( 'NONE', #2765, #2640, #2043 ) ;
#3138 = DIRECTION ( 'NONE',  ( 1.000000000000000000, 3.571186321298530749E-15, 0.000000000000000000 ) ) ;
#3140 = CARTESIAN_POINT ( 'NONE',  ( -1.499018812513079924E-13, 43.70000000000000284, 0.000000000000000000 ) ) ;
#3141 = CARTESIAN_POINT ( 'NONE',  ( 10.53934475413743144, 26.39975103222432651, 13.55206171615026634 ) ) ;
#3142 = CARTESIAN_POINT ( 'NONE',  ( -0.2535341211858851418, -8.417202780833569875, -52.09999080200068278 ) ) ;
#3143 = ORIENTED_EDGE ( 'NONE', *, *, #7658, .T. ) ;
#3144 = CARTESIAN_POINT ( 'NONE',  ( -22.12936514602769833, -2.644585819378534559E-14, -6.323741487123069938 ) ) ;
#3145 = ORIENTED_EDGE ( 'NONE', *, *, #2445, .F. ) ;
#3146 = CARTESIAN_POINT ( 'NONE',  ( -0.9650179143049620878, 8.809876352574177005, -52.01416047138628329 ) ) ;
#3147 = ORIENTED_EDGE ( 'NONE', *, *, #3338, .T. ) ;
#3148 = EDGE_CURVE ( 'NONE', #8381, #5065, #8241, .T. ) ;
#3149 = FACE_OUTER_BOUND ( 'NONE', #3106, .T. ) ;
#3150 = EDGE_CURVE ( 'NONE', #8063, #2514, #3474, .T. ) ;
#3151 = VERTEX_POINT ( 'NONE', #2132 ) ;
#3152 = ORIENTED_EDGE ( 'NONE', *, *, #5796, .T. ) ;
#3153 = CARTESIAN_POINT ( 'NONE',  ( -11.87105340787032759, 6.100837794662776759, -29.73999151960047982 ) ) ;
#3154 = CARTESIAN_POINT ( 'NONE',  ( -11.81812755736126519, -6.192799936157975083, -29.73559609055692121 ) ) ;
#3155 = CARTESIAN_POINT ( 'NONE',  ( 0.01929495349849433619, -3.694667023576164500, -1.380308981873816343 ) ) ;
#3156 = ADVANCED_FACE ( 'NONE', ( #7409 ), #6652, .T. ) ;
#3157 = CARTESIAN_POINT ( 'NONE',  ( -8.270296309429060244, 1.012819190334226073E-15, -47.50625000204840376 ) ) ;
#3158 = CARTESIAN_POINT ( 'NONE',  ( 0.2190318617485615127, -2.245892547147640528, 3.889999999999999680 ) ) ;
#3159 = ORIENTED_EDGE ( 'NONE', *, *, #8211, .T. ) ;
#3160 = CARTESIAN_POINT ( 'NONE',  ( -1.032504948664619993E-13, 0.000000000000000000, -30.09999999999999787 ) ) ;
#3161 = CARTESIAN_POINT ( 'NONE',  ( 16.84515305689692966, 0.1570786334512694893, 7.312565618844245385 ) ) ;
#3162 = CARTESIAN_POINT ( 'NONE',  ( 17.01133367046844924, 24.47931428155684586, -4.385791365979367029 ) ) ;
#3163 = FACE_OUTER_BOUND ( 'NONE', #680, .T. ) ;
#3164 = PRODUCT_DEFINITION_SHAPE ( 'NONE', 'NONE',  #6467 ) ;
#3165 = ADVANCED_FACE ( 'NONE', ( #2172 ), #6938, .F. ) ;
#3166 = CARTESIAN_POINT ( 'NONE',  ( 3.649999999999999911, 4.491785094295289937, -7.041893596023440204E-16 ) ) ;
#3167 = CARTESIAN_POINT ( 'NONE',  ( 9.082195121928734238, 3.761968395621714034, -49.19375000409683452 ) ) ;
#3168 = CARTESIAN_POINT ( 'NONE',  ( -9.082195121929041548, 1.112248118530191819E-15, -40.84999999999999432 ) ) ;
#3169 = CARTESIAN_POINT ( 'NONE',  ( 8.270296309428754711, -3.425668896209608683, -42.35000000204842507 ) ) ;
#3170 = DIRECTION ( 'NONE',  ( -0.8673082178019105859, -2.975083145840398809E-15, 0.4977714890723187180 ) ) ;
#3171 = ORIENTED_EDGE ( 'NONE', *, *, #2512, .F. ) ;
#3172 = CARTESIAN_POINT ( 'NONE',  ( -3.761968395621854810, 9.082195121928897663, -41.13125000000002274 ) ) ;
#3173 = CIRCLE ( 'NONE', #1412, 13.50000000000000000 ) ;
#3174 = AXIS2_PLACEMENT_3D ( 'NONE', #4622, #2148, #2792 ) ;
#3175 = CARTESIAN_POINT ( 'NONE',  ( -1.559438209026829910E-13, -9.082195121928901216, -44.97500000000000142 ) ) ;
#3176 = ORIENTED_EDGE ( 'NONE', *, *, #1618, .T. ) ;
#3177 = CARTESIAN_POINT ( 'NONE',  ( -3.425668896209761005, 8.270296309428905701, -45.16250000204843218 ) ) ;
#3178 = CARTESIAN_POINT ( 'NONE',  ( -1.173145157618936088E-13, 34.20000000000000284, 0.000000000000000000 ) ) ;
#3179 = AXIS2_PLACEMENT_3D ( 'NONE', #7933, #4709, #834 ) ;
#3180 = CARTESIAN_POINT ( 'NONE',  ( -12.55874073531153456, 6.669138993172147423, -0.8580595172028410156 ) ) ;
#3181 = CARTESIAN_POINT ( 'NONE',  ( -4.722517800359009485E-14, 13.76727404305916025, 0.000000000000000000 ) ) ;
#3182 = EDGE_CURVE ( 'NONE', #5060, #7490, #1879, .T. ) ;
#3183 = AXIS2_PLACEMENT_3D ( 'NONE', #6323, #2279, #490 ) ;
#3184 = CARTESIAN_POINT ( 'NONE',  ( 0.9805438395242549454, -8.423260816193694822, -52.10003732086149597 ) ) ;
#3185 = CIRCLE ( 'NONE', #3580, 0.5000000000000004441 ) ;
#3186 = FACE_OUTER_BOUND ( 'NONE', #4540, .T. ) ;
#3187 = ADVANCED_BREP_SHAPE_REPRESENTATION ( '', ( #629, #3519 ), #1098 ) ;
#3188 = EDGE_LOOP ( 'NONE', ( #636, #1078, #4764, #4391 ) ) ;
#3189 = CARTESIAN_POINT ( 'NONE',  ( -3.523073222056484877, 7.825728603963339580, -52.10000000000000142 ) ) ;
#3190 = ORIENTED_EDGE ( 'NONE', *, *, #229, .F. ) ;
#3191 = VECTOR ( 'NONE', #2713, 1000.000000000000000 ) ;
#3192 = AXIS2_PLACEMENT_3D ( 'NONE', #6195, #6833, #8224 ) ;
#3193 = DIRECTION ( 'NONE',  ( 5.046468293750730337E-15, -1.000000000000000000, 0.000000000000000000 ) ) ;
#3194 = ADVANCED_FACE ( 'NONE', ( #4335 ), #6013, .T. ) ;
#3195 = ORIENTED_EDGE ( 'NONE', *, *, #3860, .F. ) ;
#3196 = ORIENTED_EDGE ( 'NONE', *, *, #1898, .T. ) ;
#3197 = CARTESIAN_POINT ( 'NONE',  ( 11.50000000000000000, 5.641960108450289724, 1.408343819019454007E-15 ) ) ;
#3198 = CARTESIAN_POINT ( 'NONE',  ( 8.921570627134731097E-13, 0.000000000000000000, 260.0852191789194876 ) ) ;
#3199 = CARTESIAN_POINT ( 'NONE',  ( -11.92516723875649198, -6.219350066197751659, -29.84105631008157289 ) ) ;
#3200 = CARTESIAN_POINT ( 'NONE',  ( -10.47000000000000064, 0.000000000000000000, -18.04196010844660236 ) ) ;
#3201 = CIRCLE ( 'NONE', #7680, 15.54417670682419939 ) ;
#3202 = CARTESIAN_POINT ( 'NONE',  ( -1.529004049246054773E-13, -8.270296309428900372, -44.13125000204839665 ) ) ;
#3203 = EDGE_LOOP ( 'NONE', ( #722, #6459, #6858, #3746 ) ) ;
#3204 = EDGE_CURVE ( 'NONE', #5160, #4250, #2973, .T. ) ;
#3205 = CARTESIAN_POINT ( 'NONE',  ( -1.101142831430590903E-17, -0.3765031365986215017, 3.889999999999999680 ) ) ;
#3206 = ORIENTED_EDGE ( 'NONE', *, *, #4018, .F. ) ;
#3207 = CARTESIAN_POINT ( 'NONE',  ( 11.24410252330248738, -7.109060880289810314, -29.70198376205710744 ) ) ;
#3208 = CARTESIAN_POINT ( 'NONE',  ( 9.082195121928752002, 0.000000000000000000, -43.10000000000000142 ) ) ;
#3209 = CARTESIAN_POINT ( 'NONE',  ( -2.154132238730853022, 0.07977616988185215474, 18.14480788636380382 ) ) ;
#3210 = DIRECTION ( 'NONE',  ( 1.000000000000000000, 3.469446951953614189E-15, 0.000000000000000000 ) ) ;
#3211 = CARTESIAN_POINT ( 'NONE',  ( -6.105632312919690996, -5.590187051367673021, -52.09999996384956233 ) ) ;
#3212 = CARTESIAN_POINT ( 'NONE',  ( -1.517898096178024691E-13, 9.082195121928901216, -44.41250000409679899 ) ) ;
#3213 = CARTESIAN_POINT ( 'NONE',  ( 9.082195121928785753, 3.761968395621667405, -47.50625000000007248 ) ) ;
#3214 = CARTESIAN_POINT ( 'NONE',  ( -8.270296309429035375, -3.425668896209603798, -39.91250000204838955 ) ) ;
#3215 = CARTESIAN_POINT ( 'NONE',  ( -8.270296309429035375, -3.425668896209603798, -40.28750000204840376 ) ) ;
#3216 = EDGE_CURVE ( 'NONE', #3770, #268, #1476, .T. ) ;
#3217 = ORIENTED_EDGE ( 'NONE', *, *, #7829, .F. ) ;
#3218 = CARTESIAN_POINT ( 'NONE',  ( 9.082195121928757331, 3.761968395621714034, -41.50625000000004405 ) ) ;
#3219 = AXIS2_PLACEMENT_3D ( 'NONE', #4156, #2200, #3508 ) ;
#3220 = CARTESIAN_POINT ( 'NONE',  ( -14.84803800315293820, 20.00000000000000000, 11.03565890452061993 ) ) ;
#3221 = ORIENTED_EDGE ( 'NONE', *, *, #4028, .T. ) ;
#3222 = CARTESIAN_POINT ( 'NONE',  ( -8.270296309429049586, 1.012819190334226073E-15, -43.38125000204840376 ) ) ;
#3223 = CARTESIAN_POINT ( 'NONE',  ( -1.610891944010114755E-13, -9.082195121928901216, -46.47500000000000142 ) ) ;
#3224 = PRESENTATION_STYLE_ASSIGNMENT (( #630 ) ) ;
#3225 = DIRECTION ( 'NONE',  ( 3.473606673227795441E-15, -1.000000000000000000, 0.000000000000000000 ) ) ;
#3226 = CARTESIAN_POINT ( 'NONE',  ( 1.437691335116955349, -8.378889102270374423, -52.10000056576030403 ) ) ;
#3227 = FACE_OUTER_BOUND ( 'NONE', #2331, .T. ) ;
#3228 = ORIENTED_EDGE ( 'NONE', *, *, #4015, .T. ) ;
#3229 = CARTESIAN_POINT ( 'NONE',  ( -4.720470915522894551, 7.706990898188629480, -51.80616160735463893 ) ) ;
#3230 = AXIS2_PLACEMENT_3D ( 'NONE', #6638, #800, #3392 ) ;
#3231 = ORIENTED_EDGE ( 'NONE', *, *, #827, .F. ) ;
#3232 = EDGE_CURVE ( 'NONE', #3136, #2407, #7321, .T. ) ;
#3233 = CARTESIAN_POINT ( 'NONE',  ( 16.99320999489004436, 26.24363548342417829, 2.661858572249029109 ) ) ;
#3234 = AXIS2_PLACEMENT_3D ( 'NONE', #5609, #2277, #8188 ) ;
#3235 = EDGE_LOOP ( 'NONE', ( #3190, #3550, #5095, #6429 ) ) ;
#3236 = ORIENTED_EDGE ( 'NONE', *, *, #4659, .F. ) ;
#3237 = DIRECTION ( 'NONE',  ( 0.000000000000000000, 0.4999999999999998890, 0.8660254037844387076 ) ) ;
#3238 = CARTESIAN_POINT ( 'NONE',  ( -11.82878247816006834, 6.090520613158043162, -29.70337536862881933 ) ) ;
#3239 = CARTESIAN_POINT ( 'NONE',  ( 6.422081758775130211, -6.422081758775310512, -50.78750000000000142 ) ) ;
#3240 = AXIS2_PLACEMENT_3D ( 'NONE', #5376, #7961, #6696 ) ;
#3241 = EDGE_CURVE ( 'NONE', #337, #6087, #2149, .T. ) ;
#3242 = CARTESIAN_POINT ( 'NONE',  ( -13.04123157092398166, 9.890564241168128490, 1.624736523669456201 ) ) ;
#3243 = LINE ( 'NONE', #6433, #2014 ) ;
#3244 = CARTESIAN_POINT ( 'NONE',  ( -3.425668896209749903, -8.270296309428895043, -41.22500000204841797 ) ) ;
#3245 = ORIENTED_EDGE ( 'NONE', *, *, #5895, .F. ) ;
#3246 = CARTESIAN_POINT ( 'NONE',  ( 9.082195121928799963, -3.761968395621696271, -38.88125000409687715 ) ) ;
#3247 = ORIENTED_EDGE ( 'NONE', *, *, #2888, .T. ) ;
#3248 = CARTESIAN_POINT ( 'NONE',  ( 11.27620050729823831, -7.142576229494543405, -29.74095269984577783 ) ) ;
#3249 = CARTESIAN_POINT ( 'NONE',  ( -12.02089313949453064, 5.222690158693930940, -36.59108110295201044 ) ) ;
#3250 = CARTESIAN_POINT ( 'NONE',  ( -2.227618966553429836, 0.5000000000000560663, 18.36539446186359825 ) ) ;
#3251 = DIRECTION ( 'NONE',  ( -1.000000000000000000, 0.000000000000000000, 0.000000000000000000 ) ) ;
#3252 = EDGE_CURVE ( 'NONE', #6110, #4608, #7177, .T. ) ;
#3253 = LINE ( 'NONE', #7804, #600 ) ;
#3254 = CARTESIAN_POINT ( 'NONE',  ( -9.082195121929059312, 1.112248118530191819E-15, -47.03750000409679899 ) ) ;
#3255 = CARTESIAN_POINT ( 'NONE',  ( -9.082195121928913650, 3.761968395621870798, -46.94374999999999432 ) ) ;
#3256 = CARTESIAN_POINT ( 'NONE',  ( -10.46999999997885844, 1.312821368683360040E-15, -38.10000000000000142 ) ) ;
#3257 = CARTESIAN_POINT ( 'NONE',  ( 3.761968395621551053, 9.082195121928899439, -48.81875000000002274 ) ) ;
#3258 = CARTESIAN_POINT ( 'NONE',  ( 0.2190318617485615127, -2.245892547147640528, 3.889999999999999680 ) ) ;
#3259 = CYLINDRICAL_SURFACE ( 'NONE', #866, 18.50000000000000000 ) ;
#3260 = CARTESIAN_POINT ( 'NONE',  ( 9.082195121928759107, 0.000000000000000000, -41.78750000409684873 ) ) ;
#3261 = VERTEX_POINT ( 'NONE', #4816 ) ;
#3262 = CARTESIAN_POINT ( 'NONE',  ( -8.270296309429058468, -3.425668896209603798, -46.28750000204838244 ) ) ;
#3263 = CARTESIAN_POINT ( 'NONE',  ( 11.03512617257466388, -7.459036493199758588, -36.48468805582920282 ) ) ;
#3264 = EDGE_CURVE ( 'NONE', #4564, #1540, #8257, .T. ) ;
#3265 = CARTESIAN_POINT ( 'NONE',  ( -16.97470607554065225, 0.4999999999999940603, -9.858635148048460195 ) ) ;
#3266 = DIRECTION ( 'NONE',  ( 0.000000000000000000, -1.000000000000000000, 0.000000000000000000 ) ) ;
#3267 = CARTESIAN_POINT ( 'NONE',  ( -14.55980333894208023, 0.02146333992614760447, -10.85126851935912384 ) ) ;
#3268 = VECTOR ( 'NONE', #6198, 1000.000000000000000 ) ;
#3269 = DIRECTION ( 'NONE',  ( 1.000000000000000000, 0.000000000000000000, -3.313702914957637433E-15 ) ) ;
#3270 = AXIS2_PLACEMENT_3D ( 'NONE', #925, #3824, #2596 ) ;
#3271 = CARTESIAN_POINT ( 'NONE',  ( -16.99320999488551820, 26.24363548346495634, -2.661858572223885222 ) ) ;
#3272 = ORIENTED_EDGE ( 'NONE', *, *, #8183, .T. ) ;
#3273 = CARTESIAN_POINT ( 'NONE',  ( -1.816706883943264741E-13, -9.082195121928901216, -52.47500000000000142 ) ) ;
#3274 = CARTESIAN_POINT ( 'NONE',  ( -1.260160413108292410, 8.816013051596513606, -51.98164380695282460 ) ) ;
#3275 = ORIENTED_EDGE ( 'NONE', *, *, #6988, .T. ) ;
#3276 = CIRCLE ( 'NONE', #8294, 0.5000000000000004441 ) ;
#3277 = CARTESIAN_POINT ( 'NONE',  ( 1.579942355456933623, 8.954675221215792291, -51.75172272039651489 ) ) ;
#3278 = AXIS2_PLACEMENT_3D ( 'NONE', #5384, #4821, #3533 ) ;
#3279 = AXIS2_PLACEMENT_3D ( 'NONE', #5922, #5880, #3322 ) ;
#3280 = ORIENTED_EDGE ( 'NONE', *, *, #4379, .T. ) ;
#3281 = FACE_OUTER_BOUND ( 'NONE', #4209, .T. ) ;
#3282 = LINE ( 'NONE', #598, #6525 ) ;
#3283 = DIRECTION ( 'NONE',  ( 0.000000000000000000, 0.000000000000000000, 1.000000000000000000 ) ) ;
#3284 = CARTESIAN_POINT ( 'NONE',  ( 8.270296309428749382, 0.000000000000000000, -42.25625000204845350 ) ) ;
#3285 = DIRECTION ( 'NONE',  ( 3.430248998885765387E-15, -1.000000000000000000, 0.000000000000000000 ) ) ;
#3286 = CARTESIAN_POINT ( 'NONE',  ( -1.534474532931014994E-13, 8.270296309428900372, -44.88125000204840376 ) ) ;
#3287 = EDGE_CURVE ( 'NONE', #8063, #7815, #3772, .T. ) ;
#3288 = ORIENTED_EDGE ( 'NONE', *, *, #4981, .T. ) ;
#3289 = DIRECTION ( 'NONE',  ( 5.503849327499159597E-14, 1.179611963664960130E-13, -1.000000000000000000 ) ) ;
#3290 = ORIENTED_EDGE ( 'NONE', *, *, #2682, .F. ) ;
#3291 = DIRECTION ( 'NONE',  ( -3.430248998885765387E-15, 1.000000000000000000, 0.000000000000000000 ) ) ;
#3292 = B_SPLINE_CURVE_WITH_KNOTS ( 'NONE', 3,
 ( #4674, #6552, #761, #7353 ),
 .UNSPECIFIED., .F., .F.,
 ( 4, 4 ),
 ( 0.000000000000000000, 1.000000000000000000 ),
 .UNSPECIFIED. ) ;
#3293 = CARTESIAN_POINT ( 'NONE',  ( -12.02190115422646244, 5.521618412094498218, -36.54448180816321212 ) ) ;
#3294 = FACE_OUTER_BOUND ( 'NONE', #5847, .T. ) ;
#3295 = CARTESIAN_POINT ( 'NONE',  ( 8.760792065568125508, -1.601711249756061051, -52.01496915998328063 ) ) ;
#3296 = CARTESIAN_POINT ( 'NONE',  ( -6.407024158660162172, -5.257399370033512653, -52.09982583805602019 ) ) ;
#3297 = CARTESIAN_POINT ( 'NONE',  ( -9.082195121929069970, 1.112248118530191819E-15, -48.53750000409679899 ) ) ;
#3298 = CARTESIAN_POINT ( 'NONE',  ( 6.422081758775170179, 6.422081758775310512, -41.41250000000000142 ) ) ;
#3299 = ADVANCED_FACE ( 'NONE', ( #500 ), #4487, .T. ) ;
#3300 = CARTESIAN_POINT ( 'NONE',  ( 0.06270859887010629685, -3.954397171354647522, 0.9311579590324040590 ) ) ;
#3301 = CARTESIAN_POINT ( 'NONE',  ( 6.305253547227061439, 6.429939011147645544, -51.86602908125956901 ) ) ;
#3302 = CARTESIAN_POINT ( 'NONE',  ( 3.425668896209474124, -8.270296309428895043, -39.91250000204843928 ) ) ;
#3303 = FACE_OUTER_BOUND ( 'NONE', #7710, .T. ) ;
#3304 = CARTESIAN_POINT ( 'NONE',  ( 11.08285068749239244, 7.086305120130023560, -29.62011720986607344 ) ) ;
#3305 = CARTESIAN_POINT ( 'NONE',  ( 8.921570627134731097E-13, 0.000000000000000000, 260.0852191789194876 ) ) ;
#3306 = EDGE_LOOP ( 'NONE', ( #3567, #7579, #2710, #3360, #3654, #805 ) ) ;
#3307 = CARTESIAN_POINT ( 'NONE',  ( -5.847982602819420173, 5.847982602819249642, -48.06875000204840376 ) ) ;
#3308 = CARTESIAN_POINT ( 'NONE',  ( -7.405650421857518317, 3.826516716518949313, -52.10000000063210024 ) ) ;
#3309 = CARTESIAN_POINT ( 'NONE',  ( 9.082195121928769765, 0.000000000000000000, -38.78750000409684873 ) ) ;
#3310 = CARTESIAN_POINT ( 'NONE',  ( -4.299999999999849720, 0.000000000000000000, -45.55987250455289939 ) ) ;
#3311 = DIRECTION ( 'NONE',  ( -0.4697935868409919835, 0.8827762942915240441, 1.611508980944264942E-15 ) ) ;
#3312 = CARTESIAN_POINT ( 'NONE',  ( -16.98832842944622712, 24.37292963835242077, -4.560406963953894888 ) ) ;
#3313 = VERTEX_POINT ( 'NONE', #1908 ) ;
#3314 = CARTESIAN_POINT ( 'NONE',  ( -3.761968395621897887, -9.082195121928897663, -51.06875000000002274 ) ) ;
#3315 = CARTESIAN_POINT ( 'NONE',  ( -7.947247338907096115, 4.425764580065813192, -51.66156977811930773 ) ) ;
#3316 = ORIENTED_EDGE ( 'NONE', *, *, #1467, .T. ) ;
#3317 = ADVANCED_FACE ( 'NONE', ( #3096 ), #6669, .T. ) ;
#3318 = UNCERTAINTY_MEASURE_WITH_UNIT (LENGTH_MEASURE( 1.000000000000000082E-05 ), #8067, 'distance_accuracy_value', 'NONE');
#3319 = CARTESIAN_POINT ( 'NONE',  ( -14.84803800315163969, 0.5000000000000000000, 11.03565890452231990 ) ) ;
#3320 = CIRCLE ( 'NONE', #190, 13.50000000000000000 ) ;
#3321 = EDGE_LOOP ( 'NONE', ( #7654, #2373, #7656, #6555 ) ) ;
#3322 = DIRECTION ( 'NONE',  ( 1.000000000000000000, 0.000000000000000000, -3.215816279463907622E-15 ) ) ;
#3323 = CYLINDRICAL_SURFACE ( 'NONE', #1232, 9.082195121928901216 ) ;
#3324 = AXIS2_PLACEMENT_3D ( 'NONE', #8353, #1804, #1889 ) ;
#3325 = ADVANCED_FACE ( 'NONE', ( #7100 ), #5097, .T. ) ;
#3326 = DIRECTION ( 'NONE',  ( 1.000000000000000000, 3.469446951953614189E-15, 0.000000000000000000 ) ) ;
#3327 = CARTESIAN_POINT ( 'NONE',  ( 5.847982602819110198, -5.847982602819249642, -42.44375000204845350 ) ) ;
#3328 = CARTESIAN_POINT ( 'NONE',  ( -3.761968395621876127, -9.082195121928899439, -45.25625000409677057 ) ) ;
#3329 =( GEOMETRIC_REPRESENTATION_CONTEXT ( 3 ) GLOBAL_UNCERTAINTY_ASSIGNED_CONTEXT ( ( #5282 ) ) GLOBAL_UNIT_ASSIGNED_CONTEXT ( ( #7338, #5515, #8098 ) ) REPRESENTATION_CONTEXT ( 'NONE', 'WORKASPACE' ) );
#3330 = CARTESIAN_POINT ( 'NONE',  ( 3.425668896209468350, -8.270296309428895043, -41.03750000204843928 ) ) ;
#3331 = ORIENTED_EDGE ( 'NONE', *, *, #5000, .T. ) ;
#3332 = CARTESIAN_POINT ( 'NONE',  ( -11.34948240446304268, 7.218897554839394104, -29.88128172035026608 ) ) ;
#3333 = ORIENTED_EDGE ( 'NONE', *, *, #4506, .T. ) ;
#3334 = CARTESIAN_POINT ( 'NONE',  ( 3.425668896209424830, 8.270296309428905701, -52.85000000204841797 ) ) ;
#3335 = FACE_OUTER_BOUND ( 'NONE', #4903, .T. ) ;
#3336 = DIRECTION ( 'NONE',  ( -1.000000000000000000, -3.428423085967675991E-15, 0.000000000000000000 ) ) ;
#3337 = CARTESIAN_POINT ( 'NONE',  ( 7.260887438409188377, -4.919570122786028676, -52.06316457823935195 ) ) ;
#3338 = EDGE_CURVE ( 'NONE', #6707, #8173, #7060, .T. ) ;
#3339 = DIRECTION ( 'NONE',  ( 6.112085292819410516E-15, 0.000000000000000000, 1.000000000000000000 ) ) ;
#3340 = CARTESIAN_POINT ( 'NONE',  ( -3.761968395621876127, -9.082195121928897663, -45.25625000409676346 ) ) ;
#3341 = DIRECTION ( 'NONE',  ( 1.000000000000000000, 0.000000000000000000, -6.112085292819410516E-15 ) ) ;
#3342 = DIRECTION ( 'NONE',  ( 0.000000000000000000, -0.8660254037844387076, 0.4999999999999998890 ) ) ;
#3343 = CARTESIAN_POINT ( 'NONE',  ( 7.701628024767050107, 4.609104241182562234, -51.90882333154319639 ) ) ;
#3344 = CARTESIAN_POINT ( 'NONE',  ( 0.04865260613974200371, 1.028893450372502683, 3.890170056184590219 ) ) ;
#3345 = DIRECTION ( 'NONE',  ( 1.000000000000000000, 0.000000000000000000, -3.162668142169861429E-15 ) ) ;
#3346 = CARTESIAN_POINT ( 'NONE',  ( 15.54417670682410169, 34.20000000000000284, 0.000000000000000000 ) ) ;
#3347 = DIRECTION ( 'NONE',  ( 3.000602769257185084E-15, -1.000000000000000000, 0.000000000000000000 ) ) ;
#3348 = ADVANCED_FACE ( 'NONE', ( #5700 ), #2450, .T. ) ;
#3349 = ORIENTED_EDGE ( 'NONE', *, *, #2426, .F. ) ;
#3350 = CARTESIAN_POINT ( 'NONE',  ( 5.847982602819089770, 5.847982602819249642, -46.94375000204840376 ) ) ;
#3351 = FACE_OUTER_BOUND ( 'NONE', #206, .T. ) ;
#3352 = DIRECTION ( 'NONE',  ( 0.000000000000000000, 0.000000000000000000, -1.000000000000000000 ) ) ;
#3353 = DIRECTION ( 'NONE',  ( 0.000000000000000000, 0.000000000000000000, -1.000000000000000000 ) ) ;
#3354 = CARTESIAN_POINT ( 'NONE',  ( 0.6489401529917281364, -13.32049750653061437, -29.72991898258429799 ) ) ;
#3355 = CARTESIAN_POINT ( 'NONE',  ( -1.506832125664009914E-13, 44.20000000000000284, -7.625000000000000000 ) ) ;
#3356 = CARTESIAN_POINT ( 'NONE',  ( 3.425668896209441261, 8.270296309428895043, -48.35000000204845350 ) ) ;
#3357 = ORIENTED_EDGE ( 'NONE', *, *, #229, .T. ) ;
#3358 = CARTESIAN_POINT ( 'NONE',  ( 6.422081758775130211, -6.422081758775310512, -50.78750000000000142 ) ) ;
#3359 = DIRECTION ( 'NONE',  ( -1.000000000000000000, -3.430248998885765387E-15, 0.000000000000000000 ) ) ;
#3360 = ORIENTED_EDGE ( 'NONE', *, *, #5423, .F. ) ;
#3361 = DIRECTION ( 'NONE',  ( 3.430248998885765387E-15, 0.000000000000000000, 1.000000000000000000 ) ) ;
#3362 = EDGE_CURVE ( 'NONE', #1932, #2367, #1028, .T. ) ;
#3363 = ORIENTED_EDGE ( 'NONE', *, *, #4349, .T. ) ;
#3364 = CARTESIAN_POINT ( 'NONE',  ( -12.38398187938941142, 24.45715890906564738, 12.46674289760561471 ) ) ;
#3365 = CARTESIAN_POINT ( 'NONE',  ( -10.68276142204688739, -7.713606931478919293, -36.56848066250059759 ) ) ;
#3366 = DIRECTION ( 'NONE',  ( 3.162668142169864979E-15, 0.000000000000000000, 1.000000000000000000 ) ) ;
#3368 = CARTESIAN_POINT ( 'NONE',  ( -3.425668896209761005, -8.270296309428895043, -44.22500000204841086 ) ) ;
#3367 = CONICAL_SURFACE ( 'NONE', #4864, 4.299999999999694289, 0.2494761781891190466 ) ;
#3369 = DIRECTION ( 'NONE',  ( 0.000000000000000000, 0.000000000000000000, 1.000000000000000000 ) ) ;
#3370 = SHAPE_REPRESENTATION ( 'SJ10-06-001.step', ( #3519 ), #1098 ) ;
#3371 = CARTESIAN_POINT ( 'NONE',  ( 8.270296309428744053, -3.425668896209614456, -43.85000000204843928 ) ) ;
#3372 = ORIENTED_EDGE ( 'NONE', *, *, #7310, .T. ) ;
#3373 = CARTESIAN_POINT ( 'NONE',  ( 9.082195121928776871, -3.761968395621696271, -41.69375000000007248 ) ) ;
#3374 = AXIS2_PLACEMENT_3D ( 'NONE', #3649, #2813, #2855 ) ;
#3375 = CARTESIAN_POINT ( 'NONE',  ( -1.753152906609984740E-13, 8.270296309428900372, -51.25625000204840376 ) ) ;
#3376 = DIRECTION ( 'NONE',  ( 1.000000000000000000, 0.000000000000000000, 0.000000000000000000 ) ) ;
#3377 = CARTESIAN_POINT ( 'NONE',  ( -1.516170057507509889E-13, 44.20000000000000284, 0.000000000000000000 ) ) ;
#3378 = CARTESIAN_POINT ( 'NONE',  ( 8.921570627134731097E-13, 0.000000000000000000, 260.0852191789194876 ) ) ;
#3379 = AXIS2_PLACEMENT_3D ( 'NONE', #2666, #711, #5944 ) ;
#3380 = CARTESIAN_POINT ( 'NONE',  ( 9.082195121928741344, 0.000000000000000000, -47.78750000409679899 ) ) ;
#3381 = CARTESIAN_POINT ( 'NONE',  ( -8.270296309429070902, 1.012819190334226073E-15, -49.00625000204840376 ) ) ;
#3382 = FACE_OUTER_BOUND ( 'NONE', #5659, .T. ) ;
#3383 = CARTESIAN_POINT ( 'NONE',  ( 7.317866509551551601, 5.218392473555520716, -51.89541616823850489 ) ) ;
#3384 = ADVANCED_FACE ( 'NONE', ( #6503 ), #7747, .T. ) ;
#3385 = DIRECTION ( 'NONE',  ( 0.003929182435834587851, -0.9999922807328993635, -1.347807411696112726E-17 ) ) ;
#3386 = DIRECTION ( 'NONE',  ( 0.002571354084718225144, 8.820384774885506850E-18, -0.9999966940636209056 ) ) ;
#3387 = DIRECTION ( 'NONE',  ( 0.000000000000000000, 1.000000000000000000, 0.000000000000000000 ) ) ;
#3388 = CARTESIAN_POINT ( 'NONE',  ( -6.860497997771589623E-14, 20.00000000000000000, 0.000000000000000000 ) ) ;
#3389 = ORIENTED_EDGE ( 'NONE', *, *, #1314, .F. ) ;
#3390 = CARTESIAN_POINT ( 'NONE',  ( -11.38466659687123972, 7.255299199763130424, -30.09999999999999787 ) ) ;
#3391 = DIRECTION ( 'NONE',  ( 1.000000000000000000, 0.000000000000000000, -3.478934956386841735E-15 ) ) ;
#3392 = DIRECTION ( 'NONE',  ( 1.000000000000000000, 0.000000000000000000, -6.112085292819410516E-15 ) ) ;
#3393 = LINE ( 'NONE', #159, #676 ) ;
#3394 = CARTESIAN_POINT ( 'NONE',  ( 11.00000000000162004, -478.0496043183500205, 0.000000000000000000 ) ) ;
#3395 = EDGE_CURVE ( 'NONE', #5364, #5103, #8280, .T. ) ;
#3396 = ORIENTED_EDGE ( 'NONE', *, *, #8183, .F. ) ;
#3397 = CARTESIAN_POINT ( 'NONE',  ( 9.082195121928730686, 0.000000000000000000, -50.60000000000000142 ) ) ;
#3398 = ORIENTED_EDGE ( 'NONE', *, *, #575, .T. ) ;
#3399 = CARTESIAN_POINT ( 'NONE',  ( -14.81405305634165082, 0.2419405264435597336, 10.99757114837084515 ) ) ;
#3400 = CIRCLE ( 'NONE', #687, 0.5000000000000004441 ) ;
#3401 = EDGE_LOOP ( 'NONE', ( #4890, #6867, #52, #4957 ) ) ;
#3402 = ADVANCED_FACE ( 'NONE', ( #7020 ), #1108, .T. ) ;
#3403 = CARTESIAN_POINT ( 'NONE',  ( -8.645948966823132409, 27.20401116377979989, 14.63772958989083683 ) ) ;
#3404 = B_SPLINE_CURVE_WITH_KNOTS ( 'NONE', 3,
 ( #6392, #5801, #7665, #5115, #3789, #6432, #5072, #5842, #604, #3154, #7793, #1205, #3199, #7748, #518 ),
 .UNSPECIFIED., .F., .F.,
 ( 4, 2, 2, 2, 1, 2, 2, 4 ),
 ( 0.000000000000000000, 0.2499999999999716338, 0.3749999999999629741, 0.4374999999999547584, 0.4687499999999537037, 0.4843749999999588662, 0.4999999999999640288, 1.000000000000000000 ),
 .UNSPECIFIED. ) ;
#3405 = CARTESIAN_POINT ( 'NONE',  ( -2.133141957238450015, 20.00000000000000000, -18.37660755934744827 ) ) ;
#3406 = EDGE_CURVE ( 'NONE', #1663, #3091, #5414, .T. ) ;
#3407 = CARTESIAN_POINT ( 'NONE',  ( -9.082195121929041548, 1.112248118530191819E-15, -41.03750000409674925 ) ) ;
#3408 = AXIS2_PLACEMENT_3D ( 'NONE', #6785, #2269, #5603 ) ;
#3409 = DIRECTION ( 'NONE',  ( 5.046468293750730337E-15, -1.000000000000000000, 0.000000000000000000 ) ) ;
#3410 = VECTOR ( 'NONE', #5577, 1000.000000000000000 ) ;
#3411 = CARTESIAN_POINT ( 'NONE',  ( -11.98026145660983843, -5.047111592908199995, -36.60000000000000142 ) ) ;
#3412 = ORIENTED_EDGE ( 'NONE', *, *, #440, .F. ) ;
#3413 = CARTESIAN_POINT ( 'NONE',  ( 3.149999999999999911, 2.245892547147650298, -3.889999999999999680 ) ) ;
#3414 = CARTESIAN_POINT ( 'NONE',  ( 5.847982602819080000, -5.847982602819249642, -48.81875000204840376 ) ) ;
#3415 = CARTESIAN_POINT ( 'NONE',  ( 8.921570627134731097E-13, 0.000000000000000000, 260.0852191789194876 ) ) ;
#3416 = CARTESIAN_POINT ( 'NONE',  ( -6.422081758775480154, -6.422081758775310512, -49.66250000000000142 ) ) ;
#3417 =( BOUNDED_CURVE ( )  B_SPLINE_CURVE ( 2, ( #4663, #7258, #6627 ),
 .UNSPECIFIED., .F., .F. ) 
 B_SPLINE_CURVE_WITH_KNOTS ( ( 3, 3 ),
 ( 0.04576226081708650167, 0.05000000000000000278 ),
 .UNSPECIFIED. ) 
 CURVE ( )  GEOMETRIC_REPRESENTATION_ITEM ( )  RATIONAL_B_SPLINE_CURVE ( ( 0.9658850655769670723, 0.9741937049841120633, 1.000000000000000000 ) ) 
 REPRESENTATION_ITEM ( '' )  );
#3418 = CARTESIAN_POINT ( 'NONE',  ( 7.584617103691440043, -4.437320653072539756, -52.05638955595907191 ) ) ;
#3419 = CARTESIAN_POINT ( 'NONE',  ( 9.082195121928757331, -3.761968395621719363, -41.88125000409686294 ) ) ;
#3420 = CARTESIAN_POINT ( 'NONE',  ( 8.270296309428731618, 0.000000000000000000, -49.75625000204850323 ) ) ;
#3421 = CARTESIAN_POINT ( 'NONE',  ( 7.568541784200722766, 4.833422456706657933, -51.90397558890828833 ) ) ;
#3422 = LINE ( 'NONE', #6588, #8407 ) ;
#3423 = FACE_OUTER_BOUND ( 'NONE', #4848, .T. ) ;
#3424 = ADVANCED_FACE ( 'NONE', ( #2153 ), #2858, .T. ) ;
#3425 = CARTESIAN_POINT ( 'NONE',  ( -9.082195121929142800, 3.761968395621617223, -41.13125000409679188 ) ) ;
#3426 = VERTEX_POINT ( 'NONE', #1349 ) ;
#3427 = CARTESIAN_POINT ( 'NONE',  ( 3.425668896209468350, 8.270296309428905701, -40.85000000204846771 ) ) ;
#3428 = CARTESIAN_POINT ( 'NONE',  ( 9.082195121929791171, 0.000000000000000000, 260.0852191789194876 ) ) ;
#3429 = DIRECTION ( 'NONE',  ( 1.224646799147351975E-16, 1.000000000000000000, -4.200843456763865836E-31 ) ) ;
#3430 = CARTESIAN_POINT ( 'NONE',  ( -1.505936908853834740E-13, 44.20000000000000284, -8.355999999999999872 ) ) ;
#3431 = CARTESIAN_POINT ( 'NONE',  ( 0.6469519187502236202, -13.31369373069954598, -29.72381202056140026 ) ) ;
#3432 = CARTESIAN_POINT ( 'NONE',  ( -5.847982602819429943, -5.847982602819249642, -50.31875000204840376 ) ) ;
#3433 = CARTESIAN_POINT ( 'NONE',  ( -3.164905314480544796, -7.640757514548360163, -52.10000000000000142 ) ) ;
#3434 = ORIENTED_EDGE ( 'NONE', *, *, #6941, .F. ) ;
#3435 = CARTESIAN_POINT ( 'NONE',  ( 9.082195121928712922, 3.761968395621714034, -53.50625000000005826 ) ) ;
#3436 = ORIENTED_EDGE ( 'NONE', *, *, #3624, .T. ) ;
#3437 = DIRECTION ( 'NONE',  ( -3.430248998885765387E-15, 1.000000000000000000, 0.000000000000000000 ) ) ;
#3438 = EDGE_CURVE ( 'NONE', #7956, #2554, #3530, .T. ) ;
#3439 = CARTESIAN_POINT ( 'NONE',  ( 0.1838579291034626861, 4.395145508599459738, -0.1673846724475873127 ) ) ;
#3440 = CARTESIAN_POINT ( 'NONE',  ( -1.132164892922554733, 13.22841844983382131, -36.51640612516411011 ) ) ;
#3441 = CARTESIAN_POINT ( 'NONE',  ( -10.29903697233565829, -7.932832876246829201, -36.60000000000000142 ) ) ;
#3442 = DIRECTION ( 'NONE',  ( 3.430248998885765387E-15, -1.000000000000000000, 0.000000000000000000 ) ) ;
#3443 = DIRECTION ( 'NONE',  ( 1.000000000000000000, 0.000000000000000000, -3.313702914957649661E-15 ) ) ;
#3444 = ADVANCED_FACE ( 'NONE', ( #3351 ), #7225, .F. ) ;
#3445 = DIRECTION ( 'NONE',  ( 1.000000000000000000, 0.000000000000000000, -3.430248998885765387E-15 ) ) ;
#3446 = VECTOR ( 'NONE', #3385, 1000.000000000000114 ) ;
#3447 = VERTEX_POINT ( 'NONE', #5993 ) ;
#3448 = CARTESIAN_POINT ( 'NONE',  ( -7.640757519807010567, 3.164905301785300384, -52.09999999959300254 ) ) ;
#3449 = VECTOR ( 'NONE', #217, 1000.000000000000000 ) ;
#3450 = PLANE ( 'NONE',  #5176 ) ;
#3451 = TOROIDAL_SURFACE ( 'NONE', #7668, 8.125000000000000000, 0.5000000000000000000 ) ;
#3452 = CARTESIAN_POINT ( 'NONE',  ( 0.04009732523905942120, 2.902401644983241269, -2.753089315931824377 ) ) ;
#3453 = EDGE_CURVE ( 'NONE', #5834, #7541, #4627, .T. ) ;
#3454 = CARTESIAN_POINT ( 'NONE',  ( -9.082195121929036219, -3.761968395621714034, -40.94375000409679899 ) ) ;
#3455 = CARTESIAN_POINT ( 'NONE',  ( -1.791743207847450078E-13, 8.270296309428900372, -52.38125000204840376 ) ) ;
#3456 = AXIS2_PLACEMENT_3D ( 'NONE', #8245, #6300, #3063 ) ;
#3457 = DIRECTION ( 'NONE',  ( -1.000000000000000000, 0.000000000000000000, 3.478934956386841735E-15 ) ) ;
#3458 = CARTESIAN_POINT ( 'NONE',  ( 4.739369702519316441, 7.689118833779734707, -51.82667413660671230 ) ) ;
#3459 = VERTEX_POINT ( 'NONE', #2712 ) ;
#3460 = PLANE ( 'NONE',  #6443 ) ;
#3461 = DIRECTION ( 'NONE',  ( 1.000000000000000000, 0.000000000000000000, -5.060269027461970853E-15 ) ) ;
#3462 = CARTESIAN_POINT ( 'NONE',  ( -13.30054885698741529, 8.035001674706274244, 2.008149050281963000 ) ) ;
#3463 = CARTESIAN_POINT ( 'NONE',  ( 0.1839013607126732119, 2.052852030487186674, -3.889999999999997460 ) ) ;
#3464 = ORIENTED_EDGE ( 'NONE', *, *, #2522, .T. ) ;
#3465 = CARTESIAN_POINT ( 'NONE',  ( 14.76145577460310854, 0.1665402230581441989, -10.93877765618293907 ) ) ;
#3466 = DIRECTION ( 'NONE',  ( 0.000000000000000000, 1.000000000000000000, 0.000000000000000000 ) ) ;
#3467 = CARTESIAN_POINT ( 'NONE',  ( -3.761968395621886785, 9.082195121928899439, -48.81875000409675636 ) ) ;
#3468 = DIRECTION ( 'NONE',  ( 1.000000000000000000, 5.046468293750711404E-15, 0.000000000000000000 ) ) ;
#3469 = CARTESIAN_POINT ( 'NONE',  ( 16.96956996336119872, 0.2814936599906925907, -7.243658188425093236 ) ) ;
#3470 = CARTESIAN_POINT ( 'NONE',  ( -5.847982602819409514, 5.847982602819249642, -46.19375000204840376 ) ) ;
#3471 = CARTESIAN_POINT ( 'NONE',  ( -1.753152906609984740E-13, 8.270296309428900372, -51.25625000204840376 ) ) ;
#3472 = ORIENTED_EDGE ( 'NONE', *, *, #3453, .T. ) ;
#3473 = CARTESIAN_POINT ( 'NONE',  ( 9.082195121928734238, -3.761968395621719363, -46.19375000000009379 ) ) ;
#3474 = B_SPLINE_CURVE_WITH_KNOTS ( 'NONE', 3,
 ( #5416, #5016, #6053, #6256, #7571, #7326, #2414, #4049, #1066, #216, #6090, #5622, #254, #1499, #8001, #4774, #3694 ),
 .UNSPECIFIED., .F., .F.,
 ( 4, 2, 2, 2, 1, 1, 1, 2, 2, 4 ),
 ( 0.000000000000000000, 0.2499999999999942824, 0.3749999999999914513, 0.4374999999999926725, 0.4687499999999953371, 0.4843749999999967248, 0.4921874999999966693, 0.4960937499999959477, 0.4999999999999951150, 1.000000000000000000 ),
 .UNSPECIFIED. ) ;
#3475 = ORIENTED_EDGE ( 'NONE', *, *, #2630, .F. ) ;
#3476 = CARTESIAN_POINT ( 'NONE',  ( 0.000000000000000000, 0.000000000000000000, -3.889999999999999680 ) ) ;
#3477 = DIRECTION ( 'NONE',  ( 3.430248998885765387E-15, -1.000000000000000000, 0.000000000000000000 ) ) ;
#3478 = VERTEX_POINT ( 'NONE', #7350 ) ;
#3479 = CARTESIAN_POINT ( 'NONE',  ( -12.88299551837121903, 23.71508879919015556, 12.17688334435119657 ) ) ;
#3480 = CARTESIAN_POINT ( 'NONE',  ( -0.5475522095599116845, -13.33676421223572994, -29.74095269984682588 ) ) ;
#3481 = ORIENTED_EDGE ( 'NONE', *, *, #4989, .F. ) ;
#3482 = ADVANCED_FACE ( 'NONE', ( #5314 ), #196, .F. ) ;
#3483 = DIRECTION ( 'NONE',  ( 1.224646799147351975E-16, 1.000000000000000000, -4.200843456763865836E-31 ) ) ;
#3484 = DIRECTION ( 'NONE',  ( 0.000000000000000000, -1.000000000000000000, 0.000000000000000000 ) ) ;
#3485 = CARTESIAN_POINT ( 'NONE',  ( -16.99345113001765029, 8.599999999999999645, -2.568704671950854834 ) ) ;
#3486 = VERTEX_POINT ( 'NONE', #5950 ) ;
#3487 = CARTESIAN_POINT ( 'NONE',  ( 3.761968395621572814, -9.082195121928899439, -41.88125000000006537 ) ) ;
#3488 = EDGE_CURVE ( 'NONE', #1620, #6683, #7443, .T. ) ;
#3489 = CARTESIAN_POINT ( 'NONE',  ( -5.847982602819420173, 5.847982602819249642, -48.06875000204840376 ) ) ;
#3490 = FACE_OUTER_BOUND ( 'NONE', #2955, .T. ) ;
#3491 = CARTESIAN_POINT ( 'NONE',  ( 0.2190318617485615127, 2.245892547147644969, -3.889999999999999680 ) ) ;
#3492 = CARTESIAN_POINT ( 'NONE',  ( 8.270296309428720960, 3.425668896209603798, -52.66250000204848902 ) ) ;
#3493 = CARTESIAN_POINT ( 'NONE',  ( -8.270296309429069126, -3.425668896209603798, -48.91250000204840376 ) ) ;
#3494 = AXIS2_PLACEMENT_3D ( 'NONE', #857, #6736, #3443 ) ;
#3495 = LINE ( 'NONE', #226, #1834 ) ;
#3496 = DIRECTION ( 'NONE',  ( 3.430248998885765387E-15, -1.000000000000000000, 0.000000000000000000 ) ) ;
#3497 = EDGE_LOOP ( 'NONE', ( #5190, #2466, #1885, #4886 ) ) ;
#3498 = EDGE_CURVE ( 'NONE', #5405, #2367, #7942, .T. ) ;
#3499 = CARTESIAN_POINT ( 'NONE',  ( -0.6433050085951982355, 13.30157542699525841, -29.71050436888560498 ) ) ;
#3500 = DIRECTION ( 'NONE',  ( 0.000000000000000000, 0.000000000000000000, -1.000000000000000000 ) ) ;
#3501 = CARTESIAN_POINT ( 'NONE',  ( 0.1972551071974399939, 13.42427243550596039, -30.09999999999999787 ) ) ;
#3502 = CARTESIAN_POINT ( 'NONE',  ( 0.2190318617485615127, -4.491785094295289937, -5.421010862427519803E-15 ) ) ;
#3503 = DIRECTION ( 'NONE',  ( -0.7071067811865431318, 8.659560562354990790E-17, -0.7071067811865520136 ) ) ;
#3504 = VERTEX_POINT ( 'NONE', #7984 ) ;
#3505 = CARTESIAN_POINT ( 'NONE',  ( 14.75544412120686033, 0.1570786334487125624, -10.93204766848569953 ) ) ;
#3506 = CARTESIAN_POINT ( 'NONE',  ( 16.98750599725978816, 23.97755604345177360, 4.873285713139020814 ) ) ;
#3507 = CARTESIAN_POINT ( 'NONE',  ( 9.082195121928741344, 0.000000000000000000, -46.10000000000000142 ) ) ;
#3508 = DIRECTION ( 'NONE',  ( 1.000000000000000000, 0.000000000000000000, -3.275689100648230228E-15 ) ) ;
#3509 = CARTESIAN_POINT ( 'NONE',  ( -8.270296309429060244, 1.012819190334226073E-15, -47.50625000204840376 ) ) ;
#3510 = CARTESIAN_POINT ( 'NONE',  ( 8.270296309428722736, 3.425668896209608683, -51.53750000204847481 ) ) ;
#3511 = ORIENTED_EDGE ( 'NONE', *, *, #6054, .F. ) ;
#3512 = CARTESIAN_POINT ( 'NONE',  ( 3.761968395621556382, -9.082195121928897663, -47.88125000000004405 ) ) ;
#3513 = EDGE_LOOP ( 'NONE', ( #6832, #6891, #4166, #4846 ) ) ;
#3514 = CARTESIAN_POINT ( 'NONE',  ( -2.227618966551784929, -478.0496043183500205, 18.36539446186359825 ) ) ;
#3515 = EDGE_CURVE ( 'NONE', #1828, #1404, #5004, .T. ) ;
#3516 = CARTESIAN_POINT ( 'NONE',  ( 8.270296309428760040, 0.000000000000000000, -40.75625000204845350 ) ) ;
#3517 = CARTESIAN_POINT ( 'NONE',  ( 1.457837816996568877E-16, 3.556794071244750555, -1.619451956544335935 ) ) ;
#3518 = CARTESIAN_POINT ( 'NONE',  ( 7.992891479027297130, 27.16649795047973015, 15.01349062850720451 ) ) ;
#3519 = AXIS2_PLACEMENT_3D ( 'NONE', #8192, #4157, #8148 ) ;
#3520 = ORIENTED_EDGE ( 'NONE', *, *, #8302, .F. ) ;
#3521 = CARTESIAN_POINT ( 'NONE',  ( -8.363791870335107959, 27.20736738594946402, 14.80160357895460344 ) ) ;
#3522 = ORIENTED_EDGE ( 'NONE', *, *, #5309, .F. ) ;
#3523 = CARTESIAN_POINT ( 'NONE',  ( -0.5909401206163217291, -13.48706008638820464, -29.97411949826702937 ) ) ;
#3524 = ORIENTED_EDGE ( 'NONE', *, *, #6354, .T. ) ;
#3525 = FACE_OUTER_BOUND ( 'NONE', #8153, .T. ) ;
#3526 = EDGE_CURVE ( 'NONE', #4915, #4104, #1238, .T. ) ;
#3527 = AXIS2_PLACEMENT_3D ( 'NONE', #6185, #6992, #6823 ) ;
#3528 = ORIENTED_EDGE ( 'NONE', *, *, #509, .T. ) ;
#3529 = VECTOR ( 'NONE', #2947, 1000.000000000000000 ) ;
#3530 = CIRCLE ( 'NONE', #2177, 10.96999999997875896 ) ;
#3531 = CARTESIAN_POINT ( 'NONE',  ( -9.082195121929059312, 1.112248118530191819E-15, -45.53750000409679899 ) ) ;
#3532 = CARTESIAN_POINT ( 'NONE',  ( -8.270296309429070902, 1.012819190334226073E-15, -47.88125000204840376 ) ) ;
#3533 = DIRECTION ( 'NONE',  ( 1.000000000000000000, 0.000000000000000000, -6.112085292819410516E-15 ) ) ;
#3534 = AXIS2_PLACEMENT_3D ( 'NONE', #1755, #3075, #6393 ) ;
#3535 = CIRCLE ( 'NONE', #6815, 3.889999999999999680 ) ;
#3536 = AXIS2_PLACEMENT_3D ( 'NONE', #7076, #1168, #1248 ) ;
#3537 = CARTESIAN_POINT ( 'NONE',  ( 5.391955411391742281, -6.815429455351424970, -52.08814885253484306 ) ) ;
#3538 = CIRCLE ( 'NONE', #2867, 13.00000000000000000 ) ;
#3539 = EDGE_CURVE ( 'NONE', #235, #7566, #2820, .T. ) ;
#3540 = CARTESIAN_POINT ( 'NONE',  ( -5.847982602819429943, -5.847982602819249642, -51.81875000204839665 ) ) ;
#3541 = CARTESIAN_POINT ( 'NONE',  ( -3.425668896209781877, 8.270296309428895043, -52.28750000204841797 ) ) ;
#3542 = SURFACE_STYLE_USAGE ( .BOTH. , #1549 ) ;
#3543 = LINE ( 'NONE', #2912, #7486 ) ;
#3544 = ORIENTED_EDGE ( 'NONE', *, *, #3488, .F. ) ;
#3545 = DIRECTION ( 'NONE',  ( 1.000000000000000000, 0.000000000000000000, -3.430248998885765387E-15 ) ) ;
#3546 = DIRECTION ( 'NONE',  ( -3.430248998885765387E-15, 1.000000000000000000, 0.000000000000000000 ) ) ;
#3547 = LINE ( 'NONE', #2916, #3268 ) ;
#3548 = CARTESIAN_POINT ( 'NONE',  ( -12.71537206720607571, 6.826627061171784305, 1.092238813706775113 ) ) ;
#3549 = CARTESIAN_POINT ( 'NONE',  ( 0.000000000000000000, 3.368838820721465233, 1.944999999999999840 ) ) ;
#3550 = ORIENTED_EDGE ( 'NONE', *, *, #1832, .T. ) ;
#3551 = CARTESIAN_POINT ( 'NONE',  ( -1.438960013025305851E-13, -8.270296309428900372, -41.50625000204840376 ) ) ;
#3552 = ADVANCED_FACE ( 'NONE', ( #3783 ), #4633, .T. ) ;
#3553 = CARTESIAN_POINT ( 'NONE',  ( 6.422081758775140869, -6.422081758775310512, -49.28750000000000142 ) ) ;
#3554 = CARTESIAN_POINT ( 'NONE',  ( 2.086487893497586121, 0.1466869657521601977, 18.23482163271420120 ) ) ;
#3555 = CARTESIAN_POINT ( 'NONE',  ( 8.270296309428733394, -3.425668896209608683, -46.85000000204843928 ) ) ;
#3556 = CARTESIAN_POINT ( 'NONE',  ( 3.425668896209446590, 8.270296309428895043, -46.85000000204843928 ) ) ;
#3557 = ORIENTED_EDGE ( 'NONE', *, *, #4327, .F. ) ;
#3558 = CARTESIAN_POINT ( 'NONE',  ( -9.082195121929073522, 3.761968395621719363, -48.44375000000000142 ) ) ;
#3559 = ORIENTED_EDGE ( 'NONE', *, *, #5718, .T. ) ;
#3560 = ORIENTED_EDGE ( 'NONE', *, *, #844, .F. ) ;
#3561 = CARTESIAN_POINT ( 'NONE',  ( 5.847982602819100428, 5.847982602819249642, -45.06875000204840376 ) ) ;
#3562 = CARTESIAN_POINT ( 'NONE',  ( -3.761968395621881456, 9.082195121928899439, -47.31875000409679188 ) ) ;
#3563 = CARTESIAN_POINT ( 'NONE',  ( 8.353671195179590114, 27.20401116380075734, 14.80647624002251206 ) ) ;
#3564 = EDGE_CURVE ( 'NONE', #2602, #999, #3667, .T. ) ;
#3565 = ORIENTED_EDGE ( 'NONE', *, *, #8088, .F. ) ;
#3566 = CARTESIAN_POINT ( 'NONE',  ( -4.777957274553641831, 24.57730447549026209, 16.88419874536505105 ) ) ;
#3567 = ORIENTED_EDGE ( 'NONE', *, *, #5997, .F. ) ;
#3568 = CARTESIAN_POINT ( 'NONE',  ( -4.612995434986610022, 24.46902360999805737, -16.95335302980767622 ) ) ;
#3569 = ORIENTED_EDGE ( 'NONE', *, *, #7403, .T. ) ;
#3570 = DIRECTION ( 'NONE',  ( -1.224646799147351975E-16, 1.000000000000000000, 4.200843456763865836E-31 ) ) ;
#3571 = ORIENTED_EDGE ( 'NONE', *, *, #7955, .F. ) ;
#3572 = CARTESIAN_POINT ( 'NONE',  ( 9.082195121928759107, -3.761968395621724692, -43.19375000000005826 ) ) ;
#3573 = CARTESIAN_POINT ( 'NONE',  ( -1.650245436643409747E-13, 8.270296309428900372, -48.25625000204840376 ) ) ;
#3574 = CARTESIAN_POINT ( 'NONE',  ( -3.761968395621865469, 9.082195121928899439, -42.63125000000000142 ) ) ;
#3575 = VECTOR ( 'NONE', #7219, 1000.000000000000000 ) ;
#3576 = AXIS2_PLACEMENT_3D ( 'NONE', #3377, #5977, #2741 ) ;
#3577 = DIRECTION ( 'NONE',  ( 3.430248998885765387E-15, 0.000000000000000000, 1.000000000000000000 ) ) ;
#3578 = CIRCLE ( 'NONE', #7263, 9.500000000000000000 ) ;
#3579 = CARTESIAN_POINT ( 'NONE',  ( -9.082195121929036219, -3.761968395621714034, -39.44375000409677767 ) ) ;
#3580 = AXIS2_PLACEMENT_3D ( 'NONE', #6365, #1728, #451 ) ;
#3581 = CARTESIAN_POINT ( 'NONE',  ( -3.425668896209765446, 8.270296309428895043, -46.28750000204838244 ) ) ;
#3582 = DIRECTION ( 'NONE',  ( -3.478934956386840157E-15, 0.000000000000000000, -1.000000000000000000 ) ) ;
#3583 = FACE_OUTER_BOUND ( 'NONE', #7788, .T. ) ;
#3584 = ORIENTED_EDGE ( 'NONE', *, *, #492, .F. ) ;
#3585 = CARTESIAN_POINT ( 'NONE',  ( -0.5748062058341196767, 13.06944576793487656, -29.59999999999999787 ) ) ;
#3586 = CARTESIAN_POINT ( 'NONE',  ( -10.97269291361753929, -6.971370756418460601, -29.60000000000000142 ) ) ;
#3588 = VECTOR ( 'NONE', #1350, 1000.000000000000114 ) ;
#3587 = CARTESIAN_POINT ( 'NONE',  ( -6.813586439939754769, 5.986190356917800770, -51.71851226380092470 ) ) ;
#3589 = CARTESIAN_POINT ( 'NONE',  ( -12.54144133455716315, 6.649241319522953830, 0.7457169094407823939 ) ) ;
#3590 = AXIS2_PLACEMENT_3D ( 'NONE', #3080, #6440, #6319 ) ;
#3591 = ADVANCED_FACE ( 'NONE', ( #3149 ), #6810, .T. ) ;
#3592 = FACE_OUTER_BOUND ( 'NONE', #1918, .T. ) ;
#3593 = ORIENTED_EDGE ( 'NONE', *, *, #7908, .T. ) ;
#3594 = CARTESIAN_POINT ( 'NONE',  ( 0.5270991702443779126, 13.26423166075971594, -29.67733556206681200 ) ) ;
#3595 = AXIS2_PLACEMENT_3D ( 'NONE', #5984, #3342, #7257 ) ;
#3596 = CARTESIAN_POINT ( 'NONE',  ( -6.422081758775480154, 6.422081758775310512, -48.72500000409679899 ) ) ;
#3597 = CARTESIAN_POINT ( 'NONE',  ( 2.092531449304939617, 0.1665402230635946168, 18.25318452574261485 ) ) ;
#3598 = CARTESIAN_POINT ( 'NONE',  ( -11.97755075998841257, -5.737051017039346057, -36.51381666236898127 ) ) ;
#3599 = CARTESIAN_POINT ( 'NONE',  ( -5.847982602819420173, -5.847982602819249642, -47.31875000204840376 ) ) ;
#3600 = CARTESIAN_POINT ( 'NONE',  ( -5.847982602819399744, -5.847982602819249642, -43.19375000204840376 ) ) ;
#3601 = VERTEX_POINT ( 'NONE', #7739 ) ;
#3602 = CARTESIAN_POINT ( 'NONE',  ( 6.422081758775140869, -6.422081758775310512, -47.78749999999999432 ) ) ;
#3603 = ORIENTED_EDGE ( 'NONE', *, *, #4088, .T. ) ;
#3604 = ADVANCED_FACE ( 'NONE', ( #1919 ), #3109, .F. ) ;
#3605 = DIRECTION ( 'NONE',  ( 3.430248998885765387E-15, -1.000000000000000000, 0.000000000000000000 ) ) ;
#3606 = VECTOR ( 'NONE', #4767, 1000.000000000000000 ) ;
#3607 = ORIENTED_EDGE ( 'NONE', *, *, #106, .T. ) ;
#3608 = CARTESIAN_POINT ( 'NONE',  ( 5.847982602819080000, 5.847982602819249642, -49.94375000204840376 ) ) ;
#3609 = CARTESIAN_POINT ( 'NONE',  ( 0.06270859887010785116, 3.954397171354792295, -0.9311579590318350697 ) ) ;
#3610 = CARTESIAN_POINT ( 'NONE',  ( 3.649999999999999911, 0.000000000000000000, 2.500000000000000000 ) ) ;
#3611 = EDGE_LOOP ( 'NONE', ( #699, #2913, #6251, #3647, #928 ) ) ;
#3612 = DIRECTION ( 'NONE',  ( 1.000000000000000000, 0.000000000000000000, -3.162668142169861429E-15 ) ) ;
#3613 = ORIENTED_EDGE ( 'NONE', *, *, #7264, .F. ) ;
#3614 = CARTESIAN_POINT ( 'NONE',  ( -4.594906780399654167, 24.44366884031736831, -16.96373452785857339 ) ) ;
#3615 = ORIENTED_EDGE ( 'NONE', *, *, #2366, .F. ) ;
#3616 = EDGE_CURVE ( 'NONE', #5588, #7160, #1545, .T. ) ;
#3617 = EDGE_LOOP ( 'NONE', ( #4996, #8237, #2278, #3029 ) ) ;
#3618 = CARTESIAN_POINT ( 'NONE',  ( -6.422081758775470384, -6.422081758775310512, -46.85000000409679899 ) ) ;
#3619 = CARTESIAN_POINT ( 'NONE',  ( 5.847982602819089770, -5.847982602819249642, -47.31875000204840376 ) ) ;
#3620 = CARTESIAN_POINT ( 'NONE',  ( 0.004823738374623831246, 3.555121461925681459, 1.621843629380554264 ) ) ;
#3621 = AXIS2_PLACEMENT_3D ( 'NONE', #4369, #1141, #7679 ) ;
#3622 =( BOUNDED_CURVE ( )  B_SPLINE_CURVE ( 2, ( #2531, #21, #7046, #2020, #5729, #4572, #2482, #1849, #1259 ),
 .UNSPECIFIED., .F., .F. ) 
 B_SPLINE_CURVE_WITH_KNOTS ( ( 3, 2, 2, 2, 3 ),
 ( 0.5500000000000000444, 0.5625000000000000000, 0.5749999999999999556, 0.5875000000000000222, 0.5999999999999999778 ),
 .UNSPECIFIED. ) 
 CURVE ( )  GEOMETRIC_REPRESENTATION_ITEM ( )  RATIONAL_B_SPLINE_CURVE ( ( 1.000000000000000000, 0.9238795325112879597, 1.000000000000000000, 0.9238795325112869605, 1.000000000000000000, 0.9238795325112869605, 1.000000000000000000, 0.9238795325112869605, 1.000000000000000000 ) ) 
 REPRESENTATION_ITEM ( '' )  );
#3623 = CARTESIAN_POINT ( 'NONE',  ( 11.00000000000000000, 13.26727404305920111, 0.000000000000000000 ) ) ;
#3624 = EDGE_CURVE ( 'NONE', #7830, #7026, #1040, .T. ) ;
#3625 = CARTESIAN_POINT ( 'NONE',  ( 3.425668896209446590, 8.270296309428895043, -46.47500000204842507 ) ) ;
#3626 = B_SPLINE_CURVE_WITH_KNOTS ( 'NONE', 3,
 ( #7978, #188, #5349, #2707, #1435, #5307, #4022, #1988, #7851, #4106, #7934, #3258 ),
 .UNSPECIFIED., .F., .F.,
 ( 4, 2, 2, 2, 2, 4 ),
 ( 0.000000000000000000, 0.2500000000000002220, 0.3749999999999998890, 0.4375000000000001110, 0.5000000000000003331, 1.000000000000000000 ),
 .UNSPECIFIED. ) ;
#3627 = CARTESIAN_POINT ( 'NONE',  ( 9.082195121928746673, 3.761968395621746453, -40.19375000409687004 ) ) ;
#3628 = CARTESIAN_POINT ( 'NONE',  ( 3.149999999999999911, -3.055989016502230093, 2.486871756045695214 ) ) ;
#3629 =( GEOMETRIC_REPRESENTATION_CONTEXT ( 3 ) GLOBAL_UNCERTAINTY_ASSIGNED_CONTEXT ( ( #4594 ) ) GLOBAL_UNIT_ASSIGNED_CONTEXT ( ( #6598, #5229, #6506 ) ) REPRESENTATION_CONTEXT ( 'NONE', 'WORKASPACE' ) );
#3630 = ORIENTED_EDGE ( 'NONE', *, *, #6758, .T. ) ;
#3631 = CARTESIAN_POINT ( 'NONE',  ( -1.720231130990129708E-13, -9.082195121928901216, -49.66250000409679899 ) ) ;
#3632 = DIRECTION ( 'NONE',  ( 3.469446951953640221E-15, -1.000000000000000000, 0.000000000000000000 ) ) ;
#3633 = CARTESIAN_POINT ( 'NONE',  ( 16.93232031953705530, 0.2818702498472690499, 7.330647173614168288 ) ) ;
#3634 = DIRECTION ( 'NONE',  ( -0.7071067811865480168, 8.659560562354929160E-17, -0.7071067811865470176 ) ) ;
#3635 = CARTESIAN_POINT ( 'NONE',  ( -2.227618966553429836, 0.5000000000000560663, 18.36539446186359825 ) ) ;
#3636 = CARTESIAN_POINT ( 'NONE',  ( 0.000000000000000000, 3.368838820721465233, -1.944999999999999840 ) ) ;
#3637 = CARTESIAN_POINT ( 'NONE',  ( -9.082195121929073522, -3.761968395621714034, -49.94375000409675636 ) ) ;
#3638 = DIRECTION ( 'NONE',  ( 0.000000000000000000, 0.000000000000000000, 1.000000000000000000 ) ) ;
#3639 = CARTESIAN_POINT ( 'NONE',  ( -11.97560671748699157, -6.231760886626130258, -36.14860903846682305 ) ) ;
#3640 = CARTESIAN_POINT ( 'NONE',  ( -8.270296309429070902, 1.012819190334226073E-15, -49.00625000204840376 ) ) ;
#3641 = CARTESIAN_POINT ( 'NONE',  ( -5.847982602819409514, -5.847982602819249642, -46.19375000204840376 ) ) ;
#3642 = ORIENTED_EDGE ( 'NONE', *, *, #1684, .F. ) ;
#3643 = CARTESIAN_POINT ( 'NONE',  ( -9.082195121929059312, 1.112248118530191819E-15, -46.85000000000000142 ) ) ;
#3644 = ORIENTED_EDGE ( 'NONE', *, *, #4066, .T. ) ;
#3645 = AXIS2_PLACEMENT_3D ( 'NONE', #3200, #4693, #7288 ) ;
#3646 = LINE ( 'NONE', #3514, #2324 ) ;
#3647 = ORIENTED_EDGE ( 'NONE', *, *, #2891, .F. ) ;
#3648 = CARTESIAN_POINT ( 'NONE',  ( -8.270296309429079784, 3.425668896209609571, -52.47500000204845350 ) ) ;
#3649 = CARTESIAN_POINT ( 'NONE',  ( 11.52373063106709949, -6.016945432908680225, -30.09999999999999787 ) ) ;
#3650 = DIRECTION ( 'NONE',  ( 3.571186321298535482E-15, -1.000000000000000000, 0.000000000000000000 ) ) ;
#3651 = CARTESIAN_POINT ( 'NONE',  ( 8.419908087849952594, 27.20588806982282293, 14.76846365850284570 ) ) ;
#3652 = EDGE_CURVE ( 'NONE', #268, #93, #4217, .T. ) ;
#3653 = CARTESIAN_POINT ( 'NONE',  ( 13.48383344964511998, -478.0496043183500205, 0.000000000000000000 ) ) ;
#3654 = ORIENTED_EDGE ( 'NONE', *, *, #1005, .T. ) ;
#3655 = FACE_OUTER_BOUND ( 'NONE', #901, .T. ) ;
#3656 = ORIENTED_EDGE ( 'NONE', *, *, #3132, .T. ) ;
#3657 = CARTESIAN_POINT ( 'NONE',  ( -12.04871535049110776, 24.82605290456646330, -12.68578654087011515 ) ) ;
#3658 = ORIENTED_EDGE ( 'NONE', *, *, #1579, .F. ) ;
#3659 = AXIS2_PLACEMENT_3D ( 'NONE', #6735, #6088, #4046 ) ;
#3660 = EDGE_CURVE ( 'NONE', #3836, #1122, #3417, .T. ) ;
#3661 = ORIENTED_EDGE ( 'NONE', *, *, #1986, .T. ) ;
#3662 = DIRECTION ( 'NONE',  ( 3.430248998885765387E-15, 0.000000000000000000, 1.000000000000000000 ) ) ;
#3663 = CARTESIAN_POINT ( 'NONE',  ( -3.425668896209771219, -8.270296309428895043, -47.60000000204841797 ) ) ;
#3664 = DIRECTION ( 'NONE',  ( 1.000000000000000000, 0.000000000000000000, -3.597944987211155163E-15 ) ) ;
#3665 = CARTESIAN_POINT ( 'NONE',  ( -3.761968395621886785, -9.082195121928899439, -48.06875000000003695 ) ) ;
#3666 = AXIS2_PLACEMENT_3D ( 'NONE', #4189, #7467, #3359 ) ;
#3667 = CIRCLE ( 'NONE', #3270, 10.97000000000000064 ) ;
#3668 = CARTESIAN_POINT ( 'NONE',  ( 8.270296309428720960, -3.425668896209614456, -51.35000000204843928 ) ) ;
#3669 = ADVANCED_FACE ( 'NONE', ( #227 ), #4708, .F. ) ;
#3670 = DIRECTION ( 'NONE',  ( 1.000000000000000000, 3.571186321298530749E-15, 0.000000000000000000 ) ) ;
#3671 = EDGE_CURVE ( 'NONE', #999, #6209, #8155, .T. ) ;
#3672 = ORIENTED_EDGE ( 'NONE', *, *, #7329, .F. ) ;
#3673 = CARTESIAN_POINT ( 'NONE',  ( -0.6297391193590083924, 13.25704809426726349, -29.67546564045651181 ) ) ;
#3674 = DIRECTION ( 'NONE',  ( -3.430248998885765387E-15, 1.000000000000000000, 0.000000000000000000 ) ) ;
#3675 = CARTESIAN_POINT ( 'NONE',  ( 10.73143525926313835, 26.30187909227112897, -13.42651529581616288 ) ) ;
#3676 = CARTESIAN_POINT ( 'NONE',  ( 17.01378541575433090, 23.32110162142405940, -5.339946373980740901 ) ) ;
#3677 = CIRCLE ( 'NONE', #4493, 2.250000000000000000 ) ;
#3678 = CIRCLE ( 'NONE', #423, 2.500000000000000444 ) ;
#3679 = CARTESIAN_POINT ( 'NONE',  ( -1.774243063861754941E-13, 0.000000000000000000, -51.72344819393800464 ) ) ;
#3680 = CARTESIAN_POINT ( 'NONE',  ( -3.761968395621865469, -9.082195121928899439, -42.25625000409678478 ) ) ;
#3681 = VECTOR ( 'NONE', #4911, 1000.000000000000114 ) ;
#3682 = FACE_OUTER_BOUND ( 'NONE', #7610, .T. ) ;
#3683 = DIRECTION ( 'NONE',  ( -3.202566417187980019E-15, 0.000000000000000000, -1.000000000000000000 ) ) ;
#3684 = CARTESIAN_POINT ( 'NONE',  ( 0.000000000000000000, 0.000000000000000000, 0.000000000000000000 ) ) ;
#3685 = CARTESIAN_POINT ( 'NONE',  ( -8.270296309429046033, 3.425668896209608683, -43.10000000204841086 ) ) ;
#3686 = CARTESIAN_POINT ( 'NONE',  ( -1.593321217975164933E-13, -8.270296309428900372, -46.00625000204840376 ) ) ;
#3687 = ADVANCED_FACE ( 'NONE', ( #7975 ), #4354, .T. ) ;
#3688 = ORIENTED_EDGE ( 'NONE', *, *, #1125, .T. ) ;
#3689 = CARTESIAN_POINT ( 'NONE',  ( 9.082195121928767989, 3.761968395621714034, -40.00625000000003695 ) ) ;
#3690 = VERTEX_POINT ( 'NONE', #3628 ) ;
#3691 = DIRECTION ( 'NONE',  ( -0.8640541274851133435, -0.5033989121719866233, 2.963920805788923327E-15 ) ) ;
#3692 = ORIENTED_EDGE ( 'NONE', *, *, #2520, .T. ) ;
#3693 = CARTESIAN_POINT ( 'NONE',  ( -1.701699171626694845E-13, 8.270296309428900372, -49.75625000204840376 ) ) ;
#3694 = CARTESIAN_POINT ( 'NONE',  ( -1.619203873126450199, -12.89876656185581894, -36.60000000000000142 ) ) ;
#3695 = CARTESIAN_POINT ( 'NONE',  ( -12.84221948153169635, 6.990186515924730060, -1.389111260315528229 ) ) ;
#3696 = CARTESIAN_POINT ( 'NONE',  ( 9.499999999999820588, 0.000000000000000000, -25.50000000000000000 ) ) ;
#3697 = FACE_OUTER_BOUND ( 'NONE', #2889, .T. ) ;
#3698 = ORIENTED_EDGE ( 'NONE', *, *, #1586, .T. ) ;
#3699 = ORIENTED_EDGE ( 'NONE', *, *, #5090, .F. ) ;
#3700 = CARTESIAN_POINT ( 'NONE',  ( -11.59337664029582093, 25.38827090013403165, -12.94709242680215056 ) ) ;
#3701 = ORIENTED_EDGE ( 'NONE', *, *, #8310, .T. ) ;
#3702 = EDGE_CURVE ( 'NONE', #1704, #1489, #1914, .T. ) ;
#3703 = ORIENTED_EDGE ( 'NONE', *, *, #4551, .F. ) ;
#3704 = CARTESIAN_POINT ( 'NONE',  ( -3.761968395621881456, -9.082195121928899439, -46.75625000409678478 ) ) ;
#3705 = CARTESIAN_POINT ( 'NONE',  ( 3.425668896209462577, 8.270296309428905701, -42.35000000204842507 ) ) ;
#3706 = DIRECTION ( 'NONE',  ( -0.8647368637171916061, -2.966262761065513735E-15, -0.5022252049913018546 ) ) ;
#3707 = EDGE_CURVE ( 'NONE', #5160, #8168, #4914, .T. ) ;
#3708 = CARTESIAN_POINT ( 'NONE',  ( -1.015353703670189902E-13, 0.000000000000000000, -29.60000000000000142 ) ) ;
#3709 = DIRECTION ( 'NONE',  ( 0.000000000000000000, 1.000000000000000000, 0.000000000000000000 ) ) ;
#3710 = CARTESIAN_POINT ( 'NONE',  ( 8.270296309428740500, 0.000000000000000000, -46.75625000204840376 ) ) ;
#3711 = DIRECTION ( 'NONE',  ( 1.000000000000000000, 0.000000000000000000, -1.224646799147353454E-16 ) ) ;
#3712 = ORIENTED_EDGE ( 'NONE', *, *, #2668, .T. ) ;
#3713 = CARTESIAN_POINT ( 'NONE',  ( 11.97268519435050038, 6.975299938854269577, -40.00000000000000000 ) ) ;
#3714 = CARTESIAN_POINT ( 'NONE',  ( 2.227618966551454971, 20.00000000000000000, -18.36539446186380076 ) ) ;
#3715 = CARTESIAN_POINT ( 'NONE',  ( -17.00641974541598245, 26.31476690336687696, 2.474770547239105500 ) ) ;
#3716 = AXIS2_PLACEMENT_3D ( 'NONE', #5130, #5734, #7683 ) ;
#3717 = CARTESIAN_POINT ( 'NONE',  ( -13.20032533791200535, 9.473502149649752013, -1.944000231975208992 ) ) ;
#3718 = EDGE_CURVE ( 'NONE', #1620, #975, #552, .T. ) ;
#3719 = CARTESIAN_POINT ( 'NONE',  ( 0.5644464945213748530, 13.39515499398330434, -29.80917351825895167 ) ) ;
#3721 = EDGE_CURVE ( 'NONE', #6093, #3753, #7618, .T. ) ;
#3720 = CIRCLE ( 'NONE', #4815, 10.97000000000000064 ) ;
#3722 = CARTESIAN_POINT ( 'NONE',  ( 8.921570627134731097E-13, 0.000000000000000000, 260.0852191789194876 ) ) ;
#3723 = DIRECTION ( 'NONE',  ( 1.000000000000000000, 0.000000000000000000, 1.224646799147353454E-16 ) ) ;
#3724 = APPLICATION_PROTOCOL_DEFINITION ( 'draft international standard', 'automotive_design', 1998, #2699 ) ;
#3725 = CARTESIAN_POINT ( 'NONE',  ( -3.425668896209755232, 8.270296309428895043, -43.28750000204840376 ) ) ;
#3726 = VECTOR ( 'NONE', #4997, 1000.000000000000000 ) ;
#3727 = CARTESIAN_POINT ( 'NONE',  ( 5.847982602819100428, -5.847982602819249642, -44.31875000204844639 ) ) ;
#3728 = DIRECTION ( 'NONE',  ( -1.000000000000000000, 0.000000000000000000, 3.430248998885765387E-15 ) ) ;
#3729 = FACE_OUTER_BOUND ( 'NONE', #1282, .T. ) ;
#3730 = DIRECTION ( 'NONE',  ( -1.000000000000000000, 0.000000000000000000, 3.430248998885765387E-15 ) ) ;
#3731 = AXIS2_PLACEMENT_3D ( 'NONE', #5185, #760, #4584 ) ;
#3732 = VERTEX_POINT ( 'NONE', #4956 ) ;
#3733 = CARTESIAN_POINT ( 'NONE',  ( 5.847982602819069342, -5.847982602819249642, -51.81875000204839665 ) ) ;
#3734 = CARTESIAN_POINT ( 'NONE',  ( 11.38466659687156657, -7.255299199762485607, -36.17909301920253284 ) ) ;
#3735 = ADVANCED_FACE ( 'NONE', ( #357 ), #4905, .F. ) ;
#3736 = DIRECTION ( 'NONE',  ( 3.469446951953645349E-15, 0.000000000000000000, 1.000000000000000000 ) ) ;
#3737 = CARTESIAN_POINT ( 'NONE',  ( 10.57775903854401101, 26.36968184175438878, 13.53001493121774956 ) ) ;
#3738 = CARTESIAN_POINT ( 'NONE',  ( -0.1122174703229795872, -8.426697580909126017, -52.09999984381477844 ) ) ;
#3739 = ORIENTED_EDGE ( 'NONE', *, *, #7459, .F. ) ;
#3740 = CARTESIAN_POINT ( 'NONE',  ( -4.747276497423152719, 24.53483689694738601, 16.90201799018932505 ) ) ;
#3741 = ORIENTED_EDGE ( 'NONE', *, *, #5930, .F. ) ;
#3742 = CARTESIAN_POINT ( 'NONE',  ( -6.158373921699784148, 26.21561179414116083, -16.06641702464428079 ) ) ;
#3743 = ORIENTED_EDGE ( 'NONE', *, *, #4435, .F. ) ;
#3744 = CARTESIAN_POINT ( 'NONE',  ( 3.628081452661510387, 8.283245575816483353, -51.79915921235477327 ) ) ;
#3745 = ADVANCED_FACE ( 'NONE', ( #3583 ), #4871, .T. ) ;
#3746 = ORIENTED_EDGE ( 'NONE', *, *, #5718, .F. ) ;
#3747 = VERTEX_POINT ( 'NONE', #1591 ) ;
#3748 = CARTESIAN_POINT ( 'NONE',  ( -2.133141957240483499, 0.3747372799958355594, -18.37660755934730261 ) ) ;
#3749 = CARTESIAN_POINT ( 'NONE',  ( -9.082195121928011261, 1.112248118530191819E-15, 260.0852191789194876 ) ) ;
#3750 = CARTESIAN_POINT ( 'NONE',  ( -1.715124499443544942E-15, 0.5000000000000560663, 0.000000000000000000 ) ) ;
#3751 = CARTESIAN_POINT ( 'NONE',  ( -3.425668896209776548, 8.270296309428895043, -50.78750000204844639 ) ) ;
#3752 = EDGE_CURVE ( 'NONE', #4198, #5782, #273, .T. ) ;
#3753 = VERTEX_POINT ( 'NONE', #2953 ) ;
#3754 = CARTESIAN_POINT ( 'NONE',  ( 11.38466659687218474, -7.255299199761514828, -29.97411949831708711 ) ) ;
#3755 = CARTESIAN_POINT ( 'NONE',  ( 7.089429638986005422, 26.81635075035936211, -15.54172958364754109 ) ) ;
#3756 = DIRECTION ( 'NONE',  ( -3.313702914957650450E-15, 0.000000000000000000, -1.000000000000000000 ) ) ;
#3757 = CARTESIAN_POINT ( 'NONE',  ( -13.19065068079631864, 9.504070154865901898, -1.929698112309372826 ) ) ;
#3758 = CARTESIAN_POINT ( 'NONE',  ( 10.29903697233519999, 7.932832876247100096, -36.60000000000000142 ) ) ;
#3759 = CARTESIAN_POINT ( 'NONE',  ( -4.541082355240139812, 7.865420476727041255, -39.59927409042269630 ) ) ;
#3760 = DIRECTION ( 'NONE',  ( 0.000000000000000000, 0.000000000000000000, 1.000000000000000000 ) ) ;
#3761 =( LENGTH_UNIT ( ) NAMED_UNIT ( * ) SI_UNIT ( .MILLI., .METRE. ) );
#3762 = EDGE_CURVE ( 'NONE', #1836, #7246, #7887, .T. ) ;
#3763 = CARTESIAN_POINT ( 'NONE',  ( -4.135142412925819855, 7.162290015807259991, -38.75552381763019127 ) ) ;
#3764 = CARTESIAN_POINT ( 'NONE',  ( -9.082195121929016679, 3.761968395621769101, -48.44374999999999432 ) ) ;
#3765 = EDGE_CURVE ( 'NONE', #6919, #4198, #3543, .T. ) ;
#3766 = ORIENTED_EDGE ( 'NONE', *, *, #5528, .F. ) ;
#3767 = FACE_OUTER_BOUND ( 'NONE', #4346, .T. ) ;
#3768 = CIRCLE ( 'NONE', #1745, 18.50000000000000000 ) ;
#3769 = LINE ( 'NONE', #3093, #5456 ) ;
#3770 = VERTEX_POINT ( 'NONE', #6234 ) ;
#3771 = CARTESIAN_POINT ( 'NONE',  ( 3.425668896209424830, 8.270296309428905701, -52.85000000204841797 ) ) ;
#3772 = LINE ( 'NONE', #7730, #7079 ) ;
#3773 = DIRECTION ( 'NONE',  ( -1.000000000000000000, 0.000000000000000000, 3.430248998885765387E-15 ) ) ;
#3774 = CARTESIAN_POINT ( 'NONE',  ( 9.258071782045002251, 27.08722623836980503, 14.28743377756166488 ) ) ;
#3775 = CARTESIAN_POINT ( 'NONE',  ( 14.84803800315575906, -478.0496043183500205, -11.03565890451899989 ) ) ;
#3776 = AXIS2_PLACEMENT_3D ( 'NONE', #5757, #3709, #1169 ) ;
#3777 = ORIENTED_EDGE ( 'NONE', *, *, #2401, .T. ) ;
#3778 = DIRECTION ( 'NONE',  ( 1.000000000000000000, 4.116867168269976656E-15, 0.000000000000000000 ) ) ;
#3779 = VERTEX_POINT ( 'NONE', #4785 ) ;
#3780 = CARTESIAN_POINT ( 'NONE',  ( -1.197679374346141357, 8.818034923459899588, -51.98704855092945110 ) ) ;
#3781 = ORIENTED_EDGE ( 'NONE', *, *, #5654, .F. ) ;
#3782 = EDGE_CURVE ( 'NONE', #859, #7541, #7236, .T. ) ;
#3783 = FACE_OUTER_BOUND ( 'NONE', #5037, .T. ) ;
#3784 = ORIENTED_EDGE ( 'NONE', *, *, #7144, .T. ) ;
#3785 = ORIENTED_EDGE ( 'NONE', *, *, #3338, .F. ) ;
#3786 = CARTESIAN_POINT ( 'NONE',  ( -11.60814294029266236, 6.037477720068889830, -29.59999999999999076 ) ) ;
#3787 = EDGE_CURVE ( 'NONE', #5065, #1830, #1240, .T. ) ;
#3788 = DIRECTION ( 'NONE',  ( -1.224646799147351975E-16, -4.200843456763865836E-31, 1.000000000000000000 ) ) ;
#3789 = CARTESIAN_POINT ( 'NONE',  ( -11.74435348868685658, -6.174756497405937239, -29.67737509913684235 ) ) ;
#3790 = DIRECTION ( 'NONE',  ( -1.000000000000000000, 0.000000000000000000, 3.478934956386834635E-15 ) ) ;
#3791 = B_SPLINE_CURVE_WITH_KNOTS ( 'NONE', 3,
 ( #1741, #4295, #541, #5741, #2458, #5098, #6899, #6337, #6939, #424, #7690, #1117, #1067, #1862, #4461, #3695, #5623, #7061, #6298, #1229, #3061, #3817, #3180, #5786, #8201, #8370, #2543, #5139, #7731, #2377 ),
 .UNSPECIFIED., .F., .F.,
 ( 4, 2, 2, 2, 2, 2, 2, 2, 2, 2, 1, 1, 2, 2, 2, 4 ),
 ( 0.000000000000000000, 0.1250000000000001943, 0.1875000000000011380, 0.2500000000000020539, 0.3750000000000009437, 0.4375000000000003331, 0.4687499999999998335, 0.4999999999999993339, 0.6249999999999960032, 0.6874999999999942268, 0.7187499999999927836, 0.7343749999999923395, 0.7421874999999923395, 0.7499999999999923395, 0.8749999999999962252, 1.000000000000000000 ),
 .UNSPECIFIED. ) ;
#3792 = CARTESIAN_POINT ( 'NONE',  ( 5.847982602819080000, 5.847982602819249642, -51.06875000204840376 ) ) ;
#3793 = AXIS2_PLACEMENT_3D ( 'NONE', #2404, #530, #1943 ) ;
#3794 = CARTESIAN_POINT ( 'NONE',  ( -16.98117996039296429, 0.3747372801988919089, -7.340948654823035824 ) ) ;
#3795 = ORIENTED_EDGE ( 'NONE', *, *, #4752, .F. ) ;
#3796 = CYLINDRICAL_SURFACE ( 'NONE', #1831, 15.54417670682419939 ) ;
#3797 = CARTESIAN_POINT ( 'NONE',  ( 7.883953049205420172, 27.12576930250227036, -15.08029393708281241 ) ) ;
#3798 = CARTESIAN_POINT ( 'NONE',  ( -17.00636567412254863, 26.32948576588275458, 2.453782322802720905 ) ) ;
#3799 = DIRECTION ( 'NONE',  ( 1.000000000000000000, 0.000000000000000000, -3.430248998885765387E-15 ) ) ;
#3800 = EDGE_CURVE ( 'NONE', #896, #847, #3538, .T. ) ;
#3801 = AXIS2_PLACEMENT_3D ( 'NONE', #8215, #5552, #7580 ) ;
#3802 = DIRECTION ( 'NONE',  ( 0.9999922807328994745, 0.003929182435835270465, 0.000000000000000000 ) ) ;
#3803 = DIRECTION ( 'NONE',  ( 0.000000000000000000, 0.000000000000000000, 1.000000000000000000 ) ) ;
#3804 = DIRECTION ( 'NONE',  ( -0.8371691043312187164, 9.999999999999996833E-16, -0.5469441386039938235 ) ) ;
#3805 = CARTESIAN_POINT ( 'NONE',  ( 0.1001658913139285290, -4.114528883384464208, 0.6535383078617051922 ) ) ;
#3806 = VECTOR ( 'NONE', #4003, 1000.000000000000000 ) ;
#3807 = ORIENTED_EDGE ( 'NONE', *, *, #5767, .T. ) ;
#3808 = CARTESIAN_POINT ( 'NONE',  ( -3.761968395621865469, 9.082195121928897663, -44.13125000000002984 ) ) ;
#3809 = AXIS2_PLACEMENT_3D ( 'NONE', #6461, #582, #7647 ) ;
#3810 = VECTOR ( 'NONE', #704, 1000.000000000000000 ) ;
#3811 = CARTESIAN_POINT ( 'NONE',  ( 9.082195121928752002, 0.000000000000000000, -44.60000000000000142 ) ) ;
#3812 = ADVANCED_FACE ( 'NONE', ( #7381 ), #8030, .T. ) ;
#3813 = ORIENTED_EDGE ( 'NONE', *, *, #413, .T. ) ;
#3814 = CARTESIAN_POINT ( 'NONE',  ( -1.644774952958449779E-13, -8.270296309428900372, -47.50625000204840376 ) ) ;
#3816 = AXIS2_PLACEMENT_3D ( 'NONE', #247, #6764, #2332 ) ;
#3815 = CARTESIAN_POINT ( 'NONE',  ( 11.01073945866035864, -7.473195572022707900, -36.49465901583979388 ) ) ;
#3817 = CARTESIAN_POINT ( 'NONE',  ( -12.56867163110875651, 6.678541007403217655, -0.8800056650236363076 ) ) ;
#3818 = CARTESIAN_POINT ( 'NONE',  ( 4.299999999999840838, 0.000000000000000000, -1.000000000000015987 ) ) ;
#3819 = DIRECTION ( 'NONE',  ( -3.228641771092580259E-15, 1.000000000000000000, 0.000000000000000000 ) ) ;
#3820 = CARTESIAN_POINT ( 'NONE',  ( -16.99284349540658567, 26.13919632468346421, -2.802597669947061831 ) ) ;
#3821 = ORIENTED_EDGE ( 'NONE', *, *, #8244, .T. ) ;
#3822 = CARTESIAN_POINT ( 'NONE',  ( -2.250258638113078469, 8.363081357341512145, -52.09382610638983380 ) ) ;
#3823 = ORIENTED_EDGE ( 'NONE', *, *, #7536, .F. ) ;
#3824 = DIRECTION ( 'NONE',  ( 3.478934956380115118E-15, 0.000000000000000000, 1.000000000000000000 ) ) ;
#3825 = ADVANCED_FACE ( 'NONE', ( #3281 ), #4087, .F. ) ;
#3826 = ORIENTED_EDGE ( 'NONE', *, *, #2987, .T. ) ;
#3827 = VERTEX_POINT ( 'NONE', #2393 ) ;
#3828 = FACE_OUTER_BOUND ( 'NONE', #5948, .T. ) ;
#3829 = CARTESIAN_POINT ( 'NONE',  ( 14.74744104187087679, 0.2518244355312057037, 11.06236306736583508 ) ) ;
#3830 = CARTESIAN_POINT ( 'NONE',  ( 15.04417670682405017, 44.20000000000000284, 0.000000000000000000 ) ) ;
#3831 = CARTESIAN_POINT ( 'NONE',  ( 1.974033432649480169, 5.623480065046668625E-14, 17.89142789178049853 ) ) ;
#3832 = APPLICATION_CONTEXT ( 'automotive_design' ) ;
#3833 = CARTESIAN_POINT ( 'NONE',  ( -8.270296309429035375, 3.425668896209609571, -40.10000000204841797 ) ) ;
#3834 = ORIENTED_EDGE ( 'NONE', *, *, #4309, .T. ) ;
#3835 = CARTESIAN_POINT ( 'NONE',  ( -16.79615478228711467, 0.1114193723290126253, -7.302413137774316887 ) ) ;
#3836 = VERTEX_POINT ( 'NONE', #642 ) ;
#3837 = FACE_OUTER_BOUND ( 'NONE', #4121, .T. ) ;
#3838 = CARTESIAN_POINT ( 'NONE',  ( 0.000000000000000000, 0.000000000000000000, 0.000000000000000000 ) ) ;
#3839 = CARTESIAN_POINT ( 'NONE',  ( -1.715124499443544942E-15, 0.5000000000000560663, 0.000000000000000000 ) ) ;
#3840 = CARTESIAN_POINT ( 'NONE',  ( -7.640757519807010567, 3.164905301785300384, -52.09999999959300254 ) ) ;
#3841 = CARTESIAN_POINT ( 'NONE',  ( 9.082195121928734238, 3.761968395621714034, -47.69375000409687004 ) ) ;
#3842 = CARTESIAN_POINT ( 'NONE',  ( -6.422081758775449956, 6.422081758775310512, -41.03749999999999432 ) ) ;
#3843 = CARTESIAN_POINT ( 'NONE',  ( -8.270296309429049586, 1.012819190334226073E-15, -43.00625000204840376 ) ) ;
#3844 = EDGE_CURVE ( 'NONE', #122, #6919, #283, .T. ) ;
#3845 = CARTESIAN_POINT ( 'NONE',  ( 8.270296309428765369, -3.425668896209614456, -39.72500000204846060 ) ) ;
#3846 = CARTESIAN_POINT ( 'NONE',  ( 3.149999999999999911, -3.681688624940699928, -1.403128243954309795 ) ) ;
#3847 = CARTESIAN_POINT ( 'NONE',  ( -9.082195121929050430, 3.761968395621719363, -42.44375000000001563 ) ) ;
#3848 = TOROIDAL_SURFACE ( 'NONE', #181, 11.50000000000000000, 0.5000000000000000000 ) ;
#3849 = TOROIDAL_SURFACE ( 'NONE', #3046, 13.00000000000000000, 0.5000000000000000000 ) ;
#3850 = CARTESIAN_POINT ( 'NONE',  ( 1.639829176630759940E-12, -478.0496043183500205, 0.000000000000000000 ) ) ;
#3851 = VERTEX_POINT ( 'NONE', #6961 ) ;
#3852 = CARTESIAN_POINT ( 'NONE',  ( -1.650245436643409747E-13, 8.270296309428900372, -48.25625000204840376 ) ) ;
#3853 = CARTESIAN_POINT ( 'NONE',  ( 9.082195121928723580, -3.761968395621752226, -46.19375000000009379 ) ) ;
#3854 = AXIS2_PLACEMENT_3D ( 'NONE', #8373, #7822, #2592 ) ;
#3855 = CARTESIAN_POINT ( 'NONE',  ( -8.747134947158758278E-14, 0.000000000000000000, -25.50000000000000000 ) ) ;
#3856 = CARTESIAN_POINT ( 'NONE',  ( 10.59422522322801541, 26.35664484338662206, 13.52056456771716064 ) ) ;
#3857 = AXIS2_PLACEMENT_3D ( 'NONE', #5853, #1215, #4486 ) ;
#3858 = CARTESIAN_POINT ( 'NONE',  ( -4.135142412925819855, 7.162290015807259991, -38.75552381763019838 ) ) ;
#3859 = CIRCLE ( 'NONE', #2370, 18.50000000000000000 ) ;
#3860 = EDGE_CURVE ( 'NONE', #419, #2752, #2599, .T. ) ;
#3861 = CARTESIAN_POINT ( 'NONE',  ( -16.98853074347771752, 24.46841167017376151, -4.482217345200935732 ) ) ;
#3862 = ORIENTED_EDGE ( 'NONE', *, *, #3660, .F. ) ;
#3863 = CARTESIAN_POINT ( 'NONE',  ( -4.608037290780907291, 7.772476613317025773, -51.81089544222066223 ) ) ;
#3864 = ORIENTED_EDGE ( 'NONE', *, *, #6681, .F. ) ;
#3865 = AXIS2_PLACEMENT_3D ( 'NONE', #4955, #4311, #1717 ) ;
#3866 = CARTESIAN_POINT ( 'NONE',  ( 16.99210598378125070, 25.91647910839655466, 3.084077605280381107 ) ) ;
#3867 = AXIS2_PLACEMENT_3D ( 'NONE', #25, #1387, #2622 ) ;
#3868 = ORIENTED_EDGE ( 'NONE', *, *, #4606, .F. ) ;
#3869 = VERTEX_POINT ( 'NONE', #3999 ) ;
#3870 = CARTESIAN_POINT ( 'NONE',  ( -4.439595343504890046, 7.689639031296270133, -39.48208659093479866 ) ) ;
#3871 = CARTESIAN_POINT ( 'NONE',  ( -15.04417670682435038, 43.70000000000000284, 1.842380284981939937E-15 ) ) ;
#3872 = EDGE_CURVE ( 'NONE', #2921, #7282, #4365, .T. ) ;
#3873 = CARTESIAN_POINT ( 'NONE',  ( 14.45242570673706162, 9.903879325635949487E-14, 10.72974329568253893 ) ) ;
#3874 = CARTESIAN_POINT ( 'NONE',  ( -9.082195121928011261, 1.112248118530191819E-15, 260.0852191789194876 ) ) ;
#3875 = CARTESIAN_POINT ( 'NONE',  ( -16.99994379908154940, 8.599999999999999645, -0.04371301944021280250 ) ) ;
#3876 = CARTESIAN_POINT ( 'NONE',  ( -5.847982602819399744, -5.847982602819249642, -42.81875000204840376 ) ) ;
#3877 = ORIENTED_EDGE ( 'NONE', *, *, #1654, .F. ) ;
#3878 = CARTESIAN_POINT ( 'NONE',  ( -11.37606973539801558, 7.246540680468423368, -29.97305637177441184 ) ) ;
#3879 = EDGE_LOOP ( 'NONE', ( #1243, #3593, #3030, #204, #4872, #6903, #2901, #7757, #1450, #3290, #8374, #8338 ) ) ;
#3880 = DIRECTION ( 'NONE',  ( 0.000000000000000000, 0.000000000000000000, -1.000000000000000000 ) ) ;
#3881 = CARTESIAN_POINT ( 'NONE',  ( -12.02221747643564953, 5.630843757957437745, -36.51722782121500188 ) ) ;
#3882 = CARTESIAN_POINT ( 'NONE',  ( -1.238319888597766067E-13, 0.000000000000000000, -36.10000000000000142 ) ) ;
#3883 = ADVANCED_FACE ( 'NONE', ( #484 ), #5861, .T. ) ;
#3884 = DIRECTION ( 'NONE',  ( 0.000000000000000000, 0.000000000000000000, -1.000000000000000000 ) ) ;
#3885 = CARTESIAN_POINT ( 'NONE',  ( -3.964695476707099515E-14, 11.55803989154983924, 0.000000000000000000 ) ) ;
#3886 = ADVANCED_BREP_SHAPE_REPRESENTATION ( '', ( #643, #3519 ), #2171 ) ;
#3887 = CARTESIAN_POINT ( 'NONE',  ( -6.422081758775470384, -6.422081758775310512, -45.35000000409679899 ) ) ;
#3888 = LINE ( 'NONE', #1982, #692 ) ;
#3889 = APPLICATION_PROTOCOL_DEFINITION ( 'draft international standard', 'automotive_design', 1998, #2259 ) ;
#3890 = CARTESIAN_POINT ( 'NONE',  ( -1.238319888597766067E-13, 0.000000000000000000, -36.10000000000000142 ) ) ;
#3891 = CARTESIAN_POINT ( 'NONE',  ( 8.270296309428770698, 0.000000000000000000, -39.63125000204845350 ) ) ;
#3892 = ORIENTED_EDGE ( 'NONE', *, *, #3102, .T. ) ;
#3893 = LINE ( 'NONE', #7935, #2091 ) ;
#3894 =( BOUNDED_SURFACE ( )  B_SPLINE_SURFACE ( 1, 2, ( 
 ( #6450, #5259, #7766, #4530, #3455, #3541, #4061, #6704, #867, #4182, #6099, #908, #2225, #2824, #7930, #4142, #4783, #5469, #6063, #4868, #6147, #2105, #225, #144, #8054, #1589, #2143, #2910, #4826, #265, #7379, #7462, #3420, #6783, #5425, #1470, #1629, #952, #8011, #6745, #3381, #3493, #2184, #4101, #5514, #2869, #1548, #4225, #5388, #7417, #6661, #2785, #8097, #829, #306, #2267, #787, #5983, #6022, #2744, #5345, #4705, #7300, #183, #7971, #4743, #7336, #1510, #6829, #3581, #355, #996, #6191, #2951, #2890, #2731, #980, #1370, #5926, #2051, #6567, #690, #3561, #5883, #1456, #933, #731, #4004, #4647, #1327, #5492, #3368, #6651, #3962, #8078, #89, #333, #4849, #6168, #6808, #7287, #6613, #5970, #774, #5333, #4048, #7834, #2009, #6521, #3915, #3327, #130, #3284, #5536, #2688, #7916, #5291, #7874, #7242, #2934, #48, #4602, #2090, #2649, #1413, #5246, #4692, #2248, #3516, #7440, #6124, #290, #7197, #1610, #4204, #8119, #2292, #4891, #7019, #1698, #6295, #7484, #6212, #461, #8200, #7570, #5621, #6897, #2334, #1149, #1739 ),
 ( #1780, #4334, #2374, #3771, #2413, #4977, #2494, #3648, #6937, #4934, #1065, #6373, #7525, #5015, #3733, #1112, #8279, #4291, #4247, #5739, #539, #6335, #5699, #1023, #4377, #3059, #3137, #8159, #6255, #6978, #420, #8321, #6851, #7604, #3608, #379, #3693, #499, #1819, #3020, #5662, #1656, #8240, #3095, #2454, #5054, #7646, #4420, #1188, #2976, #5579, #7139, #3852, #6502, #3307, #3896, #6460, #1310, #3939, #5136, #3814, #6547, #7224, #716, #1907, #669, #3350, #1992, #5268, #3985, #1861, #4459, #5907, #3262, #6417, #73, #8410, #2671, #1348, #2584, #7856, #7059, #581, #2628, #5949, #3177, #4501, #5783, #5867, #4582, #627, #4626, #5225, #7099, #2031, #1269, #1394, #8368, #6593, #7180, #757, #7688, #7816, #2541, #3222, #5824, #113, #1227, #7729, #31, #5182, #7776, #5096, #1951, #4541, #5435, #4153, #7388, #6672, #4669, #4110, #2711, #2236, #6795, #3551, #4837, #5353, #1520, #5313, #1439, #6714, #3427, #2795, #839, #2115, #5992, #4793, #5398, #919, #4193, #7941, #7898, #4714, #4026, #879, #7308, #6157, #7349, #1480, #2152, #4069 ) ),
 .UNSPECIFIED., .F., .F., .F. ) 
 B_SPLINE_SURFACE_WITH_KNOTS ( ( 2, 2 ),
 ( 3, 2, 2, 2, 2, 2, 2, 2, 2, 2, 2, 2, 2, 2, 2, 2, 2, 2, 2, 2, 2, 2, 2, 2, 2, 2, 2, 2, 2, 2, 2, 2, 2, 2, 2, 2, 2, 2, 2, 2, 2, 2, 2, 2, 2, 2, 2, 2, 2, 2, 2, 2, 2, 2, 2, 2, 2, 2, 2, 2, 2, 2, 2, 2, 2, 2, 2, 2, 2, 2, 2, 2, 2, 2, 2, 3 ),
 ( 0.000000000000000000, 1.000000000000000000 ),
 ( 0.000000000000000000, 0.01250000000000000069, 0.02500000000000000139, 0.03749999999999999861, 0.05000000000000000278, 0.06250000000000000000, 0.07499999999999999722, 0.08749999999999999445, 0.1000000000000000056, 0.1125000000000000028, 0.1250000000000000000, 0.1375000000000000111, 0.1499999999999999944, 0.1625000000000000056, 0.1749999999999999889, 0.1875000000000000000, 0.2000000000000000111, 0.2124999999999999944, 0.2250000000000000056, 0.2374999999999999889, 0.2500000000000000000, 0.2625000000000000111, 0.2750000000000000222, 0.2874999999999999778, 0.2999999999999999889, 0.3125000000000000000, 0.3250000000000000111, 0.3375000000000000222, 0.3499999999999999778, 0.3624999999999999889, 0.3750000000000000000, 0.3875000000000000111, 0.4000000000000000222, 0.4124999999999999778, 0.4249999999999999889, 0.4375000000000000000, 0.4500000000000000111, 0.4625000000000000222, 0.4749999999999999778, 0.4874999999999999889, 0.5000000000000000000, 0.5124999999999999556, 0.5250000000000000222, 0.5374999999999999778, 0.5500000000000000444, 0.5625000000000000000, 0.5749999999999999556, 0.5875000000000000222, 0.5999999999999999778, 0.6125000000000000444, 0.6250000000000000000, 0.6374999999999999556, 0.6500000000000000222, 0.6624999999999999778, 0.6750000000000000444, 0.6875000000000000000, 0.6999999999999999556, 0.7125000000000000222, 0.7249999999999999778, 0.7375000000000000444, 0.7500000000000000000, 0.7624999999999999556, 0.7750000000000000222, 0.7874999999999999778, 0.8000000000000000444, 0.8125000000000000000, 0.8249999999999999556, 0.8375000000000000222, 0.8499999999999999778, 0.8625000000000000444, 0.8750000000000000000, 0.8874999999999999556, 0.9000000000000000222, 0.9124999999999999778, 0.9250000000000000444, 0.9333094327441380234 ),
 .UNSPECIFIED. ) 
 GEOMETRIC_REPRESENTATION_ITEM ( )  RATIONAL_B_SPLINE_SURFACE ( (
 ( 1.000000000000000000, 0.9238795325112869605, 1.000000000000000000, 0.9238795325112869605, 1.000000000000000000, 0.9238795325112869605, 1.000000000000000000, 0.9238795325112869605, 1.000000000000000000, 0.9238795325112869605, 1.000000000000000000, 0.9238795325112869605, 1.000000000000000000, 0.9238795325112869605, 1.000000000000000000, 0.9238795325112869605, 1.000000000000000000, 0.9238795325112869605, 1.000000000000000000, 0.9238795325112869605, 1.000000000000000000, 0.9238795325112869605, 1.000000000000000000, 0.9238795325112869605, 1.000000000000000000, 0.9238795325112869605, 1.000000000000000000, 0.9238795325112869605, 1.000000000000000000, 0.9238795325112869605, 1.000000000000000000, 0.9238795325112869605, 1.000000000000000000, 0.9238795325112869605, 1.000000000000000000, 0.9238795325112869605, 1.000000000000000000, 0.9238795325112869605, 1.000000000000000000, 0.9238795325112869605, 1.000000000000000000, 0.9238795325112869605, 1.000000000000000000, 0.9238795325112869605, 1.000000000000000000, 0.9238795325112869605, 1.000000000000000000, 0.9238795325112869605, 1.000000000000000000, 0.9238795325112869605, 1.000000000000000000, 0.9238795325112869605, 1.000000000000000000, 0.9238795325112869605, 1.000000000000000000, 0.9238795325112869605, 1.000000000000000000, 0.9238795325112869605, 1.000000000000000000, 0.9238795325112869605, 1.000000000000000000, 0.9238795325112869605, 1.000000000000000000, 0.9238795325112869605, 1.000000000000000000, 0.9238795325112869605, 1.000000000000000000, 0.9238795325112869605, 1.000000000000000000, 0.9238795325112869605, 1.000000000000000000, 0.9238795325112869605, 1.000000000000000000, 0.9238795325112869605, 1.000000000000000000, 0.9238795325112869605, 1.000000000000000000, 0.9238795325112869605, 1.000000000000000000, 0.9238795325112869605, 1.000000000000000000, 0.9238795325112869605, 1.000000000000000000, 0.9238795325112869605, 1.000000000000000000, 0.9238795325112869605, 1.000000000000000000, 0.9238795325112869605, 1.000000000000000000, 0.9238795325112869605, 1.000000000000000000, 0.9238795325112869605, 1.000000000000000000, 0.9238795325112869605, 1.000000000000000000, 0.9238795325112869605, 1.000000000000000000, 0.9238795325112869605, 1.000000000000000000, 0.9238795325112869605, 1.000000000000000000, 0.9238795325112869605, 1.000000000000000000, 0.9238795325112869605, 1.000000000000000000, 0.9238795325112869605, 1.000000000000000000, 0.9238795325112869605, 1.000000000000000000, 0.9238795325112869605, 1.000000000000000000, 0.9238795325112869605, 1.000000000000000000, 0.9238795325112869605, 1.000000000000000000, 0.9238795325112869605, 1.000000000000000000, 0.9238795325112869605, 1.000000000000000000, 0.9238795325112869605, 1.000000000000000000, 0.9238795325112869605, 1.000000000000000000, 0.9238795325112869605, 1.000000000000000000, 0.9238795325112869605, 1.000000000000000000, 0.9238795325112869605, 1.000000000000000000, 0.9238795325112869605, 1.000000000000000000, 0.9238795325112869605, 1.000000000000000000, 0.9238795325112869605, 1.000000000000000000, 0.9238795325112869605, 1.000000000000000000, 0.9238795325112869605, 1.000000000000000000, 0.9238795325112869605, 1.000000000000000000, 0.9238795325112869605, 1.000000000000000000, 0.9238795325112869605, 1.000000000000000000, 0.9238795325112869605, 1.000000000000000000, 0.9238795325112869605, 1.000000000000000000, 0.9493985675960170401, 0.9660722070829029784),
 ( 1.000000000000000000, 0.9238795325112869605, 1.000000000000000000, 0.9238795325112869605, 1.000000000000000000, 0.9238795325112869605, 1.000000000000000000, 0.9238795325112869605, 1.000000000000000000, 0.9238795325112869605, 1.000000000000000000, 0.9238795325112869605, 1.000000000000000000, 0.9238795325112869605, 1.000000000000000000, 0.9238795325112869605, 1.000000000000000000, 0.9238795325112869605, 1.000000000000000000, 0.9238795325112869605, 1.000000000000000000, 0.9238795325112869605, 1.000000000000000000, 0.9238795325112869605, 1.000000000000000000, 0.9238795325112869605, 1.000000000000000000, 0.9238795325112869605, 1.000000000000000000, 0.9238795325112869605, 1.000000000000000000, 0.9238795325112869605, 1.000000000000000000, 0.9238795325112869605, 1.000000000000000000, 0.9238795325112869605, 1.000000000000000000, 0.9238795325112869605, 1.000000000000000000, 0.9238795325112869605, 1.000000000000000000, 0.9238795325112869605, 1.000000000000000000, 0.9238795325112869605, 1.000000000000000000, 0.9238795325112869605, 1.000000000000000000, 0.9238795325112869605, 1.000000000000000000, 0.9238795325112869605, 1.000000000000000000, 0.9238795325112869605, 1.000000000000000000, 0.9238795325112869605, 1.000000000000000000, 0.9238795325112869605, 1.000000000000000000, 0.9238795325112869605, 1.000000000000000000, 0.9238795325112869605, 1.000000000000000000, 0.9238795325112869605, 1.000000000000000000, 0.9238795325112869605, 1.000000000000000000, 0.9238795325112869605, 1.000000000000000000, 0.9238795325112869605, 1.000000000000000000, 0.9238795325112869605, 1.000000000000000000, 0.9238795325112869605, 1.000000000000000000, 0.9238795325112869605, 1.000000000000000000, 0.9238795325112869605, 1.000000000000000000, 0.9238795325112869605, 1.000000000000000000, 0.9238795325112869605, 1.000000000000000000, 0.9238795325112869605, 1.000000000000000000, 0.9238795325112869605, 1.000000000000000000, 0.9238795325112869605, 1.000000000000000000, 0.9238795325112869605, 1.000000000000000000, 0.9238795325112869605, 1.000000000000000000, 0.9238795325112869605, 1.000000000000000000, 0.9238795325112869605, 1.000000000000000000, 0.9238795325112869605, 1.000000000000000000, 0.9238795325112869605, 1.000000000000000000, 0.9238795325112869605, 1.000000000000000000, 0.9238795325112869605, 1.000000000000000000, 0.9238795325112869605, 1.000000000000000000, 0.9238795325112869605, 1.000000000000000000, 0.9238795325112869605, 1.000000000000000000, 0.9238795325112869605, 1.000000000000000000, 0.9238795325112869605, 1.000000000000000000, 0.9238795325112869605, 1.000000000000000000, 0.9238795325112869605, 1.000000000000000000, 0.9238795325112869605, 1.000000000000000000, 0.9238795325112869605, 1.000000000000000000, 0.9238795325112869605, 1.000000000000000000, 0.9238795325112869605, 1.000000000000000000, 0.9238795325112869605, 1.000000000000000000, 0.9238795325112869605, 1.000000000000000000, 0.9238795325112869605, 1.000000000000000000, 0.9238795325112869605, 1.000000000000000000, 0.9238795325112869605, 1.000000000000000000, 0.9238795325112869605, 1.000000000000000000, 0.9238795325112869605, 1.000000000000000000, 0.9238795325112869605, 1.000000000000000000, 0.9238795325112869605, 1.000000000000000000, 0.9238795325112869605, 1.000000000000000000, 0.9238795325112869605, 1.000000000000000000, 0.9238795325112869605, 1.000000000000000000, 0.9493985675960170401, 0.9660722070829029784) ) ) 
 REPRESENTATION_ITEM ( '' )  SURFACE ( )  );
#3895 = ORIENTED_EDGE ( 'NONE', *, *, #5343, .T. ) ;
#3896 = CARTESIAN_POINT ( 'NONE',  ( -8.270296309429069126, 3.425668896209609571, -47.97500000204838244 ) ) ;
#3897 = CARTESIAN_POINT ( 'NONE',  ( 6.422081758775149751, -6.422081758775310512, -46.28750000000000142 ) ) ;
#3898 = CARTESIAN_POINT ( 'NONE',  ( 3.149999999999999911, -2.245892547147644969, -3.889999999999999680 ) ) ;
#3899 = SURFACE_STYLE_USAGE ( .BOTH. , #3942 ) ;
#3900 = CARTESIAN_POINT ( 'NONE',  ( -14.68526527218886635, 0.1367257884189951866, -10.99224395908917629 ) ) ;
#3901 = DIRECTION ( 'NONE',  ( -0.003929182435834587851, 0.9999922807328993635, 1.347807411696112726E-17 ) ) ;
#3902 = CARTESIAN_POINT ( 'NONE',  ( -16.98243490029287628, 20.92482380144419452, -6.852903947052704225 ) ) ;
#3903 = EDGE_LOOP ( 'NONE', ( #8246, #7910, #3952, #6207 ) ) ;
#3904 = CARTESIAN_POINT ( 'NONE',  ( 3.425668896209468350, 8.270296309428905701, -40.85000000204846771 ) ) ;
#3905 = CARTESIAN_POINT ( 'NONE',  ( -1.045402317810277371, 8.816594147747663257, -52.00290643578598093 ) ) ;
#3906 = ORIENTED_EDGE ( 'NONE', *, *, #7199, .F. ) ;
#3907 = CARTESIAN_POINT ( 'NONE',  ( -0.01159538580571583231, 9.068378681575854472, -51.71673307250415519 ) ) ;
#3908 = ADVANCED_FACE ( 'NONE', ( #1410 ), #5594, .T. ) ;
#3909 = CIRCLE ( 'NONE', #245, 9.082195121928920756 ) ;
#3910 = EDGE_CURVE ( 'NONE', #3827, #3151, #6679, .T. ) ;
#3911 = ORIENTED_EDGE ( 'NONE', *, *, #6690, .T. ) ;
#3912 = CARTESIAN_POINT ( 'NONE',  ( 9.082195121929791171, 0.000000000000000000, 260.0852191789194876 ) ) ;
#3913 = DIRECTION ( 'NONE',  ( 1.000000000000000000, 0.000000000000000000, -1.224646799147349509E-16 ) ) ;
#3914 = DIRECTION ( 'NONE',  ( 6.112085292819410516E-15, 0.000000000000000000, 1.000000000000000000 ) ) ;
#3915 = CARTESIAN_POINT ( 'NONE',  ( 3.425668896209462577, -8.270296309428895043, -42.53750000204841797 ) ) ;
#3916 = DIRECTION ( 'NONE',  ( -1.000000000000000000, 0.000000000000000000, 3.287536593766363532E-15 ) ) ;
#3917 = EDGE_CURVE ( 'NONE', #7754, #2583, #1116, .T. ) ;
#3918 = CARTESIAN_POINT ( 'NONE',  ( 3.425668896209458136, -8.270296309428895043, -44.03750000204843928 ) ) ;
#3919 = ORIENTED_EDGE ( 'NONE', *, *, #6514, .F. ) ;
#3920 = DIRECTION ( 'NONE',  ( 3.469446951953645349E-15, -1.775553576576725274E-30, 1.000000000000000000 ) ) ;
#3921 = ORIENTED_EDGE ( 'NONE', *, *, #8120, .F. ) ;
#3922 = DIRECTION ( 'NONE',  ( -1.000000000000000000, -3.430248998885765387E-15, 0.000000000000000000 ) ) ;
#3923 = DIRECTION ( 'NONE',  ( 3.571186321298529960E-15, -1.000000000000000000, 0.000000000000000000 ) ) ;
#3924 = CYLINDRICAL_SURFACE ( 'NONE', #6724, 0.5000000000000006661 ) ;
#3925 = DIRECTION ( 'NONE',  ( 1.000000000000000000, 0.000000000000000000, -3.215816279463907622E-15 ) ) ;
#3926 = CARTESIAN_POINT ( 'NONE',  ( -8.248212304801452177, 0.8110600882403683487, -52.09982435090426378 ) ) ;
#3927 = AXIS2_PLACEMENT_3D ( 'NONE', #672, #7650, #8324 ) ;
#3928 = EDGE_CURVE ( 'NONE', #859, #3091, #86, .T. ) ;
#3929 = CARTESIAN_POINT ( 'NONE',  ( -1.620805566144594887E-13, 9.082195121928901216, -47.41250000409679899 ) ) ;
#3930 = EDGE_CURVE ( 'NONE', #7775, #2254, #2644, .T. ) ;
#3931 = CARTESIAN_POINT ( 'NONE',  ( 9.082195121928759107, 0.000000000000000000, -41.60000000000000142 ) ) ;
#3932 = CYLINDRICAL_SURFACE ( 'NONE', #2383, 18.50000000000000000 ) ;
#3933 = CARTESIAN_POINT ( 'NONE',  ( 4.197122886831917477, 8.001490618921334175, -51.81304401749141419 ) ) ;
#3934 = CARTESIAN_POINT ( 'NONE',  ( -6.422081758775470384, 6.422081758775310512, -48.53749999999999432 ) ) ;
#3935 = CARTESIAN_POINT ( 'NONE',  ( -1.516170057507509889E-13, 31.15000000000000213, 0.000000000000000000 ) ) ;
#3936 = LINE ( 'NONE', #3346, #7399 ) ;
#3937 = CARTESIAN_POINT ( 'NONE',  ( -1.129377263005729677E-18, -0.1882348765795482382, -3.890000000000000568 ) ) ;
#3938 = ORIENTED_EDGE ( 'NONE', *, *, #7453, .T. ) ;
#3939 = CARTESIAN_POINT ( 'NONE',  ( -5.847982602819420173, -5.847982602819249642, -47.69375000204840376 ) ) ;
#3940 = CARTESIAN_POINT ( 'NONE',  ( -5.261671977636717124, 6.654652352921947234, -52.09995639406402290 ) ) ;
#3941 = CARTESIAN_POINT ( 'NONE',  ( 9.082195121928744896, -3.761968395621712258, -50.88125000409688425 ) ) ;
#3942 = SURFACE_SIDE_STYLE ('',( #5271 ) ) ;
#3943 = DIRECTION ( 'NONE',  ( 1.000000000000000000, 0.000000000000000000, -3.430248998885764992E-15 ) ) ;
#3944 = EDGE_CURVE ( 'NONE', #2870, #456, #7624, .T. ) ;
#3945 = AXIS2_PLACEMENT_3D ( 'NONE', #4700, #1625, #2137 ) ;
#3946 = CARTESIAN_POINT ( 'NONE',  ( 5.847982602819080000, 5.847982602819249642, -51.06875000204840376 ) ) ;
#3947 = AXIS2_PLACEMENT_3D ( 'NONE', #2313, #910, #6746 ) ;
#3948 = CARTESIAN_POINT ( 'NONE',  ( -16.99348298820978442, 26.31893759348347928, -2.556295742833791351 ) ) ;
#3949 = ORIENTED_EDGE ( 'NONE', *, *, #7750, .T. ) ;
#3950 = CARTESIAN_POINT ( 'NONE',  ( 3.761968395621539951, 9.082195121928897663, -51.81875000000005826 ) ) ;
#3951 = CARTESIAN_POINT ( 'NONE',  ( -7.172202311804585229, 5.555141973130947264, -51.70177076910285763 ) ) ;
#3952 = ORIENTED_EDGE ( 'NONE', *, *, #6530, .F. ) ;
#3953 = CIRCLE ( 'NONE', #3135, 13.00000000000000000 ) ;
#3954 = AXIS2_PLACEMENT_3D ( 'NONE', #7096, #6333, #8238 ) ;
#3955 = CARTESIAN_POINT ( 'NONE',  ( 6.422081758775160409, 6.422081758775310512, -43.10000000409684873 ) ) ;
#3956 = AXIS2_PLACEMENT_3D ( 'NONE', #7588, #4356, #5678 ) ;
#3957 = EDGE_LOOP ( 'NONE', ( #2898, #5076, #1528 ) ) ;
#3958 = CARTESIAN_POINT ( 'NONE',  ( -1.338798846458548297, 13.10834623979403801, -36.56848066250249474 ) ) ;
#3959 = CARTESIAN_POINT ( 'NONE',  ( 8.921570627134731097E-13, 0.000000000000000000, 260.0852191789194876 ) ) ;
#3960 = ADVANCED_FACE ( 'NONE', ( #4599 ), #2047, .T. ) ;
#3961 = CARTESIAN_POINT ( 'NONE',  ( -14.79108867121756177, -478.0496043183500205, -11.11187184591910082 ) ) ;
#3962 = CARTESIAN_POINT ( 'NONE',  ( 3.425668896209458136, -8.270296309428895043, -44.03750000204843928 ) ) ;
#3963 = DIRECTION ( 'NONE',  ( -1.000000000000000000, 0.000000000000000000, 3.313702914957643744E-15 ) ) ;
#3964 = CARTESIAN_POINT ( 'NONE',  ( -5.847982602819399744, 5.847982602819249642, -41.69375000204840376 ) ) ;
#3965 = ORIENTED_EDGE ( 'NONE', *, *, #8220, .F. ) ;
#3966 = B_SPLINE_CURVE_WITH_KNOTS ( 'NONE', 3,
 ( #5979, #7926, #3295, #5893, #6658, #4014, #7844, #3418, #59, #1383, #3973, #7126, #3337, #6578, #7296, #1466, #5937, #5301, #2063, #7252, #1299, #1427, #6621, #5342, #6061, #6781, #8007, #4098, #3537, #4140, #6826, #6188, #261, #993 ),
 .UNSPECIFIED., .F., .F.,
 ( 4, 2, 2, 2, 1, 1, 1, 1, 2, 2, 2, 2, 2, 1, 1, 1, 1, 2, 2, 2, 4 ),
 ( 0.000000000000000000, 0.2499999999999970579, 0.3749999999999956146, 0.4374999999999947820, 0.4687499999999944489, 0.4843749999999941713, 0.4921874999999942268, 0.4960937499999943379, 0.4980468749999944489, 0.4999999999999945599, 0.6249999999999981126, 0.6874999999999998890, 0.7187500000000007772, 0.7343750000000013323, 0.7421875000000015543, 0.7460937500000015543, 0.7480468750000018874, 0.7490234375000019984, 0.7500000000000019984, 0.8750000000000009992, 1.000000000000000000 ),
 .UNSPECIFIED. ) ;
#3967 = CARTESIAN_POINT ( 'NONE',  ( 0.06266471633281457676, -1.170992309600545012, 3.890000602274022778 ) ) ;
#3968 = VERTEX_POINT ( 'NONE', #1965 ) ;
#3969 = EDGE_CURVE ( 'NONE', #7490, #1277, #3678, .T. ) ;
#3970 = CARTESIAN_POINT ( 'NONE',  ( 3.425668896209435932, -8.270296309428895043, -50.41250000204847481 ) ) ;
#3971 = DIRECTION ( 'NONE',  ( 3.469446951953629966E-15, -1.000000000000000000, 0.000000000000000000 ) ) ;
#3972 = DIRECTION ( 'NONE',  ( 0.000000000000000000, 0.000000000000000000, -1.000000000000000000 ) ) ;
#3973 = CARTESIAN_POINT ( 'NONE',  ( 7.305705074375784314, -4.856797139873330948, -52.06228997477722942 ) ) ;
#3974 = DIRECTION ( 'NONE',  ( 1.000000000000000000, 0.000000000000000000, -6.112085292819410516E-15 ) ) ;
#3975 = CARTESIAN_POINT ( 'NONE',  ( -1.617323661023554715E-13, -9.082195121928901216, -46.66250000409679899 ) ) ;
#3976 = CARTESIAN_POINT ( 'NONE',  ( 9.082195121928752002, 0.000000000000000000, -44.78750000409684873 ) ) ;
#3977 = CONTEXT_DEPENDENT_SHAPE_REPRESENTATION ( #5316, #5684 ) ;
#3978 = DIRECTION ( 'NONE',  ( 3.000602769257185084E-15, -1.000000000000000000, 0.000000000000000000 ) ) ;
#3979 = CARTESIAN_POINT ( 'NONE',  ( 6.267040285685605561, 6.468159584480271285, -51.86502884020855930 ) ) ;
#3980 = CARTESIAN_POINT ( 'NONE',  ( 13.65000000000000036, 0.000000000000000000, 0.000000000000000000 ) ) ;
#3981 = DIRECTION ( 'NONE',  ( -3.494771382259855294E-15, 1.000000000000000000, 0.000000000000000000 ) ) ;
#3982 = CARTESIAN_POINT ( 'NONE',  ( -1.499018812513081944E-13, 30.64999999999999858, 0.000000000000000000 ) ) ;
#3983 = CARTESIAN_POINT ( 'NONE',  ( 0.000000000000000000, 0.000000000000000000, -3.889999999999999680 ) ) ;
#3984 = EDGE_LOOP ( 'NONE', ( #838, #3143, #5921, #5706 ) ) ;
#3985 = CARTESIAN_POINT ( 'NONE',  ( -3.425668896209765446, 8.270296309428905701, -46.66250000204840376 ) ) ;
#3986 = CARTESIAN_POINT ( 'NONE',  ( -4.826184252334893010, 7.004732928890244459, -52.09999977291276707 ) ) ;
#3987 = CARTESIAN_POINT ( 'NONE',  ( 2.133141957238494868, 20.00000000000000000, 18.37660755934744827 ) ) ;
#3988 = CARTESIAN_POINT ( 'NONE',  ( -1.770008483425059636E-13, 0.000000000000000000, -51.60000000000000142 ) ) ;
#3989 = CARTESIAN_POINT ( 'NONE',  ( -11.19312791909351645, 7.367428440856952143, -36.40278525107383700 ) ) ;
#3990 = CARTESIAN_POINT ( 'NONE',  ( 3.425668896209446590, -8.270296309428895043, -47.41250000204843218 ) ) ;
#3991 = ORIENTED_EDGE ( 'NONE', *, *, #6941, .T. ) ;
#3992 = CARTESIAN_POINT ( 'NONE',  ( 6.422081758775130211, -6.422081758775310512, -52.28750000000000142 ) ) ;
#3993 = CARTESIAN_POINT ( 'NONE',  ( 10.95524818842011783, 26.11076444550316467, -13.29652150092567453 ) ) ;
#3994 = ORIENTED_EDGE ( 'NONE', *, *, #3406, .F. ) ;
#3995 = CARTESIAN_POINT ( 'NONE',  ( -14.74140829659792296, 0.1364424834188269209, 10.91633961149540433 ) ) ;
#3996 = AXIS2_PLACEMENT_3D ( 'NONE', #7303, #5348, #6748 ) ;
#3997 = CIRCLE ( 'NONE', #328, 5.299999999999849720 ) ;
#3998 = ORIENTED_EDGE ( 'NONE', *, *, #6520, .F. ) ;
#3999 = CARTESIAN_POINT ( 'NONE',  ( 14.79108867122170068, 0.5000000000001120215, 11.11187184591580213 ) ) ;
#4000 = TOROIDAL_SURFACE ( 'NONE', #3865, 18.00000000000000000, 0.5000000000000000000 ) ;
#4001 = CARTESIAN_POINT ( 'NONE',  ( -1.032504948664619993E-13, 0.000000000000000000, -30.09999999999999787 ) ) ;
#4002 = CIRCLE ( 'NONE', #58, 11.00000000000000000 ) ;
#4003 = DIRECTION ( 'NONE',  ( 3.430248998885765387E-15, -1.000000000000000000, 0.000000000000000000 ) ) ;
#4004 = CARTESIAN_POINT ( 'NONE',  ( -8.270296309429046033, 3.425668896209609571, -44.60000000204837534 ) ) ;
#4005 = DIRECTION ( 'NONE',  ( 3.430248998885765387E-15, 0.000000000000000000, 1.000000000000000000 ) ) ;
#4006 = VECTOR ( 'NONE', #7809, 1000.000000000000000 ) ;
#4007 = EDGE_CURVE ( 'NONE', #6987, #1613, #770, .T. ) ;
#4008 = CARTESIAN_POINT ( 'NONE',  ( 8.270296309428754711, 3.425668896209603798, -40.66250000204842507 ) ) ;
#4009 = ORIENTED_EDGE ( 'NONE', *, *, #4399, .F. ) ;
#4010 = DIRECTION ( 'NONE',  ( -3.227392513445340252E-15, 0.000000000000000000, -1.000000000000000000 ) ) ;
#4011 = CARTESIAN_POINT ( 'NONE',  ( 11.02713726250581949, -6.884928742830280335, -29.60000000000000142 ) ) ;
#4012 = CARTESIAN_POINT ( 'NONE',  ( 0.000000000000000000, 0.000000000000000000, 0.000000000000000000 ) ) ;
#4013 = COLOUR_RGB ( '',1.000000000000000000, 1.000000000000000000, 1.000000000000000000 ) ;
#4014 = CARTESIAN_POINT ( 'NONE',  ( 7.885033221186129815, -3.919403614984067197, -52.04899236092232684 ) ) ;
#4015 = EDGE_CURVE ( 'NONE', #3151, #3827, #5460, .T. ) ;
#4016 = CARTESIAN_POINT ( 'NONE',  ( -3.761968395621870354, 9.082195121928897663, -44.31875000409681320 ) ) ;
#4017 = DIRECTION ( 'NONE',  ( 1.000000000000000000, 0.000000000000000000, -3.286844480798160748E-15 ) ) ;
#4018 = EDGE_CURVE ( 'NONE', #4697, #5010, #6228, .T. ) ;
#4019 = DIRECTION ( 'NONE',  ( 6.112085292819410516E-15, 0.000000000000000000, 1.000000000000000000 ) ) ;
#4020 = CARTESIAN_POINT ( 'NONE',  ( 6.190802948410898843, 6.543237969958958899, -51.86304191681889364 ) ) ;
#4021 = DIRECTION ( 'NONE',  ( 1.000000000000000000, 3.473606673227792680E-15, 0.000000000000000000 ) ) ;
#4022 = CARTESIAN_POINT ( 'NONE',  ( 0.04009732523905838730, -2.902401644985463491, 2.753089315929486691 ) ) ;
#4023 = DIRECTION ( 'NONE',  ( -1.000000000000000000, -3.416070845000481754E-15, 0.000000000000000000 ) ) ;
#4024 = CARTESIAN_POINT ( 'NONE',  ( -9.082195121929041548, 1.112248118530191819E-15, -41.03750000409674925 ) ) ;
#4025 = ORIENTED_EDGE ( 'NONE', *, *, #5173, .F. ) ;
#4026 = CARTESIAN_POINT ( 'NONE',  ( 8.270296309428765369, -3.425668896209614456, -39.72500000204846060 ) ) ;
#4027 = CARTESIAN_POINT ( 'NONE',  ( -6.014047017922336202, 5.906038514014364971, -52.09999957402581572 ) ) ;
#4028 = EDGE_CURVE ( 'NONE', #2073, #7107, #1850, .T. ) ;
#4029 = LINE ( 'NONE', #1442, #1162 ) ;
#4030 = CYLINDRICAL_SURFACE ( 'NONE', #3230, 9.082195121928901216 ) ;
#4031 = CARTESIAN_POINT ( 'NONE',  ( 16.87652611349247778, 0.1508141577340268713, -7.224619171670709328 ) ) ;
#4032 = EDGE_CURVE ( 'NONE', #93, #268, #1784, .T. ) ;
#4033 = CARTESIAN_POINT ( 'NONE',  ( -11.01073945866283843, 7.473195572023896283, -36.49465901583781147 ) ) ;
#4034 = CARTESIAN_POINT ( 'NONE',  ( -8.270296309429069126, -3.425668896209603798, -49.28750000204836823 ) ) ;
#4035 = ORIENTED_EDGE ( 'NONE', *, *, #6582, .T. ) ;
#4036 = AXIS2_PLACEMENT_3D ( 'NONE', #7779, #1011, #3468 ) ;
#4037 = CARTESIAN_POINT ( 'NONE',  ( -9.082195121929082404, 3.761968395621719363, -51.44374999999998010 ) ) ;
#4038 = ORIENTED_EDGE ( 'NONE', *, *, #5374, .T. ) ;
#4039 = CARTESIAN_POINT ( 'NONE',  ( -14.71500829365408158, 0.1030777070041783150, 10.88664041316046749 ) ) ;
#4040 = MECHANICAL_DESIGN_GEOMETRIC_PRESENTATION_REPRESENTATION (  '', ( #4313 ), #3629 ) ;
#4041 = EDGE_CURVE ( 'NONE', #3261, #7246, #8343, .T. ) ;
#4042 = EDGE_LOOP ( 'NONE', ( #391, #6482, #4432 ) ) ;
#4043 = CARTESIAN_POINT ( 'NONE',  ( -1.132091612657337043, 13.22846104806155765, -36.51638370147643542 ) ) ;
#4044 = B_SPLINE_CURVE_WITH_KNOTS ( 'NONE', 3,
 ( #320, #7986, #4717, #7352, #7474, #1599, #4840, #5440, #2924, #239, #2156, #6114, #2239, #4195, #1523, #4796, #6675 ),
 .UNSPECIFIED., .F., .F.,
 ( 4, 2, 2, 2, 1, 1, 1, 2, 2, 4 ),
 ( 0.000000000000000000, 0.2500000000001138534, 0.3750000000001650347, 0.4375000000001872391, 0.4687500000001983413, 0.4843750000002045031, 0.4921875000002077227, 0.4960937500002093326, 0.5000000000002109424, 1.000000000000000000 ),
 .UNSPECIFIED. ) ;
#4045 = CARTESIAN_POINT ( 'NONE',  ( -10.72917951068747655, -7.686987002876120911, -36.55945197345860009 ) ) ;
#4046 = DIRECTION ( 'NONE',  ( -1.000000000000000000, 0.000000000000000000, 3.430248998885766176E-15 ) ) ;
#4048 = CARTESIAN_POINT ( 'NONE',  ( -8.270296309429046033, -3.425668896209603798, -42.91250000204837534 ) ) ;
#4047 = VECTOR ( 'NONE', #2072, 1000.000000000000000 ) ;
#4049 = CARTESIAN_POINT ( 'NONE',  ( -0.9421520045790106046, -13.28621784602214539, -36.48468805582426455 ) ) ;
#4050 = CARTESIAN_POINT ( 'NONE',  ( 3.425668896209474124, 8.270296309428895043, -38.97500000204841797 ) ) ;
#4051 = ORIENTED_EDGE ( 'NONE', *, *, #214, .T. ) ;
#4052 = EDGE_CURVE ( 'NONE', #6342, #5618, #338, .T. ) ;
#4053 = CARTESIAN_POINT ( 'NONE',  ( -9.082195121928011261, 1.112248118530191819E-15, 260.0852191789194876 ) ) ;
#4054 = AXIS2_PLACEMENT_3D ( 'NONE', #1113, #8045, #5663 ) ;
#4055 = CARTESIAN_POINT ( 'NONE',  ( -1.799136157908309870E-13, -8.270296309428900372, -52.00625000204839665 ) ) ;
#4056 = DIRECTION ( 'NONE',  ( 0.000000000000000000, 0.000000000000000000, 1.000000000000000000 ) ) ;
#4057 = CARTESIAN_POINT ( 'NONE',  ( -3.761968395621892114, -9.082195121928899439, -49.56875000000005826 ) ) ;
#4058 = DIRECTION ( 'NONE',  ( -0.7071067811865431318, 0.000000000000000000, 0.7071067811865520136 ) ) ;
#4059 = CIRCLE ( 'NONE', #6650, 0.5000000000000004441 ) ;
#4060 = CARTESIAN_POINT ( 'NONE',  ( 9.082195121928757331, 3.761968395621714034, -41.69375000409683452 ) ) ;
#4061 = CARTESIAN_POINT ( 'NONE',  ( -5.847982602819429943, 5.847982602819249642, -52.19375000204840376 ) ) ;
#4062 = DIRECTION ( 'NONE',  ( 1.000000000000000000, 0.000000000000000000, 0.000000000000000000 ) ) ;
#4063 = CARTESIAN_POINT ( 'NONE',  ( 10.47000000000000064, 1.282205198707274169E-15, -18.04196010844670184 ) ) ;
#4064 = DIRECTION ( 'NONE',  ( 0.000000000000000000, 0.000000000000000000, 1.000000000000000000 ) ) ;
#4065 = CARTESIAN_POINT ( 'NONE',  ( 11.31885374360910568, 7.335434019802659300, -29.97249358624824112 ) ) ;
#4066 = EDGE_CURVE ( 'NONE', #1574, #3753, #7221, .T. ) ;
#4067 = DIRECTION ( 'NONE',  ( 3.430248998885765387E-15, 0.000000000000000000, 1.000000000000000000 ) ) ;
#4068 = ORIENTED_EDGE ( 'NONE', *, *, #5174, .T. ) ;
#4069 = CARTESIAN_POINT ( 'NONE',  ( -4.135148154715476920, 7.162286700789596949, -39.13052362291695374 ) ) ;
#4070 = CARTESIAN_POINT ( 'NONE',  ( -5.650526917211026401, 6.289655763569511393, -52.09992024568119717 ) ) ;
#4071 = DIRECTION ( 'NONE',  ( 0.000000000000000000, 1.000000000000000000, 0.000000000000000000 ) ) ;
#4072 = DIRECTION ( 'NONE',  ( -1.224646799147353947E-16, 1.000000000000000000, 4.200843456763865836E-31 ) ) ;
#4073 = DIRECTION ( 'NONE',  ( 0.002571354084718399918, 8.820384774886116985E-18, -0.9999966940636209056 ) ) ;
#4074 = CARTESIAN_POINT ( 'NONE',  ( -10.95135015384909494, 7.507749881004964543, -36.51576556610854851 ) ) ;
#4075 = CARTESIAN_POINT ( 'NONE',  ( 3.149999999999999911, 3.939999999999999947, 0.000000000000000000 ) ) ;
#4076 = ORIENTED_EDGE ( 'NONE', *, *, #2701, .T. ) ;
#4077 = CARTESIAN_POINT ( 'NONE',  ( -3.425668896209744130, 8.270296309428905701, -40.66250000204842507 ) ) ;
#4078 = EDGE_LOOP ( 'NONE', ( #5285, #2030, #4314, #3785 ) ) ;
#4079 = ADVANCED_FACE ( 'NONE', ( #7532 ), #51, .T. ) ;
#4080 = CARTESIAN_POINT ( 'NONE',  ( 11.38466659687145999, -7.255299199762409224, -36.10000000000000142 ) ) ;
#4081 = CIRCLE ( 'NONE', #7074, 10.97000000000000064 ) ;
#4082 = ORIENTED_EDGE ( 'NONE', *, *, #1884, .T. ) ;
#4083 = CARTESIAN_POINT ( 'NONE',  ( -9.275022464379137688, 27.10994095771579993, 14.27228397304152629 ) ) ;
#4084 = CARTESIAN_POINT ( 'NONE',  ( -7.285838599102588534E-14, 0.000000000000000000, -21.00000000000000000 ) ) ;
#4085 = AXIS2_PLACEMENT_3D ( 'NONE', #4012, #3376, #2614 ) ;
#4086 = CARTESIAN_POINT ( 'NONE',  ( -1.505936908853834740E-13, 44.20000000000000284, -8.355999999999999872 ) ) ;
#4087 = TOROIDAL_SURFACE ( 'NONE', #10, 10.96999999997879982, 2.500000000000000000 ) ;
#4088 = EDGE_CURVE ( 'NONE', #7084, #1393, #1151, .T. ) ;
#4089 = AXIS2_PLACEMENT_3D ( 'NONE', #5728, #6444, #3210 ) ;
#4090 = DIRECTION ( 'NONE',  ( -1.000000000000000000, -3.418798091341154461E-15, 0.000000000000000000 ) ) ;
#4091 = CIRCLE ( 'NONE', #5184, 2.099999999999999645 ) ;
#4092 = B_SPLINE_CURVE_WITH_KNOTS ( 'NONE', 3,
 ( #1475, #69, #4065, #5860, #7261, #836, #28, #5902, #2625, #5178, #5220, #1989, #4579, #3304, #2667, #2027 ),
 .UNSPECIFIED., .F., .F.,
 ( 4, 2, 2, 1, 1, 2, 2, 2, 4 ),
 ( 0.000000000000000000, 0.2499999999998963052, 0.3749999999998453459, 0.4374999999998250844, 0.4687499999998190336, 0.4843749999998220868, 0.4999999999998250289, 0.7499999999999125144, 1.000000000000000000 ),
 .UNSPECIFIED. ) ;
#4093 = DIRECTION ( 'NONE',  ( -3.430248998885765387E-15, 0.000000000000000000, -1.000000000000000000 ) ) ;
#4094 = EDGE_LOOP ( 'NONE', ( #7613, #683, #6184, #2515 ) ) ;
#4095 = FACE_BOUND ( 'NONE', #2564, .T. ) ;
#4096 = CARTESIAN_POINT ( 'NONE',  ( -8.270296309429070902, 1.012819190334226073E-15, -49.38125000204840376 ) ) ;
#4097 = CARTESIAN_POINT ( 'NONE',  ( 3.149999999999999911, 0.6256996084384610635, 3.889999999999999680 ) ) ;
#4098 = CARTESIAN_POINT ( 'NONE',  ( 5.392059531898887315, -6.815351824223914612, -52.08814787163968418 ) ) ;
#4099 = ADVANCED_FACE ( 'NONE', ( #1705 ), #2647, .T. ) ;
#4100 = CARTESIAN_POINT ( 'NONE',  ( 6.422081758775179949, 6.422081758775310512, -38.60000000409684873 ) ) ;
#4101 = CARTESIAN_POINT ( 'NONE',  ( -3.425668896209776548, -8.270296309428895043, -48.72500000204836113 ) ) ;
#4102 = B_SPLINE_CURVE_WITH_KNOTS ( 'NONE', 3,
 ( #7572, #8080, #381, #4852, #1742, #5494, #8243, #2980, #4337, #5581, #7488, #2295, #4980, #936, #7527, #4165, #2417, #2250, #5018, #4936, #8163, #6766, #7442, #2336, #2378, #336, #1612, #4296, #4206, #3518, #1068, #982, #3563, #6900, #3651, #2936, #5538, #8122, #4894, #1658, #6507, #3774, #4381, #4423, #1911, #5702, #7022, #5099, #3141, #3737, #3856, #2500, #6980, #8282, #4462, #4505, #1152, #7062, #1230, #5827, #1863, #1272, #3099, #5871, #7142, #5057, #6463 ),
 .UNSPECIFIED., .F., .F.,
 ( 4, 2, 2, 1, 1, 1, 1, 1, 2, 2, 2, 1, 1, 1, 1, 1, 2, 2, 2, 2, 1, 1, 2, 2, 2, 2, 2, 1, 1, 2, 1, 1, 1, 1, 2, 2, 2, 1, 1, 1, 1, 1, 2, 2, 4 ),
 ( 0.000000000000000000, 0.1250000000000338340, 0.1875000000000505984, 0.2187500000000590361, 0.2343750000000635048, 0.2421875000000655864, 0.2460937500000668077, 0.2480468750000674183, 0.2490234375000676681, 0.2500000000000679456, 0.3125000000000799361, 0.3437500000000859313, 0.3593750000000889289, 0.3671875000000903166, 0.3710937500000908718, 0.3730468750000910383, 0.3740234375000912603, 0.3750000000000914269, 0.4375000000001073586, 0.4687500000001153522, 0.4843750000001194600, 0.4921875000001215139, 0.4960937500001223466, 0.5000000000001231237, 0.5312500000001292300, 0.5390625000001306732, 0.5429687500001314504, 0.5468750000001321165, 0.5625000000001351141, 0.5937500000001408873, 0.6093750000001435518, 0.6171875000001448841, 0.6210937500001455502, 0.6230468750001459943, 0.6240234375001458833, 0.6250000000001458833, 0.6875000000001375566, 0.7187500000001332268, 0.7343750000001310063, 0.7421875000001301181, 0.7460937500001297851, 0.7480468750001293410, 0.7490234375001288969, 0.7500000000001284528, 1.000000000000000000 ),
 .UNSPECIFIED. ) ;
#4103 = LINE ( 'NONE', #1672, #4961 ) ;
#4104 = VERTEX_POINT ( 'NONE', #8125 ) ;
#4105 = FACE_OUTER_BOUND ( 'NONE', #7700, .T. ) ;
#4106 = CARTESIAN_POINT ( 'NONE',  ( 0.09495724615789040424, -2.623800592953972721, 3.235761766112539295 ) ) ;
#4107 = DIRECTION ( 'NONE',  ( 1.000000000000000000, 3.430248998885765387E-15, 0.000000000000000000 ) ) ;
#4108 = CARTESIAN_POINT ( 'NONE',  ( -11.00000000000000000, 11.55803989154981970, 1.347111479062081897E-15 ) ) ;
#4109 = ORIENTED_EDGE ( 'NONE', *, *, #5114, .T. ) ;
#4110 = CARTESIAN_POINT ( 'NONE',  ( -8.270296309429038928, 1.012819190334226073E-15, -41.88125000204840376 ) ) ;
#4111 = CARTESIAN_POINT ( 'NONE',  ( -6.263453594306636063, 5.626020303603127104, -52.09999998831997914 ) ) ;
#4112 = DIRECTION ( 'NONE',  ( -1.000000000000000000, 0.000000000000000000, 3.430248998885770120E-15 ) ) ;
#4113 = CARTESIAN_POINT ( 'NONE',  ( 2.112651145987861412, 0.2521551406654318206, 18.31407364056233078 ) ) ;
#4114 = CARTESIAN_POINT ( 'NONE',  ( 0.6508178733117209180, -13.32688503969789373, -29.73597183038364378 ) ) ;
#4115 = EDGE_CURVE ( 'NONE', #6723, #93, #1660, .T. ) ;
#4116 = CLOSED_SHELL ( 'NONE', ( #3960, #5598, #4859, #1245, #5274, #1278, #3156, #5539, #1424, #7191, #7860, #7925, #8052, #7314, #601, #24, #2815, #6052, #1478, #4721, #7289, #3325, #60, #3069, #6664, #6364, #7611, #4729, #1901, #4131, #3384, #7228, #5477, #6331, #638, #4398, #3812, #5697, #6155, #5785, #4147, #3735, #3194, #4812, #7008, #262, #7781, #8175, #4560, #7038, #2154, #2608, #5126, #6821, #7790, #5262, #2207, #4671, #6611, #4804, #6622, #2748, #2194, #7558, #1430, #153, #8276, #4799, #3591, #1072, #2007, #4226, #2769, #6166, #7152, #7627, #173, #314, #5289, #6082, #1493, #5549, #1166, #7915, #8020, #2724, #7519, #686, #1786, #2781, #1331, #5685, #3825, #353, #872, #2532, #5542, #5745, #4571, #8105, #3402, #2087, #4079, #2028, #6027, #4900, #1702, #2432 ) ) ;
#4117 = CARTESIAN_POINT ( 'NONE',  ( 8.270296309428731618, 0.000000000000000000, -48.25625000204850323 ) ) ;
#4118 = CARTESIAN_POINT ( 'NONE',  ( -1.696228687941739673E-13, -8.270296309428900372, -49.00625000204840376 ) ) ;
#4119 = ORIENTED_EDGE ( 'NONE', *, *, #2807, .F. ) ;
#4120 = CARTESIAN_POINT ( 'NONE',  ( 9.082195121928746673, -3.761968395621719363, -44.69375000000007248 ) ) ;
#4121 = EDGE_LOOP ( 'NONE', ( #8100, #428, #1860, #4888, #1617, #5626 ) ) ;
#4122 = CARTESIAN_POINT ( 'NONE',  ( -14.50741434793464002, -3.006690990700314791E-16, 10.65527704648447838 ) ) ;
#4123 = CARTESIAN_POINT ( 'NONE',  ( -17.01870763777344919, 0.5000000000000000000, 7.253522615942590512 ) ) ;
#4124 = EDGE_CURVE ( 'NONE', #4734, #1818, #1821, .T. ) ;
#4125 = CARTESIAN_POINT ( 'NONE',  ( -6.827431276067148502, 26.65662464093672313, 15.69389233209404821 ) ) ;
#4126 = DIRECTION ( 'NONE',  ( -3.439401604603070381E-15, 0.000000000000000000, -1.000000000000000000 ) ) ;
#4127 = ORIENTED_EDGE ( 'NONE', *, *, #1467, .F. ) ;
#4128 = CARTESIAN_POINT ( 'NONE',  ( -2.433556445748865649, 9.082195121928902992, -38.35185464698678715 ) ) ;
#4129 = VECTOR ( 'NONE', #109, 1000.000000000000000 ) ;
#4130 = CARTESIAN_POINT ( 'NONE',  ( 3.149999999999999911, 3.055989016502244748, 2.486871756045674786 ) ) ;
#4131 = ADVANCED_FACE ( 'NONE', ( #3655 ), #2223, .T. ) ;
#4132 = CARTESIAN_POINT ( 'NONE',  ( -1.770008483425059636E-13, 0.000000000000000000, -51.60000000000000142 ) ) ;
#4133 = CIRCLE ( 'NONE', #3716, 18.50000000000000000 ) ;
#4134 = EDGE_LOOP ( 'NONE', ( #1253, #1438, #2340, #5567 ) ) ;
#4135 = CARTESIAN_POINT ( 'NONE',  ( 12.02373063106709949, -6.016945432910570268, -36.10000000000000142 ) ) ;
#4136 = CONICAL_SURFACE ( 'NONE', #4954, 2.525000000000000355, 0.7853981633974688181 ) ;
#4137 = CARTESIAN_POINT ( 'NONE',  ( 5.847982602819089770, 5.847982602819249642, -46.94375000204840376 ) ) ;
#4138 = DIRECTION ( 'NONE',  ( 1.000000000000000000, 0.000000000000000000, -4.111937128241320637E-15 ) ) ;
#4139 = TOROIDAL_SURFACE ( 'NONE', #474, 11.46999999997873942, 0.5000000000000000000 ) ;
#4140 = CARTESIAN_POINT ( 'NONE',  ( 4.985984277197245795, -7.114501135354112549, -52.09193740679366869 ) ) ;
#4141 = CARTESIAN_POINT ( 'NONE',  ( 6.422081758775170179, 6.422081758775310512, -40.10000000409684162 ) ) ;
#4142 = CARTESIAN_POINT ( 'NONE',  ( 8.270296309428720960, -3.425668896209614456, -51.35000000204843928 ) ) ;
#4143 = DIRECTION ( 'NONE',  ( -3.430248998885765387E-15, 1.000000000000000000, 0.000000000000000000 ) ) ;
#4144 = CARTESIAN_POINT ( 'NONE',  ( -4.551005350414719934E-14, 13.26727404305916203, 0.000000000000000000 ) ) ;
#4145 = VERTEX_POINT ( 'NONE', #430 ) ;
#4146 = CARTESIAN_POINT ( 'NONE',  ( 0.004835041603949514523, 0.3734431490336547199, 3.889746304476781713 ) ) ;
#4147 = ADVANCED_FACE ( 'NONE', ( #7783 ), #1866, .T. ) ;
#4148 = LINE ( 'NONE', #958, #7253 ) ;
#4149 = CARTESIAN_POINT ( 'NONE',  ( 13.19060287083975425, 23.22031054765430369, -11.99819577645358315 ) ) ;
#4150 = CARTESIAN_POINT ( 'NONE',  ( -13.34102221924677245, 8.315182652152648402, 2.065702337102408581 ) ) ;
#4151 = DIRECTION ( 'NONE',  ( -1.000000000000000000, -3.469446951953614189E-15, 0.000000000000000000 ) ) ;
#4152 = EDGE_LOOP ( 'NONE', ( #668, #3111, #7015, #2488 ) ) ;
#4153 = CARTESIAN_POINT ( 'NONE',  ( -1.444430496710264052E-13, 8.270296309428900372, -42.25625000204840376 ) ) ;
#4154 = CARTESIAN_POINT ( 'NONE',  ( 16.98607707595897409, 23.24035657594214399, 5.410533856453418444 ) ) ;
#4155 = DIRECTION ( 'NONE',  ( -1.000000000000000000, 0.000000000000000000, 3.430248998885765387E-15 ) ) ;
#4156 = CARTESIAN_POINT ( 'NONE',  ( -1.787159728419484805E-13, 0.000000000000000000, -52.10000000000000142 ) ) ;
#4157 = DIRECTION ( 'NONE',  ( 0.000000000000000000, 0.000000000000000000, 1.000000000000000000 ) ) ;
#4158 = CARTESIAN_POINT ( 'NONE',  ( -5.847982602819420173, -5.847982602819249642, -48.81875000204840376 ) ) ;
#4159 = CARTESIAN_POINT ( 'NONE',  ( -3.425668896209781877, 8.270296309428895043, -51.16250000204840376 ) ) ;
#4160 = EDGE_LOOP ( 'NONE', ( #7031, #5517, #1200, #1407 ) ) ;
#4161 = CARTESIAN_POINT ( 'NONE',  ( -1.665827584114444822E-13, 9.082195121928901216, -48.72499999999999432 ) ) ;
#4162 = ORIENTED_EDGE ( 'NONE', *, *, #6894, .F. ) ;
#4163 = DIRECTION ( 'NONE',  ( -0.002571354084718379968, 0.000000000000000000, 0.9999966940636209056 ) ) ;
#4164 = CARTESIAN_POINT ( 'NONE',  ( -4.315479057817465325, 0.000000000000000000, -45.62062614896549917 ) ) ;
#4165 = CARTESIAN_POINT ( 'NONE',  ( 5.173311911620615433, 25.21269551804148534, 16.63174131278628920 ) ) ;
#4166 = ORIENTED_EDGE ( 'NONE', *, *, #4255, .T. ) ;
#4167 = CARTESIAN_POINT ( 'NONE',  ( -1.134466123160612572, 13.22707818020146853, -36.51716091525145202 ) ) ;
#4168 = CARTESIAN_POINT ( 'NONE',  ( -11.17759952567235970, -7.430178745312555399, -36.42160095331907144 ) ) ;
#4169 = ORIENTED_EDGE ( 'NONE', *, *, #3844, .F. ) ;
#4170 = CARTESIAN_POINT ( 'NONE',  ( 13.65000000000000036, 0.000000000000000000, 0.000000000000000000 ) ) ;
#4171 = ADVANCED_FACE ( 'NONE', ( #1997 ), #7025, .F. ) ;
#4172 = EDGE_LOOP ( 'NONE', ( #6425, #597, #4376, #2508 ) ) ;
#4173 = CARTESIAN_POINT ( 'NONE',  ( -3.761968395621876127, 9.082195121928899439, -45.81875000409683452 ) ) ;
#4174 = CARTESIAN_POINT ( 'NONE',  ( -5.847982602819409514, -5.847982602819249642, -44.69375000204840376 ) ) ;
#4175 = CARTESIAN_POINT ( 'NONE',  ( 10.97000000000000064, 0.000000000000000000, -1.000000000000039968 ) ) ;
#4176 = VECTOR ( 'NONE', #1680, 1000.000000000000114 ) ;
#4177 = EDGE_CURVE ( 'NONE', #3478, #918, #1967, .T. ) ;
#4178 = CARTESIAN_POINT ( 'NONE',  ( -6.999976858445339900, 8.599999999999999645, -0.01799947859302879899 ) ) ;
#4179 = ADVANCED_FACE ( 'NONE', ( #1915 ), #5873, .T. ) ;
#4180 = CARTESIAN_POINT ( 'NONE',  ( -4.747346365587271855, 7.691046789779097281, -51.80503148918689504 ) ) ;
#4181 = CARTESIAN_POINT ( 'NONE',  ( 9.082195121928767989, -3.761968395621719363, -40.38125000409685583 ) ) ;
#4182 = CARTESIAN_POINT ( 'NONE',  ( -8.270296309429079784, -3.425668896209603798, -51.91250000204844639 ) ) ;
#4183 = AXIS2_PLACEMENT_3D ( 'NONE', #561, #481, #8301 ) ;
#4184 = CARTESIAN_POINT ( 'NONE',  ( 13.65000000000000036, 0.000000000000000000, 2.250000000000000000 ) ) ;
#4185 = DIRECTION ( 'NONE',  ( -1.000000000000000000, -3.469446951953614189E-15, 0.000000000000000000 ) ) ;
#4186 = ORIENTED_EDGE ( 'NONE', *, *, #6217, .T. ) ;
#4187 = CARTESIAN_POINT ( 'NONE',  ( -9.082195121929069970, 1.112248118530191819E-15, -50.03750000409679899 ) ) ;
#4188 = CARTESIAN_POINT ( 'NONE',  ( -9.500000000000000000, 0.000000000000000000, -27.69999999999999929 ) ) ;
#4189 = CARTESIAN_POINT ( 'NONE',  ( -1.715124499443544942E-15, 0.5000000000000560663, 0.000000000000000000 ) ) ;
#4190 = CARTESIAN_POINT ( 'NONE',  ( -12.49485558904139282, 6.608145194474565720, 0.6344053754425628133 ) ) ;
#4191 = DIRECTION ( 'NONE',  ( 0.000000000000000000, -1.000000000000000000, 0.000000000000000000 ) ) ;
#4192 = ORIENTED_EDGE ( 'NONE', *, *, #2004, .T. ) ;
#4193 = CARTESIAN_POINT ( 'NONE',  ( -3.425668896209749903, -8.270296309428895043, -40.10000000204841797 ) ) ;
#4194 = CARTESIAN_POINT ( 'NONE',  ( 3.761968395621551053, 9.082195121928899439, -49.00625000409679188 ) ) ;
#4195 = CARTESIAN_POINT ( 'NONE',  ( 1.026227045278665928, 13.23802237947817417, -36.51576556610637425 ) ) ;
#4196 = CARTESIAN_POINT ( 'NONE',  ( -3.425668896209771663, 8.270296309428895043, -47.78750000204839665 ) ) ;
#4197 = CARTESIAN_POINT ( 'NONE',  ( -3.425668896209765890, -8.270296309428895043, -44.60000000204843218 ) ) ;
#4198 = VERTEX_POINT ( 'NONE', #5789 ) ;
#4199 = CARTESIAN_POINT ( 'NONE',  ( 6.422081758775160409, 6.422081758775310512, -44.41250000000000142 ) ) ;
#4200 = VERTEX_POINT ( 'NONE', #7145 ) ;
#4201 = CARTESIAN_POINT ( 'NONE',  ( -10.46999999997885844, 1.312821368683363984E-15, -25.50000000000000000 ) ) ;
#4202 = EDGE_CURVE ( 'NONE', #6167, #2247, #2164, .T. ) ;
#4203 = ORIENTED_EDGE ( 'NONE', *, *, #3232, .T. ) ;
#4204 = CARTESIAN_POINT ( 'NONE',  ( -5.847982602819389975, 5.847982602819249642, -40.19375000204840376 ) ) ;
#4205 = CARTESIAN_POINT ( 'NONE',  ( 0.01929495349849480804, 3.739351152122344590, -1.303662141397130991 ) ) ;
#4206 = CARTESIAN_POINT ( 'NONE',  ( 7.722649258599051159, 27.10994095783787472, 15.16854706125993424 ) ) ;
#4207 = EDGE_LOOP ( 'NONE', ( #4513, #1719, #4303, #6122 ) ) ;
#4208 = CARTESIAN_POINT ( 'NONE',  ( -0.8459237852603981311, 13.39517451521199476, -36.42160095332072700 ) ) ;
#4209 = EDGE_LOOP ( 'NONE', ( #577, #4929, #7578, #3412 ) ) ;
#4210 = CARTESIAN_POINT ( 'NONE',  ( -13.11945300118098956, 23.34281378964425713, -12.07126647071640413 ) ) ;
#4211 = ORIENTED_EDGE ( 'NONE', *, *, #1996, .F. ) ;
#4212 = CARTESIAN_POINT ( 'NONE',  ( 10.46999999997865949, 1.282205198704678028E-15, -28.19999999999999929 ) ) ;
#4213 = B_SPLINE_CURVE_WITH_KNOTS ( 'NONE', 3,
 ( #234, #4275, #1595, #6837, #6792, #2195, #6752, #917, #963, #364, #2234, #3549 ),
 .UNSPECIFIED., .F., .F.,
 ( 4, 2, 2, 2, 2, 4 ),
 ( 0.000000000000000000, 0.2500000000000012212, 0.3750000000000014433, 0.4375000000000013878, 0.5000000000000013323, 1.000000000000000000 ),
 .UNSPECIFIED. ) ;
#4214 = EDGE_CURVE ( 'NONE', #4468, #1836, #546, .T. ) ;
#4215 = ORIENTED_EDGE ( 'NONE', *, *, #1961, .T. ) ;
#4216 = AXIS2_PLACEMENT_3D ( 'NONE', #1380, #3971, #7086 ) ;
#4217 = CIRCLE ( 'NONE', #4496, 10.96999999997873942 ) ;
#4218 = CARTESIAN_POINT ( 'NONE',  ( -1.974033432649460185, 4.269194823824089872E-14, -17.89142789178049853 ) ) ;
#4219 = CARTESIAN_POINT ( 'NONE',  ( -3.425668896209771219, 8.270296309428905701, -48.16250000204841086 ) ) ;
#4220 = DIRECTION ( 'NONE',  ( 4.111937128241355347E-15, 0.000000000000000000, 1.000000000000000000 ) ) ;
#4221 = AXIS2_PLACEMENT_3D ( 'NONE', #6959, #8219, #1800 ) ;
#4222 = AXIS2_PLACEMENT_3D ( 'NONE', #7994, #3361, #83 ) ;
#4223 = CARTESIAN_POINT ( 'NONE',  ( -10.96999999997786013, 1.343437538662045996E-15, 260.0852191789194876 ) ) ;
#4224 = CARTESIAN_POINT ( 'NONE',  ( 5.847982602819069342, 5.847982602819249642, -52.56875000204840376 ) ) ;
#4225 = CARTESIAN_POINT ( 'NONE',  ( 8.270296309428733394, -3.425668896209614456, -48.35000000204845350 ) ) ;
#4226 = ADVANCED_FACE ( 'NONE', ( #3186 ), #2547, .T. ) ;
#4227 = DIRECTION ( 'NONE',  ( 0.4977714890723174967, 0.000000000000000000, 0.8673082178019114741 ) ) ;
#4228 = EDGE_LOOP ( 'NONE', ( #5329, #3603, #5670, #2427 ) ) ;
#4229 = CARTESIAN_POINT ( 'NONE',  ( 9.082195121928730686, 0.000000000000000000, -49.28750000409689846 ) ) ;
#4230 = PLANE ( 'NONE',  #2089 ) ;
#4231 = FACE_OUTER_BOUND ( 'NONE', #8214, .T. ) ;
#4232 = CARTESIAN_POINT ( 'NONE',  ( -12.66904370662940416, 6.775206197319105783, 1.007294049319267026 ) ) ;
#4233 = DIRECTION ( 'NONE',  ( -0.2037883957665800605, -0.9790149589004673025, 2.495688065789205204E-17 ) ) ;
#4234 = ORIENTED_EDGE ( 'NONE', *, *, #7030, .F. ) ;
#4235 = CARTESIAN_POINT ( 'NONE',  ( -16.12995327779884747, -4.596830516719400350, -36.60000000000000142 ) ) ;
#4236 = FACE_OUTER_BOUND ( 'NONE', #5151, .T. ) ;
#4237 =( BOUNDED_CURVE ( )  B_SPLINE_CURVE ( 2, ( #3507, #7473, #8109, #4881, #368, #2880, #319, #6158, #8146 ),
 .UNSPECIFIED., .F., .F. ) 
 B_SPLINE_CURVE_WITH_KNOTS ( ( 3, 2, 2, 2, 3 ),
 ( 0.5000000000000000000, 0.5124999999999999556, 0.5250000000000000222, 0.5374999999999999778, 0.5500000000000000444 ),
 .UNSPECIFIED. ) 
 CURVE ( )  GEOMETRIC_REPRESENTATION_ITEM ( )  RATIONAL_B_SPLINE_CURVE ( ( 1.000000000000000000, 0.9238795325112859613, 1.000000000000000000, 0.9238795325112869605, 1.000000000000000000, 0.9238795325112869605, 1.000000000000000000, 0.9238795325112909573, 1.000000000000000000 ) ) 
 REPRESENTATION_ITEM ( '' )  );
#4238 = LINE ( 'NONE', #6797, #5119 ) ;
#4239 = CARTESIAN_POINT ( 'NONE',  ( -11.97701023431688938, -5.879861155630419667, -36.46468673951879680 ) ) ;
#4240 = CARTESIAN_POINT ( 'NONE',  ( 5.847982602819080000, 5.847982602819249642, -49.56875000204840376 ) ) ;
#4241 = CARTESIAN_POINT ( 'NONE',  ( -3.425668896209761005, -8.270296309428895043, -43.10000000204841086 ) ) ;
#4242 = ORIENTED_EDGE ( 'NONE', *, *, #7109, .F. ) ;
#4243 = CARTESIAN_POINT ( 'NONE',  ( 3.761968395621551053, -9.082195121928897663, -49.38125000000001563 ) ) ;
#4244 = ORIENTED_EDGE ( 'NONE', *, *, #7625, .F. ) ;
#4245 = CARTESIAN_POINT ( 'NONE',  ( -1.974033432649460185, 4.269194823824089872E-14, -17.89142789178049853 ) ) ;
#4246 = VERTEX_POINT ( 'NONE', #7694 ) ;
#4247 = CARTESIAN_POINT ( 'NONE',  ( 5.847982602819080000, 5.847982602819249642, -51.44375000204840376 ) ) ;
#4248 = CARTESIAN_POINT ( 'NONE',  ( -16.86219514924785656, 0.1367257884058632189, 7.221690807481659036 ) ) ;
#4249 = DIRECTION ( 'NONE',  ( -0.8640541274851137876, -0.5033989121719858462, 2.963920805788924904E-15 ) ) ;
#4250 = VERTEX_POINT ( 'NONE', #6466 ) ;
#4251 = CARTESIAN_POINT ( 'NONE',  ( -10.96999999997783881, 1.343437538662042052E-15, 260.0852191789194876 ) ) ;
#4252 = ORIENTED_EDGE ( 'NONE', *, *, #994, .F. ) ;
#4253 = CARTESIAN_POINT ( 'NONE',  ( -10.89525317736727672, 26.11568782210900608, -13.34779561751632215 ) ) ;
#4254 = ORIENTED_EDGE ( 'NONE', *, *, #7422, .T. ) ;
#4255 = EDGE_CURVE ( 'NONE', #1106, #596, #5143, .T. ) ;
#4256 = ORIENTED_EDGE ( 'NONE', *, *, #8302, .T. ) ;
#4257 = FACE_OUTER_BOUND ( 'NONE', #4428, .T. ) ;
#4258 = CARTESIAN_POINT ( 'NONE',  ( 5.847982602819100428, 5.847982602819249642, -43.94375000204844639 ) ) ;
#4259 = DIRECTION ( 'NONE',  ( -1.000000000000000000, -3.430248998885765781E-15, 0.000000000000000000 ) ) ;
#4260 = CIRCLE ( 'NONE', #1962, 18.50000000000000000 ) ;
#4261 = CARTESIAN_POINT ( 'NONE',  ( 0.000000000000000000, 3.368838820721465233, -1.944999999999999840 ) ) ;
#4262 = ADVANCED_FACE ( 'NONE', ( #3227 ), #5831, .T. ) ;
#4263 = VECTOR ( 'NONE', #2829, 1000.000000000000000 ) ;
#4264 = CIRCLE ( 'NONE', #2096, 18.00000000000000000 ) ;
#4265 = CARTESIAN_POINT ( 'NONE',  ( -8.270296309429069126, -3.425668896209603798, -50.41250000204836823 ) ) ;
#4266 = CARTESIAN_POINT ( 'NONE',  ( -9.673302176857898883E-14, 0.000000000000000000, -28.19999999999999929 ) ) ;
#4267 = DIRECTION ( 'NONE',  ( -3.234088158250905254E-15, -1.742258254421209861E-31, -1.000000000000000000 ) ) ;
#4268 = EDGE_LOOP ( 'NONE', ( #4025, #4857, #243, #1022 ) ) ;
#4269 = CARTESIAN_POINT ( 'NONE',  ( -15.04417670682435038, 44.20000000000000284, 1.872996454960624907E-15 ) ) ;
#4270 = DIRECTION ( 'NONE',  ( 1.000000000000000000, 3.494771382259859238E-15, 0.000000000000000000 ) ) ;
#4272 = AXIS2_PLACEMENT_3D ( 'NONE', #6141, #4778, #4819 ) ;
#4271 = CARTESIAN_POINT ( 'NONE',  ( 5.415822626691138453, 25.38827090030806133, -16.51370489947283460 ) ) ;
#4273 = CARTESIAN_POINT ( 'NONE',  ( -13.11794927940555588, 7.473794595841662058, 1.740337080324295460 ) ) ;
#4274 = AXIS2_PLACEMENT_3D ( 'NONE', #8139, #5473, #1000 ) ;
#4275 = CARTESIAN_POINT ( 'NONE',  ( 0.1838579291036598617, 2.342532132842932491, 3.722615327553358444 ) ) ;
#4276 = EDGE_CURVE ( 'NONE', #3770, #2636, #7394, .T. ) ;
#4277 = CARTESIAN_POINT ( 'NONE',  ( 0.4939788418422024763, 13.14844625495176622, -29.62118607589515662 ) ) ;
#4278 = TOROIDAL_SURFACE ( 'NONE', #6871, 9.969999999999998863, 1.000000000000000000 ) ;
#4279 = CARTESIAN_POINT ( 'NONE',  ( 3.761968395621551053, -9.082195121928899439, -49.38125000000000142 ) ) ;
#4280 = DIRECTION ( 'NONE',  ( -1.000000000000000000, 0.000000000000000000, 0.000000000000000000 ) ) ;
#4281 = CARTESIAN_POINT ( 'NONE',  ( -11.97649488616724334, -6.005322483799206523, -36.40468649651609923 ) ) ;
#4282 = CARTESIAN_POINT ( 'NONE',  ( 5.847982602819100428, -5.847982602819249642, -45.44375000204840376 ) ) ;
#4283 = CARTESIAN_POINT ( 'NONE',  ( 3.425668896209458136, 8.270296309428895043, -43.85000000204844639 ) ) ;
#4284 = EDGE_LOOP ( 'NONE', ( #2809, #4127, #3544, #6653, #1934 ) ) ;
#4285 = CARTESIAN_POINT ( 'NONE',  ( -3.761968395621892114, -9.082195121928897663, -49.56875000000005116 ) ) ;
#4286 = ORIENTED_EDGE ( 'NONE', *, *, #6464, .T. ) ;
#4287 = LINE ( 'NONE', #7400, #1923 ) ;
#4288 = EDGE_CURVE ( 'NONE', #1320, #8380, #5377, .T. ) ;
#4289 = CIRCLE ( 'NONE', #1709, 13.50000000000000000 ) ;
#4290 = ORIENTED_EDGE ( 'NONE', *, *, #7410, .T. ) ;
#4291 = CARTESIAN_POINT ( 'NONE',  ( 8.270296309428720960, 3.425668896209609571, -51.53750000204847481 ) ) ;
#4292 = DIRECTION ( 'NONE',  ( -1.000000000000000000, -3.469446951953614189E-15, 0.000000000000000000 ) ) ;
#4293 =( BOUNDED_CURVE ( )  B_SPLINE_CURVE ( 2, ( #3208, #7759, #5810, #8394, #1936, #3574, #4863, #2780, #1584 ),
 .UNSPECIFIED., .F., .F. ) 
 B_SPLINE_CURVE_WITH_KNOTS ( ( 3, 2, 2, 2, 3 ),
 ( 0.6999999999999999556, 0.7125000000000000222, 0.7249999999999999778, 0.7375000000000000444, 0.7500000000000000000 ),
 .UNSPECIFIED. ) 
 CURVE ( )  GEOMETRIC_REPRESENTATION_ITEM ( )  RATIONAL_B_SPLINE_CURVE ( ( 1.000000000000000000, 0.9238795325112869605, 1.000000000000000000, 0.9238795325112869605, 1.000000000000000000, 0.9238795325112869605, 1.000000000000000000, 0.9238795325112889589, 1.000000000000000000 ) ) 
 REPRESENTATION_ITEM ( '' )  );
#4294 = EDGE_CURVE ( 'NONE', #4104, #2834, #4133, .T. ) ;
#4295 = CARTESIAN_POINT ( 'NONE',  ( -13.33022253209387031, 8.454911590086506834, -2.134283777964617546 ) ) ;
#4296 = CARTESIAN_POINT ( 'NONE',  ( 7.542646144895477356, 27.05400057387443269, 15.27183419479016813 ) ) ;
#4297 = CARTESIAN_POINT ( 'NONE',  ( 8.921570627134731097E-13, 0.000000000000000000, 260.0852191789194876 ) ) ;
#4298 = ORIENTED_EDGE ( 'NONE', *, *, #2842, .T. ) ;
#4299 = CARTESIAN_POINT ( 'NONE',  ( -1.032504948664619993E-13, 0.000000000000000000, -30.09999999999999787 ) ) ;
#4300 = ORIENTED_EDGE ( 'NONE', *, *, #3264, .T. ) ;
#4301 = CARTESIAN_POINT ( 'NONE',  ( -4.437779070998401743, 24.21946641762332320, -17.05390851674338393 ) ) ;
#4302 = ORIENTED_EDGE ( 'NONE', *, *, #6727, .T. ) ;
#4303 = ORIENTED_EDGE ( 'NONE', *, *, #6257, .T. ) ;
#4304 = LINE ( 'NONE', #348, #2045 ) ;
#4305 = CARTESIAN_POINT ( 'NONE',  ( -1.495884231693549908E-13, 8.270296309428900372, -43.75625000204839665 ) ) ;
#4306 = FACE_OUTER_BOUND ( 'NONE', #1155, .T. ) ;
#4307 = CIRCLE ( 'NONE', #367, 1.000000000000000000 ) ;
#4308 = CARTESIAN_POINT ( 'NONE',  ( -6.422081758775470384, -6.422081758775310512, -48.16249999999999432 ) ) ;
#4309 = EDGE_CURVE ( 'NONE', #4250, #5160, #6179, .T. ) ;
#4310 = CARTESIAN_POINT ( 'NONE',  ( 8.270296309428733394, 3.425668896209603798, -48.16250000204841086 ) ) ;
#4311 = DIRECTION ( 'NONE',  ( -3.430248998885765387E-15, 1.000000000000000000, 0.000000000000000000 ) ) ;
#4312 = CARTESIAN_POINT ( 'NONE',  ( 1.720516308638554870, -12.88564409068112049, -36.60000000000000142 ) ) ;
#4313 = STYLED_ITEM ( 'NONE', ( #1400 ), #643 ) ;
#4314 = ORIENTED_EDGE ( 'NONE', *, *, #8088, .T. ) ;
#4315 = CARTESIAN_POINT ( 'NONE',  ( -0.6777011685564224841, 13.41783348201070680, -29.85105739582183659 ) ) ;
#4316 = CARTESIAN_POINT ( 'NONE',  ( 8.921570627134731097E-13, 0.000000000000000000, 260.0852191789194876 ) ) ;
#4317 = B_SPLINE_CURVE_WITH_KNOTS ( 'NONE', 3,
 ( #3158, #1377, #2565, #5807, #5120, #2692, #8391, #4565, #3967, #1886, #3205, #5295 ),
 .UNSPECIFIED., .F., .F.,
 ( 4, 2, 2, 2, 2, 4 ),
 ( 0.000000000000000000, 0.2500000000000000555, 0.3749999999999999445, 0.4375000000000000555, 0.5000000000000001110, 1.000000000000000000 ),
 .UNSPECIFIED. ) ;
#4318 = CARTESIAN_POINT ( 'NONE',  ( 7.787939591397305072, 27.09996187438100179, -15.13606275070693563 ) ) ;
#4319 = DIRECTION ( 'NONE',  ( 3.478934956380115118E-15, 0.000000000000000000, 1.000000000000000000 ) ) ;
#4320 = CARTESIAN_POINT ( 'NONE',  ( -12.60108610927203721, 10.49034368885295088, -0.9495617043926776191 ) ) ;
#4321 = PRODUCT ( 'BP-1P-000311111', 'BP-1P-000311111', '', ( #1219 ) ) ;
#4322 = CARTESIAN_POINT ( 'NONE',  ( 0.01929495349849435007, -2.998680108464544247, -2.586542020708612721 ) ) ;
#4323 = CIRCLE ( 'NONE', #652, 11.41666666666666075 ) ;
#4324 = CARTESIAN_POINT ( 'NONE',  ( 9.082195121928723580, 3.761968395621714034, -50.69375000409691268 ) ) ;
#4325 = CARTESIAN_POINT ( 'NONE',  ( 3.649999999999999911, -4.491785094295284608, -1.146801959133629872E-16 ) ) ;
#4326 = CARTESIAN_POINT ( 'NONE',  ( 5.847982602819100428, 5.847982602819249642, -43.56875000204845350 ) ) ;
#4327 = EDGE_CURVE ( 'NONE', #6428, #5808, #7053, .T. ) ;
#4328 = CARTESIAN_POINT ( 'NONE',  ( 8.270296309428760040, 0.000000000000000000, -41.13125000204845350 ) ) ;
#4329 = ORIENTED_EDGE ( 'NONE', *, *, #5980, .F. ) ;
#4330 = CARTESIAN_POINT ( 'NONE',  ( 9.082195121928759107, 0.000000000000000000, -40.09999999999999432 ) ) ;
#4331 = ORIENTED_EDGE ( 'NONE', *, *, #8211, .F. ) ;
#4332 = LINE ( 'NONE', #6935, #3410 ) ;
#4333 = EDGE_LOOP ( 'NONE', ( #8199, #4855, #5324, #5592 ) ) ;
#4334 = CARTESIAN_POINT ( 'NONE',  ( 8.270296309428720960, 3.425668896209609571, -53.03750000204845350 ) ) ;
#4335 = FACE_OUTER_BOUND ( 'NONE', #4419, .T. ) ;
#4336 = FACE_OUTER_BOUND ( 'NONE', #1275, .T. ) ;
#4337 = CARTESIAN_POINT ( 'NONE',  ( 4.527573110968105219, 24.34846543244607275, 17.00237772531602332 ) ) ;
#4338 = FACE_OUTER_BOUND ( 'NONE', #5531, .T. ) ;
#4339 = ORIENTED_EDGE ( 'NONE', *, *, #6549, .F. ) ;
#4340 = ADVANCED_FACE ( 'NONE', ( #7722 ), #2364, .T. ) ;
#4341 = CARTESIAN_POINT ( 'NONE',  ( 2.192664008419569655, 0.1891327842836332540, -18.26109809332893263 ) ) ;
#4342 = ORIENTED_EDGE ( 'NONE', *, *, #1839, .F. ) ;
#4343 = CARTESIAN_POINT ( 'NONE',  ( -7.992891478954555318, 27.16649795043551308, -15.01349062855651795 ) ) ;
#4344 = ORIENTED_EDGE ( 'NONE', *, *, #5631, .F. ) ;
#4345 = VECTOR ( 'NONE', #719, 1000.000000000000000 ) ;
#4346 = EDGE_LOOP ( 'NONE', ( #3823, #7186, #725, #4807 ) ) ;
#4347 = DIRECTION ( 'NONE',  ( 0.000000000000000000, 0.000000000000000000, -1.000000000000000000 ) ) ;
#4348 = CARTESIAN_POINT ( 'NONE',  ( -5.847982602819399744, -5.847982602819249642, -41.69375000204840376 ) ) ;
#4349 = EDGE_CURVE ( 'NONE', #7952, #1148, #1555, .T. ) ;
#4350 = AXIS2_PLACEMENT_3D ( 'NONE', #4212, #3570, #2943 ) ;
#4351 = FACE_OUTER_BOUND ( 'NONE', #1779, .T. ) ;
#4352 = CARTESIAN_POINT ( 'NONE',  ( -8.747134947158739345E-14, 0.000000000000000000, -25.50000000000000000 ) ) ;
#4353 = VECTOR ( 'NONE', #2428, 1000.000000000000114 ) ;
#4354 = TOROIDAL_SURFACE ( 'NONE', #5449, 11.50000000000000000, 0.5000000000000000000 ) ;
#4355 = CARTESIAN_POINT ( 'NONE',  ( -3.425668896209771219, -8.270296309428895043, -47.22500000204839665 ) ) ;
#4356 = DIRECTION ( 'NONE',  ( 3.375678115414340516E-15, -1.000000000000000000, 0.000000000000000000 ) ) ;
#4357 = ORIENTED_EDGE ( 'NONE', *, *, #1396, .F. ) ;
#4358 = CARTESIAN_POINT ( 'NONE',  ( -0.6932453371311062540, 13.47013189358939300, -29.97249358625579063 ) ) ;
#4359 = AXIS2_PLACEMENT_3D ( 'NONE', #5171, #5774, #1896 ) ;
#4360 = CARTESIAN_POINT ( 'NONE',  ( 4.719798540210242699, 24.49657021243263344, -16.91797682188895635 ) ) ;
#4361 = CARTESIAN_POINT ( 'NONE',  ( -17.00631538135308318, 26.34306582438530597, 2.434311315760385064 ) ) ;
#4362 = AXIS2_PLACEMENT_3D ( 'NONE', #3056, #6293, #4375 ) ;
#4363 = EDGE_CURVE ( 'NONE', #5889, #5722, #6495, .T. ) ;
#4364 = AXIS2_PLACEMENT_3D ( 'NONE', #2347, #3788, #8299 ) ;
#4365 = CIRCLE ( 'NONE', #3956, 18.50000000000000000 ) ;
#4366 = CARTESIAN_POINT ( 'NONE',  ( 0.01934016641579797482, 0.7415351539523217239, -3.890205475342176200 ) ) ;
#4367 = CYLINDRICAL_SURFACE ( 'NONE', #3183, 9.500000000000000000 ) ;
#4368 = CARTESIAN_POINT ( 'NONE',  ( -9.082195121929082404, -3.761968395621714034, -51.44375000409672083 ) ) ;
#4369 = CARTESIAN_POINT ( 'NONE',  ( -3.430248998885904621E-15, 0.000000000000000000, -1.000000000000000000 ) ) ;
#4370 = SHAPE_DEFINITION_REPRESENTATION ( #3032, #2221 ) ;
#4371 = CARTESIAN_POINT ( 'NONE',  ( -5.847982602819399744, 5.847982602819249642, -43.19375000204840376 ) ) ;
#4372 = CARTESIAN_POINT ( 'NONE',  ( -5.847982602819399744, 5.847982602819249642, -43.56875000204840376 ) ) ;
#4373 = ORIENTED_EDGE ( 'NONE', *, *, #4657, .F. ) ;
#4374 = CARTESIAN_POINT ( 'NONE',  ( -6.422081758775449956, -6.422081758775310512, -42.16250000000000142 ) ) ;
#4375 = DIRECTION ( 'NONE',  ( 0.000000000000000000, 0.000000000000000000, -1.000000000000000000 ) ) ;
#4376 = ORIENTED_EDGE ( 'NONE', *, *, #7248, .T. ) ;
#4377 = CARTESIAN_POINT ( 'NONE',  ( -8.270296309429070902, 1.012819190334226073E-15, -50.88125000204840376 ) ) ;
#4378 = CARTESIAN_POINT ( 'NONE',  ( 10.95465190198216376, -7.505826591837448269, -36.51466954073235627 ) ) ;
#4379 = EDGE_CURVE ( 'NONE', #3104, #5932, #5439, .T. ) ;
#4380 = DIRECTION ( 'NONE',  ( 1.000000000000000000, 3.571186321298530749E-15, 0.000000000000000000 ) ) ;
#4381 = CARTESIAN_POINT ( 'NONE',  ( 9.367621241298047963, 27.05405201543461757, 14.22456410761576961 ) ) ;
#4382 = CARTESIAN_POINT ( 'NONE',  ( 1.461353857967116143, -8.375948662426329960, -52.10000020464605086 ) ) ;
#4383 = EDGE_LOOP ( 'NONE', ( #4777, #3807, #5427, #3584 ) ) ;
#4384 = DIRECTION ( 'NONE',  ( -3.430248998885765387E-15, 0.000000000000000000, -1.000000000000000000 ) ) ;
#4385 = EDGE_LOOP ( 'NONE', ( #4651, #6516, #6501 ) ) ;
#4386 = CARTESIAN_POINT ( 'NONE',  ( -6.249033678696164884, 26.29128106974488333, -16.01438666194461291 ) ) ;
#4387 = EDGE_LOOP ( 'NONE', ( #8074, #4082, #3147, #7707 ) ) ;
#4388 = CARTESIAN_POINT ( 'NONE',  ( -9.082195121929208526, 3.761968395621584360, -50.13125000409679188 ) ) ;
#4389 = EDGE_CURVE ( 'NONE', #2134, #4803, #7810, .T. ) ;
#4390 = ADVANCED_FACE ( 'NONE', ( #8273, #7641 ), #6368, .T. ) ;
#4391 = ORIENTED_EDGE ( 'NONE', *, *, #4646, .F. ) ;
#4392 = ORIENTED_EDGE ( 'NONE', *, *, #167, .F. ) ;
#4393 = PLANE ( 'NONE',  #1765 ) ;
#4394 = PRODUCT_DEFINITION_SHAPE ( 'NONE', 'NONE',  #8423 ) ;
#4395 = CARTESIAN_POINT ( 'NONE',  ( -1.516170057507509889E-13, 31.15000000000000213, 0.000000000000000000 ) ) ;
#4396 = CARTESIAN_POINT ( 'NONE',  ( -12.44022549575751668, 10.64629412980629120, 0.5282397674840590973 ) ) ;
#4397 = CYLINDRICAL_SURFACE ( 'NONE', #7890, 10.96999999997875896 ) ;
#4398 = ADVANCED_FACE ( 'NONE', ( #1221 ), #4814, .T. ) ;
#4399 = EDGE_CURVE ( 'NONE', #6369, #5918, #1945, .T. ) ;
#4400 = CARTESIAN_POINT ( 'NONE',  ( 3.425668896209446590, -8.270296309428895043, -47.03750000204841797 ) ) ;
#4401 = DIRECTION ( 'NONE',  ( -1.000000000000000000, -3.416070845000481754E-15, 0.000000000000000000 ) ) ;
#4402 = ORIENTED_EDGE ( 'NONE', *, *, #3252, .F. ) ;
#4403 = DIRECTION ( 'NONE',  ( 0.4965933685609139059, 0.8679833099209478542, 0.000000000000000000 ) ) ;
#4404 = CARTESIAN_POINT ( 'NONE',  ( 9.993104853443369961, 26.83147225526704460, -13.85521140829881404 ) ) ;
#4405 = CARTESIAN_POINT ( 'NONE',  ( 17.00641974541590429, 26.31476690336836555, -2.474770547236439189 ) ) ;
#4406 = AXIS2_PLACEMENT_3D ( 'NONE', #2536, #1855, #4451 ) ;
#4407 = CARTESIAN_POINT ( 'NONE',  ( -7.285838599102588534E-14, 0.000000000000000000, -21.00000000000000000 ) ) ;
#4408 = CARTESIAN_POINT ( 'NONE',  ( 0.06741560581199321223, -2.761556979240621157, -2.997191840977837529 ) ) ;
#4409 = CIRCLE ( 'NONE', #3174, 0.5000000000000004441 ) ;
#4410 = CARTESIAN_POINT ( 'NONE',  ( 6.422081758775140869, 6.422081758775310512, -50.60000000409679899 ) ) ;
#4411 = CARTESIAN_POINT ( 'NONE',  ( 0.000000000000000000, 0.000000000000000000, 0.000000000000000000 ) ) ;
#4412 = ADVANCED_FACE ( 'NONE', ( #2189 ), #752, .F. ) ;
#4413 = CARTESIAN_POINT ( 'NONE',  ( 3.425668896209458136, -8.270296309428895043, -44.03750000204843928 ) ) ;
#4414 = CIRCLE ( 'NONE', #2919, 0.5000000000000004441 ) ;
#4415 = ORIENTED_EDGE ( 'NONE', *, *, #6426, .F. ) ;
#4416 = CARTESIAN_POINT ( 'NONE',  ( -9.082195121929036219, -3.761968395621714034, -40.75625000000002274 ) ) ;
#4417 = DIRECTION ( 'NONE',  ( -1.000000000000000000, -3.318601432303456947E-15, 0.000000000000000000 ) ) ;
#4418 = AXIS2_PLACEMENT_3D ( 'NONE', #5846, #3289, #14 ) ;
#4419 = EDGE_LOOP ( 'NONE', ( #7018, #1870, #6470, #739 ) ) ;
#4420 = CARTESIAN_POINT ( 'NONE',  ( 8.270296309428733394, -3.425668896209614456, -48.72500000204848192 ) ) ;
#4421 = CARTESIAN_POINT ( 'NONE',  ( 3.761968395621562156, -9.082195121928899439, -46.38125000000002984 ) ) ;
#4422 = DIRECTION ( 'NONE',  ( 0.000000000000000000, 1.000000000000000000, 0.000000000000000000 ) ) ;
#4423 = CARTESIAN_POINT ( 'NONE',  ( 9.652253918798846755, 26.95044230800899143, 14.06119664347207632 ) ) ;
#4424 = EDGE_CURVE ( 'NONE', #1355, #626, #3320, .T. ) ;
#4425 = DIRECTION ( 'NONE',  ( 1.000000000000000000, 0.000000000000000000, -3.275689100648230228E-15 ) ) ;
#4426 = ORIENTED_EDGE ( 'NONE', *, *, #7090, .F. ) ;
#4427 = CARTESIAN_POINT ( 'NONE',  ( -4.839291655863670272, 24.66137434085166902, 16.84857530067284159 ) ) ;
#4428 = EDGE_LOOP ( 'NONE', ( #1519, #1708, #3795, #2412 ) ) ;
#4429 = CARTESIAN_POINT ( 'NONE',  ( -1.096283692924814090, 8.818231801808600778, -51.99708629177388985 ) ) ;
#4430 = ORIENTED_EDGE ( 'NONE', *, *, #614, .T. ) ;
#4431 = CARTESIAN_POINT ( 'NONE',  ( -0.2913143169939035881, 9.065835470788162098, -51.71054309030480312 ) ) ;
#4432 = ORIENTED_EDGE ( 'NONE', *, *, #1939, .T. ) ;
#4433 = ORIENTED_EDGE ( 'NONE', *, *, #1082, .T. ) ;
#4434 = DIRECTION ( 'NONE',  ( -1.000000000000000000, 0.000000000000000000, 0.000000000000000000 ) ) ;
#4435 = EDGE_CURVE ( 'NONE', #3869, #7795, #7537, .T. ) ;
#4436 = DIRECTION ( 'NONE',  ( 3.629761414430735665E-15, 0.000000000000000000, 1.000000000000000000 ) ) ;
#4437 = LINE ( 'NONE', #7157, #968 ) ;
#4438 = FACE_OUTER_BOUND ( 'NONE', #545, .T. ) ;
#4439 = CARTESIAN_POINT ( 'NONE',  ( -1.631911519212629766E-13, -8.270296309428900372, -47.13125000204840376 ) ) ;
#4440 = ORIENTED_EDGE ( 'NONE', *, *, #3944, .F. ) ;
#4441 = ADVANCED_FACE ( 'NONE', ( #2025 ), #6590, .F. ) ;
#4442 = PLANE ( 'NONE',  #607 ) ;
#4443 = CARTESIAN_POINT ( 'NONE',  ( 16.96936873097270393, 0.3734457427163891952, 7.338374322536253658 ) ) ;
#4444 = CARTESIAN_POINT ( 'NONE',  ( -12.69241543579605747, 10.39295262760949079, -1.126102195838940112 ) ) ;
#4445 = DIRECTION ( 'NONE',  ( -1.000000000000000000, 0.000000000000000000, 3.430248998885765387E-15 ) ) ;
#4446 = CIRCLE ( 'NONE', #783, 18.00000000000000000 ) ;
#4447 = CARTESIAN_POINT ( 'NONE',  ( -3.761968395621897887, -9.082195121928897663, -51.25625000409679899 ) ) ;
#4448 = DIRECTION ( 'NONE',  ( 1.000000000000000000, 0.000000000000000000, -3.202566417187951620E-15 ) ) ;
#4449 = CARTESIAN_POINT ( 'NONE',  ( 0.000000000000000000, 0.000000000000000000, 0.000000000000000000 ) ) ;
#4450 = CARTESIAN_POINT ( 'NONE',  ( 5.847982602819119968, -5.847982602819249642, -39.44375000204845350 ) ) ;
#4451 = DIRECTION ( 'NONE',  ( 0.000000000000000000, 1.000000000000000000, 0.000000000000000000 ) ) ;
#4452 = EDGE_LOOP ( 'NONE', ( #1121, #3171 ) ) ;
#4453 = CARTESIAN_POINT ( 'NONE',  ( -2.433557439095519914, 9.082195121928899439, -39.66435461813539831 ) ) ;
#4454 = EDGE_CURVE ( 'NONE', #2602, #3447, #912, .T. ) ;
#4455 = ADVANCED_FACE ( 'NONE', ( #1551 ), #7662, .T. ) ;
#4456 = AXIS2_PLACEMENT_3D ( 'NONE', #3850, #6457, #625 ) ;
#4457 = CARTESIAN_POINT ( 'NONE',  ( -1.562817070481059683E-13, 0.000000000000000000, -45.55987250455289939 ) ) ;
#4458 = ORIENTED_EDGE ( 'NONE', *, *, #808, .F. ) ;
#4459 = CARTESIAN_POINT ( 'NONE',  ( -8.270296309429058468, 3.425668896209609571, -46.47500000204842507 ) ) ;
#4460 = DIRECTION ( 'NONE',  ( 0.003929182435835271332, -0.9999922807328993635, -1.347807411696112572E-17 ) ) ;
#4461 = CARTESIAN_POINT ( 'NONE',  ( -12.92212134123355227, 7.114375237940733676, -1.517884928552897028 ) ) ;
#4462 = CARTESIAN_POINT ( 'NONE',  ( 11.17412830001378055, 25.85003701698731859, 13.18770935879581607 ) ) ;
#4463 = LINE ( 'NONE', #3775, #4554 ) ;
#4464 = AXIS2_PLACEMENT_3D ( 'NONE', #6998, #2519, #3790 ) ;
#4465 = DIRECTION ( 'NONE',  ( -1.000000000000000000, 0.000000000000000000, 0.000000000000000000 ) ) ;
#4466 = ORIENTED_EDGE ( 'NONE', *, *, #5090, .T. ) ;
#4467 = CARTESIAN_POINT ( 'NONE',  ( -0.9385658861967460798, 8.804506166954428892, -52.01953545694636460 ) ) ;
#4468 = VERTEX_POINT ( 'NONE', #2146 ) ;
#4469 = CARTESIAN_POINT ( 'NONE',  ( -3.723172311161097703, 8.334432620894078880, -51.62449811699929114 ) ) ;
#4470 = TOROIDAL_SURFACE ( 'NONE', #4678, 11.50000000000000000, 0.5000000000000000000 ) ;
#4471 = ORIENTED_EDGE ( 'NONE', *, *, #3564, .F. ) ;
#4472 = EDGE_LOOP ( 'NONE', ( #4945, #2928, #1164, #6290 ) ) ;
#4473 = CARTESIAN_POINT ( 'NONE',  ( -11.87204634886716903, 6.101077854102345377, -29.74093582497134136 ) ) ;
#4474 = CARTESIAN_POINT ( 'NONE',  ( 14.69496679208135959, 0.1508141577343564133, 11.00319075608089214 ) ) ;
#4475 = CARTESIAN_POINT ( 'NONE',  ( -11.97560671748789929, -6.231760886624110540, -30.09999999999999787 ) ) ;
#4476 = CARTESIAN_POINT ( 'NONE',  ( -9.082195121929123260, -3.761968395621667405, -48.25625000000005826 ) ) ;
#4477 = EDGE_CURVE ( 'NONE', #6015, #5499, #7244, .T. ) ;
#4478 = CARTESIAN_POINT ( 'NONE',  ( -3.425668896209755232, 8.270296309428895043, -43.28750000204840376 ) ) ;
#4479 = EDGE_LOOP ( 'NONE', ( #6344, #2288, #3892 ) ) ;
#4480 = CARTESIAN_POINT ( 'NONE',  ( -16.93120252265391912, 0.2419405265154435103, -7.330560705644596275 ) ) ;
#4481 = ORIENTED_EDGE ( 'NONE', *, *, #2497, .T. ) ;
#4482 = CARTESIAN_POINT ( 'NONE',  ( -12.02337795080765304, 5.929452643304662374, -36.39232108107187003 ) ) ;
#4483 = CARTESIAN_POINT ( 'NONE',  ( -17.01063159411562609, 24.79935313946332798, 4.115022987369497898 ) ) ;
#4484 = CARTESIAN_POINT ( 'NONE',  ( -13.33022253209109920, 8.890299380459762091, -2.134283777964173900 ) ) ;
#4485 = CIRCLE ( 'NONE', #5590, 0.5000000000000004441 ) ;
#4486 = DIRECTION ( 'NONE',  ( -0.9999922807328994745, -0.003929182435835270465, 0.000000000000000000 ) ) ;
#4487 = CONICAL_SURFACE ( 'NONE', #6126, 15.54417670682419939, 0.2052259727071439332 ) ;
#4488 = ADVANCED_FACE ( 'NONE', ( #2109 ), #5943, .T. ) ;
#4489 = DIRECTION ( 'NONE',  ( -3.428423085967685458E-15, 1.000000000000000000, 0.000000000000000000 ) ) ;
#4490 = CARTESIAN_POINT ( 'NONE',  ( 0.000000000000000000, 29.60000000000000142, 0.000000000000000000 ) ) ;
#4491 = CARTESIAN_POINT ( 'NONE',  ( 3.425668896209468350, -8.270296309428895043, -41.03750000204843928 ) ) ;
#4492 = DIRECTION ( 'NONE',  ( -1.000000000000000000, 0.000000000000000000, 0.000000000000000000 ) ) ;
#4493 = AXIS2_PLACEMENT_3D ( 'NONE', #5976, #2740, #1891 ) ;
#4494 = CARTESIAN_POINT ( 'NONE',  ( 11.47609182578957920, 6.107316628934760239, -30.09999999999999787 ) ) ;
#4495 = CARTESIAN_POINT ( 'NONE',  ( 3.761968395621578587, 9.082195121928897663, -39.81875000000005116 ) ) ;
#4496 = AXIS2_PLACEMENT_3D ( 'NONE', #2827, #6024, #4576 ) ;
#4497 = VECTOR ( 'NONE', #2905, 1000.000000000000000 ) ;
#4498 = DIRECTION ( 'NONE',  ( -3.227392513445455032E-15, 0.000000000000000000, -1.000000000000000000 ) ) ;
#4499 =( BOUNDED_CURVE ( )  B_SPLINE_CURVE ( 2, ( #978, #6805, #1110, #6849, #2887, #4975, #7567, #6165, #330 ),
 .UNSPECIFIED., .F., .F. ) 
 B_SPLINE_CURVE_WITH_KNOTS ( ( 3, 2, 2, 2, 3 ),
 ( 0.8499999999999999778, 0.8625000000000000444, 0.8750000000000000000, 0.8874999999999999556, 0.9000000000000000222 ),
 .UNSPECIFIED. ) 
 CURVE ( )  GEOMETRIC_REPRESENTATION_ITEM ( )  RATIONAL_B_SPLINE_CURVE ( ( 1.000000000000000000, 0.9238795325112839629, 1.000000000000000000, 0.9238795325112869605, 1.000000000000000000, 0.9238795325112869605, 1.000000000000000000, 0.9238795325112889589, 1.000000000000000000 ) ) 
 REPRESENTATION_ITEM ( '' )  );
#4500 = ORIENTED_EDGE ( 'NONE', *, *, #4041, .T. ) ;
#4501 = CARTESIAN_POINT ( 'NONE',  ( -5.847982602819409514, 5.847982602819249642, -45.06875000204840376 ) ) ;
#4503 = CIRCLE ( 'NONE', #833, 4.299999999999844391 ) ;
#4502 = CARTESIAN_POINT ( 'NONE',  ( 0.000000000000000000, 0.000000000000000000, 0.000000000000000000 ) ) ;
#4504 = DIRECTION ( 'NONE',  ( 3.430248998885765387E-15, -1.000000000000000000, 0.000000000000000000 ) ) ;
#4505 = CARTESIAN_POINT ( 'NONE',  ( 11.59337664022634407, 25.38827090025295874, 12.94709242683100392 ) ) ;
#4506 = EDGE_CURVE ( 'NONE', #8195, #6209, #2774, .T. ) ;
#4507 = CARTESIAN_POINT ( 'NONE',  ( -0.09690938158017972648, -8.427601741855964335, -52.09999999962429484 ) ) ;
#4508 = DIRECTION ( 'NONE',  ( -1.000000000000000000, 0.000000000000000000, 3.430248998885765387E-15 ) ) ;
#4509 = ORIENTED_EDGE ( 'NONE', *, *, #6694, .F. ) ;
#4510 = CARTESIAN_POINT ( 'NONE',  ( -1.235721880500664671, 8.663621751559590578, -52.07053366819199880 ) ) ;
#4511 = ORIENTED_EDGE ( 'NONE', *, *, #5173, .T. ) ;
#4512 = DIRECTION ( 'NONE',  ( 1.000000000000000000, 5.046468293750711404E-15, 0.000000000000000000 ) ) ;
#4513 = ORIENTED_EDGE ( 'NONE', *, *, #8008, .T. ) ;
#4514 = ORIENTED_EDGE ( 'NONE', *, *, #2956, .F. ) ;
#4515 = EDGE_CURVE ( 'NONE', #2694, #819, #1014, .T. ) ;
#4516 = CARTESIAN_POINT ( 'NONE',  ( -11.52373063106709949, 6.016945432909070135, -29.60000000000000142 ) ) ;
#4517 = LINE ( 'NONE', #3961, #3806 ) ;
#4518 = CARTESIAN_POINT ( 'NONE',  ( -13.30145923481761194, 9.091018017046851085, 2.008966833857698031 ) ) ;
#4519 = DIRECTION ( 'NONE',  ( 0.5033989121719858462, -0.8640541274851137876, 0.000000000000000000 ) ) ;
#4520 = CARTESIAN_POINT ( 'NONE',  ( 3.425668896209451919, -8.270296309428895043, -45.53750000204845350 ) ) ;
#4521 = ORIENTED_EDGE ( 'NONE', *, *, #3660, .T. ) ;
#4522 = DIRECTION ( 'NONE',  ( -3.478934956386835029E-15, 0.000000000000000000, -1.000000000000000000 ) ) ;
#4523 = EDGE_LOOP ( 'NONE', ( #72, #6423, #1109, #651 ) ) ;
#4524 = CARTESIAN_POINT ( 'NONE',  ( 11.27218584396123902, -7.138398721775629951, -29.73559609057511466 ) ) ;
#4525 = CARTESIAN_POINT ( 'NONE',  ( -12.02429291043708304, 6.079884789114721855, -36.28661735041507086 ) ) ;
#4526 = CARTESIAN_POINT ( 'NONE',  ( -17.01622162879039735, 21.83205607984078966, 6.286716536003916111 ) ) ;
#4527 = DIRECTION ( 'NONE',  ( 1.000000000000000000, 3.430248998885765387E-15, 0.000000000000000000 ) ) ;
#4528 = CARTESIAN_POINT ( 'NONE',  ( -3.164905314480544796, -7.640757514548360163, -52.10000000000000142 ) ) ;
#4529 = CARTESIAN_POINT ( 'NONE',  ( -9.082195121929050430, 3.761968395621719363, -44.13125000409677057 ) ) ;
#4530 = CARTESIAN_POINT ( 'NONE',  ( 3.425668896209424830, 8.270296309428895043, -52.47500000204845350 ) ) ;
#4531 =( NAMED_UNIT ( * ) PLANE_ANGLE_UNIT ( ) SI_UNIT ( $, .RADIAN. ) );
#4532 = DIRECTION ( 'NONE',  ( 1.000000000000000000, 0.000000000000000000, 0.000000000000000000 ) ) ;
#4533 = CARTESIAN_POINT ( 'NONE',  ( -6.382531835699300514E-28, 4.943961906533899588E-14, 0.000000000000000000 ) ) ;
#4534 = DIRECTION ( 'NONE',  ( -1.224646799147351975E-16, 1.000000000000000000, 4.200843456763865836E-31 ) ) ;
#4535 = CARTESIAN_POINT ( 'NONE',  ( 3.649999999999999911, -2.245892547147640528, 3.889999999999999680 ) ) ;
#4536 = EDGE_CURVE ( 'NONE', #467, #767, #1689, .T. ) ;
#4537 = AXIS2_PLACEMENT_3D ( 'NONE', #2071, #1947, #7305 ) ;
#4538 = CARTESIAN_POINT ( 'NONE',  ( 6.422081758775149751, -6.422081758775310512, -44.78750000000000142 ) ) ;
#4539 = EDGE_CURVE ( 'NONE', #5276, #1650, #1515, .T. ) ;
#4540 = EDGE_LOOP ( 'NONE', ( #5523, #2059, #3331, #7445 ) ) ;
#4541 = CARTESIAN_POINT ( 'NONE',  ( 5.847982602819110198, 5.847982602819249642, -42.44375000204845350 ) ) ;
#4542 = VECTOR ( 'NONE', #1029, 1000.000000000000000 ) ;
#4543 = DIRECTION ( 'NONE',  ( 3.430248998885765387E-15, 0.000000000000000000, 1.000000000000000000 ) ) ;
#4544 = CARTESIAN_POINT ( 'NONE',  ( 0.5972837109886041107, -13.14414223888199729, -29.62118022135571493 ) ) ;
#4545 = CARTESIAN_POINT ( 'NONE',  ( -1.516170057507514938E-13, 44.20000000000000284, 0.000000000000000000 ) ) ;
#4546 = AXIS2_PLACEMENT_3D ( 'NONE', #6968, #1140, #5083 ) ;
#4547 = DIRECTION ( 'NONE',  ( 0.000000000000000000, 0.000000000000000000, 1.000000000000000000 ) ) ;
#4548 = EDGE_LOOP ( 'NONE', ( #5069, #3834, #5628, #4286 ) ) ;
#4549 = CARTESIAN_POINT ( 'NONE',  ( -2.028956714950525431, 8.437050865301161551, -52.09106669753143848 ) ) ;
#4550 = ORIENTED_EDGE ( 'NONE', *, *, #5641, .F. ) ;
#4551 = EDGE_CURVE ( 'NONE', #4638, #1674, #4950, .T. ) ;
#4552 = CIRCLE ( 'NONE', #7130, 10.96999999997875896 ) ;
#4553 = CARTESIAN_POINT ( 'NONE',  ( -0.07159940086516990154, 9.068451517844929199, -51.71541440853130922 ) ) ;
#4554 = VECTOR ( 'NONE', #6378, 1000.000000000000000 ) ;
#4555 = ORIENTED_EDGE ( 'NONE', *, *, #1556, .F. ) ;
#4556 = CARTESIAN_POINT ( 'NONE',  ( -1.720516308638494918, 12.88564409068115957, -36.60000000000000142 ) ) ;
#4557 = DIRECTION ( 'NONE',  ( 1.000000000000000000, 0.000000000000000000, -6.112085292819410516E-15 ) ) ;
#4558 = DIRECTION ( 'NONE',  ( 1.000000000000000000, 5.046468293750711404E-15, 0.000000000000000000 ) ) ;
#4559 = CARTESIAN_POINT ( 'NONE',  ( -12.57488642255933264, 10.51966474520701311, 0.8191124902428612575 ) ) ;
#4560 = ADVANCED_FACE ( 'NONE', ( #187, #4105 ), #3460, .F. ) ;
#4561 = PLANE ( 'NONE',  #6363 ) ;
#4562 =( BOUNDED_CURVE ( )  B_SPLINE_CURVE ( 2, ( #5319, #6508, #7903, #7861, #7821, #845, #4588, #2078, #4719, #2035, #7184, #4675, #3946, #7274, #720, #4632, #1445, #5999, #160, #6678, #3432, #6038, #202, #6719, #2283, #6116, #885, #6759, #4240, #8029, #926, #1602, #5529, #2925, #3640, #4884, #4158, #7476, #5614, #2327, #282, #8112, #4117, #2202, #2363, #6247, #1648, #4196, #6844, #1013, #3509, #411, #3599, #4927, #2882, #8193, #5484, #3555, #6799, #6076, #6204, #7516, #372, #8068, #3470, #2968, #1688, #7393, #1057, #1565, #5571, #8150, #4282, #5441, #6889, #3013, #241, #2241, #2840, #4842, #4798, #7432, #972, #4970, #1525, #6160, #321, #4413, #1899, #8315, #6410, #531, #4326, #574, #8233, #3725, #4371, #3685, #3843, #1220, #2444, #6327, #6930, #5048, #1854, #3169, #454, #1262, #1103, #5776, #8403, #5655, #6452, #8362, #7640, #621, #7013, #6971, #2577, #4491, #3049, #5008, #493, #8272, #7093, #1731, #2405, #1812, #1182, #5731, #3089, #3214, #1144, #3127, #7562, #2486, #4450, #6288, #5087, #5692, #7597, #1771, #7682, #2535, #3763 ),
 .UNSPECIFIED., .F., .F. ) 
 B_SPLINE_CURVE_WITH_KNOTS ( ( 3, 2, 2, 2, 2, 2, 2, 2, 2, 2, 2, 2, 2, 2, 2, 2, 2, 2, 2, 2, 2, 2, 2, 2, 2, 2, 2, 2, 2, 2, 2, 2, 2, 2, 2, 2, 2, 2, 2, 2, 2, 2, 2, 2, 2, 2, 2, 2, 2, 2, 2, 2, 2, 2, 2, 2, 2, 2, 2, 2, 2, 2, 2, 2, 2, 2, 2, 2, 2, 2, 2, 2, 3 ),
 ( 0.04687620184144190155, 0.05357280190369400480, 0.06696600237961748692, 0.08035920285554110087, 0.09375240333146458993, 0.1071456038073879957, 0.1205388042833115958, 0.1339320047592350016, 0.1473252052351586017, 0.1607184057110820075, 0.1741116061870054965, 0.1875048066629289578, 0.2008980071388525024, 0.2142912076147760192, 0.2276844080906994805, 0.2410776085666230251, 0.2544708090425465419, 0.2678640095184700032, 0.2812572099943935755, 0.2946504104703169813, 0.3080436109462404981, 0.3214368114221640149, 0.3348300118980874762, 0.3482232123740109930, 0.3616164128499350094, 0.3750096133258585263, 0.3884028138017814880, 0.4017960142777055044, 0.4151892147536289657, 0.4285824152295524825, 0.4419756157054759993, 0.4553688161813990165, 0.4687620166573229774, 0.4821552171332460501, 0.4955484176091700110, 0.5089416180850930838, 0.5223348185610170447, 0.5357280190369410056, 0.5491212195128639673, 0.5625144199887880392, 0.5759076204647111119, 0.5893008209406339626, 0.6026940214165580345, 0.6160872218924808852, 0.6294804223684049571, 0.6428736228443280298, 0.6562668233202521018, 0.6696600237961760627, 0.6830532242720990244, 0.6964464247480229853, 0.7098396252239459470, 0.7232328256998700189, 0.7366260261757932026, 0.7500192266517170525, 0.7634124271276400142, 0.7768056276035639751, 0.7901988280794869368, 0.8035920285554110087, 0.8169852290313340815, 0.8303784295072580424, 0.8437716299831810041, 0.8571648304591049650, 0.8705580309350280377, 0.8839512314109519986, 0.8973444318868750713, 0.9107376323627980330, 0.9241308328387219939, 0.9375240333146459548, 0.9509172337905690275, 0.9643104342664930995, 0.9777036347424160612, 0.9910968352183400221, 1.000000000000000000 ),
 .UNSPECIFIED. ) 
 CURVE ( )  GEOMETRIC_REPRESENTATION_ITEM ( )  RATIONAL_B_SPLINE_CURVE ( ( 0.9619397662556429252, 0.9619397672542919775, 1.000000000000000000, 0.9238795325112869605, 1.000000000000000000, 0.9238795325112869605, 1.000000000000000000, 0.9238795325112869605, 1.000000000000000000, 0.9238795325112869605, 1.000000000000000000, 0.9238795325112869605, 1.000000000000000000, 0.9238795325112869605, 1.000000000000000000, 0.9238795325112869605, 1.000000000000000000, 0.9238795325112869605, 1.000000000000000000, 0.9238795325112869605, 1.000000000000000000, 0.9238795325112869605, 1.000000000000000000, 0.9238795325112869605, 1.000000000000000000, 0.9238795325112869605, 1.000000000000000000, 0.9238795325112869605, 1.000000000000000000, 0.9238795325112869605, 1.000000000000000000, 0.9238795325112869605, 1.000000000000000000, 0.9238795325112869605, 1.000000000000000000, 0.9238795325112869605, 1.000000000000000000, 0.9238795325112869605, 1.000000000000000000, 0.9238795325112869605, 1.000000000000000000, 0.9238795325112869605, 1.000000000000000000, 0.9238795325112869605, 1.000000000000000000, 0.9238795325112869605, 1.000000000000000000, 0.9238795325112869605, 1.000000000000000000, 0.9238795325112869605, 1.000000000000000000, 0.9238795325112869605, 1.000000000000000000, 0.9238795325112869605, 1.000000000000000000, 0.9238795325112869605, 1.000000000000000000, 0.9238795325112869605, 1.000000000000000000, 0.9238795325112869605, 1.000000000000000000, 0.9238795325112869605, 1.000000000000000000, 0.9238795325112869605, 1.000000000000000000, 0.9238795325112869605, 1.000000000000000000, 0.9238795325112869605, 1.000000000000000000, 0.9238795325112869605, 1.000000000000000000, 0.9238795325112869605, 1.000000000000000000, 0.9238795325112869605, 1.000000000000000000, 0.9238795325112869605, 1.000000000000000000, 0.9238795325112869605, 1.000000000000000000, 0.9238795325112869605, 1.000000000000000000, 0.9238795325112869605, 1.000000000000000000, 0.9238795325112869605, 1.000000000000000000, 0.9238795325112869605, 1.000000000000000000, 0.9238795325112869605, 1.000000000000000000, 0.9238795325112869605, 1.000000000000000000, 0.9238795325112869605, 1.000000000000000000, 0.9238795325112869605, 1.000000000000000000, 0.9238795325112869605, 1.000000000000000000, 0.9238795325112869605, 1.000000000000000000, 0.9238795325112869605, 1.000000000000000000, 0.9238795325112869605, 1.000000000000000000, 0.9238795325112869605, 1.000000000000000000, 0.9238795325112869605, 1.000000000000000000, 0.9238795325112869605, 1.000000000000000000, 0.9238795325112869605, 1.000000000000000000, 0.9238795325112869605, 1.000000000000000000, 0.9238795325112869605, 1.000000000000000000, 0.9238795325112869605, 1.000000000000000000, 0.9238795325112869605, 1.000000000000000000, 0.9238795325112869605, 1.000000000000000000, 0.9238795325112869605, 1.000000000000000000, 0.9238795325112869605, 1.000000000000000000, 0.9238795325112869605, 1.000000000000000000, 0.9238795325112869605, 1.000000000000000000, 0.9238795325112869605, 1.000000000000000000, 0.9238795325112869605, 1.000000000000000000, 0.9238795325112869605, 1.000000000000000000, 0.9238795325112869605, 1.000000000000000000, 0.9238795325112869605, 1.000000000000000000, 0.9238795325112869605, 1.000000000000000000, 0.9238795325112869605, 1.000000000000000000, 0.9493987216477990376, 0.9660721055605550056 ) ) 
 REPRESENTATION_ITEM ( '' )  );
#4563 = CARTESIAN_POINT ( 'NONE',  ( -8.270296309429049586, 1.012819190334226073E-15, -43.00625000204840376 ) ) ;
#4564 = VERTEX_POINT ( 'NONE', #4269 ) ;
#4565 = CARTESIAN_POINT ( 'NONE',  ( 0.06736822371450031099, -1.215010853268924329, 3.889992212895973633 ) ) ;
#4566 = ORIENTED_EDGE ( 'NONE', *, *, #2308, .T. ) ;
#4567 = CARTESIAN_POINT ( 'NONE',  ( 11.38466659687209948, -7.255299199761470419, -30.09999999999999787 ) ) ;
#4568 = CARTESIAN_POINT ( 'NONE',  ( -1.015353703670189902E-13, 0.000000000000000000, -29.60000000000000142 ) ) ;
#4569 = CARTESIAN_POINT ( 'NONE',  ( -2.066017416778304749, 4.237642026876939037E-14, 17.88103945618285096 ) ) ;
#4570 = CARTESIAN_POINT ( 'NONE',  ( -10.96999999997886022, 1.343437538662049941E-15, -21.00000000000000000 ) ) ;
#4571 = ADVANCED_FACE ( 'NONE', ( #1091 ), #8210, .T. ) ;
#4572 = CARTESIAN_POINT ( 'NONE',  ( 3.761968395621567929, -9.082195121928899439, -43.56875000409681320 ) ) ;
#4573 = CARTESIAN_POINT ( 'NONE',  ( -9.082195121929059312, -3.761968395621714034, -43.94375000409678478 ) ) ;
#4574 = CARTESIAN_POINT ( 'NONE',  ( 3.761968395621556382, 9.082195121928899439, -47.31875000000005826 ) ) ;
#4575 = DIRECTION ( 'NONE',  ( 1.000000000000000000, 0.000000000000000000, -6.112085292819410516E-15 ) ) ;
#4576 = DIRECTION ( 'NONE',  ( 1.000000000000000000, 0.000000000000000000, -3.162668142169861429E-15 ) ) ;
#4577 = CARTESIAN_POINT ( 'NONE',  ( 5.847982602819119968, -5.847982602819249642, -39.81875000204845350 ) ) ;
#4578 = DIRECTION ( 'NONE',  ( 0.9999966940636209056, 0.000000000000000000, 0.002571354084718399918 ) ) ;
#4579 = CARTESIAN_POINT ( 'NONE',  ( 11.16607086920370051, 7.173894122309550703, -29.67546564050539359 ) ) ;
#4580 = CARTESIAN_POINT ( 'NONE',  ( 0.000000000000000000, 0.000000000000000000, 0.000000000000000000 ) ) ;
#4581 = ORIENTED_EDGE ( 'NONE', *, *, #8377, .F. ) ;
#4582 = CARTESIAN_POINT ( 'NONE',  ( -8.270296309429058468, -3.425668896209603798, -44.78750000204841086 ) ) ;
#4583 = CARTESIAN_POINT ( 'NONE',  ( -3.523073222056484877, 7.825728603963339580, -52.10000000000000142 ) ) ;
#4584 = DIRECTION ( 'NONE',  ( -1.000000000000000000, 0.000000000000000000, 3.430248998885766176E-15 ) ) ;
#4585 = SURFACE_STYLE_FILL_AREA ( #7819 ) ;
#4586 = CARTESIAN_POINT ( 'NONE',  ( -9.082195121929080628, 1.112248118530191819E-15, -51.35000000000000142 ) ) ;
#4587 = EDGE_CURVE ( 'NONE', #8364, #2593, #5373, .T. ) ;
#4588 = CARTESIAN_POINT ( 'NONE',  ( -1.786272724162489857E-13, -8.270296309428900372, -51.63125000204839665 ) ) ;
#4589 = DIRECTION ( 'NONE',  ( 0.000000000000000000, 1.000000000000000000, 0.000000000000000000 ) ) ;
#4590 = VERTEX_POINT ( 'NONE', #445 ) ;
#4591 = CARTESIAN_POINT ( 'NONE',  ( -1.392976761726977944E-13, 8.270296309428900372, -40.75625000204840376 ) ) ;
#4592 = CARTESIAN_POINT ( 'NONE',  ( -1.424375171504515203, 8.805324010394683043, -51.96901633577098778 ) ) ;
#4593 = ORIENTED_EDGE ( 'NONE', *, *, #6737, .T. ) ;
#4594 = UNCERTAINTY_MEASURE_WITH_UNIT (LENGTH_MEASURE( 1.000000000000000082E-05 ), #6598, 'distance_accuracy_value', 'NONE');
#4595 = CARTESIAN_POINT ( 'NONE',  ( -14.73210686556417848, 0.1239423528310865663, 10.90589176623517531 ) ) ;
#4596 = CIRCLE ( 'NONE', #4183, 18.00000000000000000 ) ;
#4597 = EDGE_CURVE ( 'NONE', #2803, #5486, #4414, .T. ) ;
#4598 = ORIENTED_EDGE ( 'NONE', *, *, #118, .F. ) ;
#4599 = FACE_OUTER_BOUND ( 'NONE', #133, .T. ) ;
#4600 = CARTESIAN_POINT ( 'NONE',  ( -1.516170057507509889E-13, 44.20000000000000284, 0.000000000000000000 ) ) ;
#4601 = CARTESIAN_POINT ( 'NONE',  ( 14.70496591718118573, 0.1664557563035817811, 11.01447734743073958 ) ) ;
#4602 = CARTESIAN_POINT ( 'NONE',  ( -8.270296309429046033, -3.425668896209603798, -41.41250000204841086 ) ) ;
#4603 = FACE_OUTER_BOUND ( 'NONE', #2678, .T. ) ;
#4604 = CARTESIAN_POINT ( 'NONE',  ( 8.270296309428744053, -3.425668896209614456, -45.35000000204846771 ) ) ;
#4605 = ORIENTED_EDGE ( 'NONE', *, *, #1724, .F. ) ;
#4606 = EDGE_CURVE ( 'NONE', #893, #3447, #5911, .T. ) ;
#4607 = DIRECTION ( 'NONE',  ( 1.000000000000000000, 0.000000000000000000, 1.224646799147353454E-16 ) ) ;
#4608 = VERTEX_POINT ( 'NONE', #2354 ) ;
#4609 = CARTESIAN_POINT ( 'NONE',  ( 8.270296309428720960, 3.425668896209609571, -53.03750000204845350 ) ) ;
#4610 = CARTESIAN_POINT ( 'NONE',  ( -12.02286445995606634, 5.832603891652265560, -36.44427273930694611 ) ) ;
#4611 = CARTESIAN_POINT ( 'NONE',  ( -2.174861896243805326, 0.1306836425869014606, 18.20770645377056951 ) ) ;
#4612 = B_SPLINE_CURVE_WITH_KNOTS ( 'NONE', 3,
 ( #8038, #3439, #4851, #2209, #2935, #4806, #1657, #2979, #3609, #4205, #3517, #2892 ),
 .UNSPECIFIED., .F., .F.,
 ( 4, 2, 2, 2, 2, 4 ),
 ( 0.000000000000000000, 0.2500000000000018319, 0.3750000000000024980, 0.4375000000000026090, 0.5000000000000026645, 1.000000000000000000 ),
 .UNSPECIFIED. ) ;
#4613 = LINE ( 'NONE', #2019, #3008 ) ;
#4614 = CARTESIAN_POINT ( 'NONE',  ( -8.270260644865935262, -0.3615267104867020409, -52.09999996379885800 ) ) ;
#4615 = CIRCLE ( 'NONE', #1498, 4.299999999999844391 ) ;
#4616 = CARTESIAN_POINT ( 'NONE',  ( 6.422081758775149751, -6.422081758775310512, -46.47500000409679899 ) ) ;
#4617 = CARTESIAN_POINT ( 'NONE',  ( 9.082195121928741344, 0.000000000000000000, -47.60000000000000142 ) ) ;
#4618 = PLANE ( 'NONE',  #2106 ) ;
#4619 = CARTESIAN_POINT ( 'NONE',  ( 8.908675964384096702, 0.7801722717773814653, -51.97918210880427381 ) ) ;
#4620 = CARTESIAN_POINT ( 'NONE',  ( 0.000000000000000000, 0.000000000000000000, 3.889999999999999680 ) ) ;
#4621 = LINE ( 'NONE', #1344, #3575 ) ;
#4622 = CARTESIAN_POINT ( 'NONE',  ( 8.582195121928720027, 0.000000000000000000, -51.60000000000000142 ) ) ;
#4623 = CIRCLE ( 'NONE', #3527, 2.500000000000000000 ) ;
#4624 = CYLINDRICAL_SURFACE ( 'NONE', #7444, 18.50000000000000000 ) ;
#4625 = ORIENTED_EDGE ( 'NONE', *, *, #4115, .T. ) ;
#4626 = CARTESIAN_POINT ( 'NONE',  ( -3.425668896209765446, -8.270296309428895043, -44.60000000204843218 ) ) ;
#4627 = LINE ( 'NONE', #2672, #8292 ) ;
#4628 = DIRECTION ( 'NONE',  ( 1.000000000000000000, 0.000000000000000000, 0.000000000000000000 ) ) ;
#4629 =( NAMED_UNIT ( * ) PLANE_ANGLE_UNIT ( ) SI_UNIT ( $, .RADIAN. ) );
#4630 = CARTESIAN_POINT ( 'NONE',  ( -10.97269291361753929, -6.971370756418460601, -29.60000000000000142 ) ) ;
#4631 = AXIS2_PLACEMENT_3D ( 'NONE', #4395, #1714, #4259 ) ;
#4632 = CARTESIAN_POINT ( 'NONE',  ( -3.425668896209776104, 8.270296309428895043, -50.78750000204844639 ) ) ;
#4633 = CONICAL_SURFACE ( 'NONE', #5720, 3.889999999999999680, 1.221730476396036602 ) ;
#4634 = CARTESIAN_POINT ( 'NONE',  ( -5.847982602819420173, -5.847982602819249642, -47.69375000204840376 ) ) ;
#4635 = ORIENTED_EDGE ( 'NONE', *, *, #1114, .F. ) ;
#4636 = CARTESIAN_POINT ( 'NONE',  ( 5.847982602819110198, -5.847982602819249642, -41.31875000204845350 ) ) ;
#4637 = CARTESIAN_POINT ( 'NONE',  ( 14.42905379747398520, 20.91814576058650843, -11.27899816460568871 ) ) ;
#4638 = VERTEX_POINT ( 'NONE', #5605 ) ;
#4639 = AXIS2_PLACEMENT_3D ( 'NONE', #4352, #5637, #5717 ) ;
#4640 = VECTOR ( 'NONE', #8313, 1000.000000000000000 ) ;
#4641 = AXIS2_PLACEMENT_3D ( 'NONE', #3708, #2430, #2518 ) ;
#4642 = EDGE_CURVE ( 'NONE', #1355, #7201, #2376, .T. ) ;
#4643 = CARTESIAN_POINT ( 'NONE',  ( -14.67431844681198960, 0.06262453443702757638, 10.84088132262493254 ) ) ;
#4644 = DIRECTION ( 'NONE',  ( 0.000000000000000000, -3.766086895811296027E-06, -0.9999999999929083394 ) ) ;
#4645 = CARTESIAN_POINT ( 'NONE',  ( -0.5440043450540417158, -13.32451729662686901, -29.72928687070372433 ) ) ;
#4646 = EDGE_CURVE ( 'NONE', #1876, #1574, #957, .T. ) ;
#4647 = CARTESIAN_POINT ( 'NONE',  ( -8.270296309429049586, 1.012819190334226073E-15, -44.50625000204840376 ) ) ;
#4648 = CARTESIAN_POINT ( 'NONE',  ( -9.082195121928984705, -3.761968395621791750, -45.44375000409676346 ) ) ;
#4649 = EDGE_CURVE ( 'NONE', #8327, #295, #269, .T. ) ;
#4650 = CARTESIAN_POINT ( 'NONE',  ( 5.847982602819110198, 5.847982602819249642, -42.06875000204845350 ) ) ;
#4651 = ORIENTED_EDGE ( 'NONE', *, *, #2684, .T. ) ;
#4652 = CARTESIAN_POINT ( 'NONE',  ( -16.75156898722737253, 0.07847758073378244270, -7.293250878585435082 ) ) ;
#4653 = EDGE_LOOP ( 'NONE', ( #2387, #4481 ) ) ;
#4654 = CARTESIAN_POINT ( 'NONE',  ( -3.425668896209781877, 8.270296309428905701, -51.16250000204840376 ) ) ;
#4655 = DIRECTION ( 'NONE',  ( 0.000000000000000000, 0.000000000000000000, 1.000000000000000000 ) ) ;
#4656 = CYLINDRICAL_SURFACE ( 'NONE', #595, 9.082195121928901216 ) ;
#4657 = EDGE_CURVE ( 'NONE', #5411, #5630, #5088, .T. ) ;
#4658 = CARTESIAN_POINT ( 'NONE',  ( 11.32730072484650030, 7.344539351714740150, -36.09999999998014886 ) ) ;
#4659 = EDGE_CURVE ( 'NONE', #7566, #8317, #2763, .T. ) ;
#4660 = CARTESIAN_POINT ( 'NONE',  ( -9.082195121929052206, 1.112248118530191819E-15, -44.03750000409674925 ) ) ;
#4661 = DIRECTION ( 'NONE',  ( 3.429104545535670493E-15, 0.000000000000000000, 1.000000000000000000 ) ) ;
#4662 = CARTESIAN_POINT ( 'NONE',  ( -1.506832125664009914E-13, 43.46900000000000119, -7.625000000000000000 ) ) ;
#4663 = CARTESIAN_POINT ( 'NONE',  ( -8.765659117723380689, 2.376865260098945054, -51.60000000000000142 ) ) ;
#4664 = CARTESIAN_POINT ( 'NONE',  ( 3.149999999999999911, 4.491785094295289937, -7.041893596023440204E-16 ) ) ;
#4665 = CARTESIAN_POINT ( 'NONE',  ( -13.50000000000000000, 0.000000000000000000, -36.60000000000000142 ) ) ;
#4666 = CARTESIAN_POINT ( 'NONE',  ( -11.02713726250611970, 6.884928742830109805, -29.60000000000000142 ) ) ;
#4667 = CARTESIAN_POINT ( 'NONE',  ( -17.00005620110424687, 27.20584413604660057, 2.075861664750705230E-15 ) ) ;
#4668 = ORIENTED_EDGE ( 'NONE', *, *, #1654, .T. ) ;
#4669 = CARTESIAN_POINT ( 'NONE',  ( -8.270296309429046033, 3.425668896209609571, -41.97500000204840376 ) ) ;
#4670 = CARTESIAN_POINT ( 'NONE',  ( -5.554161534204981265, 6.383291713293751890, -52.09992490213578265 ) ) ;
#4671 = ADVANCED_FACE ( 'NONE', ( #2957 ), #2102, .T. ) ;
#4672 = CARTESIAN_POINT ( 'NONE',  ( -1.771684865973414806E-13, -9.082195121928901216, -51.16250000409679899 ) ) ;
#4673 = SURFACE_SIDE_STYLE ('',( #4585 ) ) ;
#4674 = CARTESIAN_POINT ( 'NONE',  ( 3.149999999999999911, -0.6256996084384669476, -3.889999999999999680 ) ) ;
#4675 = CARTESIAN_POINT ( 'NONE',  ( 8.270296309428722736, 3.425668896209603798, -51.16250000204840376 ) ) ;
#4676 = CARTESIAN_POINT ( 'NONE',  ( 8.270296309428740500, 0.000000000000000000, -47.13125000204840376 ) ) ;
#4677 = ORIENTED_EDGE ( 'NONE', *, *, #4659, .T. ) ;
#4678 = AXIS2_PLACEMENT_3D ( 'NONE', #5393, #2147, #7342 ) ;
#4679 = CARTESIAN_POINT ( 'NONE',  ( -6.422081758775489924, 6.422081758775310512, -51.53750000000000142 ) ) ;
#4680 = VERTEX_POINT ( 'NONE', #2315 ) ;
#4681 = AXIS2_PLACEMENT_3D ( 'NONE', #2325, #882, #2280 ) ;
#4682 = DIRECTION ( 'NONE',  ( -1.000000000000000000, -3.469446951953614189E-15, 0.000000000000000000 ) ) ;
#4683 = AXIS2_PLACEMENT_3D ( 'NONE', #4533, #5049, #664 ) ;
#4684 = AXIS2_PLACEMENT_3D ( 'NONE', #8360, #4661, #7256 ) ;
#4685 = EDGE_CURVE ( 'NONE', #3968, #2235, #4002, .T. ) ;
#4686 = AXIS2_PLACEMENT_3D ( 'NONE', #6902, #4093, #6697 ) ;
#4687 = CARTESIAN_POINT ( 'NONE',  ( -10.95524818842706161, 26.11076444544931974, 13.29652150093459184 ) ) ;
#4688 = AXIS2_PLACEMENT_3D ( 'NONE', #7373, #4010, #7412 ) ;
#4689 = CARTESIAN_POINT ( 'NONE',  ( -10.79398822622307463, -7.649791474604365149, -36.54418751732140436 ) ) ;
#4690 = CIRCLE ( 'NONE', #3324, 13.00000000000000000 ) ;
#4691 = DIRECTION ( 'NONE',  ( 1.000000000000000000, 3.000602769257179956E-15, 0.000000000000000000 ) ) ;
#4692 = CARTESIAN_POINT ( 'NONE',  ( 5.847982602819110198, -5.847982602819249642, -40.94375000204845350 ) ) ;
#4693 = DIRECTION ( 'NONE',  ( 0.000000000000000000, -1.000000000000000000, 0.000000000000000000 ) ) ;
#4694 = TOROIDAL_SURFACE ( 'NONE', #6187, 11.50000000000000000, 0.5000000000000000000 ) ;
#4695 = CARTESIAN_POINT ( 'NONE',  ( 5.847982602819119968, 5.847982602819249642, -39.06875000204845350 ) ) ;
#4696 = EDGE_CURVE ( 'NONE', #388, #6474, #8348, .T. ) ;
#4697 = VERTEX_POINT ( 'NONE', #5723 ) ;
#4698 = CARTESIAN_POINT ( 'NONE',  ( -11.97268519435050038, -6.975299938854259807, -40.00000000000000000 ) ) ;
#4699 = CARTESIAN_POINT ( 'NONE',  ( -1.696228687941739673E-13, -8.270296309428900372, -49.00625000204840376 ) ) ;
#4700 = CARTESIAN_POINT ( 'NONE',  ( -1.715124499443544942E-15, 0.5000000000000560663, 0.000000000000000000 ) ) ;
#4701 = CARTESIAN_POINT ( 'NONE',  ( -17.01870763777180073, 20.00000000000000000, 7.253522615946500274 ) ) ;
#4702 = TOROIDAL_SURFACE ( 'NONE', #2521, 11.00000000000000000, 2.500000000000000000 ) ;
#4703 = DIRECTION ( 'NONE',  ( 3.215816279463905255E-15, 0.000000000000000000, 1.000000000000000000 ) ) ;
#4704 = CARTESIAN_POINT ( 'NONE',  ( 3.761968395621561712, 9.082195121928897663, -44.50625000409684873 ) ) ;
#4705 = CARTESIAN_POINT ( 'NONE',  ( 3.425668896209446590, -8.270296309428895043, -47.03750000204841797 ) ) ;
#4706 = ADVANCED_FACE ( 'NONE', ( #6358 ), #3796, .T. ) ;
#4707 = FACE_OUTER_BOUND ( 'NONE', #4383, .T. ) ;
#4708 = CYLINDRICAL_SURFACE ( 'NONE', #6000, 11.00000000000000000 ) ;
#4709 = DIRECTION ( 'NONE',  ( 3.469446951953645349E-15, 0.000000000000000000, 1.000000000000000000 ) ) ;
#4710 = FACE_OUTER_BOUND ( 'NONE', #3321, .T. ) ;
#4711 = DIRECTION ( 'NONE',  ( -3.430248998885765387E-15, 1.000000000000000000, 0.000000000000000000 ) ) ;
#4712 = CARTESIAN_POINT ( 'NONE',  ( 0.01928145117932736699, -0.6525028652878479551, -3.889700381948900887 ) ) ;
#4713 = VERTEX_POINT ( 'NONE', #1211 ) ;
#4714 = CARTESIAN_POINT ( 'NONE',  ( 5.847982602819119968, -5.847982602819249642, -39.81875000204845350 ) ) ;
#4715 = CARTESIAN_POINT ( 'NONE',  ( -5.979459498322767352, 5.944510373282179572, -52.09999317518681039 ) ) ;
#4716 = CARTESIAN_POINT ( 'NONE',  ( 9.082195121928759107, 0.000000000000000000, -40.09999999999999432 ) ) ;
#4717 = CARTESIAN_POINT ( 'NONE',  ( 0.6281108632936891478, 13.46641370802669790, -36.25969719739249797 ) ) ;
#4718 = CARTESIAN_POINT ( 'NONE',  ( 10.97000000000086040, 0.000000000000000000, 260.0852191789194876 ) ) ;
#4719 = CARTESIAN_POINT ( 'NONE',  ( 5.847982602819069342, -5.847982602819249642, -51.44375000204840376 ) ) ;
#4720 = CARTESIAN_POINT ( 'NONE',  ( -8.270296309429070902, 1.012819190334226073E-15, -50.88125000204840376 ) ) ;
#4721 = ADVANCED_FACE ( 'NONE', ( #8393 ), #6597, .T. ) ;
#4722 = EDGE_LOOP ( 'NONE', ( #4458, #677, #7600, #5063 ) ) ;
#4723 = AXIS2_PLACEMENT_3D ( 'NONE', #1180, #4968, #3723 ) ;
#4724 = CARTESIAN_POINT ( 'NONE',  ( 8.270296309428754711, -3.425668896209614456, -41.22500000204841797 ) ) ;
#4725 = ORIENTED_EDGE ( 'NONE', *, *, #1397, .T. ) ;
#4726 = CARTESIAN_POINT ( 'NONE',  ( -1.466444361194735806E-13, 9.082195121928901216, -42.91250000409679899 ) ) ;
#4727 = CARTESIAN_POINT ( 'NONE',  ( -8.579910659176785970, 27.20588806981756491, 14.67608613087777059 ) ) ;
#4728 = CARTESIAN_POINT ( 'NONE',  ( -1.051371318158489976E-13, 30.64999999999999858, 0.000000000000000000 ) ) ;
#4729 = ADVANCED_FACE ( 'NONE', ( #3837 ), #2527, .T. ) ;
#4730 = DIRECTION ( 'NONE',  ( 1.000000000000000000, 0.000000000000000000, -3.162668142169861429E-15 ) ) ;
#4731 = AXIS2_PLACEMENT_3D ( 'NONE', #6976, #1817, #4417 ) ;
#4732 = CARTESIAN_POINT ( 'NONE',  ( -3.964695476707099515E-14, 11.55803989154983924, 0.000000000000000000 ) ) ;
#4733 = CARTESIAN_POINT ( 'NONE',  ( 8.270296309428770698, 0.000000000000000000, -39.25625000204845350 ) ) ;
#4734 = VERTEX_POINT ( 'NONE', #1135 ) ;
#4735 = CARTESIAN_POINT ( 'NONE',  ( 9.082195121928759107, 0.000000000000000000, -41.60000000000000142 ) ) ;
#4736 = AXIS2_PLACEMENT_3D ( 'NONE', #5031, #7629, #5203 ) ;
#4737 = CARTESIAN_POINT ( 'NONE',  ( 5.847982602819080000, -5.847982602819249642, -50.31875000204840376 ) ) ;
#4738 = DIRECTION ( 'NONE',  ( 6.112085292819410516E-15, 0.000000000000000000, 1.000000000000000000 ) ) ;
#4739 = CARTESIAN_POINT ( 'NONE',  ( 8.921570627134731097E-13, 0.000000000000000000, 260.0852191789194876 ) ) ;
#4740 = ADVANCED_FACE ( 'NONE', ( #5849, #5764 ), #522, .F. ) ;
#4741 = AXIS2_PLACEMENT_3D ( 'NONE', #5264, #5987, #7895 ) ;
#4742 = CARTESIAN_POINT ( 'NONE',  ( -1.411508721090412050E-13, -9.082195121928901216, -40.66250000409679899 ) ) ;
#4743 = CARTESIAN_POINT ( 'NONE',  ( 8.270296309428744053, 3.425668896209603798, -46.66250000204846060 ) ) ;
#4744 = CARTESIAN_POINT ( 'NONE',  ( -3.761968395621854810, 9.082195121928899439, -39.81875000409679899 ) ) ;
#4745 = CARTESIAN_POINT ( 'NONE',  ( 6.846026458256890379, 5.849313007132797004, -51.88072268759897554 ) ) ;
#4746 = ORIENTED_EDGE ( 'NONE', *, *, #4032, .F. ) ;
#4747 = CARTESIAN_POINT ( 'NONE',  ( -1.032504948664619993E-13, 0.000000000000000000, -30.09999999999999787 ) ) ;
#4748 = FACE_OUTER_BOUND ( 'NONE', #3879, .T. ) ;
#4749 = CARTESIAN_POINT ( 'NONE',  ( -12.56089075407778566, 6.667179625635128559, 0.7888611773112758074 ) ) ;
#4750 = CARTESIAN_POINT ( 'NONE',  ( 1.639829176630759940E-12, -478.0496043183500205, 0.000000000000000000 ) ) ;
#4751 = AXIS2_PLACEMENT_3D ( 'NONE', #6519, #8383, #3283 ) ;
#4752 = EDGE_CURVE ( 'NONE', #4713, #5010, #6999, .T. ) ;
#4753 = ORIENTED_EDGE ( 'NONE', *, *, #7051, .T. ) ;
#4754 = CARTESIAN_POINT ( 'NONE',  ( 14.78511618392398397, 0.2098687136481781346, -10.96530964827070775 ) ) ;
#4755 = CARTESIAN_POINT ( 'NONE',  ( -3.818879967621548133, 7.674577754914084338, -52.09999999999980957 ) ) ;
#4756 = DIRECTION ( 'NONE',  ( -1.000000000000000000, 1.224646799147353454E-16, 0.000000000000000000 ) ) ;
#4757 = CARTESIAN_POINT ( 'NONE',  ( -9.082195121928934967, -3.761968395621857919, -48.44375000409679899 ) ) ;
#4758 = CARTESIAN_POINT ( 'NONE',  ( 0.6523347623144367669, -13.33203266007613763, -29.74093582497116728 ) ) ;
#4759 = DIRECTION ( 'NONE',  ( 1.000000000000000000, 4.116867168269976656E-15, 0.000000000000000000 ) ) ;
#4760 = CARTESIAN_POINT ( 'NONE',  ( 8.270296309428720960, 0.000000000000000000, -51.63125000204849613 ) ) ;
#4761 = AXIS2_PLACEMENT_3D ( 'NONE', #3684, #1770, #619 ) ;
#4762 = ORIENTED_EDGE ( 'NONE', *, *, #3204, .F. ) ;
#4763 = CARTESIAN_POINT ( 'NONE',  ( 6.422081758775140869, 6.422081758775310512, -50.41250000000000142 ) ) ;
#4764 = ORIENTED_EDGE ( 'NONE', *, *, #12, .F. ) ;
#4765 = AXIS2_PLACEMENT_3D ( 'NONE', #2516, #45, #8382 ) ;
#4766 = AXIS2_PLACEMENT_3D ( 'NONE', #4502, #5868, #7777 ) ;
#4767 = DIRECTION ( 'NONE',  ( -3.430248998885765387E-15, 0.000000000000000000, -1.000000000000000000 ) ) ;
#4768 = ORIENTED_EDGE ( 'NONE', *, *, #2445, .T. ) ;
#4769 = CARTESIAN_POINT ( 'NONE',  ( -8.870859319510426388, 27.18793805090706783, 14.50708183088472047 ) ) ;
#4770 = CARTESIAN_POINT ( 'NONE',  ( -6.354901540443149699, 7.782509830400069380E-16, -52.10000000000000142 ) ) ;
#4771 = VECTOR ( 'NONE', #2264, 1000.000000000000000 ) ;
#4772 = DIRECTION ( 'NONE',  ( 1.000000000000000000, 0.000000000000000000, 0.000000000000000000 ) ) ;
#4773 = AXIS2_PLACEMENT_3D ( 'NONE', #2005, #4995, #6564 ) ;
#4774 = CARTESIAN_POINT ( 'NONE',  ( -1.373530286893637875, -13.03932211443319922, -36.59999999999999432 ) ) ;
#4775 = EDGE_CURVE ( 'NONE', #859, #2514, #4690, .T. ) ;
#4776 = CARTESIAN_POINT ( 'NONE',  ( -4.299999999999999822, 0.000000000000000000, -1.103146070376839827E-14 ) ) ;
#4777 = ORIENTED_EDGE ( 'NONE', *, *, #2140, .T. ) ;
#4778 = DIRECTION ( 'NONE',  ( -3.430248998885765387E-15, 0.000000000000000000, -1.000000000000000000 ) ) ;
#4779 = CARTESIAN_POINT ( 'NONE',  ( 8.270296309428744053, 3.425668896209609571, -44.03750000204843928 ) ) ;
#4780 = LINE ( 'NONE', #222, #4771 ) ;
#4781 = CARTESIAN_POINT ( 'NONE',  ( 0.05325081228750523643, 2.830464972573883742, -2.877876959354464859 ) ) ;
#4782 = CARTESIAN_POINT ( 'NONE',  ( 6.422081758775170179, -6.422081758775310512, -40.47500000409684162 ) ) ;
#4783 = CARTESIAN_POINT ( 'NONE',  ( 8.270296309428720960, 0.000000000000000000, -51.25625000204850323 ) ) ;
#4784 = FILL_AREA_STYLE ('',( #954 ) ) ;
#4785 = CARTESIAN_POINT ( 'NONE',  ( -16.98117996039294653, 0.5000000000000000000, -7.340948654823019837 ) ) ;
#4786 = ORIENTED_EDGE ( 'NONE', *, *, #6267, .T. ) ;
#4787 = DIRECTION ( 'NONE',  ( -3.340948916696100036E-15, 0.000000000000000000, -1.000000000000000000 ) ) ;
#4788 = CARTESIAN_POINT ( 'NONE',  ( 14.50741434793462048, 9.922741798777749782E-14, -10.65527704648449969 ) ) ;
#4789 = CARTESIAN_POINT ( 'NONE',  ( 10.74434883591664303, 26.29128106975890589, -13.41901524582865868 ) ) ;
#4790 = CARTESIAN_POINT ( 'NONE',  ( -1.238319888597766067E-13, 0.000000000000000000, -36.10000000000000142 ) ) ;
#4791 = CARTESIAN_POINT ( 'NONE',  ( -2.103462127772804981E-14, 6.134966757041810048, 0.000000000000000000 ) ) ;
#4792 = EDGE_LOOP ( 'NONE', ( #2, #6753, #4879, #2789, #358 ) ) ;
#4793 = CARTESIAN_POINT ( 'NONE',  ( -8.270296309429038928, 1.012819190334226073E-15, -40.38125000204840376 ) ) ;
#4794 = CARTESIAN_POINT ( 'NONE',  ( 16.98805635375003575, 24.24352874542819691, 4.664676382872572802 ) ) ;
#4795 = CARTESIAN_POINT ( 'NONE',  ( -17.00643646814544852, 8.599999999999999645, 2.481278633070430395 ) ) ;
#4796 = CARTESIAN_POINT ( 'NONE',  ( 1.373530286959389279, 13.03932211439733280, -36.60000000000000853 ) ) ;
#4797 = CARTESIAN_POINT ( 'NONE',  ( 0.000000000000000000, 0.000000000000000000, 0.000000000000000000 ) ) ;
#4798 = CARTESIAN_POINT ( 'NONE',  ( -5.847982602819409514, 5.847982602819249642, -44.69375000204840376 ) ) ;
#4799 = ADVANCED_FACE ( 'NONE', ( #1295, #1254 ), #3119, .F. ) ;
#4800 = CARTESIAN_POINT ( 'NONE',  ( 8.270296309428722736, -3.425668896209614456, -51.72500000204841797 ) ) ;
#4801 = ORIENTED_EDGE ( 'NONE', *, *, #3040, .T. ) ;
#4802 = CARTESIAN_POINT ( 'NONE',  ( -6.422081758775470384, 6.422081758775310512, -48.53749999999999432 ) ) ;
#4803 = VERTEX_POINT ( 'NONE', #5038 ) ;
#4804 = ADVANCED_FACE ( 'NONE', ( #6487 ), #1935, .T. ) ;
#4805 = CARTESIAN_POINT ( 'NONE',  ( 11.97608796615601889, 6.109281220152680270, -36.10000000000000142 ) ) ;
#4806 = CARTESIAN_POINT ( 'NONE',  ( 0.08314105332028967621, 4.045386845185301894, -0.7734214886973055370 ) ) ;
#4807 = ORIENTED_EDGE ( 'NONE', *, *, #4028, .F. ) ;
#4808 = EDGE_CURVE ( 'NONE', #4853, #1818, #448, .T. ) ;
#4809 = CARTESIAN_POINT ( 'NONE',  ( -10.74434883591779588, 26.29128106975161927, 13.41901524582980265 ) ) ;
#4810 = CARTESIAN_POINT ( 'NONE',  ( -10.85948054893220771, -7.612209789021895823, -36.52607879069478969 ) ) ;
#4811 = ORIENTED_EDGE ( 'NONE', *, *, #3721, .T. ) ;
#4812 = ADVANCED_FACE ( 'NONE', ( #7003, #1173 ), #4442, .F. ) ;
#4813 = PLANE ( 'NONE',  #2573 ) ;
#4814 = TOROIDAL_SURFACE ( 'NONE', #6314, 6.354901540442970287, 0.5000000000000000000 ) ;
#4815 = AXIS2_PLACEMENT_3D ( 'NONE', #1846, #4319, #7675 ) ;
#4816 = CARTESIAN_POINT ( 'NONE',  ( 2.227618966549290036, 0.5000000000000560663, -18.36539446186409918 ) ) ;
#4817 = CIRCLE ( 'NONE', #7271, 13.50000000000000000 ) ;
#4818 = ORIENTED_EDGE ( 'NONE', *, *, #4646, .T. ) ;
#4819 = DIRECTION ( 'NONE',  ( -1.000000000000000000, 0.000000000000000000, 3.430248998885765387E-15 ) ) ;
#4820 = CARTESIAN_POINT ( 'NONE',  ( -8.270296309429058468, -3.425668896209603798, -46.28750000204838244 ) ) ;
#4821 = DIRECTION ( 'NONE',  ( 6.112085292819410516E-15, 0.000000000000000000, 1.000000000000000000 ) ) ;
#4822 = ADVANCED_FACE ( 'NONE', ( #701 ), #6866, .T. ) ;
#4823 = CIRCLE ( 'NONE', #8347, 0.5000000000000004441 ) ;
#4824 = CARTESIAN_POINT ( 'NONE',  ( 0.03617803780967768917, 2.925909153295908727, -2.712279213445655035 ) ) ;
#4825 = CARTESIAN_POINT ( 'NONE',  ( -9.082195121929052206, 1.112248118530191819E-15, -42.53750000409674925 ) ) ;
#4826 = CARTESIAN_POINT ( 'NONE',  ( -1.734818989179205012E-13, -8.270296309428900372, -50.13125000204840376 ) ) ;
#4827 = CARTESIAN_POINT ( 'NONE',  ( 10.55333333332873913, 0.000000000000000000, -18.53496675703929952 ) ) ;
#4828 = CARTESIAN_POINT ( 'NONE',  ( 0.6969072952560089185, -13.48199985988053839, -36.25794255095073737 ) ) ;
#4829 = ORIENTED_EDGE ( 'NONE', *, *, #7434, .F. ) ;
#4830 = DIRECTION ( 'NONE',  ( 0.003929182435835272200, -0.9999922807328995855, -1.363209002567840886E-17 ) ) ;
#4831 = CARTESIAN_POINT ( 'NONE',  ( -11.21141915522540522, -7.222247411310588561, -29.72991898260763577 ) ) ;
#4832 = CARTESIAN_POINT ( 'NONE',  ( -7.222062113840698849, 5.490722497596718377, -51.69935809790830916 ) ) ;
#4833 = DIRECTION ( 'NONE',  ( 1.000000000000000000, 0.000000000000000000, -3.430248998885765387E-15 ) ) ;
#4834 = EDGE_CURVE ( 'NONE', #5832, #7498, #6244, .T. ) ;
#4835 = DIRECTION ( 'NONE',  ( 0.000000000000000000, -1.000000000000000000, 0.000000000000000000 ) ) ;
#4836 = ORIENTED_EDGE ( 'NONE', *, *, #6267, .F. ) ;
#4837 = CARTESIAN_POINT ( 'NONE',  ( 3.425668896209468350, -8.270296309428895043, -41.41250000204846771 ) ) ;
#4838 = CARTESIAN_POINT ( 'NONE',  ( -9.673302176857898883E-14, 0.000000000000000000, -28.19999999999999929 ) ) ;
#4839 =( BOUNDED_CURVE ( )  B_SPLINE_CURVE ( 2, ( #536, #579, #2451, #8408, #3175, #5737, #4538, #3134, #3811 ),
 .UNSPECIFIED., .F., .F. ) 
 B_SPLINE_CURVE_WITH_KNOTS ( ( 3, 2, 2, 2, 3 ),
 ( 0.5500000000000000444, 0.5625000000000000000, 0.5749999999999999556, 0.5875000000000000222, 0.5999999999999999778 ),
 .UNSPECIFIED. ) 
 CURVE ( )  GEOMETRIC_REPRESENTATION_ITEM ( )  RATIONAL_B_SPLINE_CURVE ( ( 1.000000000000000000, 0.9238795325112829637, 1.000000000000000000, 0.9238795325112869605, 1.000000000000000000, 0.9238795325112869605, 1.000000000000000000, 0.9238795325112869605, 1.000000000000000000 ) ) 
 REPRESENTATION_ITEM ( '' )  );
#4840 = CARTESIAN_POINT ( 'NONE',  ( 0.8948471401799275027, 13.31339209307614624, -36.46403866169373487 ) ) ;
#4841 =( NAMED_UNIT ( * ) SI_UNIT ( $, .STERADIAN. ) SOLID_ANGLE_UNIT ( ) );
#4842 = CARTESIAN_POINT ( 'NONE',  ( -3.425668896209761005, 8.270296309428895043, -44.78750000204841797 ) ) ;
#4843 = CARTESIAN_POINT ( 'NONE',  ( 5.847982602819110198, 5.847982602819249642, -40.94375000204845350 ) ) ;
#4844 = ORIENTED_EDGE ( 'NONE', *, *, #5200, .T. ) ;
#4845 = CARTESIAN_POINT ( 'NONE',  ( 9.082195121928741344, 0.000000000000000000, -46.10000000000000142 ) ) ;
#4846 = ORIENTED_EDGE ( 'NONE', *, *, #1963, .F. ) ;
#4847 = CARTESIAN_POINT ( 'NONE',  ( 8.921570627134731097E-13, 0.000000000000000000, 260.0852191789194876 ) ) ;
#4848 = EDGE_LOOP ( 'NONE', ( #1659, #2424, #3434, #5535, #7081, #2228, #4392 ) ) ;
#4849 = CARTESIAN_POINT ( 'NONE',  ( 8.270296309428744053, 3.425668896209603798, -43.66250000204847481 ) ) ;
#4850 = EDGE_CURVE ( 'NONE', #6977, #1293, #7945, .T. ) ;
#4851 = CARTESIAN_POINT ( 'NONE',  ( 0.1528420460098237621, 4.300609056749748582, -0.3310399784336336970 ) ) ;
#4852 = CARTESIAN_POINT ( 'NONE',  ( 3.589360208743854308, 22.86892159500440513, 17.54075412198849193 ) ) ;
#4853 = VERTEX_POINT ( 'NONE', #4011 ) ;
#4854 = CARTESIAN_POINT ( 'NONE',  ( -6.466757342799239971, 26.39975103224050557, 15.90337115438578408 ) ) ;
#4855 = ORIENTED_EDGE ( 'NONE', *, *, #4597, .T. ) ;
#4856 = CARTESIAN_POINT ( 'NONE',  ( -12.27712973615165915, 24.51654379630672764, -12.55470041455035712 ) ) ;
#4857 = ORIENTED_EDGE ( 'NONE', *, *, #3671, .T. ) ;
#4858 = DIRECTION ( 'NONE',  ( 0.000000000000000000, 0.000000000000000000, 1.000000000000000000 ) ) ;
#4859 = ADVANCED_FACE ( 'NONE', ( #6575 ), #8308, .T. ) ;
#4860 = ORIENTED_EDGE ( 'NONE', *, *, #1927, .T. ) ;
#4861 = CARTESIAN_POINT ( 'NONE',  ( 4.299999999999690736, 0.000000000000000000, -45.49717795502759543 ) ) ;
#4862 = CARTESIAN_POINT ( 'NONE',  ( 3.425668896209446590, -8.270296309428895043, -47.41250000204843928 ) ) ;
#4863 = CARTESIAN_POINT ( 'NONE',  ( -6.422081758775449956, 6.422081758775310512, -42.53750000000000142 ) ) ;
#4864 = AXIS2_PLACEMENT_3D ( 'NONE', #4457, #4498, #7057 ) ;
#4865 = DIRECTION ( 'NONE',  ( 1.000000000000000000, 0.000000000000000000, -6.112085292819410516E-15 ) ) ;
#4866 = EDGE_CURVE ( 'NONE', #1663, #7693, #4817, .T. ) ;
#4867 = CARTESIAN_POINT ( 'NONE',  ( 3.761968395621583472, -9.082195121928897663, -39.06875000409679899 ) ) ;
#4868 = CARTESIAN_POINT ( 'NONE',  ( 3.425668896209430159, 8.270296309428895043, -50.97500000204847481 ) ) ;
#4869 = CIRCLE ( 'NONE', #7718, 11.41666666666666075 ) ;
#4870 = CARTESIAN_POINT ( 'NONE',  ( -6.422081758775439297, 6.422081758775310512, -39.72500000409680609 ) ) ;
#4871 = CYLINDRICAL_SURFACE ( 'NONE', #8161, 0.5000000000000006661 ) ;
#4872 = ORIENTED_EDGE ( 'NONE', *, *, #4775, .T. ) ;
#4873 = CARTESIAN_POINT ( 'NONE',  ( -9.082195121928934967, -3.761968395621847261, -49.94375000409680609 ) ) ;
#4874 = CARTESIAN_POINT ( 'NONE',  ( -11.18893681234601800, -7.198765815344262187, -29.70337536862578531 ) ) ;
#4875 = CARTESIAN_POINT ( 'NONE',  ( 3.149999999999999911, 3.939999999999999947, 0.000000000000000000 ) ) ;
#4876 = DIRECTION ( 'NONE',  ( -1.000000000000000000, 0.000000000000000000, 0.000000000000000000 ) ) ;
#4877 = AXIS2_PLACEMENT_3D ( 'NONE', #4494, #8405, #6412 ) ;
#4878 = LINE ( 'NONE', #6069, #383 ) ;
#4879 = ORIENTED_EDGE ( 'NONE', *, *, #2926, .F. ) ;
#4880 = CARTESIAN_POINT ( 'NONE',  ( 0.1528420460095468725, -2.436993559367262918, -3.558916705672558134 ) ) ;
#4881 = CARTESIAN_POINT ( 'NONE',  ( 3.761968395621562156, 9.082195121928899439, -45.81875000000007248 ) ) ;
#4882 = CARTESIAN_POINT ( 'NONE',  ( 3.761968395621551053, -9.082195121928899439, -48.06875000409683452 ) ) ;
#4883 = CARTESIAN_POINT ( 'NONE',  ( -11.98026145660983843, -5.047111592908199995, -36.60000000000000142 ) ) ;
#4884 = CARTESIAN_POINT ( 'NONE',  ( -8.270296309429069126, -3.425668896209603798, -48.91250000204840376 ) ) ;
#4885 = CARTESIAN_POINT ( 'NONE',  ( -8.270296309429046033, 3.425668896209608683, -43.47500000204837534 ) ) ;
#4886 = ORIENTED_EDGE ( 'NONE', *, *, #1382, .T. ) ;
#4887 = CARTESIAN_POINT ( 'NONE',  ( -6.422081758775480154, 6.422081758775310512, -50.03750000000000142 ) ) ;
#4888 = ORIENTED_EDGE ( 'NONE', *, *, #1382, .F. ) ;
#4889 = CARTESIAN_POINT ( 'NONE',  ( -9.501789726913619429E-14, 0.000000000000000000, -27.69999999999999929 ) ) ;
#4890 = ORIENTED_EDGE ( 'NONE', *, *, #1898, .F. ) ;
#4891 = CARTESIAN_POINT ( 'NONE',  ( -8.270296309429035375, -3.425668896209603798, -39.91250000204839665 ) ) ;
#4892 =( BOUNDED_CURVE ( )  B_SPLINE_CURVE ( 2, ( #773, #5375, #1619, #942, #2812, #4128, #6773 ),
 .UNSPECIFIED., .F., .F. ) 
 B_SPLINE_CURVE_WITH_KNOTS ( ( 3, 2, 2, 3 ),
 ( 0.9000000000000000222, 0.9124999999999999778, 0.9250000000000000444, 0.9333093990214810232 ),
 .UNSPECIFIED. ) 
 CURVE ( )  GEOMETRIC_REPRESENTATION_ITEM ( )  RATIONAL_B_SPLINE_CURVE ( ( 1.000000000000000000, 0.9238795325112869605, 1.000000000000000000, 0.9238795325112869605, 1.000000000000000000, 0.9493987729547660459, 0.9660720717488000542 ) ) 
 REPRESENTATION_ITEM ( '' )  );
#4893 = CARTESIAN_POINT ( 'NONE',  ( -16.84891999194604040, 0.1245802491331746281, 7.218948060574660985 ) ) ;
#4894 = CARTESIAN_POINT ( 'NONE',  ( 9.117941121506067503, 27.12576930248478035, 14.36785059136406240 ) ) ;
#4895 = ORIENTED_EDGE ( 'NONE', *, *, #6787, .T. ) ;
#4896 = CARTESIAN_POINT ( 'NONE',  ( 11.47609182578959874, 6.107316628932879965, -30.09999999999999787 ) ) ;
#4897 = ORIENTED_EDGE ( 'NONE', *, *, #6346, .F. ) ;
#4898 = CARTESIAN_POINT ( 'NONE',  ( -8.636668781120830474, 27.20736738592688653, -14.64405802106308485 ) ) ;
#4899 = VERTEX_POINT ( 'NONE', #6975 ) ;
#4900 = ADVANCED_FACE ( 'NONE', ( #3729 ), #6330, .T. ) ;
#4901 = CARTESIAN_POINT ( 'NONE',  ( -3.761968395621865469, -9.082195121928899439, -40.75625000409681320 ) ) ;
#4902 = AXIS2_PLACEMENT_3D ( 'NONE', #4600, #5112, #5070 ) ;
#4903 = EDGE_LOOP ( 'NONE', ( #2843, #1746, #7071, #7204 ) ) ;
#4904 = TOROIDAL_SURFACE ( 'NONE', #2319, 11.50000000000000000, 0.5000000000000000000 ) ;
#4905 = TOROIDAL_SURFACE ( 'NONE', #3408, 10.96999999997879982, 2.500000000000000000 ) ;
#4906 = LINE ( 'NONE', #1752, #134 ) ;
#4907 = ADVANCED_FACE ( 'NONE', ( #3767 ), #6667, .F. ) ;
#4908 = CARTESIAN_POINT ( 'NONE',  ( -5.847982602819420173, -5.847982602819249642, -47.69375000204840376 ) ) ;
#4909 = CARTESIAN_POINT ( 'NONE',  ( 0.09495724615825949788, 4.114152186526209398, 0.6543970849052579419 ) ) ;
#4910 = AXIS2_PLACEMENT_3D ( 'NONE', #377, #3605, #2931 ) ;
#4911 = DIRECTION ( 'NONE',  ( -0.8640541274851137876, -0.5033989121719858462, 2.963920805788924904E-15 ) ) ;
#4912 = CARTESIAN_POINT ( 'NONE',  ( 8.270296309428733394, -3.425668896209614456, -46.85000000204843928 ) ) ;
#4913 = CARTESIAN_POINT ( 'NONE',  ( -7.625000000000150102, 31.15000000000000213, 0.000000000000000000 ) ) ;
#4914 = LINE ( 'NONE', #6193, #6534 ) ;
#4915 = VERTEX_POINT ( 'NONE', #1436 ) ;
#4916 = EDGE_CURVE ( 'NONE', #456, #2870, #1154, .T. ) ;
#4917 = CARTESIAN_POINT ( 'NONE',  ( -1.238319888597766067E-13, 0.000000000000000000, -36.10000000000000142 ) ) ;
#4918 = CARTESIAN_POINT ( 'NONE',  ( -16.98117996039130162, -478.0496043183500205, -7.340948654823019837 ) ) ;
#4919 = CARTESIAN_POINT ( 'NONE',  ( 9.082195121929791171, 0.000000000000000000, 260.0852191789194876 ) ) ;
#4920 = CARTESIAN_POINT ( 'NONE',  ( 11.41666666666659857, 11.06503324295830026, 0.000000000000000000 ) ) ;
#4921 = EDGE_CURVE ( 'NONE', #2962, #3690, #3893, .T. ) ;
#4922 = CARTESIAN_POINT ( 'NONE',  ( -6.994577014867440212, 8.599999999999999645, -2.117992536126634739 ) ) ;
#4923 = CARTESIAN_POINT ( 'NONE',  ( 0.4727269148753504568, 13.07581665011363370, -29.59999999999996234 ) ) ;
#4924 = CARTESIAN_POINT ( 'NONE',  ( 9.082195121928716475, 3.761968395621746453, -49.19375000409682741 ) ) ;
#4925 = DIRECTION ( 'NONE',  ( -1.000000000000000000, 0.000000000000000000, 0.000000000000000000 ) ) ;
#4926 = CARTESIAN_POINT ( 'NONE',  ( -11.97669792263409860, -5.958998249937077496, -36.42987336436240042 ) ) ;
#4927 = CARTESIAN_POINT ( 'NONE',  ( -3.425668896209771663, -8.270296309428895043, -47.22500000204839665 ) ) ;
#4928 = CARTESIAN_POINT ( 'NONE',  ( 8.270296309428754711, -3.425668896209614456, -42.72500000204845350 ) ) ;
#4929 = ORIENTED_EDGE ( 'NONE', *, *, #2580, .T. ) ;
#4930 = CARTESIAN_POINT ( 'NONE',  ( -3.761968395621881012, 9.082195121928897663, -48.63125000000003695 ) ) ;
#4931 = EDGE_LOOP ( 'NONE', ( #4402, #1347, #7070, #6991 ) ) ;
#4932 = CARTESIAN_POINT ( 'NONE',  ( -1.560666491323614710E-13, 0.000000000000000000, -45.49717795502759543 ) ) ;
#4933 = ORIENTED_EDGE ( 'NONE', *, *, #3652, .F. ) ;
#4934 = CARTESIAN_POINT ( 'NONE',  ( -8.270296309429079784, -3.425668896209603798, -52.28750000204841797 ) ) ;
#4935 = CARTESIAN_POINT ( 'NONE',  ( 10.96999999997871811, 0.000000000000000000, -21.00000000000000000 ) ) ;
#4936 = CARTESIAN_POINT ( 'NONE',  ( 6.158373921703467424, 26.21561179414989340, 16.06641702464084887 ) ) ;
#4937 = CARTESIAN_POINT ( 'NONE',  ( -2.216012111219454184, 8.270296309428903925, -38.82060458016990623 ) ) ;
#4938 = ORIENTED_EDGE ( 'NONE', *, *, #7310, .F. ) ;
#4939 = DIRECTION ( 'NONE',  ( 0.003929182439597894358, -0.9999922807328847085, -1.363209003873251763E-17 ) ) ;
#4940 = ORIENTED_EDGE ( 'NONE', *, *, #292, .T. ) ;
#4941 = CARTESIAN_POINT ( 'NONE',  ( -4.895997601299859170, 24.86456494896571812, -16.79092982286782032 ) ) ;
#4942 = ORIENTED_EDGE ( 'NONE', *, *, #4288, .F. ) ;
#4943 = B_SPLINE_CURVE_WITH_KNOTS ( 'NONE', 3,
 ( #4516, #3786, #6430, #644, #6389, #3238, #1966, #558, #5839, #7113, #3153, #4473, #1325, #5753, #1284 ),
 .UNSPECIFIED., .F., .F.,
 ( 4, 2, 2, 2, 1, 2, 2, 4 ),
 ( 0.000000000000000000, 0.2500000000000230926, 0.3750000000000346390, 0.4375000000000400235, 0.4687500000000427436, 0.4843750000000471845, 0.5000000000000516254, 1.000000000000000000 ),
 .UNSPECIFIED. ) ;
#4944 = ADVANCED_FACE ( 'NONE', ( #3423 ), #6543, .F. ) ;
#4945 = ORIENTED_EDGE ( 'NONE', *, *, #4649, .F. ) ;
#4946 = CARTESIAN_POINT ( 'NONE',  ( -8.270296309429069126, -3.425668896209603798, -47.78750000204840376 ) ) ;
#4947 = AXIS2_PLACEMENT_3D ( 'NONE', #5493, #7441, #6569 ) ;
#4948 = CIRCLE ( 'NONE', #5503, 0.5000000000000004441 ) ;
#4949 = FACE_OUTER_BOUND ( 'NONE', #6221, .T. ) ;
#4950 = CIRCLE ( 'NONE', #3179, 13.00000000000000000 ) ;
#4951 = ADVANCED_FACE ( 'NONE', ( #2111 ), #2642, .T. ) ;
#4952 = AXIS2_PLACEMENT_3D ( 'NONE', #1384, #5168, #7091 ) ;
#4953 = CARTESIAN_POINT ( 'NONE',  ( 8.270296309428731618, 0.000000000000000000, -49.75625000204850323 ) ) ;
#4954 = AXIS2_PLACEMENT_3D ( 'NONE', #6756, #198, #2798 ) ;
#4955 = CARTESIAN_POINT ( 'NONE',  ( -1.715124499443544942E-15, 0.5000000000000560663, 0.000000000000000000 ) ) ;
#4956 = CARTESIAN_POINT ( 'NONE',  ( -8.469999999978858440, 1.037275838875210098E-15, -21.00000000000000000 ) ) ;
#4957 = ORIENTED_EDGE ( 'NONE', *, *, #5463, .F. ) ;
#4958 = DIRECTION ( 'NONE',  ( 1.000000000000000000, 0.000000000000000000, -3.430248998885765387E-15 ) ) ;
#4959 = CYLINDRICAL_SURFACE ( 'NONE', #6436, 10.97000000000000064 ) ;
#4961 = VECTOR ( 'NONE', #2911, 1000.000000000000000 ) ;
#4960 = CARTESIAN_POINT ( 'NONE',  ( 11.47609182578957920, 6.107316628934760239, 260.0852191789194876 ) ) ;
#4962 = CARTESIAN_POINT ( 'NONE',  ( -17.01117846941893674, 24.55188581984452512, 4.325569430008497918 ) ) ;
#4963 = LINE ( 'NONE', #4922, #5133 ) ;
#4964 = CARTESIAN_POINT ( 'NONE',  ( -9.082195121928974046, -3.761968395621791750, -42.44375000409677057 ) ) ;
#4965 = ADVANCED_FACE ( 'NONE', ( #6630 ), #5265, .F. ) ;
#4966 = CIRCLE ( 'NONE', #1031, 3.889999999999999680 ) ;
#4967 = CARTESIAN_POINT ( 'NONE',  ( -9.082195121929082404, 3.761968395621719363, -51.63125000409677057 ) ) ;
#4968 = DIRECTION ( 'NONE',  ( -1.224646799147351975E-16, -4.200843456763865836E-31, 1.000000000000000000 ) ) ;
#4969 = LINE ( 'NONE', #5527, #2581 ) ;
#4970 = CARTESIAN_POINT ( 'NONE',  ( -8.270296309429058468, -3.425668896209603798, -44.41250000204840376 ) ) ;
#4971 = CARTESIAN_POINT ( 'NONE',  ( -8.270296309429046033, 3.425668896209608683, -41.97500000204840376 ) ) ;
#4972 = ORIENTED_EDGE ( 'NONE', *, *, #5863, .T. ) ;
#4973 = CARTESIAN_POINT ( 'NONE',  ( 6.422081758775170179, 6.422081758775310512, -39.91249999999999432 ) ) ;
#4974 = ORIENTED_EDGE ( 'NONE', *, *, #2737, .T. ) ;
#4975 = CARTESIAN_POINT ( 'NONE',  ( 3.761968395621578587, -9.082195121928899439, -40.38125000000005826 ) ) ;
#4976 = ORIENTED_EDGE ( 'NONE', *, *, #7377, .F. ) ;
#4977 = CARTESIAN_POINT ( 'NONE',  ( -3.425668896209787651, 8.270296309428905701, -52.66250000204837534 ) ) ;
#4978 = CARTESIAN_POINT ( 'NONE',  ( 3.216460448936580896, 3.265238123644591095, 2.124441671036692458 ) ) ;
#4979 = CARTESIAN_POINT ( 'NONE',  ( 0.5909401206141789986, 13.48706008638817977, -30.09999999999999787 ) ) ;
#4980 = CARTESIAN_POINT ( 'NONE',  ( 4.610937264407766634, 24.46614177222202002, 16.95453426610452752 ) ) ;
#4981 = EDGE_CURVE ( 'NONE', #4198, #1404, #3936, .T. ) ;
#4982 = DIRECTION ( 'NONE',  ( 1.000000000000000000, 0.000000000000000000, -5.060269027471759828E-15 ) ) ;
#4983 = ORIENTED_EDGE ( 'NONE', *, *, #1408, .F. ) ;
#4984 = CARTESIAN_POINT ( 'NONE',  ( 2.211592974171031400, 0.2814936599285881580, -18.31790777375071144 ) ) ;
#4985 = ORIENTED_EDGE ( 'NONE', *, *, #2580, .F. ) ;
#4986 = CARTESIAN_POINT ( 'NONE',  ( -9.652253918911922526, 26.95044230797343587, -14.06119664340446818 ) ) ;
#4987 = VERTEX_POINT ( 'NONE', #2579 ) ;
#4988 = ORIENTED_EDGE ( 'NONE', *, *, #5528, .T. ) ;
#4989 = EDGE_CURVE ( 'NONE', #6558, #1489, #5945, .T. ) ;
#4990 = DIRECTION ( 'NONE',  ( 3.430248998885765387E-15, -1.000000000000000000, 0.000000000000000000 ) ) ;
#4991 = CARTESIAN_POINT ( 'NONE',  ( -3.425668896209749903, 8.270296309428905701, -42.16250000204838955 ) ) ;
#4992 = DIRECTION ( 'NONE',  ( -1.000000000000000000, -3.428423085967675991E-15, 0.000000000000000000 ) ) ;
#4993 = CARTESIAN_POINT ( 'NONE',  ( 0.02532462646677382037, -3.741340507966416595, -1.299634904648311551 ) ) ;
#4994 = CARTESIAN_POINT ( 'NONE',  ( -5.847982602819420173, -5.847982602819249642, -47.31875000204840376 ) ) ;
#4995 = DIRECTION ( 'NONE',  ( 3.571186321298535482E-15, -1.000000000000000000, 0.000000000000000000 ) ) ;
#4996 = ORIENTED_EDGE ( 'NONE', *, *, #7829, .T. ) ;
#4997 = DIRECTION ( 'NONE',  ( 5.295781208924380253E-20, -1.347797007610743685E-17, 1.000000000000000000 ) ) ;
#4998 = CARTESIAN_POINT ( 'NONE',  ( 4.777957274545229893, 24.57730447548404484, -16.88419874536872811 ) ) ;
#4999 = CARTESIAN_POINT ( 'NONE',  ( -9.082195121928920756, 3.761968395621847261, -43.94375000000000142 ) ) ;
#5000 = EDGE_CURVE ( 'NONE', #2448, #4680, #152, .T. ) ;
#5001 = CARTESIAN_POINT ( 'NONE',  ( -13.02411017320570252, 9.912265408432601177, -1.679022414879775882 ) ) ;
#5002 = PRODUCT_DEFINITION_SHAPE ( 'NONE', 'NONE',  #8336 ) ;
#5003 = CARTESIAN_POINT ( 'NONE',  ( -1.462962456073697906E-13, -9.082195121928901216, -42.16250000409679899 ) ) ;
#5004 = B_SPLINE_CURVE_WITH_KNOTS ( 'NONE', 3,
 ( #6715, #880, #1561, #277, #4154, #2198, #3506, #4794, #6755, #920, #5436, #7389, #8023, #6112, #6427, #637, #1833, #3866, #7068, #3233, #5878, #1198, #5026, #42, #8291, #6385, #7616, #7029 ),
 .UNSPECIFIED., .F., .F.,
 ( 4, 2, 2, 1, 1, 1, 1, 1, 2, 2, 2, 1, 1, 1, 1, 1, 2, 2, 4 ),
 ( 0.000000000000000000, 0.2499999999999826250, 0.3749999999999735767, 0.4374999999999689693, 0.4687499999999666378, 0.4843749999999651390, 0.4921874999999643618, 0.4960937499999639733, 0.4980468749999641953, 0.4999999999999644729, 0.6249999999999776845, 0.6874999999999840128, 0.7187499999999874545, 0.7343749999999891198, 0.7421874999999903411, 0.7460937499999912292, 0.7480468749999914513, 0.7499999999999915623, 1.000000000000000000 ),
 .UNSPECIFIED. ) ;
#5005 = AXIS2_PLACEMENT_3D ( 'NONE', #6712, #877, #6200 ) ;
#5006 = CARTESIAN_POINT ( 'NONE',  ( -3.761968395621892114, 9.082195121928897663, -51.81875000409679188 ) ) ;
#5007 = DIRECTION ( 'NONE',  ( 0.000000000000000000, 0.000000000000000000, -1.000000000000000000 ) ) ;
#5008 = CARTESIAN_POINT ( 'NONE',  ( 8.270296309428754711, -3.425668896209608683, -40.85000000204846060 ) ) ;
#5009 = CARTESIAN_POINT ( 'NONE',  ( -8.270296309429060244, 1.012819190334226073E-15, -46.38125000204840376 ) ) ;
#5010 = VERTEX_POINT ( 'NONE', #5350 ) ;
#5011 = CARTESIAN_POINT ( 'NONE',  ( -9.082195121929059312, -3.761968395621714034, -43.75624999999999432 ) ) ;
#5012 = EDGE_CURVE ( 'NONE', #7481, #1792, #5904, .T. ) ;
#5013 = CARTESIAN_POINT ( 'NONE',  ( -4.541082355240139812, 7.865420476727041255, -39.59927409042269630 ) ) ;
#5014 = VERTEX_POINT ( 'NONE', #7852 ) ;
#5015 = CARTESIAN_POINT ( 'NONE',  ( 3.425668896209430159, -8.270296309428895043, -51.91250000204844639 ) ) ;
#5016 = CARTESIAN_POINT ( 'NONE',  ( -0.5909401206152583574, -13.48706008638826681, -36.17909301918880516 ) ) ;
#5017 = FACE_OUTER_BOUND ( 'NONE', #512, .T. ) ;
#5018 = CARTESIAN_POINT ( 'NONE',  ( 6.037501307537405992, 26.11076444541805230, 16.13578398642465217 ) ) ;
#5019 = CARTESIAN_POINT ( 'NONE',  ( -12.02420802010269973, 6.137460508166030060, -30.09999999999999787 ) ) ;
#5020 = VERTEX_POINT ( 'NONE', #4666 ) ;
#5021 = CARTESIAN_POINT ( 'NONE',  ( -3.894296918881906766, 23.34281378959422426, 17.39741281815309648 ) ) ;
#5022 = ORIENTED_EDGE ( 'NONE', *, *, #1633, .F. ) ;
#5023 = CARTESIAN_POINT ( 'NONE',  ( -4.258126118832017859, 23.95440163022682256, -17.15700060190019371 ) ) ;
#5024 = ORIENTED_EDGE ( 'NONE', *, *, #3872, .F. ) ;
#5025 = ADVANCED_FACE ( 'NONE', ( #6498 ), #3259, .T. ) ;
#5026 = CARTESIAN_POINT ( 'NONE',  ( 16.99352181674674611, 26.32947880497464155, 2.541214412377544196 ) ) ;
#5027 = ORIENTED_EDGE ( 'NONE', *, *, #12, .T. ) ;
#5028 = DIRECTION ( 'NONE',  ( 3.430248998885765387E-15, 0.000000000000000000, 1.000000000000000000 ) ) ;
#5029 = DIRECTION ( 'NONE',  ( 1.000000000000000000, 0.000000000000000000, -5.060269027471769294E-15 ) ) ;
#5030 = CARTESIAN_POINT ( 'NONE',  ( -12.70989646418225583, 10.38022496478138912, 1.084022719798837020 ) ) ;
#5031 = CARTESIAN_POINT ( 'NONE',  ( -1.770008483425059636E-13, 0.000000000000000000, -51.60000000000000142 ) ) ;
#5032 = EDGE_CURVE ( 'NONE', #1358, #3851, #4092, .T. ) ;
#5033 = AXIS2_PLACEMENT_3D ( 'NONE', #7294, #7375, #2904 ) ;
#5034 = AXIS2_PLACEMENT_3D ( 'NONE', #1270, #4460, #2455 ) ;
#5035 = CARTESIAN_POINT ( 'NONE',  ( 8.270296309428720960, 3.425668896209603798, -51.16250000204840376 ) ) ;
#5036 = CARTESIAN_POINT ( 'NONE',  ( 3.149999999999999911, 2.245892547147650298, -3.889999999999999680 ) ) ;
#5037 = EDGE_LOOP ( 'NONE', ( #6943, #2884, #1665 ) ) ;
#5038 = CARTESIAN_POINT ( 'NONE',  ( -14.79108867121920134, 0.5000000000000000000, -11.11187184591910082 ) ) ;
#5039 = CARTESIAN_POINT ( 'NONE',  ( 8.171901766911473075, 27.18778745296679489, -14.91304630244412266 ) ) ;
#5040 = CARTESIAN_POINT ( 'NONE',  ( -17.01378541571349601, 23.32110162189772495, 5.339946373745183550 ) ) ;
#5041 = CIRCLE ( 'NONE', #1070, 0.5000000000000004441 ) ;
#5042 = VECTOR ( 'NONE', #7789, 1000.000000000000000 ) ;
#5043 = CARTESIAN_POINT ( 'NONE',  ( -12.41736581314014209, 10.65325602027477991, -0.4788570972871767917 ) ) ;
#5044 = EDGE_CURVE ( 'NONE', #975, #7160, #4409, .T. ) ;
#5045 = CARTESIAN_POINT ( 'NONE',  ( 0.1001658913130754613, -2.623245218648202037, -3.236517383680711735 ) ) ;
#5046 = CARTESIAN_POINT ( 'NONE',  ( 11.00000000000000000, 5.641960108450289724, 0.000000000000000000 ) ) ;
#5047 = CARTESIAN_POINT ( 'NONE',  ( 8.582195121928720027, 0.000000000000000000, -52.10000000000000142 ) ) ;
#5048 = CARTESIAN_POINT ( 'NONE',  ( 3.425668896209462577, -8.270296309428895043, -42.53750000204846771 ) ) ;
#5049 = DIRECTION ( 'NONE',  ( -3.430248998885765387E-15, 1.000000000000000000, 0.000000000000000000 ) ) ;
#5050 = ORIENTED_EDGE ( 'NONE', *, *, #8172, .T. ) ;
#5051 = CARTESIAN_POINT ( 'NONE',  ( -1.408558909198009738E-13, 9.082195121928901216, -41.22499999999999432 ) ) ;
#5052 = LINE ( 'NONE', #2582, #6229 ) ;
#5053 = ORIENTED_EDGE ( 'NONE', *, *, #8384, .F. ) ;
#5054 = CARTESIAN_POINT ( 'NONE',  ( 3.425668896209440817, -8.270296309428895043, -48.91250000204840376 ) ) ;
#5055 = DIRECTION ( 'NONE',  ( -1.000000000000000000, 0.000000000000000000, 0.000000000000000000 ) ) ;
#5056 = DIRECTION ( 'NONE',  ( -1.000000000000000000, -3.430248998885765387E-15, 0.000000000000000000 ) ) ;
#5057 = CARTESIAN_POINT ( 'NONE',  ( 13.94643512103198724, 21.84545349356385202, 11.59664121255974223 ) ) ;
#5058 = EDGE_CURVE ( 'NONE', #3690, #5671, #6952, .T. ) ;
#5059 = CARTESIAN_POINT ( 'NONE',  ( 1.884618696767062174, -8.321628904008194993, -52.09999996609862194 ) ) ;
#5060 = VERTEX_POINT ( 'NONE', #4920 ) ;
#5061 = CARTESIAN_POINT ( 'NONE',  ( 2.181559321410939667, 0.1508141577299794700, -18.22780992774739772 ) ) ;
#5062 = PRODUCT_RELATED_PRODUCT_CATEGORY ( 'part', '', ( #8255 ) ) ;
#5063 = ORIENTED_EDGE ( 'NONE', *, *, #5240, .T. ) ;
#5064 = CARTESIAN_POINT ( 'NONE',  ( -1.561875539048561912, 8.792020591909251337, -51.95952561002366821 ) ) ;
#5065 = VERTEX_POINT ( 'NONE', #6791 ) ;
#5066 = CARTESIAN_POINT ( 'NONE',  ( -0.6784715879420216700, 9.047991369656354976, -51.70176588953460595 ) ) ;
#5067 = ADVANCED_FACE ( 'NONE', ( #1003 ), #6855, .T. ) ;
#5068 = ORIENTED_EDGE ( 'NONE', *, *, #2258, .T. ) ;
#5069 = ORIENTED_EDGE ( 'NONE', *, *, #7504, .F. ) ;
#5070 = DIRECTION ( 'NONE',  ( 0.000000000000000000, 0.000000000000000000, 1.000000000000000000 ) ) ;
#5071 = FACE_OUTER_BOUND ( 'NONE', #956, .T. ) ;
#5072 = CARTESIAN_POINT ( 'NONE',  ( -11.78933822936951437, -6.185747019580952077, -29.71035445674521114 ) ) ;
#5073 = DIRECTION ( 'NONE',  ( 5.060269027471770872E-15, 0.000000000000000000, 1.000000000000000000 ) ) ;
#5074 = CARTESIAN_POINT ( 'NONE',  ( 8.270296309428720960, 0.000000000000000000, -51.25625000204850323 ) ) ;
#5075 = AXIS2_PLACEMENT_3D ( 'NONE', #2872, #3632, #6749 ) ;
#5076 = ORIENTED_EDGE ( 'NONE', *, *, #2350, .T. ) ;
#5077 = CARTESIAN_POINT ( 'NONE',  ( 11.21967273337113724, -7.083530223617218624, -29.67737509921941808 ) ) ;
#5078 = CARTESIAN_POINT ( 'NONE',  ( 4.725356049891553667, 24.50432779370949987, -16.91474911295127725 ) ) ;
#5079 = CARTESIAN_POINT ( 'NONE',  ( 17.00631538135247212, 26.34306582438463806, -2.434311315764477790 ) ) ;
#5080 = CARTESIAN_POINT ( 'NONE',  ( 1.355252715606879926E-17, 0.3763604151527226160, -3.890000000000001457 ) ) ;
#5081 = FACE_OUTER_BOUND ( 'NONE', #7621, .T. ) ;
#5082 = CIRCLE ( 'NONE', #4681, 0.5000000000000001110 ) ;
#5083 = DIRECTION ( 'NONE',  ( -1.000000000000000000, 0.000000000000000000, 3.430248998885765781E-15 ) ) ;
#5084 = CARTESIAN_POINT ( 'NONE',  ( -1.255471133592193760E-13, 0.000000000000000000, -36.60000000000000142 ) ) ;
#5085 = SHAPE_REPRESENTATION_RELATIONSHIP ( 'NONE' , 'NONE' ,  #1095, #6647 ) ;
#5086 = CIRCLE ( 'NONE', #4688, 4.299999999999844391 ) ;
#5087 = CARTESIAN_POINT ( 'NONE',  ( 8.270296309428770698, 0.000000000000000000, -39.25625000204845350 ) ) ;
#5088 = CIRCLE ( 'NONE', #334, 5.870380598260429572 ) ;
#5089 = CARTESIAN_POINT ( 'NONE',  ( 8.270296309428765369, 3.425668896209608683, -39.53750000204847481 ) ) ;
#5090 = EDGE_CURVE ( 'NONE', #7058, #4250, #7468, .T. ) ;
#5091 = ORIENTED_EDGE ( 'NONE', *, *, #2343, .T. ) ;
#5092 = CARTESIAN_POINT ( 'NONE',  ( 9.082195121928759107, 0.000000000000000000, -41.60000000000000142 ) ) ;
#5093 = DIRECTION ( 'NONE',  ( 3.430248998885765387E-15, 0.000000000000000000, 1.000000000000000000 ) ) ;
#5094 = CIRCLE ( 'NONE', #7545, 10.46999999997877850 ) ;
#5095 = ORIENTED_EDGE ( 'NONE', *, *, #8008, .F. ) ;
#5096 = CARTESIAN_POINT ( 'NONE',  ( 8.270296309428749382, 0.000000000000000000, -42.63125000204845350 ) ) ;
#5097 = CYLINDRICAL_SURFACE ( 'NONE', #5034, 0.5000000000000004441 ) ;
#5098 = CARTESIAN_POINT ( 'NONE',  ( -13.24706255595145876, 7.893431967947712735, -2.012993377968721020 ) ) ;
#5099 = CARTESIAN_POINT ( 'NONE',  ( 10.46254242074907914, 26.45848752361160905, 13.59613974143928061 ) ) ;
#5100 = DIRECTION ( 'NONE',  ( 3.275689100648230228E-15, 0.000000000000000000, 1.000000000000000000 ) ) ;
#5101 = ORIENTED_EDGE ( 'NONE', *, *, #7999, .T. ) ;
#5102 = DIRECTION ( 'NONE',  ( 1.000000000000000000, 0.000000000000000000, -6.112085292819410516E-15 ) ) ;
#5103 = VERTEX_POINT ( 'NONE', #3502 ) ;
#5104 = CARTESIAN_POINT ( 'NONE',  ( -2.921036267900807726, 8.110854235900353260, -52.09909362725466764 ) ) ;
#5105 = EDGE_LOOP ( 'NONE', ( #7437, #3777 ) ) ;
#5106 = AXIS2_PLACEMENT_3D ( 'NONE', #4935, #2249, #5450 ) ;
#5107 = EDGE_CURVE ( 'NONE', #388, #8381, #1563, .T. ) ;
#5108 = CARTESIAN_POINT ( 'NONE',  ( -3.761968395621886785, 9.082195121928899439, -50.31875000409684162 ) ) ;
#5109 =( BOUNDED_CURVE ( )  B_SPLINE_CURVE ( 2, ( #4617, #3213, #7720, #4574, #748, #2066, #1942, #3255, #2022 ),
 .UNSPECIFIED., .F., .F. ) 
 B_SPLINE_CURVE_WITH_KNOTS ( ( 3, 2, 2, 2, 3 ),
 ( 0.4000000000000000222, 0.4124999999999999778, 0.4249999999999999889, 0.4375000000000000000, 0.4500000000000000111 ),
 .UNSPECIFIED. ) 
 CURVE ( )  GEOMETRIC_REPRESENTATION_ITEM ( )  RATIONAL_B_SPLINE_CURVE ( ( 1.000000000000000000, 0.9238795325112849621, 1.000000000000000000, 0.9238795325112869605, 1.000000000000000000, 0.9238795325112869605, 1.000000000000000000, 0.9238795325112909573, 1.000000000000000000 ) ) 
 REPRESENTATION_ITEM ( '' )  );
#5110 = VERTEX_POINT ( 'NONE', #6068 ) ;
#5111 = ORIENTED_EDGE ( 'NONE', *, *, #5946, .F. ) ;
#5112 = DIRECTION ( 'NONE',  ( 0.000000000000000000, 1.000000000000000000, 0.000000000000000000 ) ) ;
#5113 = CARTESIAN_POINT ( 'NONE',  ( -6.068707232951390376E-14, 17.69173968106284889, 0.000000000000000000 ) ) ;
#5114 = EDGE_CURVE ( 'NONE', #2407, #7490, #6995, .T. ) ;
#5115 = CARTESIAN_POINT ( 'NONE',  ( -11.71832267045061293, -6.168360081225884528, -29.66162301650614808 ) ) ;
#5116 = CARTESIAN_POINT ( 'NONE',  ( -8.125000000000140332, 30.64999999999999858, 0.000000000000000000 ) ) ;
#5117 = CARTESIAN_POINT ( 'NONE',  ( 5.847982602819100428, 5.847982602819249642, -45.06875000204840376 ) ) ;
#5118 = ORIENTED_EDGE ( 'NONE', *, *, #649, .F. ) ;
#5119 = VECTOR ( 'NONE', #5482, 1000.000000000000000 ) ;
#5120 = CARTESIAN_POINT ( 'NONE',  ( 0.1001088178967080577, -1.491190184464881163, 3.889922013496016184 ) ) ;
#5121 = EDGE_LOOP ( 'NONE', ( #3965, #2162 ) ) ;
#5122 = DIRECTION ( 'NONE',  ( -3.430248998885765387E-15, 1.000000000000000000, 0.000000000000000000 ) ) ;
#5123 = CARTESIAN_POINT ( 'NONE',  ( 5.833827172458948773, 25.85003701704243184, -16.27093365233610456 ) ) ;
#5124 = DIRECTION ( 'NONE',  ( -0.8679833099209478542, 0.4965933685609139059, 2.977398879905884978E-15 ) ) ;
#5125 = CARTESIAN_POINT ( 'NONE',  ( -12.36877712121794382, 10.69100748733172068, -0.2721480019641191461 ) ) ;
#5126 = ADVANCED_FACE ( 'NONE', ( #5431 ), #3849, .T. ) ;
#5127 = CARTESIAN_POINT ( 'NONE',  ( 11.32730072484650030, 7.344539351714740150, -36.09999999998014886 ) ) ;
#5128 = CARTESIAN_POINT ( 'NONE',  ( -6.422081758775480154, 6.422081758775310512, -50.22500000409679899 ) ) ;
#5129 = CARTESIAN_POINT ( 'NONE',  ( 0.000000000000000000, 0.000000000000000000, 3.889999999999999680 ) ) ;
#5130 = CARTESIAN_POINT ( 'NONE',  ( -1.715124499443544942E-15, 0.5000000000000560663, 0.000000000000000000 ) ) ;
#5131 = DIRECTION ( 'NONE',  ( -3.430248998885765387E-15, 0.000000000000000000, -1.000000000000000000 ) ) ;
#5132 = CARTESIAN_POINT ( 'NONE',  ( 3.761968395621578587, -9.082195121928897663, -40.38125000000005826 ) ) ;
#5133 = VECTOR ( 'NONE', #1051, 1000.000000000000114 ) ;
#5134 = CARTESIAN_POINT ( 'NONE',  ( 3.200000000000620126, 4.599145712490759620E-14, 3.889999999999999680 ) ) ;
#5135 = ORIENTED_EDGE ( 'NONE', *, *, #759, .F. ) ;
#5136 = CARTESIAN_POINT ( 'NONE',  ( -3.425668896209771219, -8.270296309428895043, -47.60000000204841797 ) ) ;
#5137 = CARTESIAN_POINT ( 'NONE',  ( -3.761968395621881456, -9.082195121928899439, -46.56875000000001563 ) ) ;
#5138 = EDGE_CURVE ( 'NONE', #1404, #3039, #6137, .T. ) ;
#5139 = CARTESIAN_POINT ( 'NONE',  ( -12.36871857894299787, 6.508952587258774791, -0.2716498026906319363 ) ) ;
#5140 = FACE_OUTER_BOUND ( 'NONE', #8034, .T. ) ;
#5141 = CARTESIAN_POINT ( 'NONE',  ( 0.1826137451641335618, -8.443741150086353286, -52.10000002404607500 ) ) ;
#5142 = AXIS2_PLACEMENT_3D ( 'NONE', #6296, #7605, #462 ) ;
#5143 = LINE ( 'NONE', #7734, #6726 ) ;
#5144 = ORIENTED_EDGE ( 'NONE', *, *, #2098, .F. ) ;
#5145 = CARTESIAN_POINT ( 'NONE',  ( -1.553573639499327808, 8.792910795332362639, -51.96008035136372882 ) ) ;
#5146 = ORIENTED_EDGE ( 'NONE', *, *, #6571, .F. ) ;
#5147 = APPLICATION_CONTEXT ( 'automotive_design' ) ;
#5148 = CARTESIAN_POINT ( 'NONE',  ( -1.767770684765898936, 8.911405940813720505, -51.67583333467031537 ) ) ;
#5149 = AXIS2_PLACEMENT_3D ( 'NONE', #495, #7723, #1902 ) ;
#5150 = ORIENTED_EDGE ( 'NONE', *, *, #4539, .T. ) ;
#5151 = EDGE_LOOP ( 'NONE', ( #2691, #469, #2721, #4836 ) ) ;
#5152 = DIRECTION ( 'NONE',  ( 1.000000000000000000, 3.375678115414327500E-15, 0.000000000000000000 ) ) ;
#5153 = CARTESIAN_POINT ( 'NONE',  ( -3.761968395621897887, -9.082195121928899439, -51.06875000000002274 ) ) ;
#5154 = CIRCLE ( 'NONE', #4751, 8.355999999999999872 ) ;
#5155 = CARTESIAN_POINT ( 'NONE',  ( -8.575622497214468727E-14, 0.000000000000000000, -25.00000000000000000 ) ) ;
#5156 = CARTESIAN_POINT ( 'NONE',  ( 11.96695103995426024, -6.248366411099439688, 260.0852191789194876 ) ) ;
#5157 =( BOUNDED_CURVE ( )  B_SPLINE_CURVE ( 2, ( #5357, #7947, #2675, #240, #4586 ),
 .UNSPECIFIED., .F., .F. ) 
 B_SPLINE_CURVE_WITH_KNOTS ( ( 3, 2, 3 ),
 ( 0.1332622605511120106, 0.1375000000000000111, 0.1499999999999999944 ),
 .UNSPECIFIED. ) 
 CURVE ( )  GEOMETRIC_REPRESENTATION_ITEM ( )  RATIONAL_B_SPLINE_CURVE ( ( 0.9658850645340119057, 0.9741937033644220145, 1.000000000000000000, 0.9238795325112889589, 1.000000000000000000 ) ) 
 REPRESENTATION_ITEM ( '' )  );
#5158 = CARTESIAN_POINT ( 'NONE',  ( -8.270296309429046033, 3.425668896209609571, -44.60000000204837534 ) ) ;
#5159 = EDGE_CURVE ( 'NONE', #896, #5877, #1723, .T. ) ;
#5160 = VERTEX_POINT ( 'NONE', #3121 ) ;
#5161 = AXIS2_PLACEMENT_3D ( 'NONE', #4797, #924, #8111 ) ;
#5162 = CARTESIAN_POINT ( 'NONE',  ( 3.761968395621583472, -9.082195121928899439, -39.06875000409680609 ) ) ;
#5163 = ORIENTED_EDGE ( 'NONE', *, *, #1021, .F. ) ;
#5164 = CARTESIAN_POINT ( 'NONE',  ( 11.26736829953841657, -7.133380230923390464, -29.72928687073220644 ) ) ;
#5165 = CARTESIAN_POINT ( 'NONE',  ( 16.56632552024262139, 1.031084736363187638E-13, 7.254075162385620779 ) ) ;
#5166 = CARTESIAN_POINT ( 'NONE',  ( 11.47609182578959874, 6.107316628932839997, -36.10000000000000142 ) ) ;
#5167 = DIRECTION ( 'NONE',  ( 1.224646799147353947E-16, 1.000000000000000000, -4.200843456763865836E-31 ) ) ;
#5168 = DIRECTION ( 'NONE',  ( 4.111937128241355347E-15, 0.000000000000000000, 1.000000000000000000 ) ) ;
#5169 = AXIS2_PLACEMENT_3D ( 'NONE', #8411, #1189, #8322 ) ;
#5170 = CARTESIAN_POINT ( 'NONE',  ( 6.422081758775149751, 6.422081758775310512, -47.60000000409680609 ) ) ;
#5171 = CARTESIAN_POINT ( 'NONE',  ( -1.715124499443544942E-15, 0.5000000000000560663, 0.000000000000000000 ) ) ;
#5172 = PRODUCT_CONTEXT ( 'NONE', #3832, 'mechanical' ) ;
#5173 = EDGE_CURVE ( 'NONE', #999, #2602, #3720, .T. ) ;
#5174 = EDGE_CURVE ( 'NONE', #596, #6194, #1294, .T. ) ;
#5175 = CARTESIAN_POINT ( 'NONE',  ( 9.082195121928682724, 3.761968395621769101, -49.00625000000009379 ) ) ;
#5176 = AXIS2_PLACEMENT_3D ( 'NONE', #5509, #5466, #4056 ) ;
#5177 = ORIENTED_EDGE ( 'NONE', *, *, #921, .T. ) ;
#5178 = CARTESIAN_POINT ( 'NONE',  ( 11.22621978940608045, 7.237815534435811493, -29.75007381883556334 ) ) ;
#5179 = AXIS2_PLACEMENT_3D ( 'NONE', #5838, #2603, #5198 ) ;
#5180 = AXIS2_PLACEMENT_3D ( 'NONE', #2821, #7502, #1669 ) ;
#5181 = ORIENTED_EDGE ( 'NONE', *, *, #2865, .F. ) ;
#5182 = CARTESIAN_POINT ( 'NONE',  ( 5.847982602819110198, -5.847982602819249642, -42.81875000204845350 ) ) ;
#5184 = AXIS2_PLACEMENT_3D ( 'NONE', #6895, #1570, #4163 ) ;
#5183 = DIRECTION ( 'NONE',  ( 3.430248998885765387E-15, 0.000000000000000000, 1.000000000000000000 ) ) ;
#5185 = CARTESIAN_POINT ( 'NONE',  ( -2.234078735489194935E-28, 0.000000000000000000, -2.580401170515499606E-14 ) ) ;
#5186 = CYLINDRICAL_SURFACE ( 'NONE', #4036, 11.00000000000000000 ) ;
#5187 = CARTESIAN_POINT ( 'NONE',  ( -14.79108867121920134, 0.5000000000000000000, -11.11187184591910082 ) ) ;
#5188 = CARTESIAN_POINT ( 'NONE',  ( 0.4521925617863963298, -8.446011369245853828, -52.10008448532300207 ) ) ;
#5189 = CARTESIAN_POINT ( 'NONE',  ( 1.639829176630759940E-12, -478.0496043183500205, 0.000000000000000000 ) ) ;
#5190 = ORIENTED_EDGE ( 'NONE', *, *, #3917, .F. ) ;
#5191 = CARTESIAN_POINT ( 'NONE',  ( -2.236730076377547949, 8.367714323552855049, -52.09367118667867658 ) ) ;
#5192 = ORIENTED_EDGE ( 'NONE', *, *, #6240, .F. ) ;
#5193 = PRODUCT_DEFINITION_CONTEXT ( 'detailed design', #5147, 'design' ) ;
#5194 = CARTESIAN_POINT ( 'NONE',  ( -0.1444041546007250598, 9.068090279221150851, -51.71380773593870117 ) ) ;
#5195 = B_SPLINE_CURVE_WITH_KNOTS ( 'NONE', 3,
 ( #2475, #2431, #2391, #3155, #4993, #5600, #7077, #1881, #7666, #7036, #2348, #1841 ),
 .UNSPECIFIED., .F., .F.,
 ( 4, 2, 2, 2, 2, 4 ),
 ( 0.000000000000000000, 0.2499999999999994449, 0.3749999999999993894, 0.4374999999999995004, 0.4999999999999996669, 1.000000000000000000 ),
 .UNSPECIFIED. ) ;
#5196 = VERTEX_POINT ( 'NONE', #7592 ) ;
#5197 = ORIENTED_EDGE ( 'NONE', *, *, #7344, .T. ) ;
#5198 = DIRECTION ( 'NONE',  ( 1.000000000000000000, 3.344954574219355885E-15, 0.000000000000000000 ) ) ;
#5199 = CARTESIAN_POINT ( 'NONE',  ( 8.921570627134731097E-13, 0.000000000000000000, 260.0852191789194876 ) ) ;
#5200 = EDGE_CURVE ( 'NONE', #4608, #6110, #2503, .T. ) ;
#5201 = CARTESIAN_POINT ( 'NONE',  ( -6.422081758775489924, -6.422081758775310512, -51.16250000000000142 ) ) ;
#5202 = CARTESIAN_POINT ( 'NONE',  ( -13.24287217430186736, 9.362354586980959681, 1.923898134725182674 ) ) ;
#5203 = DIRECTION ( 'NONE',  ( 1.000000000000000000, 0.000000000000000000, -3.056042646409705258E-15 ) ) ;
#5204 = CARTESIAN_POINT ( 'NONE',  ( -1.374642844296197711E-13, -8.270296309428900372, -39.63125000204840376 ) ) ;
#5205 = ORIENTED_EDGE ( 'NONE', *, *, #5863, .F. ) ;
#5206 = CARTESIAN_POINT ( 'NONE',  ( -16.82887122626068077, 0.1405896068470154914, -7.309166212181194666 ) ) ;
#5207 = EDGE_LOOP ( 'NONE', ( #7348, #6761, #2038, #6348, #3221, #8138, #5050, #8081, #1251, #3066 ) ) ;
#5208 = DIRECTION ( 'NONE',  ( 3.597944987211185140E-15, 0.000000000000000000, 1.000000000000000000 ) ) ;
#5209 = CARTESIAN_POINT ( 'NONE',  ( -12.02312180804982589, 5.888122877360792984, -36.41602696116976290 ) ) ;
#5210 = CARTESIAN_POINT ( 'NONE',  ( -2.117572531548908454, 0.02146333990240672368, 18.03479382524425034 ) ) ;
#5211 = FACE_BOUND ( 'NONE', #1491, .T. ) ;
#5213 = EDGE_CURVE ( 'NONE', #2247, #4915, #2467, .T. ) ;
#5212 = PRODUCT_DEFINITION_SHAPE ( 'NONE', 'NONE',  #2310 ) ;
#5214 = LINE ( 'NONE', #3166, #7937 ) ;
#5215 = CARTESIAN_POINT ( 'NONE',  ( -6.422081758775470384, 6.422081758775310512, -47.22500000409679899 ) ) ;
#5216 = FACE_OUTER_BOUND ( 'NONE', #1195, .T. ) ;
#5217 = DIRECTION ( 'NONE',  ( 3.430248998885765387E-15, 0.000000000000000000, 1.000000000000000000 ) ) ;
#5218 = DIRECTION ( 'NONE',  ( 3.430248998885765387E-15, 0.000000000000000000, 1.000000000000000000 ) ) ;
#5219 = CARTESIAN_POINT ( 'NONE',  ( -16.97470607554065225, 50.00000000000000000, -9.858635148048460195 ) ) ;
#5220 = CARTESIAN_POINT ( 'NONE',  ( 11.22339385555285496, 7.234836966719171869, -29.74606179290350383 ) ) ;
#5221 = VECTOR ( 'NONE', #3634, 1000.000000000000000 ) ;
#5222 = DIRECTION ( 'NONE',  ( 3.430248998885765387E-15, 0.000000000000000000, 1.000000000000000000 ) ) ;
#5223 = ADVANCED_FACE ( 'NONE', ( #7295 ), #742, .T. ) ;
#5224 = ORIENTED_EDGE ( 'NONE', *, *, #3150, .T. ) ;
#5225 = CARTESIAN_POINT ( 'NONE',  ( -1.541867482991879834E-13, -8.270296309428900372, -44.50625000204840376 ) ) ;
#5226 = CARTESIAN_POINT ( 'NONE',  ( 10.95907185049311217, -7.503252514000641860, -36.51318423154440040 ) ) ;
#5227 = DIRECTION ( 'NONE',  ( 3.430248998885765387E-15, -1.000000000000000000, 0.000000000000000000 ) ) ;
#5228 = AXIS2_PLACEMENT_3D ( 'NONE', #1305, #8404, #6541 ) ;
#5229 =( NAMED_UNIT ( * ) PLANE_ANGLE_UNIT ( ) SI_UNIT ( $, .RADIAN. ) );
#5230 = CARTESIAN_POINT ( 'NONE',  ( 17.00673570349767516, 0.3730381702027165680, -7.251202236161954140 ) ) ;
#5231 = CARTESIAN_POINT ( 'NONE',  ( -11.38466659687194316, 7.255299199762279549, -36.17909301919473819 ) ) ;
#5232 = AXIS2_PLACEMENT_3D ( 'NONE', #1069, #7327, #2133 ) ;
#5233 = CARTESIAN_POINT ( 'NONE',  ( -16.98857866761602509, 24.49094807366140714, -4.463602142367349757 ) ) ;
#5234 = ORIENTED_EDGE ( 'NONE', *, *, #898, .T. ) ;
#5235 = CARTESIAN_POINT ( 'NONE',  ( 5.847982602819119968, -5.847982602819249642, -39.81875000204845350 ) ) ;
#5236 = CARTESIAN_POINT ( 'NONE',  ( -2.291351709687966309, 8.348897315842291889, -52.09428129463501733 ) ) ;
#5237 = EDGE_LOOP ( 'NONE', ( #5751, #1925, #7340, #7367 ) ) ;
#5238 = CIRCLE ( 'NONE', #5775, 13.50000000000000000 ) ;
#5239 = CARTESIAN_POINT ( 'NONE',  ( 17.01870763777014872, 0.5000000000001120215, -7.253522615950269703 ) ) ;
#5240 = EDGE_CURVE ( 'NONE', #1826, #7976, #7797, .T. ) ;
#5241 = ORIENTED_EDGE ( 'NONE', *, *, #5804, .T. ) ;
#5242 = CARTESIAN_POINT ( 'NONE',  ( -1.486846956529642716, 13.02210668022468987, -36.59103185459269270 ) ) ;
#5243 = B_SPLINE_CURVE_WITH_KNOTS ( 'NONE', 3,
 ( #702, #5891, #3249, #7250, #1296, #3293, #7713, #56, #7842, #2017, #1978, #3881, #6488, #7883, #4610, #6619, #741, #5209, #6576, #4482, #2657, #4525, #7800, #5850 ),
 .UNSPECIFIED., .F., .F.,
 ( 4, 2, 2, 1, 1, 1, 2, 2, 2, 2, 2, 1, 2, 4 ),
 ( 0.000000000000000000, 0.2499999999999564237, 0.3749999999999364952, 0.4374999999999276135, 0.4687499999999220623, 0.4843749999999204525, 0.4921874999999208411, 0.4999999999999211742, 0.6249999999999490408, 0.6874999999999598099, 0.7031249999999593658, 0.7187499999999590328, 0.7499999999999653610, 1.000000000000000000 ),
 .UNSPECIFIED. ) ;
#5244 = DIRECTION ( 'NONE',  ( 1.000000000000000000, 0.000000000000000000, -5.843279076974507734E-15 ) ) ;
#5245 = CARTESIAN_POINT ( 'NONE',  ( 14.69900233208041485, 0.1570300711685341521, 11.00774666471508567 ) ) ;
#5246 = CARTESIAN_POINT ( 'NONE',  ( 3.425668896209468350, -8.270296309428895043, -41.03750000204843928 ) ) ;
#5247 = CARTESIAN_POINT ( 'NONE',  ( -1.565869926040270122E-13, -9.082195121928901216, -45.16250000409679899 ) ) ;
#5248 = EDGE_CURVE ( 'NONE', #2256, #4590, #4260, .T. ) ;
#5249 = CARTESIAN_POINT ( 'NONE',  ( -3.425668896209749903, 8.270296309428895043, -41.78750000204843218 ) ) ;
#5250 = EDGE_LOOP ( 'NONE', ( #2012, #8287, #4009, #1111, #5604, #2001, #458 ) ) ;
#5251 = CARTESIAN_POINT ( 'NONE',  ( -16.63759774876094255, 0.02065269098241176784, -7.269446024959445474 ) ) ;
#5252 = EDGE_LOOP ( 'NONE', ( #1196, #3064, #811, #5749 ) ) ;
#5253 = CARTESIAN_POINT ( 'NONE',  ( 8.270296309428720960, 3.425668896209609571, -51.53750000204847481 ) ) ;
#5254 = DIRECTION ( 'NONE',  ( 3.469446951953645349E-15, -5.570364161809199919E-31, 1.000000000000000000 ) ) ;
#5255 = CARTESIAN_POINT ( 'NONE',  ( -10.46999999997885844, 0.000000000000000000, -23.95803989154985203 ) ) ;
#5256 = FACE_OUTER_BOUND ( 'NONE', #5763, .T. ) ;
#5257 = CARTESIAN_POINT ( 'NONE',  ( -11.00000000000000000, 17.69173968106279915, 1.347111479062077755E-15 ) ) ;
#5258 = CARTESIAN_POINT ( 'NONE',  ( -9.082195121929059312, -3.761968395621714034, -46.94375000409678478 ) ) ;
#5259 = CARTESIAN_POINT ( 'NONE',  ( 8.270296309428720960, 3.425668896209603798, -52.66250000204848902 ) ) ;
#5260 = SPHERICAL_SURFACE ( 'NONE', #7674, 0.5000000000000000000 ) ;
#5261 = CARTESIAN_POINT ( 'NONE',  ( 6.597256754289891667, 6.133485459075752821, -51.87370525904903218 ) ) ;
#5262 = ADVANCED_FACE ( 'NONE', ( #3294 ), #1547, .T. ) ;
#5263 = DIRECTION ( 'NONE',  ( -1.000000000000000000, 0.000000000000000000, 3.340948916696072820E-15 ) ) ;
#5264 = CARTESIAN_POINT ( 'NONE',  ( 1.639829176630759940E-12, -478.0496043183500205, 0.000000000000000000 ) ) ;
#5265 = CYLINDRICAL_SURFACE ( 'NONE', #6181, 7.625000000000000000 ) ;
#5266 = DIRECTION ( 'NONE',  ( 1.000000000000000000, 0.000000000000000000, 0.000000000000000000 ) ) ;
#5267 = ORIENTED_EDGE ( 'NONE', *, *, #6054, .T. ) ;
#5268 = CARTESIAN_POINT ( 'NONE',  ( -1.598791701660124649E-13, 8.270296309428900372, -46.75625000204840376 ) ) ;
#5269 = DIRECTION ( 'NONE',  ( -0.9999966940636210166, 0.000000000000000000, -0.002571354084718380402 ) ) ;
#5270 = CARTESIAN_POINT ( 'NONE',  ( 3.649999999999999911, 0.000000000000000000, 0.000000000000000000 ) ) ;
#5271 = SURFACE_STYLE_FILL_AREA ( #2632 ) ;
#5272 = CARTESIAN_POINT ( 'NONE',  ( -16.50006777149360104, -7.135966510359380285E-15, 0.005142550905876090359 ) ) ;
#5273 = CARTESIAN_POINT ( 'NONE',  ( -10.95465190198274108, 7.505826591837313266, -36.51466954073215732 ) ) ;
#5274 = ADVANCED_FACE ( 'NONE', ( #5892 ), #5341, .T. ) ;
#5275 = CARTESIAN_POINT ( 'NONE',  ( -16.99789138933193655, 27.21624405651455092, -0.8418928487586364584 ) ) ;
#5276 = VERTEX_POINT ( 'NONE', #1298 ) ;
#5277 = CARTESIAN_POINT ( 'NONE',  ( 3.425668896209468350, -8.270296309428895043, -41.41250000204846771 ) ) ;
#5278 = CARTESIAN_POINT ( 'NONE',  ( 12.09337297906082576, 24.86456494909871395, -12.63552321104223886 ) ) ;
#5279 = CIRCLE ( 'NONE', #3234, 3.889999999999999680 ) ;
#5280 = EDGE_LOOP ( 'NONE', ( #1409, #6546 ) ) ;
#5281 = ADVANCED_FACE ( 'NONE', ( #6529 ), #3924, .T. ) ;
#5282 = UNCERTAINTY_MEASURE_WITH_UNIT (LENGTH_MEASURE( 1.000000000000000082E-05 ), #7338, 'distance_accuracy_value', 'NONE');
#5283 = CARTESIAN_POINT ( 'NONE',  ( -14.72215267737591837, 0.1114193723150549986, 10.89469015845308064 ) ) ;
#5284 = AXIS2_PLACEMENT_3D ( 'NONE', #2010, #6568, #7875 ) ;
#5285 = ORIENTED_EDGE ( 'NONE', *, *, #6632, .T. ) ;
#5286 = EDGE_CURVE ( 'NONE', #7897, #1134, #1825, .T. ) ;
#5287 = DIRECTION ( 'NONE',  ( 3.597944987211185140E-15, 0.000000000000000000, 1.000000000000000000 ) ) ;
#5288 = DIRECTION ( 'NONE',  ( -1.000000000000000000, 0.000000000000000000, 3.430248998885765387E-15 ) ) ;
#5289 = ADVANCED_FACE ( 'NONE', ( #703 ), #4656, .T. ) ;
#5290 = CARTESIAN_POINT ( 'NONE',  ( 14.50889180159050262, 1.063678564173532863E-13, 10.79327610193189457 ) ) ;
#5291 = CARTESIAN_POINT ( 'NONE',  ( -1.431567062964442021E-13, 8.270296309428900372, -41.88125000204840376 ) ) ;
#5292 = LINE ( 'NONE', #49, #1204 ) ;
#5293 = CARTESIAN_POINT ( 'NONE',  ( 3.425668896209451919, 8.270296309428895043, -44.97500000204845350 ) ) ;
#5294 = ORIENTED_EDGE ( 'NONE', *, *, #4379, .F. ) ;
#5295 = CARTESIAN_POINT ( 'NONE',  ( 0.000000000000000000, 0.000000000000000000, 3.889999999999999680 ) ) ;
#5296 = EDGE_LOOP ( 'NONE', ( #1016, #3195, #4725, #434 ) ) ;
#5297 = CARTESIAN_POINT ( 'NONE',  ( 8.270296309428733394, -3.425668896209614456, -50.22500000204844639 ) ) ;
#5298 = DIRECTION ( 'NONE',  ( 1.000000000000000000, 3.571186321298530749E-15, 0.000000000000000000 ) ) ;
#5299 = CARTESIAN_POINT ( 'NONE',  ( -0.6969072952559809409, 13.48199985988044070, -30.09999999999999787 ) ) ;
#5300 = EDGE_CURVE ( 'NONE', #7524, #2256, #6405, .T. ) ;
#5301 = CARTESIAN_POINT ( 'NONE',  ( 6.031491405187607846, -6.297005049796944753, -52.08158965526437356 ) ) ;
#5302 = CARTESIAN_POINT ( 'NONE',  ( -1.672259301127884782E-13, 9.082195121928901216, -48.91250000409679899 ) ) ;
#5303 = CARTESIAN_POINT ( 'NONE',  ( 3.200000000000000178, 4.763893928904970415E-16, -3.889999999999999680 ) ) ;
#5304 = FACE_OUTER_BOUND ( 'NONE', #7940, .T. ) ;
#5305 = CARTESIAN_POINT ( 'NONE',  ( 9.082195121928704040, 3.761968395621746453, -50.50625000000012932 ) ) ;
#5306 = DIRECTION ( 'NONE',  ( -3.287536593766360376E-15, 0.000000000000000000, -1.000000000000000000 ) ) ;
#5307 = CARTESIAN_POINT ( 'NONE',  ( 0.03617803780967670385, -2.925909153298501320, 2.712279213442859493 ) ) ;
#5308 = CARTESIAN_POINT ( 'NONE',  ( 9.082195121929791171, 0.000000000000000000, 260.0852191789194876 ) ) ;
#5309 = EDGE_CURVE ( 'NONE', #847, #1876, #4948, .T. ) ;
#5310 = AXIS2_PLACEMENT_3D ( 'NONE', #7998, #2129, #5455 ) ;
#5311 = CARTESIAN_POINT ( 'NONE',  ( -1.238319888597766067E-13, 0.000000000000000000, -36.10000000000000142 ) ) ;
#5312 = EDGE_LOOP ( 'NONE', ( #506, #5806, #3559, #1237 ) ) ;
#5313 = CARTESIAN_POINT ( 'NONE',  ( 8.270296309428760040, 0.000000000000000000, -41.13125000204845350 ) ) ;
#5314 = FACE_OUTER_BOUND ( 'NONE', #654, .T. ) ;
#5315 = CARTESIAN_POINT ( 'NONE',  ( -10.46999999997885844, 1.282205198704674084E-15, -37.60000000000000142 ) ) ;
#5316 =( REPRESENTATION_RELATIONSHIP ('NONE','NONE', #2221, #2552 ) REPRESENTATION_RELATIONSHIP_WITH_TRANSFORMATION ( #7337 )SHAPE_REPRESENTATION_RELATIONSHIP( ) );
#5317 = CARTESIAN_POINT ( 'NONE',  ( 0.6428159764566444556, -13.29951038227646620, -29.71157185380402055 ) ) ;
#5318 = AXIS2_PLACEMENT_3D ( 'NONE', #6478, #7833, #7075 ) ;
#5319 = CARTESIAN_POINT ( 'NONE',  ( -7.640757519807010567, 3.164905301785300384, -52.09999999959300965 ) ) ;
#5320 = AXIS2_PLACEMENT_3D ( 'NONE', #5516, #6918, #955 ) ;
#5321 = CARTESIAN_POINT ( 'NONE',  ( -1.701699171626694845E-13, 8.270296309428900372, -49.75625000204840376 ) ) ;
#5322 = ORIENTED_EDGE ( 'NONE', *, *, #852, .F. ) ;
#5323 = CARTESIAN_POINT ( 'NONE',  ( 8.270296309428754711, 3.425668896209609571, -41.03750000204843928 ) ) ;
#5324 = ORIENTED_EDGE ( 'NONE', *, *, #6100, .F. ) ;
#5325 = AXIS2_PLACEMENT_3D ( 'NONE', #4407, #449, #3799 ) ;
#5326 = CIRCLE ( 'NONE', #4641, 13.00000000000000000 ) ;
#5327 = CARTESIAN_POINT ( 'NONE',  ( 3.761968395621567929, 9.082195121928899439, -43.00625000409681320 ) ) ;
#5328 = EDGE_CURVE ( 'NONE', #1293, #1355, #1423, .T. ) ;
#5329 = ORIENTED_EDGE ( 'NONE', *, *, #7097, .F. ) ;
#5330 = CARTESIAN_POINT ( 'NONE',  ( -6.401094206458060043, 26.34792013282150691, 15.94150747024212755 ) ) ;
#5331 = CARTESIAN_POINT ( 'NONE',  ( -0.5764684670214413886, -13.43717280622605870, -29.84105631006797665 ) ) ;
#5332 = CARTESIAN_POINT ( 'NONE',  ( -1.289773623581051922E-13, 0.000000000000000000, -37.60000000000000142 ) ) ;
#5333 = CARTESIAN_POINT ( 'NONE',  ( -8.270296309429049586, 1.012819190334226073E-15, -43.00625000204840376 ) ) ;
#5334 = FACE_OUTER_BOUND ( 'NONE', #7687, .T. ) ;
#5335 = EDGE_CURVE ( 'NONE', #3504, #6216, #5762, .T. ) ;
#5336 = CARTESIAN_POINT ( 'NONE',  ( 3.425668896209474124, -8.270296309428895043, -39.53750000204842507 ) ) ;
#5337 = ORIENTED_EDGE ( 'NONE', *, *, #1096, .F. ) ;
#5338 = DIRECTION ( 'NONE',  ( -0.4965933685609139059, -0.8679833099209478542, 0.000000000000000000 ) ) ;
#5339 = CARTESIAN_POINT ( 'NONE',  ( -3.425668896209776548, 8.270296309428905701, -49.66250000204843218 ) ) ;
#5340 = CARTESIAN_POINT ( 'NONE',  ( -14.84803800314999833, -478.0496043183500205, 11.03565890452231990 ) ) ;
#5341 = CYLINDRICAL_SURFACE ( 'NONE', #738, 0.5000000000000004441 ) ;
#5342 = CARTESIAN_POINT ( 'NONE',  ( 5.435165253159915721, -6.783382344120006735, -52.08774341799133367 ) ) ;
#5343 = EDGE_CURVE ( 'NONE', #8380, #5832, #7715, .T. ) ;
#5344 = CARTESIAN_POINT ( 'NONE',  ( -1.565869926040270122E-13, -9.082195121928901216, -45.16250000409679899 ) ) ;
#5345 = CARTESIAN_POINT ( 'NONE',  ( -1.631911519212629766E-13, -8.270296309428900372, -47.13125000204840376 ) ) ;
#5346 = CYLINDRICAL_SURFACE ( 'NONE', #3867, 0.4999999999999999445 ) ;
#5347 = CARTESIAN_POINT ( 'NONE',  ( 4.490311972422453834, 7.835570765930147452, -51.82038538134428762 ) ) ;
#5348 = DIRECTION ( 'NONE',  ( -0.9999966940636209056, 0.000000000000000000, -0.002571354084718225144 ) ) ;
#5349 = CARTESIAN_POINT ( 'NONE',  ( 0.004823738374623153836, -3.182118514973192092, 2.267903684875457682 ) ) ;
#5350 = CARTESIAN_POINT ( 'NONE',  ( -0.6969072952560020351, 13.48199985988041938, -36.09999999998009912 ) ) ;
#5351 = CARTESIAN_POINT ( 'NONE',  ( -9.082195121929080628, 1.112248118530191819E-15, -51.35000000000000142 ) ) ;
#5352 = EDGE_LOOP ( 'NONE', ( #5053, #5790, #6747, #16 ) ) ;
#5353 = CARTESIAN_POINT ( 'NONE',  ( 5.847982602819110198, -5.847982602819249642, -41.31875000204845350 ) ) ;
#5354 = CARTESIAN_POINT ( 'NONE',  ( -6.023701174167425343, 5.895222873906668326, -52.10000000009126353 ) ) ;
#5355 = CARTESIAN_POINT ( 'NONE',  ( 6.422081758775130211, -6.422081758775310512, -50.97500000409679899 ) ) ;
#5356 = CARTESIAN_POINT ( 'NONE',  ( 9.500000000000799361, 0.000000000000000000, 260.0852191789194876 ) ) ;
#5357 = CARTESIAN_POINT ( 'NONE',  ( -4.517559327484969245, 7.878954623263429546, -51.60000000000000853 ) ) ;
#5358 = EDGE_CURVE ( 'NONE', #7026, #3104, #768, .T. ) ;
#5359 = CARTESIAN_POINT ( 'NONE',  ( -10.36105758348935879, 7.851654968961459424, -36.60000000000000142 ) ) ;
#5360 = CARTESIAN_POINT ( 'NONE',  ( 8.270296309428733394, 3.425668896209608683, -47.03750000204846771 ) ) ;
#5361 = ORIENTED_EDGE ( 'NONE', *, *, #1360, .F. ) ;
#5362 = CIRCLE ( 'NONE', #2770, 0.4999999999999995559 ) ;
#5363 = CARTESIAN_POINT ( 'NONE',  ( -6.422081758775489924, 6.422081758775310512, -53.03750000000000142 ) ) ;
#5364 = VERTEX_POINT ( 'NONE', #1522 ) ;
#5365 = VECTOR ( 'NONE', #5124, 1000.000000000000114 ) ;
#5366 = CARTESIAN_POINT ( 'NONE',  ( -9.082195121929052206, 1.112248118530191819E-15, -42.53750000409674925 ) ) ;
#5367 = AXIS2_PLACEMENT_3D ( 'NONE', #1761, #8184, #4958 ) ;
#5368 = VECTOR ( 'NONE', #6243, 1000.000000000000114 ) ;
#5369 = CIRCLE ( 'NONE', #603, 13.00000000000000000 ) ;
#5370 = CARTESIAN_POINT ( 'NONE',  ( -8.600932351444832591, 27.20545920076708057, 14.66387654648273120 ) ) ;
#5371 = VECTOR ( 'NONE', #8091, 1000.000000000000000 ) ;
#5372 = CARTESIAN_POINT ( 'NONE',  ( -0.5459417134134711969, -13.33119865791996084, -29.73559609055817177 ) ) ;
#5373 = CIRCLE ( 'NONE', #3192, 1.000000000000000000 ) ;
#5374 = EDGE_CURVE ( 'NONE', #7146, #2593, #3997, .T. ) ;
#5375 = CARTESIAN_POINT ( 'NONE',  ( 9.082195121928746673, 3.761968395621746453, -38.69375000409684162 ) ) ;
#5376 = CARTESIAN_POINT ( 'NONE',  ( -1.516170057507509889E-13, 43.46900000000000119, 0.000000000000000000 ) ) ;
#5377 =( BOUNDED_CURVE ( )  B_SPLINE_CURVE ( 2, ( #3433, #6682, #763, #6641, #6001, #4800, #4760, #3510, #6077, #2122, #3471, #4159, #846, #1446, #4720, #203, #6039, #6760, #7989, #7275, #2159, #1566, #2079, #7356, #2802, #7230, #5321, #8071, #927, #5404, #242, #4034, #2841, #1527, #4118, #7316, #6117, #6720, #284, #161, #886, #3356, #5442, #2883, #2203, #7949, #1488, #8031, #4634, #1403, #2759, #3990, #6601, #119, #4676, #5360, #2717, #3556, #1145, #6845, #1649, #5530, #5009, #1104, #3641, #7433, #3686, #2927, #1015, #7477, #6800, #6161, #7599, #6931, #1603, #3051, #2328, #8113, #3090, #8194, #1732, #4197, #5656, #2284, #3727, #6289, #6248, #2406, #1772, #4283, #324, #5693, #4372, #4885, #1690, #455, #3600, #4241, #6890, #973, #8151, #4928, #6328, #8234, #6972, #6206, #412, #2242, #3014, #4971, #373, #5615, #2969, #5572, #1059, #7518, #2365, #7563, #4328, #494, #4843, #2487, #710, #6454, #8316, #2623, #3128, #3215, #1263, #2446, #532, #3302, #4577, #3845, #3891, #5089, #7133, #1900, #7094, #8363, #1343 ),
 .UNSPECIFIED., .F., .F. ) 
 B_SPLINE_CURVE_WITH_KNOTS ( ( 3, 2, 2, 2, 2, 2, 2, 2, 2, 2, 2, 2, 2, 2, 2, 2, 2, 2, 2, 2, 2, 2, 2, 2, 2, 2, 2, 2, 2, 2, 2, 2, 2, 2, 2, 2, 2, 2, 2, 2, 2, 2, 2, 2, 2, 2, 2, 2, 2, 2, 2, 2, 2, 2, 2, 2, 2, 2, 2, 2, 2, 2, 2, 2, 2, 2, 2, 2, 2, 2, 3 ),
 ( 0.07366260076170300097, 0.08035920067740369432, 0.09375240079030430773, 0.1071456009032050044, 0.1205388010161056178, 0.1339320011290061896, 0.1473252012419070112, 0.1607184013548074997, 0.1741116014677080159, 0.1875048015806085044, 0.2008980016935094925, 0.2142912018064100088, 0.2276844019193104973, 0.2410776020322110136, 0.2544708021451114743, 0.2678640022580124902, 0.2812572023709130065, 0.2946504024838134672, 0.3080436025967145386, 0.3214368027096149993, 0.3348300028225155156, 0.3482232029354160319, 0.3616164030483169922, 0.3750096031612175085, 0.3884028032741180247, 0.4017960033870184855, 0.4151892034999190018, 0.4285824036128200176, 0.4419756037257204784, 0.4553688038386209946, 0.4687620039515219550, 0.4821552040644220272, 0.4955484041773229875, 0.5089416042902239479, 0.5223348044031239645, 0.5357280045160249804, 0.5491212046289249971, 0.5625144047418260129, 0.5759076048547269178, 0.5893008049676269344, 0.6026940050805280613, 0.6160872051934280780, 0.6294804053063289828, 0.6428736054192298877, 0.6562668055321310145, 0.6696600056450310312, 0.6830532057579319360, 0.6964464058708319527, 0.7098396059837328576, 0.7232328060966328742, 0.7366260062095340011, 0.7500192063224349059, 0.7634124064353349226, 0.7768056065482360495, 0.7901988066611369543, 0.8035920067740369710, 0.8169852068869378758, 0.8303784069998378925, 0.8437716071127390194, 0.8571648072256399242, 0.8705580073385399409, 0.8839512074514408457, 0.8973444075643408624, 0.9107376076772419893, 0.9241308077901428941, 0.9375240079030429108, 0.9509172080159440377, 0.9643104081288449425, 0.9777036082417449592, 0.9910968083546458640, 1.000000000000000000 ),
 .UNSPECIFIED. ) 
 CURVE ( )  GEOMETRIC_REPRESENTATION_ITEM ( )  RATIONAL_B_SPLINE_CURVE ( ( 0.9619397662556429252, 0.9619397670555959179, 1.000000000000000000, 0.9238795325112869605, 1.000000000000000000, 0.9238795325112869605, 1.000000000000000000, 0.9238795325112869605, 1.000000000000000000, 0.9238795325112869605, 1.000000000000000000, 0.9238795325112869605, 1.000000000000000000, 0.9238795325112869605, 1.000000000000000000, 0.9238795325112869605, 1.000000000000000000, 0.9238795325112869605, 1.000000000000000000, 0.9238795325112869605, 1.000000000000000000, 0.9238795325112869605, 1.000000000000000000, 0.9238795325112869605, 1.000000000000000000, 0.9238795325112869605, 1.000000000000000000, 0.9238795325112869605, 1.000000000000000000, 0.9238795325112869605, 1.000000000000000000, 0.9238795325112869605, 1.000000000000000000, 0.9238795325112869605, 1.000000000000000000, 0.9238795325112869605, 1.000000000000000000, 0.9238795325112869605, 1.000000000000000000, 0.9238795325112869605, 1.000000000000000000, 0.9238795325112869605, 1.000000000000000000, 0.9238795325112869605, 1.000000000000000000, 0.9238795325112869605, 1.000000000000000000, 0.9238795325112869605, 1.000000000000000000, 0.9238795325112869605, 1.000000000000000000, 0.9238795325112869605, 1.000000000000000000, 0.9238795325112869605, 1.000000000000000000, 0.9238795325112869605, 1.000000000000000000, 0.9238795325112869605, 1.000000000000000000, 0.9238795325112869605, 1.000000000000000000, 0.9238795325112869605, 1.000000000000000000, 0.9238795325112869605, 1.000000000000000000, 0.9238795325112869605, 1.000000000000000000, 0.9238795325112869605, 1.000000000000000000, 0.9238795325112869605, 1.000000000000000000, 0.9238795325112869605, 1.000000000000000000, 0.9238795325112869605, 1.000000000000000000, 0.9238795325112869605, 1.000000000000000000, 0.9238795325112869605, 1.000000000000000000, 0.9238795325112869605, 1.000000000000000000, 0.9238795325112869605, 1.000000000000000000, 0.9238795325112869605, 1.000000000000000000, 0.9238795325112869605, 1.000000000000000000, 0.9238795325112869605, 1.000000000000000000, 0.9238795325112869605, 1.000000000000000000, 0.9238795325112869605, 1.000000000000000000, 0.9238795325112869605, 1.000000000000000000, 0.9238795325112869605, 1.000000000000000000, 0.9238795325112869605, 1.000000000000000000, 0.9238795325112869605, 1.000000000000000000, 0.9238795325112869605, 1.000000000000000000, 0.9238795325112869605, 1.000000000000000000, 0.9238795325112869605, 1.000000000000000000, 0.9238795325112869605, 1.000000000000000000, 0.9238795325112869605, 1.000000000000000000, 0.9238795325112869605, 1.000000000000000000, 0.9238795325112869605, 1.000000000000000000, 0.9238795325112869605, 1.000000000000000000, 0.9238795325112869605, 1.000000000000000000, 0.9238795325112869605, 1.000000000000000000, 0.9238795325112869605, 1.000000000000000000, 0.9238795325112869605, 1.000000000000000000, 0.9238795325112869605, 1.000000000000000000, 0.9238795325112869605, 1.000000000000000000, 0.9238795325112869605, 1.000000000000000000, 0.9238795325112869605, 1.000000000000000000, 0.9238795325112869605, 1.000000000000000000, 0.9238795325112869605, 1.000000000000000000, 0.9238795325112869605, 1.000000000000000000, 0.9493985675960170401, 0.9660722070829029784 ) ) 
 REPRESENTATION_ITEM ( '' )  );
#5378 = AXIS2_PLACEMENT_3D ( 'NONE', #2758, #6553, #4759 ) ;
#5379 = CARTESIAN_POINT ( 'NONE',  ( 8.270296309428765369, 3.425668896209603798, -39.16250000204844639 ) ) ;
#5380 = ORIENTED_EDGE ( 'NONE', *, *, #2682, .T. ) ;
#5381 = CARTESIAN_POINT ( 'NONE',  ( 3.149999999999999911, -4.491785094295284608, -1.146801959133629872E-16 ) ) ;
#5382 = ADVANCED_FACE ( 'NONE', ( #6796 ), #969, .T. ) ;
#5383 = CARTESIAN_POINT ( 'NONE',  ( -5.847982602819429943, -5.847982602819249642, -50.69375000204840376 ) ) ;
#5384 = CARTESIAN_POINT ( 'NONE',  ( 8.921570627134731097E-13, 0.000000000000000000, 260.0852191789194876 ) ) ;
#5385 = VECTOR ( 'NONE', #4422, 1000.000000000000000 ) ;
#5386 = DIRECTION ( 'NONE',  ( 5.046468293750720081E-15, -1.000000000000000000, 0.000000000000000000 ) ) ;
#5387 = CARTESIAN_POINT ( 'NONE',  ( -1.363536891228163842E-13, 9.082195121928901216, -39.91250000409679899 ) ) ;
#5388 = CARTESIAN_POINT ( 'NONE',  ( 8.270296309428731618, 0.000000000000000000, -48.25625000204850323 ) ) ;
#5389 = CARTESIAN_POINT ( 'NONE',  ( 3.761968395621578587, 9.082195121928899439, -40.00625000409683452 ) ) ;
#5390 = DIRECTION ( 'NONE',  ( -1.000000000000000000, -1.224646799147353454E-16, 0.000000000000000000 ) ) ;
#5391 = ORIENTED_EDGE ( 'NONE', *, *, #3928, .T. ) ;
#5392 = CARTESIAN_POINT ( 'NONE',  ( 0.1487596899945013151, 1.859750136927007969, 3.889999999999999680 ) ) ;
#5393 = CARTESIAN_POINT ( 'NONE',  ( -4.551005350414719934E-14, 13.26727404305916203, 0.000000000000000000 ) ) ;
#5394 = CARTESIAN_POINT ( 'NONE',  ( -12.56550756462222651, 6.671494440558144667, 0.7989133378388625362 ) ) ;
#5395 = EDGE_CURVE ( 'NONE', #8317, #8158, #814, .T. ) ;
#5396 = DIRECTION ( 'NONE',  ( -1.000000000000000000, 0.000000000000000000, 3.227392513445451876E-15 ) ) ;
#5397 = ORIENTED_EDGE ( 'NONE', *, *, #1360, .T. ) ;
#5398 = CARTESIAN_POINT ( 'NONE',  ( -8.270296309429035375, -3.425668896209603798, -40.28750000204840376 ) ) ;
#5399 = CARTESIAN_POINT ( 'NONE',  ( -6.543200881754545506, 5.278555433641291650, -52.10016033217871012 ) ) ;
#5400 = CARTESIAN_POINT ( 'NONE',  ( 9.082195121928785753, -3.761968395621672734, -49.19375000000008669 ) ) ;
#5401 = DIRECTION ( 'NONE',  ( 3.056042646409700130E-15, 0.000000000000000000, 1.000000000000000000 ) ) ;
#5402 = DIRECTION ( 'NONE',  ( -3.313702914957640589E-15, 0.000000000000000000, -1.000000000000000000 ) ) ;
#5403 = B_SPLINE_CURVE_WITH_KNOTS ( 'NONE', 3,
 ( #5583, #2337, #6982, #544, #1153, #1787, #5703, #7782, #3142, #1192, #2590, #3738, #8372, #5743, #4507, #5141, #5188, #8284, #3184, #632, #1955, #7143, #3226, #4382, #8326, #7733, #5059, #7609, #2502 ),
 .UNSPECIFIED., .F., .F.,
 ( 4, 2, 2, 2, 1, 1, 1, 1, 2, 2, 2, 2, 1, 1, 1, 2, 2, 4 ),
 ( 0.000000000000000000, 0.2499999999999980016, 0.3749999999999970024, 0.4374999999999964473, 0.4687499999999961697, 0.4843749999999960032, 0.4921874999999960032, 0.4960937499999960032, 0.4980468749999959477, 0.4999999999999959477, 0.6249999999999951150, 0.6874999999999946709, 0.7187499999999944489, 0.7343749999999943379, 0.7421874999999943379, 0.7460937499999943379, 0.7499999999999944489, 1.000000000000000000 ),
 .UNSPECIFIED. ) ;
#5404 = CARTESIAN_POINT ( 'NONE',  ( -8.270296309429069126, 3.425668896209608683, -49.47500000204840376 ) ) ;
#5405 = VERTEX_POINT ( 'NONE', #6716 ) ;
#5406 = VECTOR ( 'NONE', #6717, 1000.000000000000114 ) ;
#5407 = CARTESIAN_POINT ( 'NONE',  ( 6.422081758775130211, 6.422081758775310512, -51.91250000000000142 ) ) ;
#5408 = ORIENTED_EDGE ( 'NONE', *, *, #537, .T. ) ;
#5409 = CARTESIAN_POINT ( 'NONE',  ( 10.99999999999986144, 17.69173968106289863, 0.000000000000000000 ) ) ;
#5410 = LINE ( 'NONE', #6729, #3606 ) ;
#5411 = VERTEX_POINT ( 'NONE', #2238 ) ;
#5412 = CARTESIAN_POINT ( 'NONE',  ( -8.713456129907834580, 27.20098430882115537, 14.59851797337508117 ) ) ;
#5413 = CARTESIAN_POINT ( 'NONE',  ( -10.88427627193688174, -7.598005402351833304, -36.51829070677661093 ) ) ;
#5414 = B_SPLINE_CURVE_WITH_KNOTS ( 'NONE', 3,
 ( #2585, #3734, #5784, #1781, #5825, #670, #2495, #3263, #3815, #32, #2629, #5226, #4378, #1150, #6336, #6594, #2075 ),
 .UNSPECIFIED., .F., .F.,
 ( 4, 2, 2, 2, 1, 1, 1, 2, 2, 4 ),
 ( 0.000000000000000000, 0.2500000000001051936, 0.3750000000001539879, 0.4375000000001796341, 0.4687500000001955658, 0.4843750000002005063, 0.4921875000002032263, 0.4960937500002049472, 0.5000000000002067235, 1.000000000000000000 ),
 .UNSPECIFIED. ) ;
#5415 = CONICAL_SURFACE ( 'NONE', #2822, 3.889999999999999680, 1.221730476396036602 ) ;
#5416 = CARTESIAN_POINT ( 'NONE',  ( -0.5909401206152240515, -13.48706008638814069, -36.10000000000000142 ) ) ;
#5417 = LINE ( 'NONE', #1119, #7805 ) ;
#5418 = ORIENTED_EDGE ( 'NONE', *, *, #3076, .F. ) ;
#5419 = DIRECTION ( 'NONE',  ( -1.000000000000000000, 0.000000000000000000, 0.000000000000000000 ) ) ;
#5420 = CARTESIAN_POINT ( 'NONE',  ( 8.270296309428731618, 0.000000000000000000, -50.13125000204850323 ) ) ;
#5421 = CARTESIAN_POINT ( 'NONE',  ( -11.50000000000000000, 17.19173968106279915, 0.000000000000000000 ) ) ;
#5422 = CARTESIAN_POINT ( 'NONE',  ( 4.315479057817150021, 6.237040212189879289E-16, -45.62062614896559865 ) ) ;
#5423 = EDGE_CURVE ( 'NONE', #6015, #3313, #6438, .T. ) ;
#5424 = CARTESIAN_POINT ( 'NONE',  ( 8.270296309428720960, 0.000000000000000000, -52.75625000204849613 ) ) ;
#5425 = CARTESIAN_POINT ( 'NONE',  ( 5.847982602819080000, 5.847982602819249642, -49.56875000204840376 ) ) ;
#5426 = CARTESIAN_POINT ( 'NONE',  ( 4.346361360361993498, 7.918597112507405278, -51.81676613158833788 ) ) ;
#5427 = ORIENTED_EDGE ( 'NONE', *, *, #1216, .F. ) ;
#5428 = DIRECTION ( 'NONE',  ( 0.000000000000000000, -0.4999999999999998890, 0.8660254037844387076 ) ) ;
#5429 = DIRECTION ( 'NONE',  ( 5.503849327498829537E-14, 1.179611963664226047E-13, -1.000000000000000000 ) ) ;
#5430 = CARTESIAN_POINT ( 'NONE',  ( 12.37553668564675924, 24.46902360999580495, -12.47164774914371677 ) ) ;
#5431 = FACE_OUTER_BOUND ( 'NONE', #3497, .T. ) ;
#5432 = CARTESIAN_POINT ( 'NONE',  ( 3.149999999999999911, 4.825108388640579195E-16, -3.939999999999999947 ) ) ;
#5433 = VECTOR ( 'NONE', #425, 1000.000000000000114 ) ;
#5434 = ORIENTED_EDGE ( 'NONE', *, *, #4255, .F. ) ;
#5435 = CARTESIAN_POINT ( 'NONE',  ( 3.425668896209462577, 8.270296309428905701, -42.35000000204842507 ) ) ;
#5436 = CARTESIAN_POINT ( 'NONE',  ( 16.98853074347736580, 24.46841167017758423, 4.482217345198650449 ) ) ;
#5437 = EDGE_CURVE ( 'NONE', #2367, #5752, #4237, .T. ) ;
#5438 = DIRECTION ( 'NONE',  ( 1.000000000000000000, 0.000000000000000000, 0.000000000000000000 ) ) ;
#5439 =( BOUNDED_CURVE ( )  B_SPLINE_CURVE ( 2, ( #26, #5175, #7174, #3257, #5778, #5857, #3934, #3764, #7770 ),
 .UNSPECIFIED., .F., .F. ) 
 B_SPLINE_CURVE_WITH_KNOTS ( ( 3, 2, 2, 2, 3 ),
 ( 0.2999999999999999889, 0.3125000000000000000, 0.3250000000000000111, 0.3375000000000000222, 0.3499999999999999778 ),
 .UNSPECIFIED. ) 
 CURVE ( )  GEOMETRIC_REPRESENTATION_ITEM ( )  RATIONAL_B_SPLINE_CURVE ( ( 1.000000000000000000, 0.9238795325112879597, 1.000000000000000000, 0.9238795325112869605, 1.000000000000000000, 0.9238795325112869605, 1.000000000000000000, 0.9238795325112879597, 1.000000000000000000 ) ) 
 REPRESENTATION_ITEM ( '' )  );
#5440 = CARTESIAN_POINT ( 'NONE',  ( 0.9421520045732457715, 13.28621784601782174, -36.48468805582810859 ) ) ;
#5441 = CARTESIAN_POINT ( 'NONE',  ( 8.270296309428744053, -3.425668896209608683, -45.35000000204846771 ) ) ;
#5442 = CARTESIAN_POINT ( 'NONE',  ( -1.650245436643409747E-13, 8.270296309428900372, -48.25625000204840376 ) ) ;
#5443 = AXIS2_PLACEMENT_3D ( 'NONE', #6649, #2212, #2086 ) ;
#5444 = EDGE_LOOP ( 'NONE', ( #7735, #332, #6416, #4509 ) ) ;
#5445 = CARTESIAN_POINT ( 'NONE',  ( -9.082195121929059312, -3.761968395621714034, -46.75624999999998721 ) ) ;
#5446 = ORIENTED_EDGE ( 'NONE', *, *, #1266, .T. ) ;
#5447 = CARTESIAN_POINT ( 'NONE',  ( -1.516170057507509889E-13, 44.20000000000000284, 8.355999999999999872 ) ) ;
#5448 = AXIS2_PLACEMENT_3D ( 'NONE', #1926, #5924, #1246 ) ;
#5449 = AXIS2_PLACEMENT_3D ( 'NONE', #4144, #3496, #2352 ) ;
#5450 = DIRECTION ( 'NONE',  ( 0.000000000000000000, 0.000000000000000000, -1.000000000000000000 ) ) ;
#5451 = EDGE_CURVE ( 'NONE', #2803, #7693, #5082, .T. ) ;
#5452 = EDGE_LOOP ( 'NONE', ( #6329, #54, #3472, #2160, #5391, #3994 ) ) ;
#5453 = CARTESIAN_POINT ( 'NONE',  ( -12.72933531457457690, 23.95440163022680125, 12.26614569237661456 ) ) ;
#5454 = VECTOR ( 'NONE', #662, 1000.000000000000000 ) ;
#5455 = DIRECTION ( 'NONE',  ( 1.000000000000000000, 0.000000000000000000, -6.112085292819410516E-15 ) ) ;
#5456 = VECTOR ( 'NONE', #459, 999.9999999999998863 ) ;
#5457 = ORIENTED_EDGE ( 'NONE', *, *, #6377, .T. ) ;
#5458 = CIRCLE ( 'NONE', #1783, 11.46999999997873942 ) ;
#5459 = DIRECTION ( 'NONE',  ( 1.000000000000000000, 0.000000000000000000, -6.112085292819410516E-15 ) ) ;
#5460 = CIRCLE ( 'NONE', #5179, 13.48383344964349995 ) ;
#5461 = DIRECTION ( 'NONE',  ( -3.494771382259855294E-15, 1.000000000000000000, 0.000000000000000000 ) ) ;
#5462 = ORIENTED_EDGE ( 'NONE', *, *, #5174, .F. ) ;
#5463 = EDGE_CURVE ( 'NONE', #5065, #8039, #6034, .T. ) ;
#5464 = CARTESIAN_POINT ( 'NONE',  ( -9.082195121929153458, -3.761968395621612338, -42.25625000000000853 ) ) ;
#5465 = CARTESIAN_POINT ( 'NONE',  ( 8.270296309428744053, -3.425668896209614456, -45.72500000204842507 ) ) ;
#5466 = DIRECTION ( 'NONE',  ( -0.5033989121719858462, 0.8640541274851137876, 0.000000000000000000 ) ) ;
#5467 = CARTESIAN_POINT ( 'NONE',  ( -11.46999999997886022, 1.404669878619410021E-15, -36.60000000000000142 ) ) ;
#5468 = CARTESIAN_POINT ( 'NONE',  ( -6.422081758775449956, -6.422081758775310512, -40.85000000409679899 ) ) ;
#5469 = CARTESIAN_POINT ( 'NONE',  ( 8.270296309428720960, 3.425668896209603798, -51.16250000204840376 ) ) ;
#5470 = DIRECTION ( 'NONE',  ( -0.7071067811865480168, 0.000000000000000000, 0.7071067811865470176 ) ) ;
#5471 = CARTESIAN_POINT ( 'NONE',  ( 1.486846956493263594, -13.02210668024434526, -36.59103185458927499 ) ) ;
#5472 = EDGE_LOOP ( 'NONE', ( #727, #7855, #4331, #4605 ) ) ;
#5473 = DIRECTION ( 'NONE',  ( 0.000000000000000000, -1.000000000000000000, 0.000000000000000000 ) ) ;
#5474 = CARTESIAN_POINT ( 'NONE',  ( -11.14679570532971908, -7.154762106903648444, -29.66329245527429492 ) ) ;
#5475 = CARTESIAN_POINT ( 'NONE',  ( 2.066017416778324733, 5.655032861993818829E-14, -17.88103945618285096 ) ) ;
#5476 = CARTESIAN_POINT ( 'NONE',  ( -12.43445913411204096, 6.558330953227545557, 0.4651703042655178089 ) ) ;
#5477 = ADVANCED_FACE ( 'NONE', ( #4236 ), #1009, .T. ) ;
#5478 = DIRECTION ( 'NONE',  ( -0.8679833099209478542, 0.4965933685609139059, 2.977398879905884978E-15 ) ) ;
#5479 = ORIENTED_EDGE ( 'NONE', *, *, #2140, .F. ) ;
#5480 = DIRECTION ( 'NONE',  ( -0.9999922807328994745, -0.003929182435833542680, 0.000000000000000000 ) ) ;
#5481 = FACE_OUTER_BOUND ( 'NONE', #3401, .T. ) ;
#5482 = DIRECTION ( 'NONE',  ( 3.430248998885765387E-15, -1.000000000000000000, 0.000000000000000000 ) ) ;
#5483 =( NAMED_UNIT ( * ) PLANE_ANGLE_UNIT ( ) SI_UNIT ( $, .RADIAN. ) );
#5484 = CARTESIAN_POINT ( 'NONE',  ( 5.847982602819089770, -5.847982602819249642, -46.94375000204840376 ) ) ;
#5485 = DIRECTION ( 'NONE',  ( 0.000000000000000000, 1.000000000000000000, 0.000000000000000000 ) ) ;
#5486 = VERTEX_POINT ( 'NONE', #2965 ) ;
#5487 = CARTESIAN_POINT ( 'NONE',  ( 6.422081758775149751, 6.422081758775310512, -45.91250000000000142 ) ) ;
#5488 = EDGE_LOOP ( 'NONE', ( #4511, #7950, #6162, #3520 ) ) ;
#5489 = EDGE_CURVE ( 'NONE', #2962, #6219, #7513, .T. ) ;
#5490 = CARTESIAN_POINT ( 'NONE',  ( -9.082195121929052206, 1.112248118530191819E-15, -44.03750000409674925 ) ) ;
#5491 = ORIENTED_EDGE ( 'NONE', *, *, #4916, .T. ) ;
#5492 = CARTESIAN_POINT ( 'NONE',  ( -5.847982602819409514, -5.847982602819249642, -44.31875000204839665 ) ) ;
#5493 = CARTESIAN_POINT ( 'NONE',  ( 0.05047544708180209949, 50.00000000000000000, -19.62984425721650084 ) ) ;
#5494 = CARTESIAN_POINT ( 'NONE',  ( 4.103992555931961661, 23.71508879916447299, 17.24544306793400139 ) ) ;
#5495 = ORIENTED_EDGE ( 'NONE', *, *, #3872, .T. ) ;
#5496 = CARTESIAN_POINT ( 'NONE',  ( -6.543331199166822820, 26.45848752364203449, 15.85889739523263842 ) ) ;
#5497 = ORIENTED_EDGE ( 'NONE', *, *, #4007, .F. ) ;
#5498 = CARTESIAN_POINT ( 'NONE',  ( -9.367621241346425265, 27.05405201541980631, -14.22456410758799095 ) ) ;
#5499 = VERTEX_POINT ( 'NONE', #280 ) ;
#5500 = CARTESIAN_POINT ( 'NONE',  ( -0.5909401206152240515, -13.48706008638814069, -36.10000000000000142 ) ) ;
#5501 = AXIS2_PLACEMENT_3D ( 'NONE', #230, #5900, #790 ) ;
#5502 = ADVANCED_FACE ( 'NONE', ( #5481 ), #4136, .F. ) ;
#5503 = AXIS2_PLACEMENT_3D ( 'NONE', #5166, #7207, #2658 ) ;
#5504 = AXIS2_PLACEMENT_3D ( 'NONE', #3713, #4403, #3880 ) ;
#5505 = VERTEX_POINT ( 'NONE', #238 ) ;
#5506 = DIRECTION ( 'NONE',  ( 1.000000000000000000, 0.000000000000000000, -3.597944987211155163E-15 ) ) ;
#5507 = B_SPLINE_CURVE_WITH_KNOTS ( 'NONE', 3,
 ( #2676, #5231, #117, #5872, #3989, #7988, #77, #2158, #4033, #6640, #6600, #5913, #5273, #4074, #802, #2801, #5359 ),
 .UNSPECIFIED., .F., .F.,
 ( 4, 2, 2, 2, 1, 1, 1, 2, 2, 4 ),
 ( 0.000000000000000000, 0.2499999999999603095, 0.3749999999999388267, 0.4374999999999272249, 0.4687499999999213962, 0.4843749999999193978, 0.4921874999999178990, 0.4960937499999167888, 0.4999999999999156786, 1.000000000000000000 ),
 .UNSPECIFIED. ) ;
#5508 = CARTESIAN_POINT ( 'NONE',  ( 8.270296309428754711, -3.425668896209614456, -42.72500000204845350 ) ) ;
#5509 = CARTESIAN_POINT ( 'NONE',  ( -0.05444434888857849902, 13.85629949924849846, -40.00000000000000000 ) ) ;
#5510 = AXIS2_PLACEMENT_3D ( 'NONE', #2226, #1630, #1044 ) ;
#5511 = DIRECTION ( 'NONE',  ( 1.000000000000000000, 5.046468293750711404E-15, 0.000000000000000000 ) ) ;
#5512 = EDGE_CURVE ( 'NONE', #5630, #7148, #6728, .T. ) ;
#5513 = CARTESIAN_POINT ( 'NONE',  ( -1.414990626211449698E-13, 9.082195121928901216, -41.41250000409679899 ) ) ;
#5514 = CARTESIAN_POINT ( 'NONE',  ( -1.683365254195914865E-13, -8.270296309428900372, -48.63125000204840376 ) ) ;
#5515 =( NAMED_UNIT ( * ) PLANE_ANGLE_UNIT ( ) SI_UNIT ( $, .RADIAN. ) );
#5516 = CARTESIAN_POINT ( 'NONE',  ( -6.382531835699300514E-28, 4.943961906533899588E-14, 0.000000000000000000 ) ) ;
#5517 = ORIENTED_EDGE ( 'NONE', *, *, #2343, .F. ) ;
#5518 = CARTESIAN_POINT ( 'NONE',  ( 11.52373063106709949, -6.016945432908640257, -36.10000000000000142 ) ) ;
#5519 = DIRECTION ( 'NONE',  ( -1.000000000000000000, 0.000000000000000000, 3.430248998885765387E-15 ) ) ;
#5520 = DIRECTION ( 'NONE',  ( 0.5033989121719874005, -0.8640541274851128994, 0.000000000000000000 ) ) ;
#5521 = CARTESIAN_POINT ( 'NONE',  ( -12.35683807978234050, 6.500240388697930527, -1.083149661190471966E-10 ) ) ;
#5522 = CARTESIAN_POINT ( 'NONE',  ( 0.3426434363339710409, 13.05306843142814088, -29.60000000000000142 ) ) ;
#5523 = ORIENTED_EDGE ( 'NONE', *, *, #5767, .F. ) ;
#5524 = CARTESIAN_POINT ( 'NONE',  ( 10.42223109710255358, 7.862350662239326660, -36.60000000000003695 ) ) ;
#5525 = CARTESIAN_POINT ( 'NONE',  ( 9.082195121928730686, 0.000000000000000000, -49.09999999999999432 ) ) ;
#5526 = LINE ( 'NONE', #3430, #5406 ) ;
#5527 = CARTESIAN_POINT ( 'NONE',  ( -9.082195121928011261, 1.112248118530191819E-15, 260.0852191789194876 ) ) ;
#5528 = EDGE_CURVE ( 'NONE', #7498, #2015, #7726, .T. ) ;
#5529 = CARTESIAN_POINT ( 'NONE',  ( -5.847982602819420173, 5.847982602819249642, -49.19375000204840376 ) ) ;
#5530 = CARTESIAN_POINT ( 'NONE',  ( -8.270296309429058468, 3.425668896209608683, -46.47500000204841086 ) ) ;
#5531 = EDGE_LOOP ( 'NONE', ( #3159, #2382, #5906, #2681 ) ) ;
#5532 = CARTESIAN_POINT ( 'NONE',  ( 6.422081758775149751, -6.422081758775310512, -46.28750000000000142 ) ) ;
#5533 = VERTEX_POINT ( 'NONE', #2837 ) ;
#5534 = CARTESIAN_POINT ( 'NONE',  ( 16.98117996039130162, 20.00000000000000000, 7.340948654826600084 ) ) ;
#5535 = ORIENTED_EDGE ( 'NONE', *, *, #5058, .F. ) ;
#5536 = CARTESIAN_POINT ( 'NONE',  ( 8.270296309428754711, 3.425668896209603798, -42.16250000204845350 ) ) ;
#5537 = CARTESIAN_POINT ( 'NONE',  ( -16.51844312351535038, -7.198998543236329373E-15, 7.151296160500309362 ) ) ;
#5538 = CARTESIAN_POINT ( 'NONE',  ( 8.829126062437573808, 27.18778745291857035, 14.53359767850984774 ) ) ;
#5539 = ADVANCED_FACE ( 'NONE', ( #3682 ), #6324, .T. ) ;
#5540 = ORIENTED_EDGE ( 'NONE', *, *, #4850, .F. ) ;
#5541 = DIRECTION ( 'NONE',  ( -1.000000000000000000, -3.430248998885765387E-15, 0.000000000000000000 ) ) ;
#5542 = ADVANCED_FACE ( 'NONE', ( #408 ), #1969, .T. ) ;
#5543 = ORIENTED_EDGE ( 'NONE', *, *, #8093, .T. ) ;
#5544 = B_SPLINE_CURVE_WITH_KNOTS ( 'NONE', 3,
 ( #3840, #61, #7168, #3926, #1940, #4614, #6447, #6533, #616, #6407, #7210, #3296, #3211, #5894, #3124, #2660, #7763, #4528 ),
 .UNSPECIFIED., .F., .F.,
 ( 4, 2, 2, 2, 2, 2, 2, 2, 4 ),
 ( 0.000000000000000000, 0.1250000000000000000, 0.2500000000000000000, 0.3750000000000000000, 0.5000000000000000000, 0.6250000000000000000, 0.7500000000000000000, 0.8750000000000000000, 1.000000000000000000 ),
 .UNSPECIFIED. ) ;
#5545 = CARTESIAN_POINT ( 'NONE',  ( -6.641965395938862926, 26.61017715419310292, -15.78887153920788577 ) ) ;
#5546 = ORIENTED_EDGE ( 'NONE', *, *, #6883, .F. ) ;
#5547 = CARTESIAN_POINT ( 'NONE',  ( 0.4489545632836445255, 12.99224537176326066, -29.60000000000000142 ) ) ;
#5548 = AXIS2_PLACEMENT_3D ( 'NONE', #2674, #3266, #3353 ) ;
#5549 = ADVANCED_FACE ( 'NONE', ( #1895 ), #3086, .T. ) ;
#5550 = B_SPLINE_CURVE_WITH_KNOTS ( 'NONE', 3,
 ( #4218, #6307, #1666, #8298, #5633, #7499, #1797, #2304, #2388, #437, #1621, #8132, #7456, #3748, #3031 ),
 .UNSPECIFIED., .F., .F.,
 ( 4, 2, 2, 2, 1, 2, 2, 4 ),
 ( 0.000000000000000000, 0.2500000000000472400, 0.3750000000000763278, 0.4375000000000969780, 0.4687500000001071365, 0.4843750000001057487, 0.5000000000001043610, 1.000000000000000000 ),
 .UNSPECIFIED. ) ;
#5551 = ORIENTED_EDGE ( 'NONE', *, *, #371, .T. ) ;
#5552 = DIRECTION ( 'NONE',  ( 1.000000000000000000, 0.000000000000000000, 0.000000000000000000 ) ) ;
#5553 = CARTESIAN_POINT ( 'NONE',  ( -3.425668896209755232, 8.270296309428905701, -43.66250000204841086 ) ) ;
#5554 = CARTESIAN_POINT ( 'NONE',  ( 8.921570627134731097E-13, 0.000000000000000000, 260.0852191789194876 ) ) ;
#5555 = AXIS2_PLACEMENT_3D ( 'NONE', #7814, #6670, #7265 ) ;
#5556 = CARTESIAN_POINT ( 'NONE',  ( -16.11974567158864957, 4.496636774066135267, -36.60000000000000142 ) ) ;
#5557 = CARTESIAN_POINT ( 'NONE',  ( -3.761968395621865469, 9.082195121928897663, -42.81875000409678478 ) ) ;
#5558 = CIRCLE ( 'NONE', #5687, 8.582195121928899439 ) ;
#5559 = DIRECTION ( 'NONE',  ( -1.000000000000000000, 0.000000000000000000, 0.000000000000000000 ) ) ;
#5560 = CARTESIAN_POINT ( 'NONE',  ( 1.227919637535151098, -13.17276374936824013, -36.54418751731858350 ) ) ;
#5561 = ORIENTED_EDGE ( 'NONE', *, *, #1172, .T. ) ;
#5562 = CARTESIAN_POINT ( 'NONE',  ( -11.32730072484626049, -7.344539351715430264, -30.09999999999999787 ) ) ;
#5563 = CARTESIAN_POINT ( 'NONE',  ( 12.38398187939285400, 24.45715890905772838, -12.46674289760437482 ) ) ;
#5564 = CARTESIAN_POINT ( 'NONE',  ( 3.216460448936586225, -3.472439517798327824, 1.765558328963311219 ) ) ;
#5565 = TOROIDAL_SURFACE ( 'NONE', #2978, 13.00000000000000000, 0.5000000000000000000 ) ;
#5566 = LINE ( 'NONE', #8062, #4176 ) ;
#5567 = ORIENTED_EDGE ( 'NONE', *, *, #2825, .F. ) ;
#5568 = CARTESIAN_POINT ( 'NONE',  ( 0.5725210603812527221, 13.42294758953980605, -29.85151369704727742 ) ) ;
#5569 = CARTESIAN_POINT ( 'NONE',  ( -2.234078735489194935E-28, 0.000000000000000000, -2.580401170515499606E-14 ) ) ;
#5570 = LINE ( 'NONE', #1852, #4640 ) ;
#5571 = CARTESIAN_POINT ( 'NONE',  ( -1.580457784229344920E-13, -8.270296309428900372, -45.63125000204840376 ) ) ;
#5572 = CARTESIAN_POINT ( 'NONE',  ( -3.425668896209755232, -8.270296309428895043, -41.60000000204844639 ) ) ;
#5573 = EDGE_CURVE ( 'NONE', #5411, #5196, #3185, .T. ) ;
#5574 = ORIENTED_EDGE ( 'NONE', *, *, #248, .F. ) ;
#5575 = CARTESIAN_POINT ( 'NONE',  ( 6.422081758775149751, -6.422081758775310512, -44.78750000000000142 ) ) ;
#5576 = ORIENTED_EDGE ( 'NONE', *, *, #1021, .T. ) ;
#5577 = DIRECTION ( 'NONE',  ( 0.8673082178019103639, 2.975083145840401570E-15, -0.4977714890723192176 ) ) ;
#5578 = VERTEX_POINT ( 'NONE', #5046 ) ;
#5579 = CARTESIAN_POINT ( 'NONE',  ( 5.847982602819089770, 5.847982602819249642, -48.44375000204840376 ) ) ;
#5580 = CARTESIAN_POINT ( 'NONE',  ( -16.99994379908154940, 8.599999999999999645, -0.04371301944021280250 ) ) ;
#5581 = CARTESIAN_POINT ( 'NONE',  ( 4.572463264718185982, 24.41208159514543752, 16.97661519601446400 ) ) ;
#5582 = AXIS2_PLACEMENT_3D ( 'NONE', #4170, #7914, #4858 ) ;
#5583 = CARTESIAN_POINT ( 'NONE',  ( -3.164905314480544796, -7.640757514548360163, -52.10000000000000142 ) ) ;
#5584 = ORIENTED_EDGE ( 'NONE', *, *, #7625, .T. ) ;
#5585 = CARTESIAN_POINT ( 'NONE',  ( 2.154020550134680079, 0.07661923957769083138, -18.14643001998059546 ) ) ;
#5586 = ORIENTED_EDGE ( 'NONE', *, *, #700, .F. ) ;
#5587 = CARTESIAN_POINT ( 'NONE',  ( -6.270620453991715415, 26.30892426213288715, -16.00199749980906816 ) ) ;
#5588 = VERTEX_POINT ( 'NONE', #5689 ) ;
#5589 = EDGE_CURVE ( 'NONE', #4803, #3779, #3859, .T. ) ;
#5590 = AXIS2_PLACEMENT_3D ( 'NONE', #3871, #7832, #3913 ) ;
#5591 = AXIS2_PLACEMENT_3D ( 'NONE', #4063, #185, #5390 ) ;
#5592 = ORIENTED_EDGE ( 'NONE', *, *, #5803, .F. ) ;
#5593 = AXIS2_PLACEMENT_3D ( 'NONE', #7123, #136, #4655 ) ;
#5594 = CONICAL_SURFACE ( 'NONE', #3005, 15.54417670682419939, 0.2052259727071439332 ) ;
#5595 = CARTESIAN_POINT ( 'NONE',  ( 9.082195121928741344, 0.000000000000000000, -46.28750000409679899 ) ) ;
#5596 = CARTESIAN_POINT ( 'NONE',  ( 3.425668896209451919, 8.270296309428905701, -45.35000000204841086 ) ) ;
#5597 = DIRECTION ( 'NONE',  ( 1.000000000000000000, 0.000000000000000000, -3.430248998885765387E-15 ) ) ;
#5598 = ADVANCED_FACE ( 'NONE', ( #1100 ), #7110, .T. ) ;
#5599 = AXIS2_PLACEMENT_3D ( 'NONE', #4889, #1020, #2208 ) ;
#5600 = CARTESIAN_POINT ( 'NONE',  ( 0.03617803780967687732, -3.811857277647820119, -1.177772049198615667 ) ) ;
#5601 = CARTESIAN_POINT ( 'NONE',  ( -5.847982602819420173, 5.847982602819249642, -49.19375000204840376 ) ) ;
#5602 = DIRECTION ( 'NONE',  ( 3.430248998885765387E-15, 0.000000000000000000, 1.000000000000000000 ) ) ;
#5603 = DIRECTION ( 'NONE',  ( 1.000000000000000000, 0.000000000000000000, -3.430248998885765387E-15 ) ) ;
#5604 = ORIENTED_EDGE ( 'NONE', *, *, #1890, .F. ) ;
#5605 = CARTESIAN_POINT ( 'NONE',  ( -0.4489545632836160483, -12.99224537176326066, -29.60000000000000142 ) ) ;
#5606 = CARTESIAN_POINT ( 'NONE',  ( -11.08451923441456444, -7.089333986516553665, -29.62118022139554441 ) ) ;
#5607 = DIRECTION ( 'NONE',  ( 0.000000000000000000, 0.000000000000000000, 1.000000000000000000 ) ) ;
#5608 = CARTESIAN_POINT ( 'NONE',  ( -17.00505891275862425, 26.64161304582621170, 1.961501944322602276 ) ) ;
#5609 = CARTESIAN_POINT ( 'NONE',  ( 0.000000000000000000, 0.000000000000000000, 0.000000000000000000 ) ) ;
#5610 = EDGE_CURVE ( 'NONE', #1830, #7447, #2981, .T. ) ;
#5611 = CARTESIAN_POINT ( 'NONE',  ( 10.72917951071636722, 7.686987002857375906, -36.55945197345304365 ) ) ;
#5612 = CARTESIAN_POINT ( 'NONE',  ( 9.082195121928730686, 0.000000000000000000, -49.28750000409689846 ) ) ;
#5613 = DIRECTION ( 'NONE',  ( 3.430021418408690269E-15, -1.000000000000000000, 0.000000000000000000 ) ) ;
#5614 = CARTESIAN_POINT ( 'NONE',  ( -1.683365254195914865E-13, -8.270296309428900372, -48.63125000204840376 ) ) ;
#5615 = CARTESIAN_POINT ( 'NONE',  ( -8.270296309429046033, -3.425668896209603798, -41.78750000204837534 ) ) ;
#5616 = ORIENTED_EDGE ( 'NONE', *, *, #4214, .T. ) ;
#5617 = CARTESIAN_POINT ( 'NONE',  ( 9.082195121928746673, 3.761968395621714034, -46.00625000000005826 ) ) ;
#5618 = VERTEX_POINT ( 'NONE', #3411 ) ;
#5619 = CARTESIAN_POINT ( 'NONE',  ( -3.761968395621865469, 9.082195121928899439, -44.31875000409681320 ) ) ;
#5620 = ORIENTED_EDGE ( 'NONE', *, *, #3122, .T. ) ;
#5621 = CARTESIAN_POINT ( 'NONE',  ( 5.847982602819119968, 5.847982602819249642, -39.06875000204845350 ) ) ;
#5622 = CARTESIAN_POINT ( 'NONE',  ( -1.018471362887225506, -13.24246088142712274, -36.51318423154388881 ) ) ;
#5623 = CARTESIAN_POINT ( 'NONE',  ( -12.77768853079989952, 6.906089303725905459, -1.281972752673873561 ) ) ;
#5624 = CARTESIAN_POINT ( 'NONE',  ( 9.969999999999998863, 1.220972858749906003E-15, -1.000000000000033973 ) ) ;
#5625 = CARTESIAN_POINT ( 'NONE',  ( -11.32730072484690176, -7.344539351714500341, -36.10000000000000142 ) ) ;
#5626 = ORIENTED_EDGE ( 'NONE', *, *, #793, .F. ) ;
#5627 = CARTESIAN_POINT ( 'NONE',  ( -6.229999410714838744E-14, 0.000000000000000000, -18.04196010844664855 ) ) ;
#5628 = ORIENTED_EDGE ( 'NONE', *, *, #3707, .T. ) ;
#5629 = CARTESIAN_POINT ( 'NONE',  ( -10.60520334062761272, 26.34792013281798617, -13.51426392992616243 ) ) ;
#5630 = VERTEX_POINT ( 'NONE', #6091 ) ;
#5631 = EDGE_CURVE ( 'NONE', #6608, #5014, #5417, .T. ) ;
#5632 = ORIENTED_EDGE ( 'NONE', *, *, #3944, .T. ) ;
#5633 = CARTESIAN_POINT ( 'NONE',  ( -2.059643956504054074, 0.07847758057737067028, -18.15390973524833029 ) ) ;
#5634 = CARTESIAN_POINT ( 'NONE',  ( -8.270296309429058468, 3.425668896209609571, -46.47500000204842507 ) ) ;
#5635 = CARTESIAN_POINT ( 'NONE',  ( -22.12045798657820228, -2.641530441900079634E-14, 6.233744251421470040 ) ) ;
#5636 = AXIS2_PLACEMENT_3D ( 'NONE', #1050, #8142, #4107 ) ;
#5637 = DIRECTION ( 'NONE',  ( -3.313702914957640589E-15, 0.000000000000000000, -1.000000000000000000 ) ) ;
#5638 = APPLICATION_CONTEXT ( 'automotive_design' ) ;
#5639 = CARTESIAN_POINT ( 'NONE',  ( -1.580457784229344920E-13, -8.270296309428900372, -45.63125000204840376 ) ) ;
#5640 = AXIS2_PLACEMENT_3D ( 'NONE', #7985, #2155, #4756 ) ;
#5641 = EDGE_CURVE ( 'NONE', #2554, #7956, #473, .T. ) ;
#5642 = CARTESIAN_POINT ( 'NONE',  ( -1.292536267719206711, 13.13523551945188750, -36.55945197346034092 ) ) ;
#5643 = ORIENTED_EDGE ( 'NONE', *, *, #5512, .T. ) ;
#5644 = CARTESIAN_POINT ( 'NONE',  ( -0.6593495205315801355, 13.35571618670120486, -29.76569618316758792 ) ) ;
#5646 = AXIS2_PLACEMENT_3D ( 'NONE', #6017, #8004, #2218 ) ;
#5645 = CARTESIAN_POINT ( 'NONE',  ( 6.412039777539883190, 26.35664484338724023, -15.93515046058655038 ) ) ;
#5647 = CARTESIAN_POINT ( 'NONE',  ( 9.082195121928752002, 0.000000000000000000, -44.60000000000000142 ) ) ;
#5648 = CARTESIAN_POINT ( 'NONE',  ( -12.66875879578386055, 10.41945329413863952, -1.082206686929140682 ) ) ;
#5649 = CARTESIAN_POINT ( 'NONE',  ( 0.5518889986219156496, 13.35180846252620235, -29.75634857759408192 ) ) ;
#5650 = VECTOR ( 'NONE', #36, 1000.000000000000000 ) ;
#5651 = CARTESIAN_POINT ( 'NONE',  ( 11.52713340287262156, -6.882964151612149806, -36.10000000000000142 ) ) ;
#5652 = CARTESIAN_POINT ( 'NONE',  ( 3.149999999999999911, 0.000000000000000000, 0.000000000000000000 ) ) ;
#5653 = DIRECTION ( 'NONE',  ( 0.000000000000000000, 0.000000000000000000, 1.000000000000000000 ) ) ;
#5654 = EDGE_CURVE ( 'NONE', #8195, #3732, #6448, .T. ) ;
#5655 = CARTESIAN_POINT ( 'NONE',  ( -3.425668896209749903, 8.270296309428895043, -41.78750000204843218 ) ) ;
#5656 = CARTESIAN_POINT ( 'NONE',  ( -1.541867482991879834E-13, -8.270296309428900372, -44.50625000204840376 ) ) ;
#5657 = ORIENTED_EDGE ( 'NONE', *, *, #1500, .T. ) ;
#5658 = CARTESIAN_POINT ( 'NONE',  ( 9.082195121928757331, -3.761968395621719363, -43.19375000000005826 ) ) ;
#5659 = EDGE_LOOP ( 'NONE', ( #8389, #5747, #1697, #8182, #8131 ) ) ;
#5660 = CARTESIAN_POINT ( 'NONE',  ( -9.082195121929059312, 1.112248118530191819E-15, -46.85000000000000142 ) ) ;
#5661 = EDGE_LOOP ( 'NONE', ( #2114, #5543, #6962, #3868 ) ) ;
#5662 = CARTESIAN_POINT ( 'NONE',  ( -8.270296309429070902, 1.012819190334226073E-15, -49.38125000204840376 ) ) ;
#5663 = DIRECTION ( 'NONE',  ( 1.000000000000000000, 0.000000000000000000, -5.060269027471759828E-15 ) ) ;
#5664 = DIRECTION ( 'NONE',  ( -1.224646799147350002E-16, 1.000000000000000000, 4.200843456763865836E-31 ) ) ;
#5665 = DIRECTION ( 'NONE',  ( 1.000000000000000000, 3.228641771092578681E-15, 0.000000000000000000 ) ) ;
#5666 = ORIENTED_EDGE ( 'NONE', *, *, #6758, .F. ) ;
#5667 = CARTESIAN_POINT ( 'NONE',  ( -2.227618966551409674, 20.00000000000000000, 18.36539446186380076 ) ) ;
#5668 = EDGE_LOOP ( 'NONE', ( #5632, #5491 ) ) ;
#5669 = CARTESIAN_POINT ( 'NONE',  ( -9.117941121472499688, 27.12576930249561613, -14.36785059138286513 ) ) ;
#5670 = ORIENTED_EDGE ( 'NONE', *, *, #2938, .F. ) ;
#5671 = VERTEX_POINT ( 'NONE', #1458 ) ;
#5672 = CARTESIAN_POINT ( 'NONE',  ( -1.617323661023554715E-13, -9.082195121928901216, -46.66250000409679899 ) ) ;
#5673 = CARTESIAN_POINT ( 'NONE',  ( 5.847982602819110198, 5.847982602819249642, -42.44375000204845350 ) ) ;
#5674 = CARTESIAN_POINT ( 'NONE',  ( -16.47470772850885012, 0.4999999999999940603, -9.857349471006100927 ) ) ;
#5675 = CARTESIAN_POINT ( 'NONE',  ( -12.57223352760210666, 10.52217938568464106, 0.8134378119122329664 ) ) ;
#5676 = CARTESIAN_POINT ( 'NONE',  ( 6.422081758775140869, -6.422081758775310512, -47.78749999999999432 ) ) ;
#5677 = CARTESIAN_POINT ( 'NONE',  ( 5.847982602819089770, 5.847982602819249642, -46.56875000204849613 ) ) ;
#5678 = DIRECTION ( 'NONE',  ( 1.000000000000000000, 3.375678115414327500E-15, 0.000000000000000000 ) ) ;
#5679 = ORIENTED_EDGE ( 'NONE', *, *, #8036, .T. ) ;
#5680 = DIRECTION ( 'NONE',  ( -1.000000000000000000, 0.000000000000000000, 3.430248998885765387E-15 ) ) ;
#5681 = CARTESIAN_POINT ( 'NONE',  ( 10.72282611913205841, 26.30892426213672408, -13.43151536055200168 ) ) ;
#5682 = CARTESIAN_POINT ( 'NONE',  ( -17.01130784077574987, 24.49146166792788648, 4.375752470877211309 ) ) ;
#5683 = CARTESIAN_POINT ( 'NONE',  ( -12.84615141086654866, 10.20380022339768367, -1.395464077014541893 ) ) ;
#5685 = ADVANCED_FACE ( 'NONE', ( #4338 ), #1501, .T. ) ;
#5684 = PRODUCT_DEFINITION_SHAPE ( 'NONE', 'NONE',  #8422 ) ;
#5686 = CARTESIAN_POINT ( 'NONE',  ( 0.5770074675803047448, 13.43838885949757866, -29.88128172036885033 ) ) ;
#5687 = AXIS2_PLACEMENT_3D ( 'NONE', #2650, #1971, #1930 ) ;
#5688 = PRODUCT_DEFINITION ( 'ๆ', '', #3097, #2042 ) ;
#5689 = CARTESIAN_POINT ( 'NONE',  ( -4.517559327484969245, 7.878954623263429546, -51.60000000000000142 ) ) ;
#5690 = PLANE ( 'NONE',  #6537 ) ;
#5691 = ITEM_DEFINED_TRANSFORMATION ( 'NONE', 'NONE', #2991,  #3519 ) ;
#5692 = CARTESIAN_POINT ( 'NONE',  ( 8.270296309428765369, 3.425668896209603798, -39.16250000204845350 ) ) ;
#5693 = CARTESIAN_POINT ( 'NONE',  ( -3.425668896209755232, 8.270296309428895043, -43.66250000204841086 ) ) ;
#5694 = ORIENTED_EDGE ( 'NONE', *, *, #344, .T. ) ;
#5695 = DIRECTION ( 'NONE',  ( 1.000000000000000000, 0.000000000000000000, 0.000000000000000000 ) ) ;
#5696 = DIRECTION ( 'NONE',  ( 0.4628419563815188709, 0.8864408177723587245, -1.605805614804109623E-15 ) ) ;
#5697 = ADVANCED_FACE ( 'NONE', ( #6260 ), #8344, .T. ) ;
#5698 = EDGE_LOOP ( 'NONE', ( #878, #4038 ) ) ;
#5699 = CARTESIAN_POINT ( 'NONE',  ( -5.847982602819429943, 5.847982602819249642, -51.06875000204840376 ) ) ;
#5700 = FACE_OUTER_BOUND ( 'NONE', #2344, .T. ) ;
#5701 = CARTESIAN_POINT ( 'NONE',  ( -1.516170057507509889E-13, 44.20000000000000284, 7.625000000000000000 ) ) ;
#5702 = CARTESIAN_POINT ( 'NONE',  ( 10.17759380592949192, 26.65662464087003869, 13.75967509364797792 ) ) ;
#5703 = CARTESIAN_POINT ( 'NONE',  ( -0.4762772641161345799, -8.397253070238518191, -52.09995562274762904 ) ) ;
#5704 = EDGE_LOOP ( 'NONE', ( #4976, #5234, #4440, #4252, #3245 ) ) ;
#5705 = CARTESIAN_POINT ( 'NONE',  ( 2.116043389226483384, 0.02065802293771822062, -18.03267565367994862 ) ) ;
#5706 = ORIENTED_EDGE ( 'NONE', *, *, #6287, .F. ) ;
#5707 = CARTESIAN_POINT ( 'NONE',  ( -1.904057788549820662, 8.475636794180351430, -52.08904426810447319 ) ) ;
#5708 = VERTEX_POINT ( 'NONE', #6014 ) ;
#5709 = CARTESIAN_POINT ( 'NONE',  ( -6.422081758775480154, 6.422081758775310512, -50.22500000409679899 ) ) ;
#5710 = CIRCLE ( 'NONE', #7470, 7.625000000000000000 ) ;
#5711 = ORIENTED_EDGE ( 'NONE', *, *, #6711, .F. ) ;
#5712 = ORIENTED_EDGE ( 'NONE', *, *, #2044, .T. ) ;
#5713 = CARTESIAN_POINT ( 'NONE',  ( 10.96999999997870034, 0.000000000000000000, -25.00000000000000000 ) ) ;
#5714 = AXIS2_PLACEMENT_3D ( 'NONE', #3959, #4, #5244 ) ;
#5715 = DIRECTION ( 'NONE',  ( 3.430248998885765387E-15, 0.000000000000000000, 1.000000000000000000 ) ) ;
#5716 = CARTESIAN_POINT ( 'NONE',  ( -13.34102221924975851, 8.742386101878659943, 2.065702337102869102 ) ) ;
#5717 = DIRECTION ( 'NONE',  ( 1.000000000000000000, 0.000000000000000000, -3.313702914957637433E-15 ) ) ;
#5718 = EDGE_CURVE ( 'NONE', #3827, #767, #132, .T. ) ;
#5719 = AXIS2_PLACEMENT_3D ( 'NONE', #5554, #3073, #5029 ) ;
#5720 = AXIS2_PLACEMENT_3D ( 'NONE', #550, #6515, #6472 ) ;
#5721 = CARTESIAN_POINT ( 'NONE',  ( -5.847982602819420173, -5.847982602819249642, -48.81875000204840376 ) ) ;
#5722 = VERTEX_POINT ( 'NONE', #5625 ) ;
#5723 = CARTESIAN_POINT ( 'NONE',  ( -1.720516308638494918, 12.88564409068115957, -36.60000000000000142 ) ) ;
#5724 = CIRCLE ( 'NONE', #4359, 18.50000000000000000 ) ;
#5725 = CARTESIAN_POINT ( 'NONE',  ( 4.961855736178551801, 24.82605290465518522, -16.77738684689569126 ) ) ;
#5726 = CARTESIAN_POINT ( 'NONE',  ( -4.211712432336920386, 16.23476892138334904, -36.60000000000000142 ) ) ;
#5727 = CIRCLE ( 'NONE', #2456, 11.00000000000000000 ) ;
#5728 = CARTESIAN_POINT ( 'NONE',  ( -1.051371318158489976E-13, 30.64999999999999858, 0.000000000000000000 ) ) ;
#5729 = CARTESIAN_POINT ( 'NONE',  ( -1.514416191056985023E-13, -9.082195121928901216, -43.66250000409679899 ) ) ;
#5730 = CARTESIAN_POINT ( 'NONE',  ( -6.422081758775480154, -6.422081758775310512, -49.85000000409679899 ) ) ;
#5731 = CARTESIAN_POINT ( 'NONE',  ( -8.270296309429035375, 3.425668896209608683, -40.10000000204836823 ) ) ;
#5732 = B_SPLINE_CURVE_WITH_KNOTS ( 'NONE', 3,
 ( #3586, #2316, #5606, #5474, #8059, #4874, #6067, #6197, #4831, #7466, #1635, #360, #6834, #2958, #5562 ),
 .UNSPECIFIED., .F., .F.,
 ( 4, 2, 2, 2, 1, 2, 2, 4 ),
 ( 0.000000000000000000, 0.2500000000000824341, 0.3750000000001284528, 0.4375000000001502687, 0.4687500000001634248, 0.4843750000001640910, 0.5000000000001647571, 1.000000000000000000 ),
 .UNSPECIFIED. ) ;
#5733 = EDGE_CURVE ( 'NONE', #5533, #8197, #6942, .T. ) ;
#5734 = DIRECTION ( 'NONE',  ( -3.428423085967685458E-15, 1.000000000000000000, 0.000000000000000000 ) ) ;
#5735 = EDGE_LOOP ( 'NONE', ( #7420, #124, #3919, #7479 ) ) ;
#5736 = CARTESIAN_POINT ( 'NONE',  ( -3.761968395621860139, -9.082195121928897663, -40.56875000000002984 ) ) ;
#5737 = CARTESIAN_POINT ( 'NONE',  ( 3.761968395621562156, -9.082195121928899439, -44.88125000000005826 ) ) ;
#5738 = ORIENTED_EDGE ( 'NONE', *, *, #1986, .F. ) ;
#5739 = CARTESIAN_POINT ( 'NONE',  ( 3.425668896209430159, 8.270296309428905701, -51.35000000204843928 ) ) ;
#5740 = CARTESIAN_POINT ( 'NONE',  ( 9.082195121928741344, 0.000000000000000000, -46.10000000000000142 ) ) ;
#5741 = CARTESIAN_POINT ( 'NONE',  ( -13.28947600967550535, 8.099949949223157475, -2.075207703726840158 ) ) ;
#5742 = DIRECTION ( 'NONE',  ( 5.060269027471780338E-15, 0.000000000000000000, 1.000000000000000000 ) ) ;
#5743 = CARTESIAN_POINT ( 'NONE',  ( -0.09819589848703698387, -8.427526019569091531, -52.09999998836566704 ) ) ;
#5744 = EDGE_LOOP ( 'NONE', ( #6813, #5657, #565, #6642 ) ) ;
#5745 = ADVANCED_FACE ( 'NONE', ( #3697 ), #5772, .T. ) ;
#5746 = DIRECTION ( 'NONE',  ( 0.8673082178019105859, 2.975083145840398809E-15, -0.4977714890723187180 ) ) ;
#5747 = ORIENTED_EDGE ( 'NONE', *, *, #106, .F. ) ;
#5748 = CARTESIAN_POINT ( 'NONE',  ( -3.923704236994069561, 8.124625959877880277, -51.84008741897218187 ) ) ;
#5749 = ORIENTED_EDGE ( 'NONE', *, *, #6787, .F. ) ;
#5750 = CARTESIAN_POINT ( 'NONE',  ( -2.916738892999642729, 8.635225082684783615, -51.64656753411835410 ) ) ;
#5751 = ORIENTED_EDGE ( 'NONE', *, *, #7073, .T. ) ;
#5752 = VERTEX_POINT ( 'NONE', #6738 ) ;
#5753 = CARTESIAN_POINT ( 'NONE',  ( -12.02420802010269618, 6.137460508164075179, -29.97488855754298243 ) ) ;
#5754 = EDGE_CURVE ( 'NONE', #2803, #3091, #5369, .T. ) ;
#5755 = CARTESIAN_POINT ( 'NONE',  ( -0.5909401206163040765, -13.48706008638809983, -30.09999999999999787 ) ) ;
#5756 = CARTESIAN_POINT ( 'NONE',  ( -12.98560820108025560, 9.992541642492572151, 1.538965979148761098 ) ) ;
#5757 = CARTESIAN_POINT ( 'NONE',  ( -1.516170057507509889E-13, 44.20000000000000284, 0.000000000000000000 ) ) ;
#5758 =( BOUNDED_CURVE ( )  B_SPLINE_CURVE ( 2, ( #3260, #29, #837, #1437, #2793, #7306, #193, #3425, #4024 ),
 .UNSPECIFIED., .F., .F. ) 
 B_SPLINE_CURVE_WITH_KNOTS ( ( 3, 2, 2, 2, 3 ),
 ( 0.6999999999999999556, 0.7125000000000000222, 0.7249999999999999778, 0.7375000000000000444, 0.7500000000000000000 ),
 .UNSPECIFIED. ) 
 CURVE ( )  GEOMETRIC_REPRESENTATION_ITEM ( )  RATIONAL_B_SPLINE_CURVE ( ( 1.000000000000000000, 0.9238795325112869605, 1.000000000000000000, 0.9238795325112869605, 1.000000000000000000, 0.9238795325112869605, 1.000000000000000000, 0.9238795325112839629, 1.000000000000000000 ) ) 
 REPRESENTATION_ITEM ( '' )  );
#5759 = CARTESIAN_POINT ( 'NONE',  ( 5.847982602819080000, -5.847982602819249642, -49.94375000204840376 ) ) ;
#5760 = AXIS2_PLACEMENT_3D ( 'NONE', #1552, #311, #3500 ) ;
#5761 = CARTESIAN_POINT ( 'NONE',  ( -11.00000000000000000, 30.64999999999999858, 1.347111479062079924E-15 ) ) ;
#5762 = CIRCLE ( 'NONE', #7664, 0.5000000000000004441 ) ;
#5763 = EDGE_LOOP ( 'NONE', ( #7695, #3019, #347, #987 ) ) ;
#5764 = FACE_OUTER_BOUND ( 'NONE', #4653, .T. ) ;
#5765 = CARTESIAN_POINT ( 'NONE',  ( 6.543331199135130838, 26.45848752361547440, -15.85889739525158149 ) ) ;
#5766 = CARTESIAN_POINT ( 'NONE',  ( -17.00927414436999996, 25.35950161620466403, 3.595253138257216374 ) ) ;
#5767 = EDGE_CURVE ( 'NONE', #5110, #5708, #2773, .T. ) ;
#5768 = VECTOR ( 'NONE', #7014, 1000.000000000000000 ) ;
#5769 = CARTESIAN_POINT ( 'NONE',  ( -12.53853434153048241, 10.54970488350238789, -0.8124662153389359265 ) ) ;
#5770 = CIRCLE ( 'NONE', #6863, 11.00000000000000000 ) ;
#5771 = CYLINDRICAL_SURFACE ( 'NONE', #4952, 13.50000000000000000 ) ;
#5772 = TOROIDAL_SURFACE ( 'NONE', #6864, 6.354901540442970287, 0.5000000000000000000 ) ;
#5773 = CARTESIAN_POINT ( 'NONE',  ( 6.422081758775140869, 6.422081758775310512, -49.10000000409679899 ) ) ;
#5774 = DIRECTION ( 'NONE',  ( -3.428423085967685458E-15, 1.000000000000000000, 0.000000000000000000 ) ) ;
#5775 = AXIS2_PLACEMENT_3D ( 'NONE', #3890, #6148, #997 ) ;
#5776 = CARTESIAN_POINT ( 'NONE',  ( 3.425668896209462577, 8.270296309428895043, -41.97500000204846060 ) ) ;
#5777 = VECTOR ( 'NONE', #8101, 1000.000000000000000 ) ;
#5778 = CARTESIAN_POINT ( 'NONE',  ( -1.665827584114444822E-13, 9.082195121928901216, -48.72499999999999432 ) ) ;
#5779 = EDGE_LOOP ( 'NONE', ( #2762, #4192, #8278, #3906, #1157, #1033 ) ) ;
#5780 = CARTESIAN_POINT ( 'NONE',  ( -9.082195121929036219, 3.761968395621719363, -40.94375000000000142 ) ) ;
#5781 = AXIS2_PLACEMENT_3D ( 'NONE', #1984, #7931, #4575 ) ;
#5782 = VERTEX_POINT ( 'NONE', #2379 ) ;
#5783 = CARTESIAN_POINT ( 'NONE',  ( -8.270296309429058468, 3.425668896209609571, -44.97500000204838955 ) ) ;
#5784 = CARTESIAN_POINT ( 'NONE',  ( 11.34820093737583946, -7.277166818019952466, -36.25969719738905184 ) ) ;
#5785 = ADVANCED_FACE ( 'NONE', ( #900, #2814 ), #8002, .F. ) ;
#5786 = CARTESIAN_POINT ( 'NONE',  ( -12.55216464392059450, 6.662952615348271657, -0.8434012606293319614 ) ) ;
#5787 = CARTESIAN_POINT ( 'NONE',  ( -14.61936158376761874, 0.06388759721195109986, -10.91838389451303648 ) ) ;
#5788 = CARTESIAN_POINT ( 'NONE',  ( -11.32730072484626049, -7.344539351715430264, -30.09999999999999787 ) ) ;
#5789 = CARTESIAN_POINT ( 'NONE',  ( 15.54417670682410169, 34.20000000000000284, 0.000000000000000000 ) ) ;
#5790 = ORIENTED_EDGE ( 'NONE', *, *, #6883, .T. ) ;
#5791 = CARTESIAN_POINT ( 'NONE',  ( -1.496738843907833960, 8.798708639098105522, -51.96393863371486788 ) ) ;
#5792 = ORIENTED_EDGE ( 'NONE', *, *, #6520, .T. ) ;
#5793 = TOROIDAL_SURFACE ( 'NONE', #2117, 15.04417670682419939, 0.5000000000000000000 ) ;
#5794 = UNCERTAINTY_MEASURE_WITH_UNIT (LENGTH_MEASURE( 1.000000000000000082E-05 ), #3761, 'distance_accuracy_value', 'NONE');
#5795 = CARTESIAN_POINT ( 'NONE',  ( -1.770008483425059636E-13, 0.000000000000000000, -51.60000000000000142 ) ) ;
#5796 = EDGE_CURVE ( 'NONE', #1320, #400, #5403, .T. ) ;
#5797 = ORIENTED_EDGE ( 'NONE', *, *, #5000, .F. ) ;
#5798 = ORIENTED_EDGE ( 'NONE', *, *, #6182, .F. ) ;
#5799 = CARTESIAN_POINT ( 'NONE',  ( -11.50000000000000000, 17.69173968106279915, 0.000000000000000000 ) ) ;
#5800 = CARTESIAN_POINT ( 'NONE',  ( -10.46999999997885844, 0.000000000000000000, -27.69999999999999929 ) ) ;
#5801 = CARTESIAN_POINT ( 'NONE',  ( -11.55806433023392898, -6.127939067199491774, -29.59999999999996234 ) ) ;
#5802 = CARTESIAN_POINT ( 'NONE',  ( -9.501789726913599234E-14, 0.000000000000000000, -27.69999999999999929 ) ) ;
#5803 = EDGE_CURVE ( 'NONE', #7693, #6608, #2778, .T. ) ;
#5804 = EDGE_CURVE ( 'NONE', #1540, #4564, #192, .T. ) ;
#5805 = CARTESIAN_POINT ( 'NONE',  ( -3.425668896209761005, 8.270296309428895043, -44.78750000204841086 ) ) ;
#5806 = ORIENTED_EDGE ( 'NONE', *, *, #3910, .F. ) ;
#5807 = CARTESIAN_POINT ( 'NONE',  ( 0.1124988643344258799, -1.583759455411530404, 3.889906678147643238 ) ) ;
#5808 = VERTEX_POINT ( 'NONE', #1273 ) ;
#5809 = DIRECTION ( 'NONE',  ( 3.571186321298535482E-15, -1.000000000000000000, 0.000000000000000000 ) ) ;
#5810 = CARTESIAN_POINT ( 'NONE',  ( 6.422081758775160409, 6.422081758775310512, -42.91250000000000142 ) ) ;
#5811 = CARTESIAN_POINT ( 'NONE',  ( -2.172667586917287341, 0.1245802491441970611, 18.20106676965708559 ) ) ;
#5812 = CARTESIAN_POINT ( 'NONE',  ( -16.99994379908154940, 8.599999999999999645, -0.04371301944021280250 ) ) ;
#5813 = CARTESIAN_POINT ( 'NONE',  ( -11.50000000000000000, 13.76727404305911939, 1.408343819019450062E-15 ) ) ;
#5814 = CARTESIAN_POINT ( 'NONE',  ( 6.422081758775160409, 6.422081758775310512, -43.10000000409684873 ) ) ;
#5815 = LINE ( 'NONE', #103, #323 ) ;
#5816 = APPLICATION_PROTOCOL_DEFINITION ( 'draft international standard', 'automotive_design', 1998, #6505 ) ;
#5817 = CARTESIAN_POINT ( 'NONE',  ( 0.1125552956972080826, -4.160803939238352456, 0.5733110861745718267 ) ) ;
#5818 = CARTESIAN_POINT ( 'NONE',  ( 9.082195121929791171, 0.000000000000000000, 260.0852191789194876 ) ) ;
#5819 = ORIENTED_EDGE ( 'NONE', *, *, #4424, .T. ) ;
#5820 = CARTESIAN_POINT ( 'NONE',  ( -9.082195121929050430, 3.761968395621719363, -43.94375000000003695 ) ) ;
#5821 = TOROIDAL_SURFACE ( 'NONE', #785, 10.46999999997877850, 0.5000000000000000000 ) ;
#5822 = FACE_OUTER_BOUND ( 'NONE', #5472, .T. ) ;
#5823 = ORIENTED_EDGE ( 'NONE', *, *, #5012, .F. ) ;
#5824 = CARTESIAN_POINT ( 'NONE',  ( -8.270296309429046033, -3.425668896209603798, -43.28750000204840376 ) ) ;
#5825 = CARTESIAN_POINT ( 'NONE',  ( 11.19312791908765270, -7.367428440853582394, -36.40278525108229246 ) ) ;
#5826 = DIRECTION ( 'NONE',  ( 1.000000000000000000, 0.000000000000000000, -3.286844480798160748E-15 ) ) ;
#5827 = CARTESIAN_POINT ( 'NONE',  ( 12.23316639876596312, 24.57730447547625374, 12.57993175063560720 ) ) ;
#5828 = EDGE_CURVE ( 'NONE', #2593, #7146, #876, .T. ) ;
#5829 = FACE_OUTER_BOUND ( 'NONE', #1090, .T. ) ;
#5830 = CIRCLE ( 'NONE', #6089, 18.00000000000000000 ) ;
#5831 = PLANE ( 'NONE',  #2641 ) ;
#5832 = VERTEX_POINT ( 'NONE', #3858 ) ;
#5833 = CARTESIAN_POINT ( 'NONE',  ( -4.739279379706685447, 7.695845016301064767, -51.80537065133949426 ) ) ;
#5834 = VERTEX_POINT ( 'NONE', #7063 ) ;
#5835 = CARTESIAN_POINT ( 'NONE',  ( -1.723713036111169880E-13, 9.082195121928901216, -50.41250000409679899 ) ) ;
#5836 = ORIENTED_EDGE ( 'NONE', *, *, #1949, .T. ) ;
#5837 = ORIENTED_EDGE ( 'NONE', *, *, #6379, .T. ) ;
#5838 = CARTESIAN_POINT ( 'NONE',  ( -5.897194783007089465E-14, 17.19173968106284889, 0.000000000000000000 ) ) ;
#5839 = CARTESIAN_POINT ( 'NONE',  ( -11.86035930822557738, 6.098250095245235869, -29.72991898260901422 ) ) ;
#5840 = ADVANCED_FACE ( 'NONE', ( #5829 ), #4694, .T. ) ;
#5841 = FACE_OUTER_BOUND ( 'NONE', #1748, .T. ) ;
#5842 = CARTESIAN_POINT ( 'NONE',  ( -11.80421337711900698, -6.189383906703252336, -29.72296645204770371 ) ) ;
#5843 = CARTESIAN_POINT ( 'NONE',  ( 9.082195121928723580, -3.761968395621752226, -44.88125000409685583 ) ) ;
#5844 = CARTESIAN_POINT ( 'NONE',  ( 5.847982602819110198, 5.847982602819249642, -40.56875000204845350 ) ) ;
#5845 = ORIENTED_EDGE ( 'NONE', *, *, #3702, .F. ) ;
#5846 = CARTESIAN_POINT ( 'NONE',  ( 11.52373063106609941, -6.016945432910570268, -30.09999999999999787 ) ) ;
#5847 = EDGE_LOOP ( 'NONE', ( #6763, #2003, #8128, #964 ) ) ;
#5848 = EDGE_CURVE ( 'NONE', #3094, #1691, #2546, .T. ) ;
#5849 = FACE_BOUND ( 'NONE', #5668, .T. ) ;
#5850 = CARTESIAN_POINT ( 'NONE',  ( -12.02420802010269973, 6.137460508166049600, -36.10000000000000142 ) ) ;
#5851 = DIRECTION ( 'NONE',  ( 6.112085292819410516E-15, 0.000000000000000000, 1.000000000000000000 ) ) ;
#5852 = DIRECTION ( 'NONE',  ( 0.000000000000000000, 0.000000000000000000, 1.000000000000000000 ) ) ;
#5853 = CARTESIAN_POINT ( 'NONE',  ( 11.52713340287262156, -6.882964151612149806, -30.09999999999999787 ) ) ;
#5854 = CARTESIAN_POINT ( 'NONE',  ( 9.082195121928734238, -3.761968395621719363, -46.38125000409682741 ) ) ;
#5855 = DIRECTION ( 'NONE',  ( -1.224646799147351975E-16, -4.200843456763865836E-31, 1.000000000000000000 ) ) ;
#5856 = LINE ( 'NONE', #65, #4006 ) ;
#5857 = CARTESIAN_POINT ( 'NONE',  ( -3.761968395621881456, 9.082195121928899439, -48.63125000000003695 ) ) ;
#5858 = VECTOR ( 'NONE', #6779, 1000.000000000000000 ) ;
#5859 = FACE_OUTER_BOUND ( 'NONE', #2940, .T. ) ;
#5860 = CARTESIAN_POINT ( 'NONE',  ( 11.29241646869417970, 7.307497330322896723, -29.88076197374478937 ) ) ;
#5861 = CONICAL_SURFACE ( 'NONE', #2182, 3.939999999999999947, 0.7853981633974547183 ) ;
#5862 = EDGE_CURVE ( 'NONE', #736, #2235, #1864, .T. ) ;
#5863 = EDGE_CURVE ( 'NONE', #5196, #7148, #6458, .T. ) ;
#5864 = AXIS2_PLACEMENT_3D ( 'NONE', #6490, #3884, #3251 ) ;
#5865 = CARTESIAN_POINT ( 'NONE',  ( 0.1486203688336301953, -1.858984573439915966, -3.889999999999998348 ) ) ;
#5866 = VERTEX_POINT ( 'NONE', #7023 ) ;
#5867 = CARTESIAN_POINT ( 'NONE',  ( -8.270296309429060244, 1.012819190334226073E-15, -44.88125000204840376 ) ) ;
#5868 = DIRECTION ( 'NONE',  ( 1.000000000000000000, 0.000000000000000000, 0.000000000000000000 ) ) ;
#5869 = FACE_OUTER_BOUND ( 'NONE', #5121, .T. ) ;
#5870 = DIRECTION ( 'NONE',  ( 3.430248998885765387E-15, 0.000000000000000000, 1.000000000000000000 ) ) ;
#5871 = CARTESIAN_POINT ( 'NONE',  ( 12.29149843828703403, 24.49657021243229238, 12.54645384751130699 ) ) ;
#5872 = CARTESIAN_POINT ( 'NONE',  ( -11.23870485623792170, 7.340987558414115988, -36.36853519507685206 ) ) ;
#5873 = PLANE ( 'NONE',  #735 ) ;
#5874 = ORIENTED_EDGE ( 'NONE', *, *, #4115, .F. ) ;
#5875 = CARTESIAN_POINT ( 'NONE',  ( 3.425668896209474124, -8.270296309428895043, -39.91250000204843928 ) ) ;
#5876 = CARTESIAN_POINT ( 'NONE',  ( -1.534385083137500994, 8.794925399890050954, -51.96137119336660959 ) ) ;
#5877 = VERTEX_POINT ( 'NONE', #8416 ) ;
#5878 = CARTESIAN_POINT ( 'NONE',  ( 16.99339220770962555, 26.29412520050999902, 2.591484502547574564 ) ) ;
#5879 = ORIENTED_EDGE ( 'NONE', *, *, #3969, .T. ) ;
#5880 = DIRECTION ( 'NONE',  ( 3.215816279463905255E-15, 0.000000000000000000, 1.000000000000000000 ) ) ;
#5881 = CARTESIAN_POINT ( 'NONE',  ( 3.149999999999999911, 3.681688624940689714, -1.403128243954332000 ) ) ;
#5882 = DIRECTION ( 'NONE',  ( -0.003929182435833542680, 0.9999922807328994745, 0.000000000000000000 ) ) ;
#5883 = CARTESIAN_POINT ( 'NONE',  ( 3.425668896209451919, 8.270296309428895043, -44.97500000204845350 ) ) ;
#5884 = CARTESIAN_POINT ( 'NONE',  ( 0.05444434888857849902, -13.85629949924849846, -40.00000000000000000 ) ) ;
#5885 = EDGE_CURVE ( 'NONE', #7396, #436, #4463, .T. ) ;
#5886 = CARTESIAN_POINT ( 'NONE',  ( -3.425668896209755232, -8.270296309428895043, -42.72500000204838244 ) ) ;
#5887 = EDGE_LOOP ( 'NONE', ( #3699, #1788, #3052, #2986 ) ) ;
#5888 = CARTESIAN_POINT ( 'NONE',  ( -12.02420802010269973, 6.137460508164069850, 260.0852191789194876 ) ) ;
#5889 = VERTEX_POINT ( 'NONE', #5788 ) ;
#5890 = CARTESIAN_POINT ( 'NONE',  ( -4.135142412925819855, 7.162290015807259991, -38.75552381763019838 ) ) ;
#5891 = CARTESIAN_POINT ( 'NONE',  ( -12.02010942951973860, 5.094353192109090323, -36.59999999999995879 ) ) ;
#5892 = FACE_OUTER_BOUND ( 'NONE', #8376, .T. ) ;
#5893 = CARTESIAN_POINT ( 'NONE',  ( 8.365157679318393491, -2.865669170550905864, -52.03365320045844555 ) ) ;
#5894 = CARTESIAN_POINT ( 'NONE',  ( -5.593652398544785243, -6.102457706047773378, -52.10000003615040498 ) ) ;
#5895 = EDGE_CURVE ( 'NONE', #3486, #6301, #8218, .T. ) ;
#5896 = CARTESIAN_POINT ( 'NONE',  ( -1.668777396006845115E-13, -9.082195121928901216, -48.16250000409679899 ) ) ;
#5897 = CARTESIAN_POINT ( 'NONE',  ( 3.761968395621572814, 9.082195121928899439, -41.31875000000006537 ) ) ;
#5898 = CARTESIAN_POINT ( 'NONE',  ( 11.52373063106709949, -6.016945432908680225, -30.09999999999999787 ) ) ;
#5899 = CARTESIAN_POINT ( 'NONE',  ( 7.485926218537144017, 4.963494076001654598, -51.90110616237833341 ) ) ;
#5900 = DIRECTION ( 'NONE',  ( -3.428423085967685458E-15, 1.000000000000000000, 0.000000000000000000 ) ) ;
#5901 = DIRECTION ( 'NONE',  ( 0.000000000000000000, 0.000000000000000000, 1.000000000000000000 ) ) ;
#5902 = CARTESIAN_POINT ( 'NONE',  ( 11.23671474315127128, 7.248871528103120632, -29.76569618316607091 ) ) ;
#5903 = AXIS2_PLACEMENT_3D ( 'NONE', #2939, #6984, #6857 ) ;
#5904 = CIRCLE ( 'NONE', #4537, 11.50000000000000000 ) ;
#5905 = DIRECTION ( 'NONE',  ( 1.000000000000000000, 0.000000000000000000, -4.111937128241320637E-15 ) ) ;
#5906 = ORIENTED_EDGE ( 'NONE', *, *, #6530, .T. ) ;
#5907 = CARTESIAN_POINT ( 'NONE',  ( -8.270296309429060244, 1.012819190334226073E-15, -46.38125000204840376 ) ) ;
#5908 = CARTESIAN_POINT ( 'NONE',  ( -7.640757519807010567, 3.164905301785300384, -52.09999999959300254 ) ) ;
#5909 = EDGE_CURVE ( 'NONE', #1533, #6977, #465, .T. ) ;
#5910 = CARTESIAN_POINT ( 'NONE',  ( 6.422081758775170179, 6.422081758775310512, -39.91249999999999432 ) ) ;
#5911 = CIRCLE ( 'NONE', #4274, 1.000000000000000222 ) ;
#5912 = LINE ( 'NONE', #5272, #406 ) ;
#5913 = CARTESIAN_POINT ( 'NONE',  ( -10.95907185049385291, 7.503252514000619655, -36.51318423154405224 ) ) ;
#5914 = CARTESIAN_POINT ( 'NONE',  ( -16.98359795781232506, 21.76223072099497458, -6.369905830230444543 ) ) ;
#5915 = EDGE_LOOP ( 'NONE', ( #6340, #7105 ) ) ;
#5916 = CARTESIAN_POINT ( 'NONE',  ( -3.425668896209749903, -8.270296309428895043, -40.10000000204841797 ) ) ;
#5917 = CARTESIAN_POINT ( 'NONE',  ( -5.084724144129554979, 7.489641144872786427, -51.79085027182668455 ) ) ;
#5918 = VERTEX_POINT ( 'NONE', #1352 ) ;
#5919 = CIRCLE ( 'NONE', #2237, 0.5000000000000004441 ) ;
#5920 = FACE_OUTER_BOUND ( 'NONE', #6592, .T. ) ;
#5921 = ORIENTED_EDGE ( 'NONE', *, *, #4349, .F. ) ;
#5922 = CARTESIAN_POINT ( 'NONE',  ( -1.564901071760309761E-13, 0.000000000000000000, -45.62062614896549917 ) ) ;
#5923 = ADVANCED_FACE ( 'NONE', ( #1402 ), #674, .F. ) ;
#5924 = DIRECTION ( 'NONE',  ( -1.000000000000000000, 0.000000000000000000, 0.000000000000000000 ) ) ;
#5925 = DIRECTION ( 'NONE',  ( -3.430248998885765387E-15, 1.000000000000000000, 0.000000000000000000 ) ) ;
#5926 = CARTESIAN_POINT ( 'NONE',  ( 5.847982602819100428, -5.847982602819249642, -45.44375000204840376 ) ) ;
#5927 = CARTESIAN_POINT ( 'NONE',  ( 9.082195121928752002, 0.000000000000000000, -44.78750000409684873 ) ) ;
#5928 = CARTESIAN_POINT ( 'NONE',  ( 5.847982602819100428, 5.847982602819249642, -43.56875000204845350 ) ) ;
#5929 = ORIENTED_EDGE ( 'NONE', *, *, #1814, .F. ) ;
#5930 = EDGE_CURVE ( 'NONE', #186, #6087, #5954, .T. ) ;
#5931 = CARTESIAN_POINT ( 'NONE',  ( -11.33835307601233566, 7.207291577253817749, -29.85151369703096691 ) ) ;
#5932 = VERTEX_POINT ( 'NONE', #7229 ) ;
#5933 = CARTESIAN_POINT ( 'NONE',  ( -5.847982602819429943, 5.847982602819249642, -52.56875000204840376 ) ) ;
#5934 = B_SPLINE_CURVE_WITH_KNOTS ( 'NONE', 3,
 ( #7391, #3639, #370, #1600, #6929, #1687, #1647, #2967, #410, #2839, #1102, #4281, #4926, #4239, #7431, #1730, #1012, #2282, #3598, #1056, #6888, #6798, #4883 ),
 .UNSPECIFIED., .F., .F.,
 ( 4, 2, 2, 1, 1, 2, 2, 2, 1, 1, 1, 2, 2, 4 ),
 ( 0.000000000000000000, 0.1249999999999591993, 0.1874999999999382716, 0.2187499999999318323, 0.2343749999999286404, 0.2421874999999228673, 0.2499999999999170941, 0.3749999999998972489, 0.4374999999998873124, 0.4687499999998815947, 0.4843749999998794853, 0.4921874999998803180, 0.4999999999998812061, 1.000000000000000000 ),
 .UNSPECIFIED. ) ;
#5935 = DIRECTION ( 'NONE',  ( -1.000000000000000000, 1.421085471520200056E-14, 3.469446951953614189E-15 ) ) ;
#5936 = CARTESIAN_POINT ( 'NONE',  ( -10.46999999997885844, 0.000000000000000000, -28.19999999999999929 ) ) ;
#5937 = CARTESIAN_POINT ( 'NONE',  ( 6.511043487076563885, -5.842209359088982090, -52.07570932763758975 ) ) ;
#5938 = FACE_OUTER_BOUND ( 'NONE', #7439, .T. ) ;
#5939 = CARTESIAN_POINT ( 'NONE',  ( -3.761968395621886785, -9.082195121928897663, -48.25625000409681320 ) ) ;
#5940 = DIRECTION ( 'NONE',  ( 6.112085292819410516E-15, 0.000000000000000000, 1.000000000000000000 ) ) ;
#5941 = CARTESIAN_POINT ( 'NONE',  ( -3.430248998885904621E-15, 0.000000000000000000, -1.000000000000000000 ) ) ;
#5942 = CARTESIAN_POINT ( 'NONE',  ( 5.494959273589488546, 7.153020806052501790, -51.84538313315270130 ) ) ;
#5943 = CYLINDRICAL_SURFACE ( 'NONE', #6044, 2.500000000000000000 ) ;
#5944 = DIRECTION ( 'NONE',  ( -1.000000000000000000, 0.000000000000000000, 3.340948916696072820E-15 ) ) ;
#5945 = LINE ( 'NONE', #6029, #4129 ) ;
#5946 = EDGE_CURVE ( 'NONE', #8205, #7784, #5507, .T. ) ;
#5947 = LINE ( 'NONE', #6631, #4047 ) ;
#5948 = EDGE_LOOP ( 'NONE', ( #6004, #2548, #7564, #4162 ) ) ;
#5949 = CARTESIAN_POINT ( 'NONE',  ( -1.547337966676835006E-13, 8.270296309428900372, -45.25625000204840376 ) ) ;
#5950 = CARTESIAN_POINT ( 'NONE',  ( -1.516170057507509889E-13, 31.15000000000000213, 7.625000000000000000 ) ) ;
#5951 = CARTESIAN_POINT ( 'NONE',  ( -11.41666666666669983, 6.134966757041770080, 1.398138429026559805E-15 ) ) ;
#5952 = CARTESIAN_POINT ( 'NONE',  ( -1.255471133592193760E-13, 0.000000000000000000, -36.60000000000000142 ) ) ;
#5953 = CARTESIAN_POINT ( 'NONE',  ( 9.082195121928730686, 0.000000000000000000, -49.28750000409689846 ) ) ;
#5954 = LINE ( 'NONE', #3355, #5650 ) ;
#5955 = DIRECTION ( 'NONE',  ( 3.629761414430735665E-15, 0.000000000000000000, 1.000000000000000000 ) ) ;
#5956 = ORIENTED_EDGE ( 'NONE', *, *, #7377, .T. ) ;
#5957 = CARTESIAN_POINT ( 'NONE',  ( -9.082195121929082404, 3.761968395621719363, -52.94375000000005826 ) ) ;
#5958 = CARTESIAN_POINT ( 'NONE',  ( -6.986019946671081726, 5.784896107325585568, -51.71057249844191261 ) ) ;
#5959 = CIRCLE ( 'NONE', #4731, 11.50000000000000000 ) ;
#5960 = EDGE_LOOP ( 'NONE', ( #1376, #4433, #5576, #5495 ) ) ;
#5961 = EDGE_CURVE ( 'NONE', #7754, #847, #2786, .T. ) ;
#5962 = CARTESIAN_POINT ( 'NONE',  ( 9.082195121928759107, 3.761968395621714034, -43.19375000409684873 ) ) ;
#5963 = CIRCLE ( 'NONE', #5284, 11.50000000000000000 ) ;
#5964 = EDGE_LOOP ( 'NONE', ( #378, #6877 ) ) ;
#5965 = CARTESIAN_POINT ( 'NONE',  ( -11.81685453018365450, 25.21269551810239307, 12.79609019358636068 ) ) ;
#5966 = CARTESIAN_POINT ( 'NONE',  ( -10.87609885493110262, -7.602687789800844698, -36.52090992095889987 ) ) ;
#5967 = CARTESIAN_POINT ( 'NONE',  ( 3.149999999999999911, 3.939999999999999947, 0.000000000000000000 ) ) ;
#5968 = CIRCLE ( 'NONE', #5149, 3.939999999999999947 ) ;
#5969 = EDGE_CURVE ( 'NONE', #1738, #4987, #5094, .T. ) ;
#5970 = CARTESIAN_POINT ( 'NONE',  ( -5.847982602819399744, 5.847982602819249642, -43.19375000204840376 ) ) ;
#5971 = CARTESIAN_POINT ( 'NONE',  ( 9.082195121928730686, 0.000000000000000000, -49.09999999999999432 ) ) ;
#5972 = CARTESIAN_POINT ( 'NONE',  ( 8.270296309428744053, 3.425668896209603798, -45.16250000204843218 ) ) ;
#5973 = ORIENTED_EDGE ( 'NONE', *, *, #8244, .F. ) ;
#5974 = CARTESIAN_POINT ( 'NONE',  ( -1.238319888597766067E-13, 0.000000000000000000, -36.10000000000000142 ) ) ;
#5975 = CARTESIAN_POINT ( 'NONE',  ( -8.270296309429069126, -3.425668896209603798, -50.78750000204844639 ) ) ;
#5976 = CARTESIAN_POINT ( 'NONE',  ( 13.65000000000000036, 0.000000000000000000, 0.000000000000000000 ) ) ;
#5977 = DIRECTION ( 'NONE',  ( 0.000000000000000000, 1.000000000000000000, 0.000000000000000000 ) ) ;
#5978 = B_SPLINE_CURVE_WITH_KNOTS ( 'NONE', 3,
 ( #6036, #199, #7312, #2119, #4113, #1564, #1484, #3597, #8027, #281, #3554, #1646, #6159, #8110, #6842, #2281 ),
 .UNSPECIFIED., .F., .F.,
 ( 4, 2, 2, 1, 1, 2, 2, 2, 4 ),
 ( 0.000000000000000000, 0.2500000000000425771, 0.3750000000000614508, 0.4375000000000709433, 0.4687500000000758282, 0.4843750000000782152, 0.5000000000000806022, 0.7500000000000403011, 1.000000000000000000 ),
 .UNSPECIFIED. ) ;
#5979 = CARTESIAN_POINT ( 'NONE',  ( 8.893652495416690229, 1.356514670916050135E-11, -51.99114486382930522 ) ) ;
#5980 = EDGE_CURVE ( 'NONE', #5578, #3968, #762, .T. ) ;
#5981 = AXIS2_PLACEMENT_3D ( 'NONE', #2899, #815, #7286 ) ;
#5982 = CARTESIAN_POINT ( 'NONE',  ( -9.082195121929059312, 3.761968395621719363, -47.13125000409674215 ) ) ;
#5983 = CARTESIAN_POINT ( 'NONE',  ( -8.270296309429058468, -3.425668896209603798, -47.41250000204837534 ) ) ;
#5984 = CARTESIAN_POINT ( 'NONE',  ( 3.649999999999999911, 2.245892547147650298, -3.889999999999999680 ) ) ;
#5985 =( BOUNDED_CURVE ( )  B_SPLINE_CURVE ( 2, ( #8413, #2033, #158, #6674, #4672, #2755, #5355, #3941, #6550 ),
 .UNSPECIFIED., .F., .F. ) 
 B_SPLINE_CURVE_WITH_KNOTS ( ( 3, 2, 2, 2, 3 ),
 ( 0.05000000000000000278, 0.06250000000000000000, 0.07499999999999999722, 0.08749999999999999445, 0.1000000000000000056 ),
 .UNSPECIFIED. ) 
 CURVE ( )  GEOMETRIC_REPRESENTATION_ITEM ( )  RATIONAL_B_SPLINE_CURVE ( ( 1.000000000000000000, 0.9238795325112899581, 1.000000000000000000, 0.9238795325112869605, 1.000000000000000000, 0.9238795325112869605, 1.000000000000000000, 0.9238795325112859613, 1.000000000000000000 ) ) 
 REPRESENTATION_ITEM ( '' )  );
#5986 = CARTESIAN_POINT ( 'NONE',  ( 0.04019128333283034787, 0.9341506105244677949, 3.890098830111840211 ) ) ;
#5987 = DIRECTION ( 'NONE',  ( 3.571186321298535482E-15, -1.000000000000000000, 0.000000000000000000 ) ) ;
#5988 = DIRECTION ( 'NONE',  ( -1.000000000000000000, -3.430248998885765387E-15, 0.000000000000000000 ) ) ;
#5989 = AXIS2_PLACEMENT_3D ( 'NONE', #6518, #7285, #127 ) ;
#5990 = DIRECTION ( 'NONE',  ( 3.375678115414340516E-15, -1.000000000000000000, 0.000000000000000000 ) ) ;
#5991 = ORIENTED_EDGE ( 'NONE', *, *, #4276, .T. ) ;
#5992 = CARTESIAN_POINT ( 'NONE',  ( -8.270296309429035375, 3.425668896209609571, -40.47500000204838244 ) ) ;
#5993 = CARTESIAN_POINT ( 'NONE',  ( -10.97000000000000064, 1.343437538664642138E-15, -0.9999999999999629186 ) ) ;
#5994 = PLANE ( 'NONE',  #1425 ) ;
#5995 =( NAMED_UNIT ( * ) SI_UNIT ( $, .STERADIAN. ) SOLID_ANGLE_UNIT ( ) );
#5996 = CARTESIAN_POINT ( 'NONE',  ( 16.83710905685210690, 0.1117266107929074659, -7.216587118405210610 ) ) ;
#5997 = EDGE_CURVE ( 'NONE', #1604, #1363, #4966, .T. ) ;
#5998 = TOROIDAL_SURFACE ( 'NONE', #4631, 8.125000000000000000, 0.5000000000000000000 ) ;
#5999 = CARTESIAN_POINT ( 'NONE',  ( -8.270296309429069126, 3.425668896209608683, -50.60000000204841086 ) ) ;
#6000 = AXIS2_PLACEMENT_3D ( 'NONE', #789, #7302, #1473 ) ;
#6001 = CARTESIAN_POINT ( 'NONE',  ( 5.847982602819069342, -5.847982602819249642, -51.81875000204839665 ) ) ;
#6002 = ORIENTED_EDGE ( 'NONE', *, *, #4642, .F. ) ;
#6003 = CARTESIAN_POINT ( 'NONE',  ( 8.270296309428770698, 0.000000000000000000, -39.63125000204845350 ) ) ;
#6004 = ORIENTED_EDGE ( 'NONE', *, *, #8335, .F. ) ;
#6005 = TOROIDAL_SURFACE ( 'NONE', #6398, 5.299999999999849720, 1.000000000000000000 ) ;
#6006 = VECTOR ( 'NONE', #3691, 1000.000000000000000 ) ;
#6007 = DIRECTION ( 'NONE',  ( 1.000000000000000000, 0.000000000000000000, 0.000000000000000000 ) ) ;
#6008 = EDGE_CURVE ( 'NONE', #6683, #5832, #4562, .T. ) ;
#6009 = ORIENTED_EDGE ( 'NONE', *, *, #5300, .F. ) ;
#6010 = CARTESIAN_POINT ( 'NONE',  ( -7.744244715248846056, 27.08722623837946486, 15.16144224208178670 ) ) ;
#6011 = CARTESIAN_POINT ( 'NONE',  ( -2.227618966551409674, 20.00000000000000000, 18.36539446186380076 ) ) ;
#6012 = CARTESIAN_POINT ( 'NONE',  ( -9.082195121928942072, -3.761968395621818839, -40.94375000409681320 ) ) ;
#6013 = CYLINDRICAL_SURFACE ( 'NONE', #4054, 10.96999999997878028 ) ;
#6014 = CARTESIAN_POINT ( 'NONE',  ( -9.082195121929041548, 1.112248118530191819E-15, -40.84999999999999432 ) ) ;
#6015 = VERTEX_POINT ( 'NONE', #5129 ) ;
#6016 = EDGE_CURVE ( 'NONE', #5103, #3313, #6924, .T. ) ;
#6017 = CARTESIAN_POINT ( 'NONE',  ( 8.921570627134731097E-13, 0.000000000000000000, 260.0852191789194876 ) ) ;
#6018 = CARTESIAN_POINT ( 'NONE',  ( -1.715124499443544942E-15, 0.5000000000000560663, 0.000000000000000000 ) ) ;
#6019 = DIRECTION ( 'NONE',  ( -0.5022252049913041860, 0.000000000000000000, 0.8647368637171903849 ) ) ;
#6020 = DIRECTION ( 'NONE',  ( -3.430248998885765387E-15, 0.000000000000000000, -1.000000000000000000 ) ) ;
#6021 = CARTESIAN_POINT ( 'NONE',  ( 9.082195121928767989, -3.761968395621719363, -38.88125000409683452 ) ) ;
#6022 = CARTESIAN_POINT ( 'NONE',  ( -5.847982602819420173, -5.847982602819249642, -47.31875000204840376 ) ) ;
#6023 = CARTESIAN_POINT ( 'NONE',  ( 8.921570627134731097E-13, 0.000000000000000000, 260.0852191789194876 ) ) ;
#6024 = DIRECTION ( 'NONE',  ( -3.162668142169864979E-15, 0.000000000000000000, -1.000000000000000000 ) ) ;
#6025 = ORIENTED_EDGE ( 'NONE', *, *, #1257, .T. ) ;
#6026 = CARTESIAN_POINT ( 'NONE',  ( 0.09508923582744552294, 1.491253243141957396, 3.890159171442142405 ) ) ;
#6027 = ADVANCED_FACE ( 'NONE', ( #184 ), #5260, .T. ) ;
#6028 = DIRECTION ( 'NONE',  ( 1.000000000000000000, 0.000000000000000000, -3.430248998885765387E-15 ) ) ;
#6029 = CARTESIAN_POINT ( 'NONE',  ( -10.99999999999828049, -478.0496043183500205, 1.347111479062077755E-15 ) ) ;
#6030 = FACE_OUTER_BOUND ( 'NONE', #6932, .T. ) ;
#6031 = ORIENTED_EDGE ( 'NONE', *, *, #1588, .T. ) ;
#6032 = CARTESIAN_POINT ( 'NONE',  ( 14.84803800315411770, 0.5000000000001120215, -11.03565890451899989 ) ) ;
#6033 = DIRECTION ( 'NONE',  ( 3.430248998885765387E-15, 0.000000000000000000, 1.000000000000000000 ) ) ;
#6034 = LINE ( 'NONE', #4795, #1420 ) ;
#6035 =( BOUNDED_CURVE ( )  B_SPLINE_CURVE ( 2, ( #6083, #291, #851, #1572, #8079, #3562, #6852, #6213, #6811 ),
 .UNSPECIFIED., .F., .F. ) 
 B_SPLINE_CURVE_WITH_KNOTS ( ( 3, 2, 2, 2, 3 ),
 ( 0.2999999999999999889, 0.3125000000000000000, 0.3250000000000000111, 0.3375000000000000222, 0.3499999999999999778 ),
 .UNSPECIFIED. ) 
 CURVE ( )  GEOMETRIC_REPRESENTATION_ITEM ( )  RATIONAL_B_SPLINE_CURVE ( ( 1.000000000000000000, 0.9238795325112849621, 1.000000000000000000, 0.9238795325112869605, 1.000000000000000000, 0.9238795325112869605, 1.000000000000000000, 0.9238795325112849621, 1.000000000000000000 ) ) 
 REPRESENTATION_ITEM ( '' )  );
#6036 = CARTESIAN_POINT ( 'NONE',  ( 2.133141957236349917, 0.5000000000000560663, 18.37660755934774670 ) ) ;
#6037 = CARTESIAN_POINT ( 'NONE',  ( 16.79227966050058285, 0.07661923966328947067, -7.207778493324281222 ) ) ;
#6038 = CARTESIAN_POINT ( 'NONE',  ( -3.425668896209781877, -8.270296309428895043, -50.22500000204844639 ) ) ;
#6039 = CARTESIAN_POINT ( 'NONE',  ( -5.847982602819429943, -5.847982602819249642, -50.69375000204840376 ) ) ;
#6040 = ORIENTED_EDGE ( 'NONE', *, *, #6571, .T. ) ;
#6041 = CARTESIAN_POINT ( 'NONE',  ( -1.438960013025305851E-13, -8.270296309428900372, -41.50625000204840376 ) ) ;
#6042 = ORIENTED_EDGE ( 'NONE', *, *, #2987, .F. ) ;
#6043 = DIRECTION ( 'NONE',  ( -3.469446951953620105E-15, 1.000000000000000000, 0.000000000000000000 ) ) ;
#6044 = AXIS2_PLACEMENT_3D ( 'NONE', #3980, #107, #4064 ) ;
#6045 = AXIS2_PLACEMENT_3D ( 'NONE', #4545, #3819, #5665 ) ;
#6046 = CARTESIAN_POINT ( 'NONE',  ( -16.96907264833253137, 0.2423323321194758018, 7.243475700224269787 ) ) ;
#6047 = ORIENTED_EDGE ( 'NONE', *, *, #2401, .F. ) ;
#6048 = CARTESIAN_POINT ( 'NONE',  ( -14.01432350393447024, 21.75014437970108361, 11.51977841409425096 ) ) ;
#6049 = VECTOR ( 'NONE', #2262, 1000.000000000000000 ) ;
#6050 = CARTESIAN_POINT ( 'NONE',  ( -0.5376550543444312824, -13.30273991023620184, -29.71035445674914044 ) ) ;
#6051 = CARTESIAN_POINT ( 'NONE',  ( -17.00643646814544852, 8.599999999999999645, 2.481278633070430395 ) ) ;
#6052 = ADVANCED_FACE ( 'NONE', ( #750 ), #5346, .T. ) ;
#6053 = CARTESIAN_POINT ( 'NONE',  ( -0.6281108632946239556, -13.46641370803451210, -36.25969719736925612 ) ) ;
#6054 = EDGE_CURVE ( 'NONE', #7246, #228, #5856, .T. ) ;
#6055 = CARTESIAN_POINT ( 'NONE',  ( -9.082195121928011261, 1.112248118530191819E-15, 260.0852191789194876 ) ) ;
#6056 = ORIENTED_EDGE ( 'NONE', *, *, #3526, .F. ) ;
#6057 = CARTESIAN_POINT ( 'NONE',  ( 9.082195121928741344, 0.000000000000000000, -46.28750000409679899 ) ) ;
#6058 = CARTESIAN_POINT ( 'NONE',  ( -3.425668896209787651, 8.270296309428905701, -52.66250000204837534 ) ) ;
#6059 = CARTESIAN_POINT ( 'NONE',  ( 3.216449871731646315, -3.472472819870841221, -1.765500648081721247 ) ) ;
#6060 = EDGE_CURVE ( 'NONE', #1027, #6216, #2067, .T. ) ;
#6061 = CARTESIAN_POINT ( 'NONE',  ( 5.411763109380285819, -6.800784615642698760, -52.08796347243392688 ) ) ;
#6062 = CARTESIAN_POINT ( 'NONE',  ( -3.761968395621854810, 9.082195121928897663, -41.31875000409682741 ) ) ;
#6063 = CARTESIAN_POINT ( 'NONE',  ( 5.847982602819080000, 5.847982602819249642, -51.06875000204840376 ) ) ;
#6064 = CARTESIAN_POINT ( 'NONE',  ( 6.321649293719136864, 6.413411808556102045, -51.86645920032680834 ) ) ;
#6065 = ORIENTED_EDGE ( 'NONE', *, *, #1848, .T. ) ;
#6066 = CARTESIAN_POINT ( 'NONE',  ( -10.96999999997886022, 0.000000000000000000, -38.10000000000000142 ) ) ;
#6067 = CARTESIAN_POINT ( 'NONE',  ( -11.19630586075712841, -7.206450156748982039, -29.71157185384901211 ) ) ;
#6068 = CARTESIAN_POINT ( 'NONE',  ( -9.082195121929041548, 1.112248118530191819E-15, -41.03750000409674925 ) ) ;
#6069 = CARTESIAN_POINT ( 'NONE',  ( 3.149999999999999911, 2.245892547147644969, 3.889999999999999680 ) ) ;
#6070 = ORIENTED_EDGE ( 'NONE', *, *, #2938, .T. ) ;
#6071 = CARTESIAN_POINT ( 'NONE',  ( 14.75137375584544053, 0.1508385745442175629, -10.92749280394826883 ) ) ;
#6072 = CARTESIAN_POINT ( 'NONE',  ( -5.933220441903259257, 5.995270409043680360, -52.09997414701572893 ) ) ;
#6073 = DIRECTION ( 'NONE',  ( -3.430248998885765387E-15, 0.000000000000000000, -1.000000000000000000 ) ) ;
#6074 = CARTESIAN_POINT ( 'NONE',  ( -3.761968395621886785, -9.082195121928899439, -48.25625000409675636 ) ) ;
#6075 = CARTESIAN_POINT ( 'NONE',  ( 16.88248941610625309, 0.1570300711679034344, -7.225836097510742739 ) ) ;
#6076 = CARTESIAN_POINT ( 'NONE',  ( 8.270296309428733394, 3.425668896209603798, -46.66250000204846060 ) ) ;
#6077 = CARTESIAN_POINT ( 'NONE',  ( 5.847982602819080000, 5.847982602819249642, -51.44375000204840376 ) ) ;
#6078 = ORIENTED_EDGE ( 'NONE', *, *, #2004, .F. ) ;
#6079 = CARTESIAN_POINT ( 'NONE',  ( 3.761968395621561712, 9.082195121928897663, -45.81875000000007248 ) ) ;
#6080 = ORIENTED_EDGE ( 'NONE', *, *, #4124, .T. ) ;
#6081 = DIRECTION ( 'NONE',  ( -1.000000000000000000, 0.000000000000000000, 3.439401604603058548E-15 ) ) ;
#6082 = ADVANCED_FACE ( 'NONE', ( #4707 ), #1341, .T. ) ;
#6083 = CARTESIAN_POINT ( 'NONE',  ( 9.082195121928741344, 0.000000000000000000, -47.78750000409679899 ) ) ;
#6084 = ORIENTED_EDGE ( 'NONE', *, *, #3395, .T. ) ;
#6085 = CARTESIAN_POINT ( 'NONE',  ( -9.454473302763062748, 27.05400057374122369, 14.16804027057224502 ) ) ;
#6086 = DIRECTION ( 'NONE',  ( -3.430248998885765387E-15, 0.000000000000000000, -1.000000000000000000 ) ) ;
#6087 = VERTEX_POINT ( 'NONE', #4662 ) ;
#6088 = DIRECTION ( 'NONE',  ( 3.430248998885765387E-15, 0.000000000000000000, 1.000000000000000000 ) ) ;
#6089 = AXIS2_PLACEMENT_3D ( 'NONE', #1328, #1372, #2053 ) ;
#6090 = CARTESIAN_POINT ( 'NONE',  ( -1.011837190353871652, -13.24625855339593272, -36.51094379192571893 ) ) ;
#6091 = CARTESIAN_POINT ( 'NONE',  ( -5.870380598260609872, 0.000000000000000000, -51.72344819393800464 ) ) ;
#6092 = ADVANCED_FACE ( 'NONE', ( #2023 ), #2107, .F. ) ;
#6093 = VERTEX_POINT ( 'NONE', #663 ) ;
#6094 = CARTESIAN_POINT ( 'NONE',  ( -9.082195121929052206, 1.112248118530195961E-15, -38.10000000000000142 ) ) ;
#6095 = CARTESIAN_POINT ( 'NONE',  ( 8.270296309428744053, -3.425668896209614456, -44.22500000204847481 ) ) ;
#6096 = CARTESIAN_POINT ( 'NONE',  ( 3.216460448938425642, -3.265238123650380686, -2.124441671026655598 ) ) ;
#6097 = LINE ( 'NONE', #1544, #8165 ) ;
#6098 = CARTESIAN_POINT ( 'NONE',  ( -1.791743207847450078E-13, 8.270296309428900372, -52.38125000204840376 ) ) ;
#6099 = CARTESIAN_POINT ( 'NONE',  ( -5.847982602819429943, -5.847982602819249642, -51.81875000204839665 ) ) ;
#6100 = EDGE_CURVE ( 'NONE', #6608, #5486, #340, .T. ) ;
#6101 = CARTESIAN_POINT ( 'NONE',  ( -9.082195121929052206, 1.112248118530191819E-15, -43.85000000000000142 ) ) ;
#6102 = CARTESIAN_POINT ( 'NONE',  ( 0.2993611916180894950, 0.5000000000000490719, -19.19619014831560122 ) ) ;
#6103 = EDGE_LOOP ( 'NONE', ( #3741, #3607, #5956, #3398, #6990 ) ) ;
#6104 = CARTESIAN_POINT ( 'NONE',  ( -1.774243063861754941E-13, 0.000000000000000000, -51.72344819393800464 ) ) ;
#6105 = CARTESIAN_POINT ( 'NONE',  ( -1.516170057507509889E-13, 43.46900000000000119, 7.625000000000000000 ) ) ;
#6106 = CARTESIAN_POINT ( 'NONE',  ( 12.72933531466443213, 23.95440163003571499, -12.26614569234091512 ) ) ;
#6107 = CARTESIAN_POINT ( 'NONE',  ( -12.55305415714875039, 6.659918474868139704, 0.7715899972570938736 ) ) ;
#6108 = DIRECTION ( 'NONE',  ( 3.418798091341155250E-15, -1.000000000000000000, 0.000000000000000000 ) ) ;
#6109 = CONICAL_SURFACE ( 'NONE', #5582, 2.250000000000000000, 0.7853981633974476129 ) ;
#6110 = VERTEX_POINT ( 'NONE', #3256 ) ;
#6111 = CARTESIAN_POINT ( 'NONE',  ( 14.72536959804428314, 0.1129329368685510343, -10.89841745056101274 ) ) ;
#6112 = CARTESIAN_POINT ( 'NONE',  ( 16.98858478073951517, 24.49382139849282325, 4.461225875861535961 ) ) ;
#6113 = CARTESIAN_POINT ( 'NONE',  ( 0.000000000000000000, 0.000000000000000000, 0.000000000000000000 ) ) ;
#6114 = CARTESIAN_POINT ( 'NONE',  ( 1.018471362880805309, 13.24246088142992761, -36.51318423154231141 ) ) ;
#6115 = CARTESIAN_POINT ( 'NONE',  ( -4.135141231507310167, 7.162290697896779079, -39.13052385769400132 ) ) ;
#6116 = CARTESIAN_POINT ( 'NONE',  ( 8.270296309428733394, -3.425668896209608683, -49.85000000204847481 ) ) ;
#6117 = CARTESIAN_POINT ( 'NONE',  ( 5.847982602819080000, -5.847982602819249642, -48.81875000204840376 ) ) ;
#6118 = ADVANCED_FACE ( 'NONE', ( #7171 ), #4618, .F. ) ;
#6119 = AXIS2_PLACEMENT_3D ( 'NONE', #4568, #5254, #5935 ) ;
#6120 = EDGE_LOOP ( 'NONE', ( #8032, #112, #6730, #5586 ) ) ;
#6121 = CARTESIAN_POINT ( 'NONE',  ( -9.082195121929073522, -3.761968395621714034, -49.75624999999998010 ) ) ;
#6122 = ORIENTED_EDGE ( 'NONE', *, *, #2462, .T. ) ;
#6123 = FACE_OUTER_BOUND ( 'NONE', #1872, .T. ) ;
#6124 = CARTESIAN_POINT ( 'NONE',  ( 5.847982602819110198, 5.847982602819249642, -40.56875000204845350 ) ) ;
#6125 = CIRCLE ( 'NONE', #5033, 10.96999999997875896 ) ;
#6126 = AXIS2_PLACEMENT_3D ( 'NONE', #3178, #8369, #3138 ) ;
#6127 = CARTESIAN_POINT ( 'NONE',  ( -16.67737587040842584, 0.02146333988832303460, 7.183525305932642269 ) ) ;
#6128 = DIRECTION ( 'NONE',  ( 3.430248998885765387E-15, 0.000000000000000000, 1.000000000000000000 ) ) ;
#6129 = AXIS2_PLACEMENT_3D ( 'NONE', #3378, #5852, #2742 ) ;
#6130 = ORIENTED_EDGE ( 'NONE', *, *, #2471, .T. ) ;
#6131 = CARTESIAN_POINT ( 'NONE',  ( -1.162626781761120887, 13.21069092179128823, -36.52607879069362440 ) ) ;
#6133 = EDGE_LOOP ( 'NONE', ( #7387, #6268, #764 ) ) ;
#6132 = AXIS2_PLACEMENT_3D ( 'NONE', #6581, #5940, #3341 ) ;
#6134 = CARTESIAN_POINT ( 'NONE',  ( 8.893652495416690229, 1.356514670916050135E-11, -51.99114486382930522 ) ) ;
#6135 = CIRCLE ( 'NONE', #7217, 0.5000000000000004441 ) ;
#6136 = ORIENTED_EDGE ( 'NONE', *, *, #5803, .T. ) ;
#6137 = B_SPLINE_CURVE_WITH_KNOTS ( 'NONE', 3,
 ( #8017, #2874, #2193, #7385, #1554, #6751, #915, #7425, #960, #5079, #447, #7087, #4405, #6282, #568, #1094, #1176, #7634, #404, #6923, #1256, #3004, #3162, #7006, #3676, #1806, #3043 ),
 .UNSPECIFIED., .F., .F.,
 ( 4, 2, 2, 1, 1, 1, 1, 2, 2, 2, 1, 1, 1, 1, 1, 2, 2, 4 ),
 ( 0.000000000000000000, 0.1250000000000088263, 0.1875000000000130729, 0.2187500000000151545, 0.2343750000000161537, 0.2421875000000168476, 0.2460937500000172362, 0.2480468750000174305, 0.2500000000000175970, 0.3750000000000295874, 0.4375000000000351941, 0.4687500000000380251, 0.4843750000000391354, 0.4921875000000400791, 0.4960937500000405787, 0.4980468750000411338, 0.5000000000000416334, 1.000000000000000000 ),
 .UNSPECIFIED. ) ;
#6138 = SPHERICAL_SURFACE ( 'NONE', #7331, 0.5000000000000000000 ) ;
#6139 = VECTOR ( 'NONE', #3237, 1000.000000000000000 ) ;
#6140 = ORIENTED_EDGE ( 'NONE', *, *, #3438, .F. ) ;
#6141 = CARTESIAN_POINT ( 'NONE',  ( -10.96999999997886022, 0.000000000000000000, -29.60000000000000142 ) ) ;
#6142 = CARTESIAN_POINT ( 'NONE',  ( -1.541867482991879834E-13, -8.270296309428900372, -44.50625000204840376 ) ) ;
#6143 = LINE ( 'NONE', #824, #8028 ) ;
#6144 = FACE_OUTER_BOUND ( 'NONE', #162, .T. ) ;
#6145 = ADVANCED_FACE ( 'NONE', ( #5304 ), #3932, .T. ) ;
#6146 = CARTESIAN_POINT ( 'NONE',  ( 3.761968395621572814, -9.082195121928897663, -42.06875000409686294 ) ) ;
#6147 = CARTESIAN_POINT ( 'NONE',  ( -1.740289472864159679E-13, 8.270296309428900372, -50.88125000204840376 ) ) ;
#6148 = DIRECTION ( 'NONE',  ( 3.597944987211185140E-15, 0.000000000000000000, 1.000000000000000000 ) ) ;
#6149 = CARTESIAN_POINT ( 'NONE',  ( -1.173145157618936088E-13, 34.20000000000000284, 0.000000000000000000 ) ) ;
#6150 = ORIENTED_EDGE ( 'NONE', *, *, #3453, .F. ) ;
#6151 = CARTESIAN_POINT ( 'NONE',  ( -0.6969072952570950497, 13.48199985988038030, -30.09999999999999787 ) ) ;
#6152 = CARTESIAN_POINT ( 'NONE',  ( 10.96999999997859909, 0.000000000000000000, -37.10000000000000142 ) ) ;
#6153 = FACE_OUTER_BOUND ( 'NONE', #95, .T. ) ;
#6154 = FACE_OUTER_BOUND ( 'NONE', #623, .T. ) ;
#6155 = ADVANCED_FACE ( 'NONE', ( #6662 ), #4278, .T. ) ;
#6156 = EDGE_LOOP ( 'NONE', ( #5738, #1159, #1998, #4746 ) ) ;
#6157 = CARTESIAN_POINT ( 'NONE',  ( 5.847982602819119968, 5.847982602819249642, -39.44375000204845350 ) ) ;
#6158 = CARTESIAN_POINT ( 'NONE',  ( -9.082195121928902992, 3.761968395621870798, -45.44375000000002274 ) ) ;
#6159 = CARTESIAN_POINT ( 'NONE',  ( 2.062006431701747466, 0.07803324468392189295, 18.15915947492804250 ) ) ;
#6160 = CARTESIAN_POINT ( 'NONE',  ( -3.425668896209761005, -8.270296309428895043, -44.22500000204841086 ) ) ;
#6161 = CARTESIAN_POINT ( 'NONE',  ( 8.270296309428744053, 3.425668896209608683, -45.53750000204844639 ) ) ;
#6162 = ORIENTED_EDGE ( 'NONE', *, *, #1622, .T. ) ;
#6163 = CARTESIAN_POINT ( 'NONE',  ( -6.422081758775470384, -6.422081758775310512, -46.66250000000000142 ) ) ;
#6164 = EDGE_LOOP ( 'NONE', ( #7065, #1062, #715, #521 ) ) ;
#6165 = CARTESIAN_POINT ( 'NONE',  ( 9.082195121928661408, -3.761968395621824168, -40.19375000000007958 ) ) ;
#6166 = ADVANCED_FACE ( 'NONE', ( #104 ), #6538, .T. ) ;
#6167 = VERTEX_POINT ( 'NONE', #7768 ) ;
#6168 = CARTESIAN_POINT ( 'NONE',  ( 5.847982602819100428, 5.847982602819249642, -43.56875000204845350 ) ) ;
#6169 = ADVANCED_FACE ( 'NONE', ( #3382 ), #3451, .T. ) ;
#6170 = CARTESIAN_POINT ( 'NONE',  ( 11.98026145661561870, 5.047111592893930521, -36.10000000000000142 ) ) ;
#6171 = CIRCLE ( 'NONE', #5760, 0.5000000000000004441 ) ;
#6172 = AXIS2_PLACEMENT_3D ( 'NONE', #1892, #3756, #7044 ) ;
#6173 = ORIENTED_EDGE ( 'NONE', *, *, #5980, .T. ) ;
#6174 = CARTESIAN_POINT ( 'NONE',  ( -1.272622378586621957E-13, 0.000000000000000000, -37.10000000000000142 ) ) ;
#6175 = EDGE_LOOP ( 'NONE', ( #3560, #2670, #6009, #7495 ) ) ;
#6176 = CARTESIAN_POINT ( 'NONE',  ( -5.173311911605999569, 25.21269551800867958, -16.63174131279804158 ) ) ;
#6177 = ORIENTED_EDGE ( 'NONE', *, *, #921, .F. ) ;
#6178 = CARTESIAN_POINT ( 'NONE',  ( 3.761968395621578587, -9.082195121928899439, -40.56875000409682741 ) ) ;
#6179 = CIRCLE ( 'NONE', #2498, 2.500000000000000000 ) ;
#6180 = CIRCLE ( 'NONE', #2501, 0.5000000000000004441 ) ;
#6181 = AXIS2_PLACEMENT_3D ( 'NONE', #792, #3387, #1307 ) ;
#6182 = EDGE_CURVE ( 'NONE', #8063, #7541, #5238, .T. ) ;
#6183 = CIRCLE ( 'NONE', #2782, 2.500000000000000000 ) ;
#6184 = ORIENTED_EDGE ( 'NONE', *, *, #7392, .T. ) ;
#6185 = CARTESIAN_POINT ( 'NONE',  ( 3.649999999999999911, 0.000000000000000000, 0.000000000000000000 ) ) ;
#6186 = CARTESIAN_POINT ( 'NONE',  ( 3.425668896209451919, -8.270296309428895043, -45.91250000204841086 ) ) ;
#6187 = AXIS2_PLACEMENT_3D ( 'NONE', #7651, #2418, #6339 ) ;
#6188 = CARTESIAN_POINT ( 'NONE',  ( 3.791365307179870747, -7.753626087449670301, -52.09892508485106788 ) ) ;
#6189 = ADVANCED_FACE ( 'NONE', ( #2268 ), #2787, .T. ) ;
#6190 = CARTESIAN_POINT ( 'NONE',  ( 6.422081758775160409, -6.422081758775310512, -41.97500000409684873 ) ) ;
#6191 = CARTESIAN_POINT ( 'NONE',  ( -8.270296309429060244, 1.012819190334226073E-15, -46.00625000204840376 ) ) ;
#6192 = CARTESIAN_POINT ( 'NONE',  ( 0.2190318617485615127, -2.245892547147640528, 3.889999999999999680 ) ) ;
#6193 = CARTESIAN_POINT ( 'NONE',  ( 13.65000000000000036, 0.000000000000000000, 2.500000000000000000 ) ) ;
#6194 = VERTEX_POINT ( 'NONE', #6101 ) ;
#6195 = CARTESIAN_POINT ( 'NONE',  ( -5.299999999999849720, 0.000000000000000000, -0.9999999999999831246 ) ) ;
#6196 = AXIS2_PLACEMENT_3D ( 'NONE', #1822, #3736, #501 ) ;
#6197 = CARTESIAN_POINT ( 'NONE',  ( -11.20652102964194441, -7.217123662040806131, -29.72381202059262506 ) ) ;
#6198 = DIRECTION ( 'NONE',  ( 3.430248998885765387E-15, 0.000000000000000000, 1.000000000000000000 ) ) ;
#6199 = CARTESIAN_POINT ( 'NONE',  ( -12.80710380864909581, 6.935447432533000445, 1.253747640876762492 ) ) ;
#6200 = DIRECTION ( 'NONE',  ( 1.000000000000000000, 0.000000000000000000, 0.000000000000000000 ) ) ;
#6201 = EDGE_LOOP ( 'NONE', ( #3615, #4290, #3288, #6807, #5022, #3372, #5024, #374, #386, #3068 ) ) ;
#6202 = CARTESIAN_POINT ( 'NONE',  ( 10.82518948904088596, 7.631878118901284758, -36.53612462124137750 ) ) ;
#6203 = FACE_OUTER_BOUND ( 'NONE', #6513, .T. ) ;
#6204 = CARTESIAN_POINT ( 'NONE',  ( 5.847982602819089770, 5.847982602819249642, -46.56875000204849613 ) ) ;
#6205 = EDGE_CURVE ( 'NONE', #2213, #5160, #266, .T. ) ;
#6206 = CARTESIAN_POINT ( 'NONE',  ( 3.425668896209462577, 8.270296309428895043, -42.35000000204842507 ) ) ;
#6207 = ORIENTED_EDGE ( 'NONE', *, *, #5335, .F. ) ;
#6208 = CARTESIAN_POINT ( 'NONE',  ( 9.082195121928741344, 0.000000000000000000, -47.60000000000000142 ) ) ;
#6209 = VERTEX_POINT ( 'NONE', #4827 ) ;
#6210 = CARTESIAN_POINT ( 'NONE',  ( 10.46999999997870034, 0.000000000000000000, -25.00000000000000000 ) ) ;
#6211 = VERTEX_POINT ( 'NONE', #8055 ) ;
#6212 = CARTESIAN_POINT ( 'NONE',  ( 5.847982602819119968, -5.847982602819249642, -39.44375000204845350 ) ) ;
#6213 = CARTESIAN_POINT ( 'NONE',  ( -9.082195121929133919, 3.761968395621656303, -47.13125000409674215 ) ) ;
#6214 = DIRECTION ( 'NONE',  ( -1.000000000000000000, 0.000000000000000000, 3.429104545535672860E-15 ) ) ;
#6215 = VECTOR ( 'NONE', #7638, 1000.000000000000114 ) ;
#6216 = VERTEX_POINT ( 'NONE', #7418 ) ;
#6217 = EDGE_CURVE ( 'NONE', #6486, #6369, #749, .T. ) ;
#6218 = CARTESIAN_POINT ( 'NONE',  ( -4.734124627833899979, 24.51654379631569469, 16.90965644433618920 ) ) ;
#6219 = VERTEX_POINT ( 'NONE', #6192 ) ;
#6220 = CARTESIAN_POINT ( 'NONE',  ( -7.542646144783925699, 27.05400057380789036, -15.27183419486079785 ) ) ;
#6221 = EDGE_LOOP ( 'NONE', ( #6945, #4974, #937, #7002 ) ) ;
#6222 = AXIS2_PLACEMENT_3D ( 'NONE', #34, #4543, #6551 ) ;
#6223 = ORIENTED_EDGE ( 'NONE', *, *, #4032, .T. ) ;
#6224 = PRODUCT_DEFINITION_FORMATION_WITH_SPECIFIED_SOURCE ( 'ไป', '', #6299, .NOT_KNOWN. ) ;
#6225 = CARTESIAN_POINT ( 'NONE',  ( 3.761968395621556382, -9.082195121928899439, -46.56875000409681320 ) ) ;
#6226 = CARTESIAN_POINT ( 'NONE',  ( -1.644774952958449779E-13, -8.270296309428900372, -47.50625000204840376 ) ) ;
#6227 = CARTESIAN_POINT ( 'NONE',  ( 0.1486729132426185263, 4.298475472018638222, 0.3348220873751091009 ) ) ;
#6228 = B_SPLINE_CURVE_WITH_KNOTS ( 'NONE', 3,
 ( #4556, #1364, #5242, #3958, #5642, #7911, #7284, #6131, #8040, #126, #4167, #3440, #4043, #4208, #894, #2849 ),
 .UNSPECIFIED., .F., .F.,
 ( 4, 2, 2, 1, 1, 1, 1, 2, 2, 4 ),
 ( 0.000000000000000000, 0.2500000000000821565, 0.3750000000001253442, 0.4375000000001449951, 0.4687500000001545986, 0.4843750000001557643, 0.4921875000001550426, 0.4960937500001560974, 0.5000000000001570966, 1.000000000000000000 ),
 .UNSPECIFIED. ) ;
#6229 = VECTOR ( 'NONE', #1225, 1000.000000000000000 ) ;
#6230 = CARTESIAN_POINT ( 'NONE',  ( -9.082195121928011261, 1.112248118530191819E-15, 260.0852191789194876 ) ) ;
#6231 = CARTESIAN_POINT ( 'NONE',  ( -1.585928267914299840E-13, 8.270296309428900372, -46.38125000204840376 ) ) ;
#6232 = AXIS2_PLACEMENT_3D ( 'NONE', #7749, #7917, #2607 ) ;
#6233 = DIRECTION ( 'NONE',  ( -1.000000000000000000, -3.430248998885765781E-15, 0.000000000000000000 ) ) ;
#6234 = CARTESIAN_POINT ( 'NONE',  ( 11.46999999997859909, 0.000000000000000000, -36.60000000000000142 ) ) ;
#6235 = ORIENTED_EDGE ( 'NONE', *, *, #118, .T. ) ;
#6236 = DIRECTION ( 'NONE',  ( 3.430021418408690269E-15, -1.000000000000000000, 0.000000000000000000 ) ) ;
#6237 = CARTESIAN_POINT ( 'NONE',  ( -9.500000000000000000, 1.163414459189973849E-15, -25.50000000000000000 ) ) ;
#6238 = CARTESIAN_POINT ( 'NONE',  ( 16.88879480773566755, 0.2098687136601707082, 7.321631389048035565 ) ) ;
#6239 = CARTESIAN_POINT ( 'NONE',  ( -17.00208442931847586, 27.12362487754917595, 0.8261227992146905619 ) ) ;
#6240 = EDGE_CURVE ( 'NONE', #2448, #6644, #1679, .T. ) ;
#6241 = CONICAL_SURFACE ( 'NONE', #803, 8.355999999999999872, 0.7853981633974476129 ) ;
#6242 = CARTESIAN_POINT ( 'NONE',  ( -16.77406892012664841, 0.4999999999999940603, 9.338840677309500293 ) ) ;
#6243 = DIRECTION ( 'NONE',  ( 0.8679833099209478542, -0.4965933685609139059, -2.977398879905884978E-15 ) ) ;
#6244 =( BOUNDED_CURVE ( )  B_SPLINE_CURVE ( 1, ( #5890, #7922 ),
 .UNSPECIFIED., .F., .F. ) 
 B_SPLINE_CURVE_WITH_KNOTS ( ( 2, 2 ),
 ( 0.000000000000000000, 1.000000000000000000 ),
 .UNSPECIFIED. ) 
 CURVE ( )  GEOMETRIC_REPRESENTATION_ITEM ( )  RATIONAL_B_SPLINE_CURVE ( ( 0.9660721052180782920, 0.9660721052180782920 ) ) 
 REPRESENTATION_ITEM ( '' )  );
#6245 = CARTESIAN_POINT ( 'NONE',  ( 3.761968395621539951, 9.082195121928897663, -52.00625000409683452 ) ) ;
#6246 = DIRECTION ( 'NONE',  ( 0.000000000000000000, 0.000000000000000000, 1.000000000000000000 ) ) ;
#6247 = CARTESIAN_POINT ( 'NONE',  ( 3.425668896209441261, 8.270296309428895043, -47.97500000204843928 ) ) ;
#6248 = CARTESIAN_POINT ( 'NONE',  ( 8.270296309428749382, 0.000000000000000000, -44.13125000204844639 ) ) ;
#6249 = ORIENTED_EDGE ( 'NONE', *, *, #4007, .T. ) ;
#6250 = CARTESIAN_POINT ( 'NONE',  ( -9.082195121929059312, -3.761968395621714034, -45.25625000000002274 ) ) ;
#6251 = ORIENTED_EDGE ( 'NONE', *, *, #7240, .T. ) ;
#6252 = AXIS2_PLACEMENT_3D ( 'NONE', #8000, #3483, #7451 ) ;
#6253 = DIRECTION ( 'NONE',  ( 0.000000000000000000, -0.4999999999999998890, 0.8660254037844387076 ) ) ;
#6254 = ORIENTED_EDGE ( 'NONE', *, *, #7329, .T. ) ;
#6255 = CARTESIAN_POINT ( 'NONE',  ( -1.747682422925024772E-13, -8.270296309428900372, -50.50625000204840376 ) ) ;
#6256 = CARTESIAN_POINT ( 'NONE',  ( -0.7381292863335964238, -13.40349769034935257, -36.36853519506927768 ) ) ;
#6257 = EDGE_CURVE ( 'NONE', #7795, #1828, #4103, .T. ) ;
#6258 = DIRECTION ( 'NONE',  ( -1.000000000000000000, 0.000000000000000000, 0.000000000000000000 ) ) ;
#6259 = DIRECTION ( 'NONE',  ( 3.429104545535670493E-15, 0.000000000000000000, 1.000000000000000000 ) ) ;
#6260 = FACE_OUTER_BOUND ( 'NONE', #6510, .T. ) ;
#6261 = ORIENTED_EDGE ( 'NONE', *, *, #526, .T. ) ;
#6262 = ORIENTED_EDGE ( 'NONE', *, *, #4177, .T. ) ;
#6263 = CARTESIAN_POINT ( 'NONE',  ( -12.23316639877583256, 24.57730447545964836, -12.57993175063096913 ) ) ;
#6264 = EDGE_LOOP ( 'NONE', ( #6065, #889, #3357, #665 ) ) ;
#6265 = MANIFOLD_SOLID_BREP ( 'Chamfer1[1]', #6297 ) ;
#6266 = AXIS2_PLACEMENT_3D ( 'NONE', #3501, #6835, #5520 ) ;
#6267 = EDGE_CURVE ( 'NONE', #7990, #1134, #4552, .T. ) ;
#6268 = ORIENTED_EDGE ( 'NONE', *, *, #6582, .F. ) ;
#6269 = AXIS2_PLACEMENT_3D ( 'NONE', #2061, #1335, #7206 ) ;
#6270 = AXIS2_PLACEMENT_3D ( 'NONE', #7153, #8222, #6316 ) ;
#6271 = DIRECTION ( 'NONE',  ( 1.000000000000000000, 0.000000000000000000, -3.430248998885765387E-15 ) ) ;
#6272 = CARTESIAN_POINT ( 'NONE',  ( -8.270296309429058468, 3.425668896209609571, -44.97500000204838955 ) ) ;
#6273 = CARTESIAN_POINT ( 'NONE',  ( 11.91747997293430039, 6.342213422355330366, -36.10000000000000142 ) ) ;
#6274 = AXIS2_PLACEMENT_3D ( 'NONE', #3750, #3036, #6353 ) ;
#6275 = CARTESIAN_POINT ( 'NONE',  ( 9.082195121928741344, 0.000000000000000000, -47.60000000000000142 ) ) ;
#6276 = CARTESIAN_POINT ( 'NONE',  ( -8.270296309429060244, 1.012819190334226073E-15, -46.00625000204840376 ) ) ;
#6277 = CARTESIAN_POINT ( 'NONE',  ( -1.255471133592193760E-13, 0.000000000000000000, -36.60000000000000142 ) ) ;
#6278 = ORIENTED_EDGE ( 'NONE', *, *, #3671, .F. ) ;
#6279 = CARTESIAN_POINT ( 'NONE',  ( -0.5510377174497110842, 12.98831618932742238, -29.60000000000000142 ) ) ;
#6280 = CARTESIAN_POINT ( 'NONE',  ( -12.35683807978234050, 6.500240388697930527, -1.083149661190471966E-10 ) ) ;
#6281 = CARTESIAN_POINT ( 'NONE',  ( 9.005618544216156707, 27.16649795040611792, -14.42879238482454163 ) ) ;
#6282 = CARTESIAN_POINT ( 'NONE',  ( 17.00725088081906833, 26.08655737571931255, -2.798299455206997521 ) ) ;
#6283 = DIRECTION ( 'NONE',  ( 3.430248998885765387E-15, -1.000000000000000000, 0.000000000000000000 ) ) ;
#6284 = CARTESIAN_POINT ( 'NONE',  ( 10.68276142207752066, 7.713606931459418448, -36.56848066249555274 ) ) ;
#6285 = CARTESIAN_POINT ( 'NONE',  ( -1.771684865973414806E-13, -9.082195121928901216, -51.16250000409679899 ) ) ;
#6286 = FACE_OUTER_BOUND ( 'NONE', #5887, .T. ) ;
#6287 = EDGE_CURVE ( 'NONE', #2235, #7952, #331, .T. ) ;
#6288 = CARTESIAN_POINT ( 'NONE',  ( 8.270296309428765369, -3.425668896209608683, -39.35000000204843218 ) ) ;
#6289 = CARTESIAN_POINT ( 'NONE',  ( 8.270296309428744053, -3.425668896209614456, -44.22500000204841086 ) ) ;
#6290 = ORIENTED_EDGE ( 'NONE', *, *, #733, .F. ) ;
#6291 = CARTESIAN_POINT ( 'NONE',  ( -4.541082355240138924, 7.865420476727040366, -39.59927409042270341 ) ) ;
#6292 = ORIENTED_EDGE ( 'NONE', *, *, #7459, .T. ) ;
#6293 = DIRECTION ( 'NONE',  ( 0.9999922807328994745, 0.003929182435834712751, 0.000000000000000000 ) ) ;
#6294 = EDGE_LOOP ( 'NONE', ( #43, #1281, #6080, #944 ) ) ;
#6295 = CARTESIAN_POINT ( 'NONE',  ( -1.374642844296197711E-13, -8.270296309428900372, -39.63125000204840376 ) ) ;
#6296 = CARTESIAN_POINT ( 'NONE',  ( 13.40000000000000036, 0.000000000000000000, 0.000000000000000000 ) ) ;
#6297 = CLOSED_SHELL ( 'NONE', ( #860, #7692, #4488, #6827, #3317, #2112, #3552, #8397, #1058, #7155, #3883, #7972, #4262, #1300, #5382, #4179, #7297, #4944, #6772, #6118, #6092, #2411, #953, #4390, #3424, #7369, #8037 ) ) ;
#6298 = CARTESIAN_POINT ( 'NONE',  ( -12.65617672297972440, 6.766757473641643372, -1.059731600133052121 ) ) ;
#6299 = PRODUCT ( 'SJ10-06-002.step', 'SJ10-06-002.step', '', ( #8402 ) ) ;
#6300 = DIRECTION ( 'NONE',  ( 3.640075490574285808E-15, -1.000000000000000000, 0.000000000000000000 ) ) ;
#6301 = VERTEX_POINT ( 'NONE', #4913 ) ;
#6302 = CARTESIAN_POINT ( 'NONE',  ( -4.961855736208675260, 24.82605290467703441, 16.77738684688213766 ) ) ;
#6303 = ORIENTED_EDGE ( 'NONE', *, *, #5395, .F. ) ;
#6304 = CARTESIAN_POINT ( 'NONE',  ( -4.610937264407946046, 24.46614177222262398, -16.95453426610438541 ) ) ;
#6305 = ORIENTED_EDGE ( 'NONE', *, *, #3765, .F. ) ;
#6306 = ORIENTED_EDGE ( 'NONE', *, *, #2426, .T. ) ;
#6307 = CARTESIAN_POINT ( 'NONE',  ( -2.000402488573984172, 4.932082269448658657E-14, -17.97222066929342787 ) ) ;
#6308 = EDGE_CURVE ( 'NONE', #3459, #4246, #3495, .T. ) ;
#6309 = CARTESIAN_POINT ( 'NONE',  ( 8.270296309428749382, 0.000000000000000000, -42.63125000204845350 ) ) ;
#6310 = DIRECTION ( 'NONE',  ( 0.9999966940636209056, 0.000000000000000000, 0.002571354084719698358 ) ) ;
#6311 = AXIS2_PLACEMENT_3D ( 'NONE', #3882, #6620, #7124 ) ;
#6312 = CARTESIAN_POINT ( 'NONE',  ( -12.58159737040031878, 10.51327162040277230, 0.8333861155055802827 ) ) ;
#6313 = CARTESIAN_POINT ( 'NONE',  ( -1.662345678993404902E-13, -9.082195121928901216, -47.97499999999999432 ) ) ;
#6314 = AXIS2_PLACEMENT_3D ( 'NONE', #6411, #576, #6587 ) ;
#6315 = CARTESIAN_POINT ( 'NONE',  ( -1.688835737880875085E-13, 8.270296309428900372, -49.38125000204840376 ) ) ;
#6316 = DIRECTION ( 'NONE',  ( -1.000000000000000000, 0.000000000000000000, 3.430248998885765781E-15 ) ) ;
#6317 = ORIENTED_EDGE ( 'NONE', *, *, #2044, .F. ) ;
#6318 = EDGE_CURVE ( 'NONE', #7754, #1876, #2509, .T. ) ;
#6319 = DIRECTION ( 'NONE',  ( 1.000000000000000000, 0.000000000000000000, -4.111937128241320637E-15 ) ) ;
#6320 = CYLINDRICAL_SURFACE ( 'NONE', #5, 0.5000000000000004441 ) ;
#6321 = CARTESIAN_POINT ( 'NONE',  ( -17.00725088081423664, 26.08655737585348788, 2.798299455047576600 ) ) ;
#6322 = CARTESIAN_POINT ( 'NONE',  ( -12.35683807978206161, 10.69975961130180053, -1.053396789941700023E-10 ) ) ;
#6323 = CARTESIAN_POINT ( 'NONE',  ( 8.921570627134731097E-13, 0.000000000000000000, 260.0852191789194876 ) ) ;
#6324 = CYLINDRICAL_SURFACE ( 'NONE', #1286, 0.5000000000000004441 ) ;
#6325 = CARTESIAN_POINT ( 'NONE',  ( -13.33022253209290042, 8.600000000016089885, -2.134283777964490536 ) ) ;
#6326 =( LENGTH_UNIT ( ) NAMED_UNIT ( * ) SI_UNIT ( .MILLI., .METRE. ) );
#6327 = CARTESIAN_POINT ( 'NONE',  ( -3.425668896209755232, -8.270296309428895043, -42.72500000204838955 ) ) ;
#6328 = CARTESIAN_POINT ( 'NONE',  ( 8.270296309428749382, 0.000000000000000000, -42.63125000204845350 ) ) ;
#6329 = ORIENTED_EDGE ( 'NONE', *, *, #2597, .T. ) ;
#6330 = CYLINDRICAL_SURFACE ( 'NONE', #8075, 0.5000000000000004441 ) ;
#6331 = ADVANCED_FACE ( 'NONE', ( #6917 ), #4139, .F. ) ;
#6332 = ADVANCED_FACE ( 'NONE', ( #8180 ), #4000, .T. ) ;
#6333 = DIRECTION ( 'NONE',  ( 3.287536593771870570E-15, 0.000000000000000000, 1.000000000000000000 ) ) ;
#6334 = ORIENTED_EDGE ( 'NONE', *, *, #1172, .F. ) ;
#6335 = CARTESIAN_POINT ( 'NONE',  ( -3.425668896209781877, 8.270296309428905701, -51.16250000204840376 ) ) ;
#6336 = CARTESIAN_POINT ( 'NONE',  ( 10.80401457138139953, -7.593583716553029106, -36.56436988994869353 ) ) ;
#6337 = CARTESIAN_POINT ( 'NONE',  ( -13.17214558113016842, 7.631255595866631047, -1.902358851648210836 ) ) ;
#6338 = DIRECTION ( 'NONE',  ( 1.000000000000000000, 0.000000000000000000, -5.060269027471778760E-15 ) ) ;
#6339 = DIRECTION ( 'NONE',  ( -1.000000000000000000, -3.430248998885765387E-15, 0.000000000000000000 ) ) ;
#6340 = ORIENTED_EDGE ( 'NONE', *, *, #1231, .T. ) ;
#6341 = CARTESIAN_POINT ( 'NONE',  ( -5.415822626748787449, 25.38827090035063705, 16.51370489944465092 ) ) ;
#6342 = VERTEX_POINT ( 'NONE', #2351 ) ;
#6343 = CARTESIAN_POINT ( 'NONE',  ( -2.346171077975027330, 8.679790041160456937, -51.91286579727249517 ) ) ;
#6344 = ORIENTED_EDGE ( 'NONE', *, *, #5848, .T. ) ;
#6345 = DIRECTION ( 'NONE',  ( 3.430248998885765387E-15, -1.000000000000000000, 0.000000000000000000 ) ) ;
#6346 = EDGE_CURVE ( 'NONE', #1867, #2300, #1953, .T. ) ;
#6347 = B_SPLINE_CURVE_WITH_KNOTS ( 'NONE', 3,
 ( #4122, #7867, #7828, #4643, #1361, #4039, #5283, #4595, #6645, #3995, #810, #7235, #3399, #7954, #3319 ),
 .UNSPECIFIED., .F., .F.,
 ( 4, 2, 2, 2, 1, 2, 2, 4 ),
 ( 0.000000000000000000, 0.2500000000000142664, 0.3750000000000214273, 0.4375000000000226485, 0.4687500000000253686, 0.4843750000000267564, 0.5000000000000280886, 1.000000000000000000 ),
 .UNSPECIFIED. ) ;
#6348 = ORIENTED_EDGE ( 'NONE', *, *, #7042, .F. ) ;
#6349 = ORIENTED_EDGE ( 'NONE', *, *, #413, .F. ) ;
#6350 = CARTESIAN_POINT ( 'NONE',  ( -1.507984474043545064E-13, -9.082195121928901216, -43.47500000000000142 ) ) ;
#6351 = CARTESIAN_POINT ( 'NONE',  ( -10.36105758348935879, 7.851654968961459424, -36.60000000000000142 ) ) ;
#6352 = DIRECTION ( 'NONE',  ( 3.430248998885765387E-15, 0.000000000000000000, 1.000000000000000000 ) ) ;
#6353 = DIRECTION ( 'NONE',  ( -1.000000000000000000, -3.430248998885765387E-15, 0.000000000000000000 ) ) ;
#6354 = EDGE_CURVE ( 'NONE', #4680, #2015, #2496, .T. ) ;
#6355 = CARTESIAN_POINT ( 'NONE',  ( 3.425668896209430159, 8.270296309428895043, -50.97500000204847481 ) ) ;
#6356 = CIRCLE ( 'NONE', #5555, 9.499999999999900524 ) ;
#6357 = EDGE_LOOP ( 'NONE', ( #1018, #6905, #508, #3054 ) ) ;
#6358 = FACE_OUTER_BOUND ( 'NONE', #8090, .T. ) ;
#6359 = CARTESIAN_POINT ( 'NONE',  ( 6.696381546631159587, 26.57035294818269122, -15.77000537358473942 ) ) ;
#6360 = CARTESIAN_POINT ( 'NONE',  ( -17.00112060918667112, 27.20073063863095797, 0.4139470988860443623 ) ) ;
#6361 = CARTESIAN_POINT ( 'NONE',  ( -6.860497997771589623E-14, 20.00000000000000000, 0.000000000000000000 ) ) ;
#6362 = FACE_OUTER_BOUND ( 'NONE', #6294, .T. ) ;
#6363 = AXIS2_PLACEMENT_3D ( 'NONE', #5884, #4519, #7243 ) ;
#6364 = ADVANCED_FACE ( 'NONE', ( #75 ), #5994, .T. ) ;
#6365 = CARTESIAN_POINT ( 'NONE',  ( 6.354901540442789987, 0.000000000000000000, -51.60000000000000142 ) ) ;
#6366 = FACE_OUTER_BOUND ( 'NONE', #5661, .T. ) ;
#6367 = CARTESIAN_POINT ( 'NONE',  ( 0.1838579291038987262, -4.395145508600659667, 0.1673846724455008428 ) ) ;
#6368 = PLANE ( 'NONE',  #4406 ) ;
#6369 = VERTEX_POINT ( 'NONE', #1994 ) ;
#6370 = CARTESIAN_POINT ( 'NONE',  ( 3.761968395621567485, -9.082195121928897663, -43.38125000000003695 ) ) ;
#6371 = CARTESIAN_POINT ( 'NONE',  ( 3.216449871731613896, 3.265204821572003091, -2.124499351918418988 ) ) ;
#6372 = ORIENTED_EDGE ( 'NONE', *, *, #7030, .T. ) ;
#6373 = CARTESIAN_POINT ( 'NONE',  ( -3.425668896209787651, -8.270296309428895043, -52.10000000204838244 ) ) ;
#6374 = CARTESIAN_POINT ( 'NONE',  ( -6.422081758775470384, -6.422081758775310512, -46.66250000000000142 ) ) ;
#6375 = CARTESIAN_POINT ( 'NONE',  ( -1.499018812513079924E-13, 43.70000000000000284, 0.000000000000000000 ) ) ;
#6376 = CARTESIAN_POINT ( 'NONE',  ( 9.082195121929791171, 0.000000000000000000, 260.0852191789194876 ) ) ;
#6377 = EDGE_CURVE ( 'NONE', #893, #1244, #7406, .T. ) ;
#6378 = DIRECTION ( 'NONE',  ( -3.430248998885765387E-15, 1.000000000000000000, 0.000000000000000000 ) ) ;
#6379 = EDGE_CURVE ( 'NONE', #3779, #4104, #7182, .T. ) ;
#6380 = ORIENTED_EDGE ( 'NONE', *, *, #220, .F. ) ;
#6381 = CARTESIAN_POINT ( 'NONE',  ( -16.98855950634343870, 24.48193991487001142, -4.471048181861632997 ) ) ;
#6382 = ORIENTED_EDGE ( 'NONE', *, *, #6996, .F. ) ;
#6383 = CARTESIAN_POINT ( 'NONE',  ( -1.902407909404022268, 8.754755321567650128, -51.93691931406656437 ) ) ;
#6384 = ORIENTED_EDGE ( 'NONE', *, *, #4088, .F. ) ;
#6385 = CARTESIAN_POINT ( 'NONE',  ( 16.99574405131024335, 26.92878323651690664, 1.676230986304621196 ) ) ;
#6386 = AXIS2_PLACEMENT_3D ( 'NONE', #4449, #5653, #7050 ) ;
#6387 = EDGE_LOOP ( 'NONE', ( #6070, #3569 ) ) ;
#6388 = ORIENTED_EDGE ( 'NONE', *, *, #1724, .T. ) ;
#6389 = CARTESIAN_POINT ( 'NONE',  ( -11.79527788188607751, 6.082303295418099331, -29.67909308202056806 ) ) ;
#6390 = CIRCLE ( 'NONE', #2854, 0.5000000000000004441 ) ;
#6391 = CARTESIAN_POINT ( 'NONE',  ( 3.149999999999999911, -0.6256996084384669476, -3.889999999999999680 ) ) ;
#6392 = CARTESIAN_POINT ( 'NONE',  ( -11.47609182578959874, -6.107316628933260105, -29.60000000000000142 ) ) ;
#6393 = DIRECTION ( 'NONE',  ( 1.000000000000000000, 0.000000000000000000, -6.112085292819410516E-15 ) ) ;
#6394 = CIRCLE ( 'NONE', #140, 11.00000000000000000 ) ;
#6395 = AXIS2_PLACEMENT_3D ( 'NONE', #7309, #74, #3466 ) ;
#6396 = CARTESIAN_POINT ( 'NONE',  ( 5.847982602819080000, -5.847982602819249642, -48.44375000204840376 ) ) ;
#6397 = CARTESIAN_POINT ( 'NONE',  ( -16.83001098006590368, 0.1416820073435579030, -7.309403052595000005 ) ) ;
#6398 = AXIS2_PLACEMENT_3D ( 'NONE', #1337, #6020, #2103 ) ;
#6399 = EDGE_LOOP ( 'NONE', ( #7278, #1071, #7162, #3571, #7471, #5192, #6769, #5479, #3389, #1815, #6794, #309, #498, #7742, #5546, #6349, #2828, #6303, #3236, #8392, #1750, #3862, #8320 ) ) ;
#6400 = DIRECTION ( 'NONE',  ( -3.430248998885765387E-15, 0.000000000000000000, -1.000000000000000000 ) ) ;
#6401 = CARTESIAN_POINT ( 'NONE',  ( 7.351226541503255163, 26.95044230801839902, -15.38969541916858752 ) ) ;
#6402 = CARTESIAN_POINT ( 'NONE',  ( -17.00804270882346358, 25.82053145655171988, 3.116663527849451221 ) ) ;
#6403 = VECTOR ( 'NONE', #7482, 1000.000000000000000 ) ;
#6404 = EDGE_CURVE ( 'NONE', #918, #3478, #64, .T. ) ;
#6405 = B_SPLINE_CURVE_WITH_KNOTS ( 'NONE', 3,
 ( #4569, #2101, #5210, #7843, #3209, #2018, #6577, #5811, #4611, #57, #2570, #658, #2697, #1937, #3250 ),
 .UNSPECIFIED., .F., .F.,
 ( 4, 2, 2, 2, 1, 2, 2, 4 ),
 ( 0.000000000000000000, 0.2500000000000911493, 0.3750000000001308398, 0.4375000000001448841, 0.4687500000001522116, 0.4843750000001492140, 0.5000000000001462164, 1.000000000000000000 ),
 .UNSPECIFIED. ) ;
#6406 = CARTESIAN_POINT ( 'NONE',  ( -12.47438614216145680, 10.60647349411614115, -0.6532029995160817393 ) ) ;
#6407 = CARTESIAN_POINT ( 'NONE',  ( -7.364727120965514295, -3.831246569190770668, -52.09999999999919851 ) ) ;
#6408 = CARTESIAN_POINT ( 'NONE',  ( 3.761968395621551053, -9.082195121928897663, -49.56875000409680609 ) ) ;
#6409 = CARTESIAN_POINT ( 'NONE',  ( 0.000000000000000000, 0.000000000000000000, 0.000000000000000000 ) ) ;
#6410 = CARTESIAN_POINT ( 'NONE',  ( 8.270296309428749382, 0.000000000000000000, -43.75625000204844639 ) ) ;
#6411 = CARTESIAN_POINT ( 'NONE',  ( -1.770008483425059636E-13, 0.000000000000000000, -51.60000000000000142 ) ) ;
#6412 = DIRECTION ( 'NONE',  ( 0.000000000000000000, -1.000000000000000000, 1.318389841742372130E-13 ) ) ;
#6413 = CARTESIAN_POINT ( 'NONE',  ( -3.761968395621865469, 9.082195121928897663, -42.63125000000000142 ) ) ;
#6414 = EDGE_CURVE ( 'NONE', #6110, #6723, #4823, .T. ) ;
#6415 = DIRECTION ( 'NONE',  ( -3.430248998885765387E-15, 0.000000000000000000, -1.000000000000000000 ) ) ;
#6416 = ORIENTED_EDGE ( 'NONE', *, *, #492, .T. ) ;
#6417 = CARTESIAN_POINT ( 'NONE',  ( -5.847982602819409514, -5.847982602819249642, -46.19375000204840376 ) ) ;
#6418 = CARTESIAN_POINT ( 'NONE',  ( -1.934840686435905026E-14, 5.641960108450250644, 0.000000000000000000 ) ) ;
#6419 = CARTESIAN_POINT ( 'NONE',  ( -1.032504948664619993E-13, 0.000000000000000000, -30.09999999999999787 ) ) ;
#6420 = CARTESIAN_POINT ( 'NONE',  ( -10.55333333332885992, 1.292410588699619915E-15, -18.53496675703920005 ) ) ;
#6421 = DIRECTION ( 'NONE',  ( 3.430248998885765387E-15, -1.000000000000000000, 0.000000000000000000 ) ) ;
#6422 = CARTESIAN_POINT ( 'NONE',  ( -17.00005620110424687, 27.20584413604660057, 2.075861664750705230E-15 ) ) ;
#6423 = ORIENTED_EDGE ( 'NONE', *, *, #7090, .T. ) ;
#6424 = CARTESIAN_POINT ( 'NONE',  ( -3.452919531654444985, 8.328180886744853240, -51.86072709798455094 ) ) ;
#6425 = ORIENTED_EDGE ( 'NONE', *, *, #6737, .F. ) ;
#6426 = EDGE_CURVE ( 'NONE', #8331, #4638, #4029, .T. ) ;
#6427 = CARTESIAN_POINT ( 'NONE',  ( 16.98943153717693022, 24.89154518277354455, 4.131697320588002320 ) ) ;
#6428 = VERTEX_POINT ( 'NONE', #3309 ) ;
#6429 = ORIENTED_EDGE ( 'NONE', *, *, #8172, .F. ) ;
#6430 = CARTESIAN_POINT ( 'NONE',  ( -11.68180294545015840, 6.054808252481435282, -29.62118022139789275 ) ) ;
#6431 = CARTESIAN_POINT ( 'NONE',  ( 14.71824284563179752, 0.1891327843129695097, 11.02945177993399817 ) ) ;
#6432 = CARTESIAN_POINT ( 'NONE',  ( -11.77867858094506914, -6.183147987770660770, -29.70198376199009616 ) ) ;
#6433 = CARTESIAN_POINT ( 'NONE',  ( -0.6969072952560989576, 13.48199985988038030, 260.0852191789194876 ) ) ;
#6434 = CARTESIAN_POINT ( 'NONE',  ( -8.270296309429035375, -3.425668896209603798, -39.91250000204839665 ) ) ;
#6435 = ORIENTED_EDGE ( 'NONE', *, *, #5437, .F. ) ;
#6436 = AXIS2_PLACEMENT_3D ( 'NONE', #4316, #873, #3461 ) ;
#6437 = CARTESIAN_POINT ( 'NONE',  ( -16.72563784824787092, 0.06262453445616084080, -7.287891896851417251 ) ) ;
#6438 = CIRCLE ( 'NONE', #8334, 3.889999999999999680 ) ;
#6439 = EDGE_LOOP ( 'NONE', ( #4339, #175, #6563, #5574, #7357, #1076, #3688, #7266 ) ) ;
#6440 = DIRECTION ( 'NONE',  ( 4.111937128241355347E-15, 0.000000000000000000, 1.000000000000000000 ) ) ;
#6441 = DIRECTION ( 'NONE',  ( 0.000000000000000000, 0.000000000000000000, -1.000000000000000000 ) ) ;
#6442 = DIRECTION ( 'NONE',  ( 0.000000000000000000, 0.000000000000000000, -1.000000000000000000 ) ) ;
#6443 = AXIS2_PLACEMENT_3D ( 'NONE', #6066, #1675, #3545 ) ;
#6444 = DIRECTION ( 'NONE',  ( 3.469446951953650082E-15, -1.000000000000000000, 0.000000000000000000 ) ) ;
#6445 = AXIS2_PLACEMENT_3D ( 'NONE', #2878, #5480, #156 ) ;
#6446 = EDGE_CURVE ( 'NONE', #1122, #235, #5985, .T. ) ;
#6447 = CARTESIAN_POINT ( 'NONE',  ( -8.248126994846357363, -0.8117698980897529726, -52.10017447094092091 ) ) ;
#6448 = CIRCLE ( 'NONE', #1557, 2.500000000000000444 ) ;
#6449 = CARTESIAN_POINT ( 'NONE',  ( 3.761968395621556382, -9.082195121928897663, -46.56875000409681320 ) ) ;
#6450 = CARTESIAN_POINT ( 'NONE',  ( 8.270296309428720960, 0.000000000000000000, -52.75625000204849613 ) ) ;
#6451 = AXIS2_PLACEMENT_3D ( 'NONE', #1398, #7778, #7270 ) ;
#6452 = CARTESIAN_POINT ( 'NONE',  ( -5.847982602819399744, 5.847982602819249642, -41.69375000204840376 ) ) ;
#6453 = AXIS2_PLACEMENT_3D ( 'NONE', #135, #862, #2136 ) ;
#6454 = CARTESIAN_POINT ( 'NONE',  ( -3.425668896209744130, 8.270296309428895043, -40.66250000204842507 ) ) ;
#6455 = FACE_OUTER_BOUND ( 'NONE', #2848, .T. ) ;
#6456 = CARTESIAN_POINT ( 'NONE',  ( -1.357105174214723882E-13, 9.082195121928901216, -39.72500000000000142 ) ) ;
#6457 = DIRECTION ( 'NONE',  ( 3.000602769257185084E-15, -1.000000000000000000, 0.000000000000000000 ) ) ;
#6458 = CIRCLE ( 'NONE', #7137, 6.354901540442970287 ) ;
#6459 = ORIENTED_EDGE ( 'NONE', *, *, #6806, .T. ) ;
#6460 = CARTESIAN_POINT ( 'NONE',  ( -8.270296309429070902, 1.012819190334226073E-15, -47.88125000204840376 ) ) ;
#6461 = CARTESIAN_POINT ( 'NONE',  ( -8.259362086046658862E-14, 0.000000000000000000, -23.95803989154985203 ) ) ;
#6462 = DIRECTION ( 'NONE',  ( 3.286844480798195458E-15, 0.000000000000000000, 1.000000000000000000 ) ) ;
#6463 = CARTESIAN_POINT ( 'NONE',  ( 14.79108867122026005, 20.00000000000000000, 11.11187184591756072 ) ) ;
#6464 = EDGE_CURVE ( 'NONE', #8168, #8352, #6183, .T. ) ;
#6465 = CARTESIAN_POINT ( 'NONE',  ( -10.99999999999834088, -478.0496043183500205, 1.347111479062085841E-15 ) ) ;
#6466 = CARTESIAN_POINT ( 'NONE',  ( 13.40000000000000036, 3.061616997868385113E-16, -2.500000000000000000 ) ) ;
#6467 = PRODUCT_DEFINITION ( 'ๆ', '', #514, #916 ) ;
#6468 = VERTEX_POINT ( 'NONE', #3987 ) ;
#6469 = CARTESIAN_POINT ( 'NONE',  ( -2.416750216044497801, 8.305121938558331252, -52.09560619635030321 ) ) ;
#6470 = ORIENTED_EDGE ( 'NONE', *, *, #1736, .T. ) ;
#6471 = CIRCLE ( 'NONE', #6196, 13.00000000000000000 ) ;
#6472 = DIRECTION ( 'NONE',  ( 0.000000000000000000, 0.000000000000000000, -1.000000000000000000 ) ) ;
#6473 = ADVANCED_FACE ( 'NONE', ( #2631, #5869 ), #33, .F. ) ;
#6474 = VERTEX_POINT ( 'NONE', #5951 ) ;
#6475 = VERTEX_POINT ( 'NONE', #7140 ) ;
#6476 = DIRECTION ( 'NONE',  ( 0.000000000000000000, 0.000000000000000000, 1.000000000000000000 ) ) ;
#6477 = DIRECTION ( 'NONE',  ( 3.430248998885765387E-15, -1.000000000000000000, 0.000000000000000000 ) ) ;
#6478 = CARTESIAN_POINT ( 'NONE',  ( -7.285838599102588534E-14, 0.000000000000000000, -21.00000000000000000 ) ) ;
#6479 = CARTESIAN_POINT ( 'NONE',  ( -13.33091616368569632, 8.883680140210460152, 2.051409940378244201 ) ) ;
#6480 = CARTESIAN_POINT ( 'NONE',  ( 17.01870763777180073, 20.00000000000000000, -7.253522615946190299 ) ) ;
#6481 = CARTESIAN_POINT ( 'NONE',  ( -1.483020797947729896E-13, 8.270296309428900372, -43.38125000204840376 ) ) ;
#6482 = ORIENTED_EDGE ( 'NONE', *, *, #300, .T. ) ;
#6483 = EDGE_CURVE ( 'NONE', #1691, #2775, #671, .T. ) ;
#6484 = CIRCLE ( 'NONE', #4723, 0.5000000000000004441 ) ;
#6485 = CARTESIAN_POINT ( 'NONE',  ( -11.02713726250611970, 6.884928742830109805, -29.60000000000000142 ) ) ;
#6486 = VERTEX_POINT ( 'NONE', #7900 ) ;
#6487 = FACE_OUTER_BOUND ( 'NONE', #7328, .T. ) ;
#6488 = CARTESIAN_POINT ( 'NONE',  ( -12.02248369863541910, 5.698863719826463559, -36.49783143593995050 ) ) ;
#6489 = CARTESIAN_POINT ( 'NONE',  ( -4.135141231507310167, 7.162290697896779079, -39.13052385769400132 ) ) ;
#6490 = CARTESIAN_POINT ( 'NONE',  ( 11.00000000000000000, 8.599999999999999645, 0.000000000000000000 ) ) ;
#6491 = DIRECTION ( 'NONE',  ( -1.000000000000000000, -3.469446951953614189E-15, 0.000000000000000000 ) ) ;
#6492 = CARTESIAN_POINT ( 'NONE',  ( 9.082195121928746673, 3.761968395621714034, -46.19375000409684162 ) ) ;
#6493 = CARTESIAN_POINT ( 'NONE',  ( -10.96999999997886022, 1.343437538662045996E-15, -28.19999999999999929 ) ) ;
#6494 = DIRECTION ( 'NONE',  ( 0.000000000000000000, 0.000000000000000000, 1.000000000000000000 ) ) ;
#6495 = LINE ( 'NONE', #622, #5768 ) ;
#6496 = EDGE_CURVE ( 'NONE', #6644, #6428, #1359, .T. ) ;
#6497 = EDGE_LOOP ( 'NONE', ( #6150, #6235, #7138, #939 ) ) ;
#6498 = FACE_OUTER_BOUND ( 'NONE', #6671, .T. ) ;
#6499 = VECTOR ( 'NONE', #3503, 999.9999999999998863 ) ;
#6500 = DIRECTION ( 'NONE',  ( 0.000000000000000000, 0.000000000000000000, -1.000000000000000000 ) ) ;
#6501 = ORIENTED_EDGE ( 'NONE', *, *, #5997, .T. ) ;
#6502 = CARTESIAN_POINT ( 'NONE',  ( -3.425668896209771219, 8.270296309428905701, -48.16250000204841086 ) ) ;
#6503 = FACE_OUTER_BOUND ( 'NONE', #4134, .T. ) ;
#6504 = CARTESIAN_POINT ( 'NONE',  ( -3.761968395621854810, -9.082195121928899439, -39.25625000409679188 ) ) ;
#6506 =( NAMED_UNIT ( * ) SI_UNIT ( $, .STERADIAN. ) SOLID_ANGLE_UNIT ( ) );
#6505 = APPLICATION_CONTEXT ( 'automotive_design' ) ;
#6507 = CARTESIAN_POINT ( 'NONE',  ( 9.214245059688886741, 27.09996187438097692, 14.31258490464215605 ) ) ;
#6508 = CARTESIAN_POINT ( 'NONE',  ( -8.270296309429081560, 1.645064172967670491, -52.05127033848147278 ) ) ;
#6509 = CARTESIAN_POINT ( 'NONE',  ( -16.98805635375254397, 24.24352874539686198, -4.664676382888628403 ) ) ;
#6510 = EDGE_LOOP ( 'NONE', ( #5322, #3565, #2933, #2566 ) ) ;
#6511 = CARTESIAN_POINT ( 'NONE',  ( -8.270296309429038928, 1.012819190334226073E-15, -40.38125000204840376 ) ) ;
#6512 = CARTESIAN_POINT ( 'NONE',  ( -2.536814004283224566, 8.261193235121925937, -52.09661763424043102 ) ) ;
#6513 = EDGE_LOOP ( 'NONE', ( #7291, #1126, #2409 ) ) ;
#6514 = EDGE_CURVE ( 'NONE', #4899, #3779, #7517, .T. ) ;
#6515 = DIRECTION ( 'NONE',  ( 1.000000000000000000, 0.000000000000000000, 0.000000000000000000 ) ) ;
#6516 = ORIENTED_EDGE ( 'NONE', *, *, #2425, .T. ) ;
#6517 = DIRECTION ( 'NONE',  ( -3.416070845000485304E-15, 1.000000000000000000, 0.000000000000000000 ) ) ;
#6518 = CARTESIAN_POINT ( 'NONE',  ( -4.551005350414719934E-14, 13.26727404305916203, 0.000000000000000000 ) ) ;
#6519 = CARTESIAN_POINT ( 'NONE',  ( -1.516170057507509889E-13, 44.20000000000000284, 0.000000000000000000 ) ) ;
#6520 = EDGE_CURVE ( 'NONE', #1704, #1792, #5919, .T. ) ;
#6521 = CARTESIAN_POINT ( 'NONE',  ( -1.477550314262769927E-13, -8.270296309428900372, -42.63125000204840376 ) ) ;
#6522 = LINE ( 'NONE', #5156, #7454 ) ;
#6523 = CARTESIAN_POINT ( 'NONE',  ( -5.847982602819409514, 5.847982602819249642, -44.69375000204840376 ) ) ;
#6524 = ORIENTED_EDGE ( 'NONE', *, *, #4454, .F. ) ;
#6525 = VECTOR ( 'NONE', #87, 1000.000000000000000 ) ;
#6526 = CARTESIAN_POINT ( 'NONE',  ( -11.25530607290684415, 7.120889759912369499, -29.71210486089564995 ) ) ;
#6527 = ORIENTED_EDGE ( 'NONE', *, *, #3787, .F. ) ;
#6528 = DIRECTION ( 'NONE',  ( 1.000000000000000000, 0.000000000000000000, -3.430248998885765387E-15 ) ) ;
#6529 = FACE_OUTER_BOUND ( 'NONE', #7622, .T. ) ;
#6530 = EDGE_CURVE ( 'NONE', #6216, #3747, #2372, .T. ) ;
#6531 = CARTESIAN_POINT ( 'NONE',  ( -10.96999999997886022, 1.343437538662045996E-15, -29.60000000000000142 ) ) ;
#6532 = CIRCLE ( 'NONE', #4216, 11.50000000000000000 ) ;
#6533 = CARTESIAN_POINT ( 'NONE',  ( -8.072051108506189010, -1.879510625727288442, -52.10020268105192542 ) ) ;
#6534 = VECTOR ( 'NONE', #308, 1000.000000000000000 ) ;
#6535 = CARTESIAN_POINT ( 'NONE',  ( -9.082195121929073522, -3.761968395621714034, -48.44375000409679899 ) ) ;
#6536 = DIRECTION ( 'NONE',  ( -5.295781208924380253E-20, 1.347797007610743685E-17, -1.000000000000000000 ) ) ;
#6537 = AXIS2_PLACEMENT_3D ( 'NONE', #4325, #7011, #6928 ) ;
#6538 = CYLINDRICAL_SURFACE ( 'NONE', #881, 9.082195121928901216 ) ;
#6539 = CARTESIAN_POINT ( 'NONE',  ( 5.024761709477772342, 7.506236040080369598, -51.83370090646197070 ) ) ;
#6540 = AXIS2_PLACEMENT_3D ( 'NONE', #7017, #5696, #7136 ) ;
#6541 = DIRECTION ( 'NONE',  ( -1.000000000000000000, -3.430248998885765387E-15, 0.000000000000000000 ) ) ;
#6542 = CARTESIAN_POINT ( 'NONE',  ( -15.54417670682435038, 43.70000000000000284, 1.903612624939309878E-15 ) ) ;
#6543 = PLANE ( 'NONE',  #7120 ) ;
#6544 = AXIS2_PLACEMENT_3D ( 'NONE', #4896, #4939, #2463 ) ;
#6545 = CARTESIAN_POINT ( 'NONE',  ( 0.004820362794831844350, -0.3734895521585995248, -3.889693524889650256 ) ) ;
#6546 = ORIENTED_EDGE ( 'NONE', *, *, #7918, .F. ) ;
#6547 = CARTESIAN_POINT ( 'NONE',  ( 3.425668896209446590, -8.270296309428895043, -47.41250000204843928 ) ) ;
#6548 = CARTESIAN_POINT ( 'NONE',  ( -5.967915828891690921, 5.957240203994073724, -52.09998861629528477 ) ) ;
#6549 = EDGE_CURVE ( 'NONE', #6219, #6015, #4317, .T. ) ;
#6550 = CARTESIAN_POINT ( 'NONE',  ( 9.082195121928730686, 0.000000000000000000, -50.78750000409679899 ) ) ;
#6551 = DIRECTION ( 'NONE',  ( 1.000000000000000000, 0.000000000000000000, -3.430248998885765387E-15 ) ) ;
#6552 = CARTESIAN_POINT ( 'NONE',  ( 3.183333333333337567, -0.4158012297881952257, -3.889999999999991243 ) ) ;
#6553 = DIRECTION ( 'NONE',  ( 4.116867168269980600E-15, -1.000000000000000000, 0.000000000000000000 ) ) ;
#6554 = CARTESIAN_POINT ( 'NONE',  ( -16.98750599726416866, 23.97755604339295488, -4.873285713168926669 ) ) ;
#6555 = ORIENTED_EDGE ( 'NONE', *, *, #2888, .F. ) ;
#6556 = CARTESIAN_POINT ( 'NONE',  ( -1.387506278042019743E-13, -8.270296309428900372, -40.00625000204840376 ) ) ;
#6557 = DIRECTION ( 'NONE',  ( 0.000000000000000000, 1.000000000000000000, 0.000000000000000000 ) ) ;
#6558 = VERTEX_POINT ( 'NONE', #5761 ) ;
#6559 = B_SPLINE_CURVE_WITH_KNOTS ( 'NONE', 3,
 ( #1367, #8342, #2605, #7746, #3829, #2517, #6431, #4601, #5245, #4474, #7241, #2686, #602, #6566, #5290, #3873 ),
 .UNSPECIFIED., .F., .F.,
 ( 4, 2, 2, 1, 1, 2, 2, 2, 4 ),
 ( 0.000000000000000000, 0.2500000000000195399, 0.3750000000000284772, 0.4375000000000354161, 0.4687500000000389133, 0.4843750000000376921, 0.5000000000000364153, 0.7500000000000182077, 1.000000000000000000 ),
 .UNSPECIFIED. ) ;
#6560 = UNCERTAINTY_MEASURE_WITH_UNIT (LENGTH_MEASURE( 1.000000000000000082E-05 ), #7515, 'distance_accuracy_value', 'NONE');
#6561 = CARTESIAN_POINT ( 'NONE',  ( -1.935332801376539997E-14, 5.641960108450250644, 0.000000000000000000 ) ) ;
#6562 = EDGE_CURVE ( 'NONE', #5020, #5276, #7943, .T. ) ;
#6563 = ORIENTED_EDGE ( 'NONE', *, *, #2261, .F. ) ;
#6564 = DIRECTION ( 'NONE',  ( 1.000000000000000000, 3.571186321298530749E-15, 0.000000000000000000 ) ) ;
#6565 = CARTESIAN_POINT ( 'NONE',  ( -6.860497997771589623E-14, 20.00000000000000000, 0.000000000000000000 ) ) ;
#6566 = CARTESIAN_POINT ( 'NONE',  ( 14.55873351985592201, 0.02065802302099697604, 10.84888515760942518 ) ) ;
#6567 = CARTESIAN_POINT ( 'NONE',  ( 8.270296309428749382, 0.000000000000000000, -45.25625000204849613 ) ) ;
#6568 = DIRECTION ( 'NONE',  ( 3.469446951953629966E-15, -1.000000000000000000, 0.000000000000000000 ) ) ;
#6569 = DIRECTION ( 'NONE',  ( 0.000000000000000000, -1.000000000000000000, 0.000000000000000000 ) ) ;
#6570 = CARTESIAN_POINT ( 'NONE',  ( -8.270296309429038928, 1.012819190334226073E-15, -41.50625000204840376 ) ) ;
#6571 = EDGE_CURVE ( 'NONE', #1293, #5020, #6873, .T. ) ;
#6572 = EDGE_LOOP ( 'NONE', ( #849, #4677, #3272, #8124 ) ) ;
#6573 = CARTESIAN_POINT ( 'NONE',  ( -16.81083275327729964, 0.1239423528407797986, -7.305432913728123090 ) ) ;
#6574 = ORIENTED_EDGE ( 'NONE', *, *, #7827, .T. ) ;
#6575 = FACE_OUTER_BOUND ( 'NONE', #8209, .T. ) ;
#6576 = CARTESIAN_POINT ( 'NONE',  ( -12.02322536726589419, 5.904911175339535134, -36.40661990682263394 ) ) ;
#6577 = CARTESIAN_POINT ( 'NONE',  ( -2.168098042596582342, 0.1123382363933203565, 18.18721740493835526 ) ) ;
#6578 = CARTESIAN_POINT ( 'NONE',  ( 7.251860424636897839, -4.932103464139062865, -52.06333898256392700 ) ) ;
#6579 = CYLINDRICAL_SURFACE ( 'NONE', #7494, 9.082195121928901216 ) ;
#6580 = CARTESIAN_POINT ( 'NONE',  ( 6.422081758775149751, 6.422081758775310512, -46.10000000409679899 ) ) ;
#6581 = CARTESIAN_POINT ( 'NONE',  ( 8.921570627134731097E-13, 0.000000000000000000, 260.0852191789194876 ) ) ;
#6582 = EDGE_CURVE ( 'NONE', #2655, #5014, #8085, .T. ) ;
#6583 = CARTESIAN_POINT ( 'NONE',  ( 0.01929495349849394414, -3.739351152123489452, 1.303662141392505802 ) ) ;
#6584 = CARTESIAN_POINT ( 'NONE',  ( 4.483637217734250058, 7.839488452223307924, -51.82021691229660121 ) ) ;
#6585 =( BOUNDED_CURVE ( )  B_SPLINE_CURVE ( 2, ( #3931, #707, #3298, #5897, #63, #1261, #3842, #2534, #3168 ),
 .UNSPECIFIED., .F., .F. ) 
 B_SPLINE_CURVE_WITH_KNOTS ( ( 3, 2, 2, 2, 3 ),
 ( 0.8000000000000000444, 0.8125000000000000000, 0.8249999999999999556, 0.8375000000000000222, 0.8499999999999999778 ),
 .UNSPECIFIED. ) 
 CURVE ( )  GEOMETRIC_REPRESENTATION_ITEM ( )  RATIONAL_B_SPLINE_CURVE ( ( 1.000000000000000000, 0.9238795325112869605, 1.000000000000000000, 0.9238795325112869605, 1.000000000000000000, 0.9238795325112869605, 1.000000000000000000, 0.9238795325112889589, 1.000000000000000000 ) ) 
 REPRESENTATION_ITEM ( '' )  );
#6586 = EDGE_CURVE ( 'NONE', #6977, #4145, #2611, .T. ) ;
#6587 = DIRECTION ( 'NONE',  ( 1.000000000000000000, 0.000000000000000000, -3.430248998885765387E-15 ) ) ;
#6588 = CARTESIAN_POINT ( 'NONE',  ( 16.97470607554065225, 0.5000000000001049161, 9.858635148048460195 ) ) ;
#6589 = DIRECTION ( 'NONE',  ( 0.000000000000000000, 0.8660254037844387076, -0.4999999999999998890 ) ) ;
#6590 = TOROIDAL_SURFACE ( 'NONE', #2906, 11.00000000000000000, 2.500000000000000000 ) ;
#6591 = DIRECTION ( 'NONE',  ( 1.000000000000000000, 0.000000000000000000, -3.430248998885764992E-15 ) ) ;
#6592 = EDGE_LOOP ( 'NONE', ( #7364, #6574, #5118, #7506 ) ) ;
#6593 = CARTESIAN_POINT ( 'NONE',  ( 5.847982602819100428, 5.847982602819249642, -43.94375000204844639 ) ) ;
#6594 = CARTESIAN_POINT ( 'NONE',  ( 10.60561905570017416, -7.709173178580635444, -36.60000000000003695 ) ) ;
#6595 = AXIS2_PLACEMENT_3D ( 'NONE', #5974, #1541, #5506 ) ;
#6596 = DIRECTION ( 'NONE',  ( 0.000000000000000000, 0.000000000000000000, -1.000000000000000000 ) ) ;
#6597 = TOROIDAL_SURFACE ( 'NONE', #2510, 13.00000000000000000, 0.5000000000000000000 ) ;
#6598 =( LENGTH_UNIT ( ) NAMED_UNIT ( * ) SI_UNIT ( .MILLI., .METRE. ) );
#6599 = DIRECTION ( 'NONE',  ( 0.000000000000000000, 0.000000000000000000, 1.000000000000000000 ) ) ;
#6600 = CARTESIAN_POINT ( 'NONE',  ( -10.96567781716057688, 7.499405988037925574, -36.51094379192605288 ) ) ;
#6601 = CARTESIAN_POINT ( 'NONE',  ( 5.847982602819089770, -5.847982602819249642, -47.31875000204840376 ) ) ;
#6602 = ORIENTED_EDGE ( 'NONE', *, *, #1633, .T. ) ;
#6603 = CARTESIAN_POINT ( 'NONE',  ( -1.820188789064304913E-13, 9.082195121928901216, -53.22500000000000142 ) ) ;
#6604 = CARTESIAN_POINT ( 'NONE',  ( 10.77447964682912662, 26.26634047656689930, -13.40151543042579263 ) ) ;
#6605 = ORIENTED_EDGE ( 'NONE', *, *, #1143, .T. ) ;
#6606 = VECTOR ( 'NONE', #53, 1000.000000000000000 ) ;
#6607 = CARTESIAN_POINT ( 'NONE',  ( -3.761968395621865469, 9.082195121928899439, -42.81875000409677767 ) ) ;
#6608 = VERTEX_POINT ( 'NONE', #4135 ) ;
#6609 = CARTESIAN_POINT ( 'NONE',  ( -1.238319888597766067E-13, 0.000000000000000000, -36.10000000000000142 ) ) ;
#6610 = CARTESIAN_POINT ( 'NONE',  ( -10.42223109708357853, -7.862350662250168654, -36.59999999999997300 ) ) ;
#6611 = ADVANCED_FACE ( 'NONE', ( #4095, #6740 ), #6654, .F. ) ;
#6612 = DIRECTION ( 'NONE',  ( 1.000000000000000000, 0.000000000000000000, 0.000000000000000000 ) ) ;
#6613 = CARTESIAN_POINT ( 'NONE',  ( -3.425668896209755232, 8.270296309428895043, -43.28750000204840376 ) ) ;
#6614 = DIRECTION ( 'NONE',  ( -1.000000000000000000, 0.000000000000000000, 0.000000000000000000 ) ) ;
#6615 = CARTESIAN_POINT ( 'NONE',  ( -1.380113327981155912E-13, 8.270296309428900372, -40.38125000204840376 ) ) ;
#6616 = ORIENTED_EDGE ( 'NONE', *, *, #1670, .T. ) ;
#6617 = CARTESIAN_POINT ( 'NONE',  ( -16.51844312351535038, -7.198998543236329373E-15, 7.151296160500309362 ) ) ;
#6618 = CARTESIAN_POINT ( 'NONE',  ( 8.270296309428720960, 0.000000000000000000, -53.13125000204849613 ) ) ;
#6619 = CARTESIAN_POINT ( 'NONE',  ( -12.02295027001747663, 5.856349103894097574, -36.43287653890894262 ) ) ;
#6620 = DIRECTION ( 'NONE',  ( 3.430248998885765387E-15, 0.000000000000000000, 1.000000000000000000 ) ) ;
#6621 = CARTESIAN_POINT ( 'NONE',  ( 5.483300413048658228, -6.747246104767357089, -52.08728710420553654 ) ) ;
#6622 = ADVANCED_FACE ( 'NONE', ( #7965 ), #301, .T. ) ;
#6623 = AXIS2_PLACEMENT_3D ( 'NONE', #491, #5613, #7560 ) ;
#6624 = CARTESIAN_POINT ( 'NONE',  ( 9.082195121928752002, 0.000000000000000000, -44.78750000409684873 ) ) ;
#6625 = CARTESIAN_POINT ( 'NONE',  ( 9.969999999999998863, 1.282205198707274169E-15, -6.000359422404598207E-14 ) ) ;
#6626 = DIRECTION ( 'NONE',  ( -1.000000000000000000, 0.000000000000000000, 3.430248998885765387E-15 ) ) ;
#6627 = CARTESIAN_POINT ( 'NONE',  ( -9.082195121929080628, 1.112248118530191819E-15, -51.53750000409679899 ) ) ;
#6628 = CARTESIAN_POINT ( 'NONE',  ( -11.47561057712043819, -6.229796295406190509, -29.60000000000000142 ) ) ;
#6629 = DIRECTION ( 'NONE',  ( 3.640075490574285808E-15, -1.000000000000000000, 0.000000000000000000 ) ) ;
#6630 = FACE_OUTER_BOUND ( 'NONE', #6103, .T. ) ;
#6631 = CARTESIAN_POINT ( 'NONE',  ( 0.5909401206151750907, 13.48706008638817977, 260.0852191789194876 ) ) ;
#6632 = EDGE_CURVE ( 'NONE', #6707, #8107, #5086, .T. ) ;
#6633 = ORIENTED_EDGE ( 'NONE', *, *, #3564, .T. ) ;
#6634 = DIRECTION ( 'NONE',  ( -1.000000000000000000, -3.430248998885764992E-15, 4.440892098500625373E-15 ) ) ;
#6635 = MECHANICAL_DESIGN_GEOMETRIC_PRESENTATION_REPRESENTATION (  '', ( #346 ), #1464 ) ;
#6636 = CARTESIAN_POINT ( 'NONE',  ( -7.114321928912302084, 4.379724291430719063, -52.10018608930339923 ) ) ;
#6637 = CARTESIAN_POINT ( 'NONE',  ( 9.082195121928860360, 3.761968395621617223, -40.00625000000009379 ) ) ;
#6638 = CARTESIAN_POINT ( 'NONE',  ( 8.921570627134731097E-13, 0.000000000000000000, 260.0852191789194876 ) ) ;
#6639 = DIRECTION ( 'NONE',  ( 0.8647368637171916061, 2.966262761065513735E-15, 0.5022252049913018546 ) ) ;
#6640 = CARTESIAN_POINT ( 'NONE',  ( -10.98092362481080819, 7.490532915948278969, -36.50562940636140041 ) ) ;
#6641 = CARTESIAN_POINT ( 'NONE',  ( 3.425668896209430159, -8.270296309428895043, -51.91250000204844639 ) ) ;
#6642 = ORIENTED_EDGE ( 'NONE', *, *, #7248, .F. ) ;
#6643 = CARTESIAN_POINT ( 'NONE',  ( 3.761968395621545280, -9.082195121928897663, -50.88125000000009379 ) ) ;
#6644 = VERTEX_POINT ( 'NONE', #6776 ) ;
#6645 = CARTESIAN_POINT ( 'NONE',  ( -14.73689359948959954, 0.1302069346040040099, 10.91127450244698061 ) ) ;
#6646 = EDGE_CURVE ( 'NONE', #1760, #5722, #197, .T. ) ;
#6647 = ADVANCED_BREP_SHAPE_REPRESENTATION ( '', ( #6265, #3519 ), #1624 ) ;
#6648 = CARTESIAN_POINT ( 'NONE',  ( -13.39605856678895712, 22.86892159504278155, 11.87885418510751734 ) ) ;
#6649 = CARTESIAN_POINT ( 'NONE',  ( 0.000000000000000000, 0.000000000000000000, 0.000000000000000000 ) ) ;
#6650 = AXIS2_PLACEMENT_3D ( 'NONE', #1264, #4534, #1306 ) ;
#6651 = CARTESIAN_POINT ( 'NONE',  ( -1.529004049246054773E-13, -8.270296309428900372, -44.13125000204839665 ) ) ;
#6652 = SPHERICAL_SURFACE ( 'NONE', #3374, 0.5000000000000000000 ) ;
#6653 = ORIENTED_EDGE ( 'NONE', *, *, #3718, .T. ) ;
#6654 = PLANE ( 'NONE',  #4272 ) ;
#6655 = FACE_OUTER_BOUND ( 'NONE', #5352, .T. ) ;
#6656 = CARTESIAN_POINT ( 'NONE',  ( -9.082195121929133919, -3.761968395621650973, -49.75624999999996589 ) ) ;
#6657 = B_SPLINE_CURVE_WITH_KNOTS ( 'NONE', 3,
 ( #3441, #6610, #251, #3365, #4045, #4689, #772, #4810, #5966, #5413, #2727, #7407, #813, #4168, #2169, #6770 ),
 .UNSPECIFIED., .F., .F.,
 ( 4, 2, 2, 1, 1, 1, 1, 2, 2, 4 ),
 ( 0.000000000000000000, 0.2500000000000744960, 0.3750000000001138534, 0.4375000000001357803, 0.4687500000001469380, 0.4843750000001495470, 0.4921875000001494360, 0.4960937500001467160, 0.5000000000001439959, 1.000000000000000000 ),
 .UNSPECIFIED. ) ;
#6658 = CARTESIAN_POINT ( 'NONE',  ( 8.197085373972006650, -3.290023391281229337, -52.03988369339605669 ) ) ;
#6659 = AXIS2_PLACEMENT_3D ( 'NONE', #856, #128, #4691 ) ;
#6660 = CARTESIAN_POINT ( 'NONE',  ( -1.466444361194735806E-13, 9.082195121928901216, -42.91250000409679899 ) ) ;
#6661 = CARTESIAN_POINT ( 'NONE',  ( 5.847982602819089770, 5.847982602819249642, -48.06875000204840376 ) ) ;
#6662 = FACE_OUTER_BOUND ( 'NONE', #2982, .T. ) ;
#6663 = CARTESIAN_POINT ( 'NONE',  ( 8.819631483563391328, 1.565223034874400732, -51.96642725495175341 ) ) ;
#6664 = ADVANCED_FACE ( 'NONE', ( #2777 ), #6699, .T. ) ;
#6665 = CARTESIAN_POINT ( 'NONE',  ( -2.949029909160570167E-14, 8.599999999999999645, 0.000000000000000000 ) ) ;
#6666 = CARTESIAN_POINT ( 'NONE',  ( 8.921570627134731097E-13, 0.000000000000000000, 260.0852191789194876 ) ) ;
#6667 = PLANE ( 'NONE',  #8204 ) ;
#6668 = CONICAL_SURFACE ( 'NONE', #5443, 3.889999999999999680, 1.221730476396036602 ) ;
#6669 = CONICAL_SURFACE ( 'NONE', #4766, 3.889999999999999680, 1.221730476396036602 ) ;
#6670 = DIRECTION ( 'NONE',  ( 3.286844480798195458E-15, 0.000000000000000000, 1.000000000000000000 ) ) ;
#6671 = EDGE_LOOP ( 'NONE', ( #8337, #1333, #339, #6767 ) ) ;
#6672 = CARTESIAN_POINT ( 'NONE',  ( -5.847982602819399744, 5.847982602819249642, -42.06875000204840376 ) ) ;
#6673 = CARTESIAN_POINT ( 'NONE',  ( -5.996761758726306013, 5.925315633141595484, -52.09999727105851264 ) ) ;
#6674 = CARTESIAN_POINT ( 'NONE',  ( -3.761968395621897887, -9.082195121928899439, -51.25625000409679899 ) ) ;
#6675 = CARTESIAN_POINT ( 'NONE',  ( 1.619203873109634984, 12.89876656185789905, -36.60000000000000142 ) ) ;
#6676 = CARTESIAN_POINT ( 'NONE',  ( 16.95400796315828984, 0.2518244355270589652, -7.240477049390649178 ) ) ;
#6677 = AXIS2_PLACEMENT_3D ( 'NONE', #1505, #4220, #4138 ) ;
#6678 = CARTESIAN_POINT ( 'NONE',  ( -8.270296309429069126, -3.425668896209603798, -50.41250000204836823 ) ) ;
#6679 = CIRCLE ( 'NONE', #1921, 13.48383344964349995 ) ;
#6680 = CIRCLE ( 'NONE', #4877, 0.5000000000000004441 ) ;
#6681 = EDGE_CURVE ( 'NONE', #1358, #2583, #861, .T. ) ;
#6682 = CARTESIAN_POINT ( 'NONE',  ( -1.645064181895836253, -8.270296309428902148, -52.05127033872585685 ) ) ;
#6683 = VERTEX_POINT ( 'NONE', #3448 ) ;
#6684 = CARTESIAN_POINT ( 'NONE',  ( 8.270296309428765369, -3.425668896209614456, -39.72500000204846060 ) ) ;
#6685 = ORIENTED_EDGE ( 'NONE', *, *, #5610, .F. ) ;
#6686 = CIRCLE ( 'NONE', #2732, 5.870380598260429572 ) ;
#6687 = CIRCLE ( 'NONE', #4910, 18.00000000000000000 ) ;
#6688 = DIRECTION ( 'NONE',  ( -1.224646799147350002E-16, 1.000000000000000000, 4.200843456763865836E-31 ) ) ;
#6689 = VERTEX_POINT ( 'NONE', #6617 ) ;
#6690 = EDGE_CURVE ( 'NONE', #5364, #30, #2859, .T. ) ;
#6691 = CARTESIAN_POINT ( 'NONE',  ( -12.09337297907089770, 24.86456494902819259, 12.63552321105306397 ) ) ;
#6692 = B_SPLINE_CURVE_WITH_KNOTS ( 'NONE', 3,
 ( #8268, #3045, #8145, #5686, #5568, #3719, #1007, #1766, #5649, #2400, #2922, #8228, #3594, #4277, #4923, #7636 ),
 .UNSPECIFIED., .F., .F.,
 ( 4, 2, 2, 1, 1, 2, 2, 2, 4 ),
 ( 0.000000000000000000, 0.2499999999999567568, 0.3749999999999351630, 0.4374999999999296119, 0.4687499999999287237, 0.4843749999999304445, 0.4999999999999320544, 0.7499999999999659162, 1.000000000000000000 ),
 .UNSPECIFIED. ) ;
#6693 = CYLINDRICAL_SURFACE ( 'NONE', #5310, 9.082195121928901216 ) ;
#6694 = EDGE_CURVE ( 'NONE', #1592, #549, #8043, .T. ) ;
#6695 = FACE_OUTER_BOUND ( 'NONE', #6264, .T. ) ;
#6696 = DIRECTION ( 'NONE',  ( 0.000000000000000000, 0.000000000000000000, 1.000000000000000000 ) ) ;
#6697 = DIRECTION ( 'NONE',  ( -1.000000000000000000, 0.000000000000000000, 3.430248998885765387E-15 ) ) ;
#6698 = ORIENTED_EDGE ( 'NONE', *, *, #7648, .T. ) ;
#6699 = PLANE ( 'NONE',  #606 ) ;
#6700 = CARTESIAN_POINT ( 'NONE',  ( -1.701699171626694845E-13, 8.270296309428900372, -49.75625000204840376 ) ) ;
#6701 = CARTESIAN_POINT ( 'NONE',  ( -8.131406380490279252E-14, 0.000000000000000000, -23.46503324295809634 ) ) ;
#6702 = CARTESIAN_POINT ( 'NONE',  ( 12.02372677143354096, -6.014980841692639579, -30.09999999999999787 ) ) ;
#6703 = CARTESIAN_POINT ( 'NONE',  ( -3.761968395621854810, 9.082195121928897663, -39.81875000409679899 ) ) ;
#6704 = CARTESIAN_POINT ( 'NONE',  ( -8.270296309429079784, 3.425668896209609571, -52.10000000204838244 ) ) ;
#6705 = CARTESIAN_POINT ( 'NONE',  ( -9.082195121929041548, 1.112248118530191819E-15, -39.53750000409679899 ) ) ;
#6706 = CARTESIAN_POINT ( 'NONE',  ( 3.761968395621545724, 9.082195121928899439, -50.31875000000010090 ) ) ;
#6707 = VERTEX_POINT ( 'NONE', #4861 ) ;
#6708 = CARTESIAN_POINT ( 'NONE',  ( 0.03626281202962135936, 0.8869971919516824732, 3.890051691844135462 ) ) ;
#6709 = CYLINDRICAL_SURFACE ( 'NONE', #1882, 9.082195121928901216 ) ;
#6710 = CARTESIAN_POINT ( 'NONE',  ( -12.86801948980504307, 7.017248566610650329, 1.353526800168790123 ) ) ;
#6711 = EDGE_CURVE ( 'NONE', #30, #5671, #1696, .T. ) ;
#6712 = CARTESIAN_POINT ( 'NONE',  ( 3.649999999999999911, -2.245892547147644969, -3.889999999999999680 ) ) ;
#6713 = ORIENTED_EDGE ( 'NONE', *, *, #6016, .T. ) ;
#6714 = CARTESIAN_POINT ( 'NONE',  ( 5.847982602819110198, 5.847982602819249642, -40.94375000204845350 ) ) ;
#6715 = CARTESIAN_POINT ( 'NONE',  ( 16.98117996039130162, 20.00000000000000000, 7.340948654826600084 ) ) ;
#6716 = CARTESIAN_POINT ( 'NONE',  ( 9.082195121928741344, 0.000000000000000000, -46.28750000409679899 ) ) ;
#6717 = DIRECTION ( 'NONE',  ( 8.659560562354921765E-17, 0.7071067811865474617, -0.7071067811865474617 ) ) ;
#6718 = CARTESIAN_POINT ( 'NONE',  ( 0.6969072952551749189, -13.48199985988091143, -29.97488855755038628 ) ) ;
#6719 = CARTESIAN_POINT ( 'NONE',  ( 3.425668896209435932, -8.270296309428895043, -50.03750000204840376 ) ) ;
#6720 = CARTESIAN_POINT ( 'NONE',  ( 8.270296309428733394, -3.425668896209614456, -48.72500000204847481 ) ) ;
#6721 = VERTEX_POINT ( 'NONE', #6094 ) ;
#6722 = CARTESIAN_POINT ( 'NONE',  ( 9.082195121928752002, 0.000000000000000000, -44.60000000000000142 ) ) ;
#6723 = VERTEX_POINT ( 'NONE', #1582 ) ;
#6724 = AXIS2_PLACEMENT_3D ( 'NONE', #7924, #19, #8395 ) ;
#6725 = CARTESIAN_POINT ( 'NONE',  ( 6.422081758775160409, 6.422081758775310512, -44.60000000409684873 ) ) ;
#6726 = VECTOR ( 'NONE', #633, 1000.000000000000000 ) ;
#6727 = EDGE_CURVE ( 'NONE', #5405, #2877, #7973, .T. ) ;
#6728 = CIRCLE ( 'NONE', #5640, 0.5000000000000004441 ) ;
#6729 = CARTESIAN_POINT ( 'NONE',  ( 11.91747997293530048, 6.342213422355330366, 260.0852191789194876 ) ) ;
#6730 = ORIENTED_EDGE ( 'NONE', *, *, #1231, .F. ) ;
#6731 = CARTESIAN_POINT ( 'NONE',  ( -12.37553668564684095, 24.46902360999707682, 12.47164774914341123 ) ) ;
#6732 = STYLED_ITEM ( 'NONE', ( #2952 ), #6265 ) ;
#6733 = CARTESIAN_POINT ( 'NONE',  ( -0.4922041469655140666, -13.14544086268402800, -29.62011156232923170 ) ) ;
#6734 = ORIENTED_EDGE ( 'NONE', *, *, #4515, .T. ) ;
#6735 = CARTESIAN_POINT ( 'NONE',  ( -2.234078735489194935E-28, 0.000000000000000000, -2.580401170515499606E-14 ) ) ;
#6736 = DIRECTION ( 'NONE',  ( -3.313702914957650450E-15, 0.000000000000000000, -1.000000000000000000 ) ) ;
#6737 = EDGE_CURVE ( 'NONE', #1122, #2252, #1419, .T. ) ;
#6738 = CARTESIAN_POINT ( 'NONE',  ( -9.082195121929059312, 1.112248118530191819E-15, -45.35000000000000142 ) ) ;
#6739 = EDGE_LOOP ( 'NONE', ( #1835, #3228 ) ) ;
#6740 = FACE_OUTER_BOUND ( 'NONE', #210, .T. ) ;
#6741 = CARTESIAN_POINT ( 'NONE',  ( -1.598791701660124649E-13, 8.270296309428900372, -46.75625000204840376 ) ) ;
#6742 = CARTESIAN_POINT ( 'NONE',  ( 3.200000000000313705, 0.2089857151961911907, 3.889999999999685265 ) ) ;
#6743 = CYLINDRICAL_SURFACE ( 'NONE', #1511, 2.099999999999999645 ) ;
#6744 = CARTESIAN_POINT ( 'NONE',  ( -9.082195121929036219, 3.761968395621719363, -39.63125000409675636 ) ) ;
#6745 = CARTESIAN_POINT ( 'NONE',  ( -8.270296309429069126, 3.425668896209609571, -49.10000000204833270 ) ) ;
#6746 = DIRECTION ( 'NONE',  ( 0.8827762942914458844, 0.4697935868411388105, 0.000000000000000000 ) ) ;
#6747 = ORIENTED_EDGE ( 'NONE', *, *, #3498, .T. ) ;
#6748 = DIRECTION ( 'NONE',  ( -0.002571354084718225144, 0.000000000000000000, 0.9999966940636209056 ) ) ;
#6749 = DIRECTION ( 'NONE',  ( -1.000000000000000000, -3.469446951953614189E-15, 0.000000000000000000 ) ) ;
#6750 = CARTESIAN_POINT ( 'NONE',  ( -6.129515483126972697, 6.677538614845914822, -51.74822468472347481 ) ) ;
#6751 = CARTESIAN_POINT ( 'NONE',  ( 17.00505891275411940, 26.64161304582505707, -1.961501944362067817 ) ) ;
#6752 = CARTESIAN_POINT ( 'NONE',  ( 0.07772598541974205799, 2.715536074219197182, 3.076833469245149555 ) ) ;
#6753 = ORIENTED_EDGE ( 'NONE', *, *, #84, .T. ) ;
#6754 = CARTESIAN_POINT ( 'NONE',  ( 14.80412744650565848, 0.2521551406439544452, -10.98664638203005595 ) ) ;
#6755 = CARTESIAN_POINT ( 'NONE',  ( 16.98832842944487709, 24.37292963836840798, 4.560406963945520253 ) ) ;
#6756 = CARTESIAN_POINT ( 'NONE',  ( -16.99994379908154940, 8.599999999999999645, -0.04371301944021280250 ) ) ;
#6757 = CARTESIAN_POINT ( 'NONE',  ( -9.082195121929069970, 1.112248118530191819E-15, -48.53750000409679899 ) ) ;
#6758 = EDGE_CURVE ( 'NONE', #2300, #6985, #2097, .T. ) ;
#6759 = CARTESIAN_POINT ( 'NONE',  ( 8.270296309428733394, 3.425668896209603798, -49.66250000204843928 ) ) ;
#6760 = CARTESIAN_POINT ( 'NONE',  ( -3.425668896209781877, -8.270296309428895043, -50.60000000204841086 ) ) ;
#6761 = ORIENTED_EDGE ( 'NONE', *, *, #2366, .T. ) ;
#6762 = CARTESIAN_POINT ( 'NONE',  ( -6.422081758775460614, 6.422081758775310512, -45.53750000000000142 ) ) ;
#6763 = ORIENTED_EDGE ( 'NONE', *, *, #673, .F. ) ;
#6764 = DIRECTION ( 'NONE',  ( 0.003929182435835272200, -0.9999922807328995855, 3.771300621457812136E-12 ) ) ;
#6765 = DIRECTION ( 'NONE',  ( 1.000000000000000000, 3.430248998885765387E-15, 0.000000000000000000 ) ) ;
#6766 = CARTESIAN_POINT ( 'NONE',  ( 6.249033678697100136, 26.29128106974694035, 16.01438666194372473 ) ) ;
#6767 = ORIENTED_EDGE ( 'NONE', *, *, #7042, .T. ) ;
#6768 = CARTESIAN_POINT ( 'NONE',  ( -14.42905379736042093, 20.91814576083588051, 11.27899816467163241 ) ) ;
#6769 = ORIENTED_EDGE ( 'NONE', *, *, #8070, .F. ) ;
#6770 = CARTESIAN_POINT ( 'NONE',  ( -11.32730072484690176, -7.344539351714500341, -36.10000000000000142 ) ) ;
#6771 = EDGE_LOOP ( 'NONE', ( #7569, #5561, #6380, #85 ) ) ;
#6772 = ADVANCED_FACE ( 'NONE', ( #3112 ), #4393, .F. ) ;
#6773 = CARTESIAN_POINT ( 'NONE',  ( -4.541080749963948726, 7.865421403529318845, -38.28677414409050073 ) ) ;
#6774 = AXIS2_PLACEMENT_3D ( 'NONE', #3875, #7198, #1457 ) ;
#6775 = VERTEX_POINT ( 'NONE', #5713 ) ;
#6776 = CARTESIAN_POINT ( 'NONE',  ( -9.082195121929041548, 1.112248118530191819E-15, -39.53750000409679899 ) ) ;
#6777 = EDGE_CURVE ( 'NONE', #1836, #2134, #5550, .T. ) ;
#6778 = CARTESIAN_POINT ( 'NONE',  ( -8.270296309429069126, 3.425668896209609571, -47.97500000204838244 ) ) ;
#6779 = DIRECTION ( 'NONE',  ( -3.430248998885765387E-15, 1.000000000000000000, 0.000000000000000000 ) ) ;
#6780 = EDGE_CURVE ( 'NONE', #8352, #8168, #4623, .T. ) ;
#6781 = CARTESIAN_POINT ( 'NONE',  ( 5.400229633466143042, -6.809320884332224821, -52.08807150557169763 ) ) ;
#6782 = CARTESIAN_POINT ( 'NONE',  ( -6.422081758775460614, -6.422081758775310512, -42.35000000409679899 ) ) ;
#6783 = CARTESIAN_POINT ( 'NONE',  ( 8.270296309428733394, 3.425668896209603798, -49.66250000204843218 ) ) ;
#6784 = DIRECTION ( 'NONE',  ( 0.000000000000000000, 0.000000000000000000, 1.000000000000000000 ) ) ;
#6785 = CARTESIAN_POINT ( 'NONE',  ( -7.285838599102588534E-14, 0.000000000000000000, -21.00000000000000000 ) ) ;
#6786 = EDGE_LOOP ( 'NONE', ( #7118, #2151, #3196, #769, #287 ) ) ;
#6787 = EDGE_CURVE ( 'NONE', #6194, #2254, #2163, .T. ) ;
#6788 = CARTESIAN_POINT ( 'NONE',  ( -3.761968395621892114, -9.082195121928899439, -49.75625000409683452 ) ) ;
#6789 = CARTESIAN_POINT ( 'NONE',  ( 3.200000000000620126, 4.599145712490759620E-14, 3.889999999999999680 ) ) ;
#6790 = CARTESIAN_POINT ( 'NONE',  ( -7.243391644941307383, 5.462825312278468459, -51.69831931320999274 ) ) ;
#6791 = CARTESIAN_POINT ( 'NONE',  ( -16.58034504768244943, 8.599999999999999645, 2.057372863579395084 ) ) ;
#6792 = CARTESIAN_POINT ( 'NONE',  ( 0.1001658913136007356, 2.623245218647321853, 3.236517383683295446 ) ) ;
#6793 = AXIS2_PLACEMENT_3D ( 'NONE', #4490, #8232, #3804 ) ;
#6794 = ORIENTED_EDGE ( 'NONE', *, *, #1448, .F. ) ;
#6795 = CARTESIAN_POINT ( 'NONE',  ( -3.425668896209755232, -8.270296309428895043, -41.60000000204844639 ) ) ;
#6796 = FACE_OUTER_BOUND ( 'NONE', #7237, .T. ) ;
#6797 = CARTESIAN_POINT ( 'NONE',  ( -10.99999999999831957, -478.0496043183500205, 1.347111479062081897E-15 ) ) ;
#6798 = CARTESIAN_POINT ( 'NONE',  ( -11.97914947811691100, -5.330114467355334895, -36.59999999999996589 ) ) ;
#6799 = CARTESIAN_POINT ( 'NONE',  ( 8.270296309428740500, 0.000000000000000000, -46.75625000204840376 ) ) ;
#6800 = CARTESIAN_POINT ( 'NONE',  ( 8.270296309428749382, 0.000000000000000000, -45.63125000204849613 ) ) ;
#6801 = VECTOR ( 'NONE', #6477, 1000.000000000000000 ) ;
#6802 = ORIENTED_EDGE ( 'NONE', *, *, #1526, .F. ) ;
#6803 = CARTESIAN_POINT ( 'NONE',  ( -3.761968395621886785, -9.082195121928897663, -48.06875000000004405 ) ) ;
#6804 = ORIENTED_EDGE ( 'NONE', *, *, #5848, .F. ) ;
#6805 = CARTESIAN_POINT ( 'NONE',  ( -9.082195121929142800, -3.761968395621612338, -40.75625000000002984 ) ) ;
#6806 = EDGE_CURVE ( 'NONE', #3151, #467, #4304, .T. ) ;
#6807 = ORIENTED_EDGE ( 'NONE', *, *, #5138, .T. ) ;
#6808 = CARTESIAN_POINT ( 'NONE',  ( 3.425668896209458136, 8.270296309428895043, -43.47500000204843218 ) ) ;
#6809 = VECTOR ( 'NONE', #3706, 1000.000000000000000 ) ;
#6810 = TOROIDAL_SURFACE ( 'NONE', #2730, 8.582195121928899439, 0.5000000000000000000 ) ;
#6811 = CARTESIAN_POINT ( 'NONE',  ( -9.082195121929059312, 1.112248118530191819E-15, -47.03750000409679899 ) ) ;
#6812 = CARTESIAN_POINT ( 'NONE',  ( -4.541082355240139812, 7.865420476727041255, -39.59927409042269630 ) ) ;
#6813 = ORIENTED_EDGE ( 'NONE', *, *, #3539, .T. ) ;
#6814 = CARTESIAN_POINT ( 'NONE',  ( -13.19060287067922310, 23.22031054799733596, 11.99819577652352898 ) ) ;
#6816 = ORIENTED_EDGE ( 'NONE', *, *, #526, .F. ) ;
#6815 = AXIS2_PLACEMENT_3D ( 'NONE', #4411, #4280, #3760 ) ;
#6817 = CARTESIAN_POINT ( 'NONE',  ( -13.94643512096941862, 21.84545349370103295, -11.59664121259565661 ) ) ;
#6818 = VECTOR ( 'NONE', #6352, 1000.000000000000000 ) ;
#6819 = ORIENTED_EDGE ( 'NONE', *, *, #8290, .F. ) ;
#6820 = CARTESIAN_POINT ( 'NONE',  ( -1.411508721090412050E-13, -9.082195121928901216, -40.66250000409679899 ) ) ;
#6821 = ADVANCED_FACE ( 'NONE', ( #4257 ), #7478, .T. ) ;
#6822 = VERTEX_POINT ( 'NONE', #515 ) ;
#6823 = DIRECTION ( 'NONE',  ( 0.000000000000000000, 0.000000000000000000, -1.000000000000000000 ) ) ;
#6824 = CARTESIAN_POINT ( 'NONE',  ( -5.847982602819409514, 5.847982602819249642, -45.06875000204840376 ) ) ;
#6825 = CARTESIAN_POINT ( 'NONE',  ( 0.6969072952560139145, -13.48199985988041938, -36.10000000000000142 ) ) ;
#6826 = CARTESIAN_POINT ( 'NONE',  ( 4.580733970741062144, -7.357548088965902622, -52.09489362992439965 ) ) ;
#6827 = ADVANCED_FACE ( 'NONE', ( #1079 ), #1036, .F. ) ;
#6828 = CARTESIAN_POINT ( 'NONE',  ( -3.425668896209787651, -8.270296309428895043, -51.72500000204842507 ) ) ;
#6829 = CARTESIAN_POINT ( 'NONE',  ( -1.585928267914299840E-13, 8.270296309428900372, -46.38125000204840376 ) ) ;
#6830 = CARTESIAN_POINT ( 'NONE',  ( -9.082195121929130366, 3.761968395621617223, -39.63125000409676346 ) ) ;
#6831 = CARTESIAN_POINT ( 'NONE',  ( 1.146071335540879366, -13.22032179734283730, -36.52090992095821775 ) ) ;
#6832 = ORIENTED_EDGE ( 'NONE', *, *, #6840, .F. ) ;
#6833 = DIRECTION ( 'NONE',  ( 0.000000000000000000, -1.000000000000000000, 0.000000000000000000 ) ) ;
#6834 = CARTESIAN_POINT ( 'NONE',  ( -11.29201920659965808, -7.307187690602860108, -29.84159630610251668 ) ) ;
#6835 = DIRECTION ( 'NONE',  ( -0.8640541274851131215, -0.5033989121719870674, 2.963920805788926088E-15 ) ) ;
#6836 = CARTESIAN_POINT ( 'NONE',  ( -12.69190478493332286, 6.799957959033924304, 1.049902272198439457 ) ) ;
#6837 = CARTESIAN_POINT ( 'NONE',  ( 0.1125552956968502855, 2.576903934518268713, 3.316706368457730925 ) ) ;
#6838 = ORIENTED_EDGE ( 'NONE', *, *, #6646, .T. ) ;
#6839 = CARTESIAN_POINT ( 'NONE',  ( 10.79398822624627208, 7.649791474589138218, -36.54418751731611792 ) ) ;
#6840 = EDGE_CURVE ( 'NONE', #2877, #5752, #4906, .T. ) ;
#6841 = CARTESIAN_POINT ( 'NONE',  ( -1.672259301127884782E-13, 9.082195121928901216, -48.91250000409679899 ) ) ;
#6842 = CARTESIAN_POINT ( 'NONE',  ( 2.000949388514591920, 5.677567730673657958E-14, 17.97389632903900392 ) ) ;
#6843 = CARTESIAN_POINT ( 'NONE',  ( -13.34102221924871934, 8.599999999982360421, 2.065702337102719888 ) ) ;
#6844 = CARTESIAN_POINT ( 'NONE',  ( -5.847982602819420173, 5.847982602819249642, -47.69375000204840376 ) ) ;
#6845 = CARTESIAN_POINT ( 'NONE',  ( -3.425668896209765890, 8.270296309428895043, -46.66250000204840376 ) ) ;
#6846 = ORIENTED_EDGE ( 'NONE', *, *, #3702, .T. ) ;
#6847 = CARTESIAN_POINT ( 'NONE',  ( -6.422081758775470384, -6.422081758775310512, -45.16250000000000142 ) ) ;
#6848 = ORIENTED_EDGE ( 'NONE', *, *, #3765, .T. ) ;
#6849 = CARTESIAN_POINT ( 'NONE',  ( -3.761968395621860139, -9.082195121928899439, -40.56875000000002984 ) ) ;
#6850 = ORIENTED_EDGE ( 'NONE', *, *, #1114, .T. ) ;
#6851 = CARTESIAN_POINT ( 'NONE',  ( 8.270296309428731618, 0.000000000000000000, -50.13125000204850323 ) ) ;
#6852 = CARTESIAN_POINT ( 'NONE',  ( -6.422081758775470384, 6.422081758775310512, -47.22500000409679899 ) ) ;
#6853 = FACE_OUTER_BOUND ( 'NONE', #2653, .T. ) ;
#6854 = AXIS2_PLACEMENT_3D ( 'NONE', #8102, #402, #2190 ) ;
#6855 = TOROIDAL_SURFACE ( 'NONE', #5636, 15.04417670682419939, 0.5000000000000000000 ) ;
#6856 = EDGE_LOOP ( 'NONE', ( #2333, #1609, #4215, #4985 ) ) ;
#6857 = DIRECTION ( 'NONE',  ( 1.000000000000000000, 0.000000000000000000, -1.224646799147353454E-16 ) ) ;
#6858 = ORIENTED_EDGE ( 'NONE', *, *, #4536, .T. ) ;
#6859 = CARTESIAN_POINT ( 'NONE',  ( -6.273587972509250932, 26.31134169569652670, -16.00029436276759043 ) ) ;
#6860 = ORIENTED_EDGE ( 'NONE', *, *, #3721, .F. ) ;
#6861 =( BOUNDED_CURVE ( )  B_SPLINE_CURVE ( 2, ( #6913, #4476, #4308, #3665, #6313, #1249, #5676, #396, #6275 ),
 .UNSPECIFIED., .F., .F. ) 
 B_SPLINE_CURVE_WITH_KNOTS ( ( 3, 2, 2, 2, 3 ),
 ( 0.3499999999999999778, 0.3624999999999999889, 0.3750000000000000000, 0.3875000000000000111, 0.4000000000000000222 ),
 .UNSPECIFIED. ) 
 CURVE ( )  GEOMETRIC_REPRESENTATION_ITEM ( )  RATIONAL_B_SPLINE_CURVE ( ( 1.000000000000000000, 0.9238795325112849621, 1.000000000000000000, 0.9238795325112869605, 1.000000000000000000, 0.9238795325112869605, 1.000000000000000000, 0.9238795325112879597, 1.000000000000000000 ) ) 
 REPRESENTATION_ITEM ( '' )  );
#6862 = AXIS2_PLACEMENT_3D ( 'NONE', #871, #1434, #4021 ) ;
#6863 = AXIS2_PLACEMENT_3D ( 'NONE', #3885, #570, #6491 ) ;
#6864 = AXIS2_PLACEMENT_3D ( 'NONE', #4132, #426, #3445 ) ;
#6865 = AXIS2_PLACEMENT_3D ( 'NONE', #868, #356, #5559 ) ;
#6866 = TOROIDAL_SURFACE ( 'NONE', #1024, 18.00000000000000000, 0.5000000000000000000 ) ;
#6867 = ORIENTED_EDGE ( 'NONE', *, *, #5610, .T. ) ;
#6868 = CARTESIAN_POINT ( 'NONE',  ( -9.082195121929059312, 1.112248118530191819E-15, -47.03750000409679899 ) ) ;
#6869 = CARTESIAN_POINT ( 'NONE',  ( -5.847982602819399744, 5.847982602819249642, -43.56875000204840376 ) ) ;
#6870 = FACE_OUTER_BOUND ( 'NONE', #5735, .T. ) ;
#6871 = AXIS2_PLACEMENT_3D ( 'NONE', #5941, #1432, #6626 ) ;
#6872 = LINE ( 'NONE', #5556, #3681 ) ;
#6873 = B_SPLINE_CURVE_WITH_KNOTS ( 'NONE', 3,
 ( #2058, #7755, #3878, #3332, #5931, #7796, #698, #653, #8351, #1332, #2525, #6526, #1252, #610, #1933, #6485 ),
 .UNSPECIFIED., .F., .F.,
 ( 4, 2, 2, 1, 1, 2, 2, 2, 4 ),
 ( 0.000000000000000000, 0.2499999999999050759, 0.3749999999998644973, 0.4374999999998460676, 0.4687499999998369082, 0.4843749999998382960, 0.4999999999998396838, 0.7499999999999198419, 1.000000000000000000 ),
 .UNSPECIFIED. ) ;
#6874 = CARTESIAN_POINT ( 'NONE',  ( -3.425668896209781877, -8.270296309428895043, -50.22500000204844639 ) ) ;
#6875 = CARTESIAN_POINT ( 'NONE',  ( 6.422081758775170179, 6.422081758775310512, -40.10000000409684162 ) ) ;
#6876 = CARTESIAN_POINT ( 'NONE',  ( -6.068707232951390376E-14, 17.69173968106284889, 0.000000000000000000 ) ) ;
#6877 = ORIENTED_EDGE ( 'NONE', *, *, #5969, .T. ) ;
#6878 = DIRECTION ( 'NONE',  ( 1.000000000000000000, 0.000000000000000000, -3.430248998885765387E-15 ) ) ;
#6879 = CIRCLE ( 'NONE', #7283, 2.525000000000000355 ) ;
#6880 = CARTESIAN_POINT ( 'NONE',  ( 3.200000000000313705, -0.2089857151962136450, 3.889999999999686153 ) ) ;
#6881 = CARTESIAN_POINT ( 'NONE',  ( 9.454473302570766791, 27.05400057376398237, -14.16804027069475680 ) ) ;
#6882 = CARTESIAN_POINT ( 'NONE',  ( -12.62429045765711955, 6.728121306956895253, 0.9217180166535763330 ) ) ;
#6883 = EDGE_CURVE ( 'NONE', #6211, #5405, #429, .T. ) ;
#6884 = DIRECTION ( 'NONE',  ( 3.056042646409700130E-15, 0.000000000000000000, 1.000000000000000000 ) ) ;
#6885 = CARTESIAN_POINT ( 'NONE',  ( 0.08314105332010440774, -2.692496079637568318, -3.116697031716293420 ) ) ;
#6886 = CARTESIAN_POINT ( 'NONE',  ( 3.649999999999999911, -2.245892547147640528, 3.889999999999999680 ) ) ;
#6887 = CARTESIAN_POINT ( 'NONE',  ( -11.50000000000000000, 5.641960108450210676, 0.000000000000000000 ) ) ;
#6888 = CARTESIAN_POINT ( 'NONE',  ( -11.97824495413298784, -5.559707939134124643, -36.56437824803780501 ) ) ;
#6889 = CARTESIAN_POINT ( 'NONE',  ( 8.270296309428749382, 0.000000000000000000, -45.25625000204849613 ) ) ;
#6890 = CARTESIAN_POINT ( 'NONE',  ( -1.490413748008591959E-13, -8.270296309428900372, -43.00625000204840376 ) ) ;
#6891 = ORIENTED_EDGE ( 'NONE', *, *, #2907, .T. ) ;
#6892 = CARTESIAN_POINT ( 'NONE',  ( -1.614373849131154928E-13, 9.082195121928901216, -47.22500000000000142 ) ) ;
#6893 = ORIENTED_EDGE ( 'NONE', *, *, #6777, .F. ) ;
#6894 = EDGE_CURVE ( 'NONE', #337, #1826, #8174, .T. ) ;
#6895 = CARTESIAN_POINT ( 'NONE',  ( -16.57494520410450178, 8.599999999999999645, -0.04262019395420749840 ) ) ;
#6896 = ORIENTED_EDGE ( 'NONE', *, *, #1197, .T. ) ;
#6897 = CARTESIAN_POINT ( 'NONE',  ( 3.425668896209474124, 8.270296309428895043, -38.97500000204841797 ) ) ;
#6898 = DIRECTION ( 'NONE',  ( -0.9999966940636209056, 0.000000000000000000, -0.002571354084718399918 ) ) ;
#6899 = CARTESIAN_POINT ( 'NONE',  ( -13.22920257498222085, 7.824079772068696315, -1.986677419070478123 ) ) ;
#6900 = CARTESIAN_POINT ( 'NONE',  ( 8.398823431499963021, 27.20545920077760726, 14.78056418581599729 ) ) ;
#6901 = CIRCLE ( 'NONE', #6623, 11.00000000000000000 ) ;
#6902 = CARTESIAN_POINT ( 'NONE',  ( -3.430248998885904621E-15, 0.000000000000000000, -1.000000000000000000 ) ) ;
#6903 = ORIENTED_EDGE ( 'NONE', *, *, #1369, .F. ) ;
#6904 = DIRECTION ( 'NONE',  ( -1.000000000000000000, 0.000000000000000000, 3.340948916696072820E-15 ) ) ;
#6905 = ORIENTED_EDGE ( 'NONE', *, *, #8082, .T. ) ;
#6906 = CARTESIAN_POINT ( 'NONE',  ( -5.795748176886882597, 25.88750981214593594, -16.27451746394781296 ) ) ;
#6907 = ORIENTED_EDGE ( 'NONE', *, *, #2415, .F. ) ;
#6908 = COLOUR_RGB ( '',1.000000000000000000, 1.000000000000000000, 1.000000000000000000 ) ;
#6909 = ORIENTED_EDGE ( 'NONE', *, *, #5573, .F. ) ;
#6910 = CARTESIAN_POINT ( 'NONE',  ( -8.270296309429049586, 1.012819190334226073E-15, -43.38125000204840376 ) ) ;
#6911 = CARTESIAN_POINT ( 'NONE',  ( 10.46999999997865949, 1.312821368683362012E-15, -27.69999999999999929 ) ) ;
#6912 = VECTOR ( 'NONE', #5478, 1000.000000000000114 ) ;
#6913 = CARTESIAN_POINT ( 'NONE',  ( -9.082195121929069970, 1.112248118530191819E-15, -48.34999999999999432 ) ) ;
#6914 = EDGE_CURVE ( 'NONE', #513, #1704, #8339, .T. ) ;
#6915 = CARTESIAN_POINT ( 'NONE',  ( 5.847982602819069342, -5.847982602819249642, -51.44375000204840376 ) ) ;
#6916 = AXIS2_PLACEMENT_3D ( 'NONE', #5802, #1414, #3963 ) ;
#6917 = FACE_OUTER_BOUND ( 'NONE', #6156, .T. ) ;
#6918 = DIRECTION ( 'NONE',  ( 3.430248998885765387E-15, -1.000000000000000000, 0.000000000000000000 ) ) ;
#6919 = VERTEX_POINT ( 'NONE', #2006 ) ;
#6920 = CARTESIAN_POINT ( 'NONE',  ( -0.6567692397039440744, 13.34699858686462548, -29.75628163759523304 ) ) ;
#6921 = DIRECTION ( 'NONE',  ( -1.000000000000000000, -3.430248998885765387E-15, 0.000000000000000000 ) ) ;
#6922 = CARTESIAN_POINT ( 'NONE',  ( 8.713456129853586418, 27.20098430882708840, -14.59851797340583168 ) ) ;
#6923 = CARTESIAN_POINT ( 'NONE',  ( 17.01117846941625089, 24.55188581981583340, -4.325569430042678576 ) ) ;
#6924 = B_SPLINE_CURVE_WITH_KNOTS ( 'NONE', 3,
 ( #7721, #6367, #7052, #5817, #3805, #2663, #7215, #788, #3300, #6583, #7301, #147 ),
 .UNSPECIFIED., .F., .F.,
 ( 4, 2, 2, 2, 2, 4 ),
 ( 0.000000000000000000, 0.2499999999999995004, 0.3749999999999992228, 0.4374999999999990563, 0.4999999999999989453, 1.000000000000000000 ),
 .UNSPECIFIED. ) ;
#6925 = DIRECTION ( 'NONE',  ( -0.002571354084719082531, 0.000000000000000000, 0.9999966940636207946 ) ) ;
#6926 = CARTESIAN_POINT ( 'NONE',  ( 10.87609885494209117, 7.602687789794037698, -36.52090992095555322 ) ) ;
#6927 = DIRECTION ( 'NONE',  ( 1.000000000000000000, 0.000000000000000000, -6.112085292819410516E-15 ) ) ;
#6928 = DIRECTION ( 'NONE',  ( 1.000000000000000000, 0.000000000000000000, 0.000000000000000000 ) ) ;
#6929 = CARTESIAN_POINT ( 'NONE',  ( -11.97597839204333425, -6.149795708412893802, -36.29116222326214114 ) ) ;
#6930 = CARTESIAN_POINT ( 'NONE',  ( -1.477550314262769927E-13, -8.270296309428900372, -42.63125000204840376 ) ) ;
#6931 = CARTESIAN_POINT ( 'NONE',  ( 3.425668896209451919, 8.270296309428895043, -45.35000000204841086 ) ) ;
#6932 = EDGE_LOOP ( 'NONE', ( #2380, #7840, #5798, #5224 ) ) ;
#6933 = CARTESIAN_POINT ( 'NONE',  ( 9.082195121928767989, -3.761968395621719363, -40.19375000000005826 ) ) ;
#6934 = ORIENTED_EDGE ( 'NONE', *, *, #5930, .T. ) ;
#6935 = CARTESIAN_POINT ( 'NONE',  ( -0.05047544708166390448, 0.5000000000000419664, 19.62984425721640136 ) ) ;
#6936 = EDGE_LOOP ( 'NONE', ( #3108, #5144 ) ) ;
#6937 = CARTESIAN_POINT ( 'NONE',  ( -8.270296309429081560, 1.012819190334226073E-15, -52.38125000204840376 ) ) ;
#6938 = CYLINDRICAL_SURFACE ( 'NONE', #794, 11.00000000000000000 ) ;
#6939 = CARTESIAN_POINT ( 'NONE',  ( -13.12642814852776851, 7.510753340574372494, -1.834707337416074502 ) ) ;
#6940 = CARTESIAN_POINT ( 'NONE',  ( -4.135141231507310167, 7.162290697896779079, -39.13052385769400132 ) ) ;
#6941 = EDGE_CURVE ( 'NONE', #5671, #5364, #3282, .T. ) ;
#6942 = LINE ( 'NONE', #7573, #1019 ) ;
#6943 = ORIENTED_EDGE ( 'NONE', *, *, #2272, .T. ) ;
#6944 = CARTESIAN_POINT ( 'NONE',  ( 2.183487084025483416, 0.1570300711598754395, -18.23358276221778240 ) ) ;
#6945 = ORIENTED_EDGE ( 'NONE', *, *, #3438, .T. ) ;
#6946 = CARTESIAN_POINT ( 'NONE',  ( -9.914817818865484966, 26.81635075031001492, -13.91049095741807307 ) ) ;
#6947 = ORIENTED_EDGE ( 'NONE', *, *, #7361, .T. ) ;
#6948 = CIRCLE ( 'NONE', #7745, 11.00000000000000000 ) ;
#6949 = VECTOR ( 'NONE', #6033, 1000.000000000000000 ) ;
#6950 = ADVANCED_FACE ( 'NONE', ( #3828 ), #950, .F. ) ;
#6951 = AXIS2_PLACEMENT_3D ( 'NONE', #1055, #3638, #409 ) ;
#6952 = B_SPLINE_CURVE_WITH_KNOTS ( 'NONE', 3,
 ( #313, #874, #5564, #2832 ),
 .UNSPECIFIED., .F., .F.,
 ( 4, 4 ),
 ( 0.000000000000000000, 1.000000000000000000 ),
 .UNSPECIFIED. ) ;
#6953 = ORIENTED_EDGE ( 'NONE', *, *, #4424, .F. ) ;
#6954 = VECTOR ( 'NONE', #684, 1000.000000000000000 ) ;
#6955 = CARTESIAN_POINT ( 'NONE',  ( -9.082195121929052206, 1.112248118530191819E-15, -43.85000000000000142 ) ) ;
#6956 = CARTESIAN_POINT ( 'NONE',  ( -3.425668896209755232, -8.270296309428895043, -41.60000000204844639 ) ) ;
#6957 = CYLINDRICAL_SURFACE ( 'NONE', #5719, 10.96999999997875896 ) ;
#6958 = VECTOR ( 'NONE', #3123, 1000.000000000000000 ) ;
#6959 = CARTESIAN_POINT ( 'NONE',  ( 11.72438851007006022, 6.541308283893780384, -30.09999999999999787 ) ) ;
#6960 = CARTESIAN_POINT ( 'NONE',  ( 3.425668896209440817, -8.270296309428895043, -48.53750000204843928 ) ) ;
#6961 = CARTESIAN_POINT ( 'NONE',  ( 10.97269291361721955, 6.971370756418659553, -29.60000000000000142 ) ) ;
#6962 = ORIENTED_EDGE ( 'NONE', *, *, #1622, .F. ) ;
#6963 = CARTESIAN_POINT ( 'NONE',  ( -9.499999999999021227, 1.163414459189973849E-15, 260.0852191789194876 ) ) ;
#6964 = CARTESIAN_POINT ( 'NONE',  ( 3.069768328094453214, 21.84545349347677501, -17.87628771334820144 ) ) ;
#6965 = CARTESIAN_POINT ( 'NONE',  ( -17.00639914616755988, 26.32039724107523071, 2.466764206050207076 ) ) ;
#6966 = CARTESIAN_POINT ( 'NONE',  ( -12.54306854085901968, 10.54551749926638138, -0.8228414308559593993 ) ) ;
#6967 = CARTESIAN_POINT ( 'NONE',  ( 9.082195121928759107, 0.000000000000000000, -41.78750000409684873 ) ) ;
#6968 = CARTESIAN_POINT ( 'NONE',  ( -1.560666491323609913E-13, 0.000000000000000000, -45.49717795502759543 ) ) ;
#6969 = DIRECTION ( 'NONE',  ( -1.000000000000000000, 0.000000000000000000, 0.000000000000000000 ) ) ;
#6970 = PRODUCT_CONTEXT ( 'NONE', #2259, 'mechanical' ) ;
#6971 = CARTESIAN_POINT ( 'NONE',  ( -3.425668896209749903, -8.270296309428895043, -41.22500000204841797 ) ) ;
#6972 = CARTESIAN_POINT ( 'NONE',  ( 5.847982602819110198, 5.847982602819249642, -42.44375000204845350 ) ) ;
#6973 = EDGE_CURVE ( 'NONE', #6301, #186, #2589, .T. ) ;
#6974 = FACE_OUTER_BOUND ( 'NONE', #1418, .T. ) ;
#6975 = CARTESIAN_POINT ( 'NONE',  ( -16.48144778058409798, -7.072095305182899705E-15, -7.236150845296010381 ) ) ;
#6976 = CARTESIAN_POINT ( 'NONE',  ( -5.897194783007099562E-14, 17.19173968106284889, 0.000000000000000000 ) ) ;
#6977 = VERTEX_POINT ( 'NONE', #7195 ) ;
#6978 = CARTESIAN_POINT ( 'NONE',  ( 3.425668896209435932, -8.270296309428895043, -50.41250000204847481 ) ) ;
#6979 = DIRECTION ( 'NONE',  ( -3.430248998885765387E-15, 0.000000000000000000, -1.000000000000000000 ) ) ;
#6980 = CARTESIAN_POINT ( 'NONE',  ( 10.61182197542602168, 26.34263687871344928, 13.51046530529210266 ) ) ;
#6981 = PRODUCT_DEFINITION_SHAPE ( 'NONE', 'NONE',  #8421 ) ;
#6982 = CARTESIAN_POINT ( 'NONE',  ( -1.933265163924384300, -8.127642145652782091, -52.09981372377927045 ) ) ;
#6983 = ORIENTED_EDGE ( 'NONE', *, *, #5862, .T. ) ;
#6984 = DIRECTION ( 'NONE',  ( 1.224646799147351975E-16, 4.200843456763865836E-31, 1.000000000000000000 ) ) ;
#6985 = VERTEX_POINT ( 'NONE', #2604 ) ;
#6986 = CARTESIAN_POINT ( 'NONE',  ( -9.190165667859021781, 27.10667345727442168, -14.32640310671630601 ) ) ;
#6987 = VERTEX_POINT ( 'NONE', #5881 ) ;
#6988 = EDGE_CURVE ( 'NONE', #325, #5578, #3400, .T. ) ;
#6989 = CARTESIAN_POINT ( 'NONE',  ( 2.716213153305012007, 8.641345300438361576, -51.77765979615222847 ) ) ;
#6990 = ORIENTED_EDGE ( 'NONE', *, *, #3241, .T. ) ;
#6991 = ORIENTED_EDGE ( 'NONE', *, *, #7392, .F. ) ;
#6992 = DIRECTION ( 'NONE',  ( 1.000000000000000000, 0.000000000000000000, 0.000000000000000000 ) ) ;
#6993 = VECTOR ( 'NONE', #5428, 1000.000000000000000 ) ;
#6994 = CARTESIAN_POINT ( 'NONE',  ( 11.96695103995430109, -6.248366411097430628, -36.10000000000000142 ) ) ;
#6995 = CIRCLE ( 'NONE', #7929, 0.5000000000000004441 ) ;
#6996 = EDGE_CURVE ( 'NONE', #1489, #7481, #6390, .T. ) ;
#6997 = LINE ( 'NONE', #3749, #6818 ) ;
#6998 = CARTESIAN_POINT ( 'NONE',  ( -8.218204235325419296E-14, 0.000000000000000000, -23.95803989154979874 ) ) ;
#6999 = CIRCLE ( 'NONE', #7669, 13.50000000000000000 ) ;
#7000 = CARTESIAN_POINT ( 'NONE',  ( 8.270296309428744053, 3.425668896209603798, -46.66250000204846060 ) ) ;
#7001 = DIRECTION ( 'NONE',  ( -1.000000000000000000, 0.000000000000000000, 0.000000000000000000 ) ) ;
#7002 = ORIENTED_EDGE ( 'NONE', *, *, #2668, .F. ) ;
#7003 = FACE_BOUND ( 'NONE', #5915, .T. ) ;
#7005 = AXIS2_PLACEMENT_3D ( 'NONE', #1292, #4522, #7203 ) ;
#7004 = CARTESIAN_POINT ( 'NONE',  ( 8.645948966791204171, 27.20401116378309325, -14.63772958990878159 ) ) ;
#7006 = CARTESIAN_POINT ( 'NONE',  ( 17.01135000111781892, 24.47161332540768441, -4.392143427883653750 ) ) ;
#7007 = CARTESIAN_POINT ( 'NONE',  ( -13.12511336058966727, 9.686860124021455576, -1.832226724049228039 ) ) ;
#7008 = ADVANCED_FACE ( 'NONE', ( #7791 ), #1877, .T. ) ;
#7009 = CARTESIAN_POINT ( 'NONE',  ( 0.06270859887010656053, -2.783605033134854079, -2.959029427530828205 ) ) ;
#7010 = CARTESIAN_POINT ( 'NONE',  ( -3.761968395621886785, 9.082195121928897663, -50.31875000409684162 ) ) ;
#7011 = DIRECTION ( 'NONE',  ( -0.000000000000000000, 0.8660254037844387076, 0.4999999999999998890 ) ) ;
#7012 =( NAMED_UNIT ( * ) SI_UNIT ( $, .STERADIAN. ) SOLID_ANGLE_UNIT ( ) );
#7013 = CARTESIAN_POINT ( 'NONE',  ( -5.847982602819399744, -5.847982602819249642, -41.31875000204840376 ) ) ;
#7014 = DIRECTION ( 'NONE',  ( -3.430248998885765387E-15, 0.000000000000000000, -1.000000000000000000 ) ) ;
#7015 = ORIENTED_EDGE ( 'NONE', *, *, #4866, .F. ) ;
#7016 = CARTESIAN_POINT ( 'NONE',  ( -6.422081758775449956, 6.422081758775310512, -42.53750000000000142 ) ) ;
#7017 = CARTESIAN_POINT ( 'NONE',  ( 11.52373063106709949, -6.016945432908680225, -30.09999999999999787 ) ) ;
#7018 = ORIENTED_EDGE ( 'NONE', *, *, #6060, .F. ) ;
#7019 = CARTESIAN_POINT ( 'NONE',  ( -5.847982602819389975, -5.847982602819249642, -39.81875000204840376 ) ) ;
#7020 = FACE_OUTER_BOUND ( 'NONE', #6357, .T. ) ;
#7021 = FACE_OUTER_BOUND ( 'NONE', #415, .T. ) ;
#7022 = CARTESIAN_POINT ( 'NONE',  ( 10.30903449805827066, 26.57035294817577409, 13.68423921958556200 ) ) ;
#7023 = CARTESIAN_POINT ( 'NONE',  ( 0.000000000000000000, -3.368838820721465233, -1.944999999999999840 ) ) ;
#7024 = ORIENTED_EDGE ( 'NONE', *, *, #7868, .F. ) ;
#7025 = CYLINDRICAL_SURFACE ( 'NONE', #322, 13.48383344964349995 ) ;
#7026 = VERTEX_POINT ( 'NONE', #7661 ) ;
#7027 = CARTESIAN_POINT ( 'NONE',  ( -0.8956758340859658496, 8.784062769322487085, -52.03495535472746525 ) ) ;
#7028 = ORIENTED_EDGE ( 'NONE', *, *, #6514, .T. ) ;
#7029 = CARTESIAN_POINT ( 'NONE',  ( 17.00005620110424687, 27.20584413604580121, 2.863397000519300003E-17 ) ) ;
#7030 = EDGE_CURVE ( 'NONE', #1650, #8331, #7608, .T. ) ;
#7031 = ORIENTED_EDGE ( 'NONE', *, *, #1322, .T. ) ;
#7032 = ORIENTED_EDGE ( 'NONE', *, *, #450, .F. ) ;
#7033 = DIRECTION ( 'NONE',  ( 6.112085292819410516E-15, 0.000000000000000000, 1.000000000000000000 ) ) ;
#7034 = DIRECTION ( 'NONE',  ( 1.000000000000000000, 0.000000000000000000, -3.629761414430735665E-15 ) ) ;
#7035 = DIRECTION ( 'NONE',  ( 0.000000000000000000, 1.000000000000000000, 0.000000000000000000 ) ) ;
#7036 = CARTESIAN_POINT ( 'NONE',  ( 0.09495724615862616291, -4.114152186527565647, -0.6543970849039820736 ) ) ;
#7037 = CARTESIAN_POINT ( 'NONE',  ( 5.847982602819089770, -5.847982602819249642, -46.94375000204840376 ) ) ;
#7038 = ADVANCED_FACE ( 'NONE', ( #7744 ), #3323, .T. ) ;
#7039 = VECTOR ( 'NONE', #5093, 1000.000000000000000 ) ;
#7040 = ORIENTED_EDGE ( 'NONE', *, *, #8046, .F. ) ;
#7041 = DIRECTION ( 'NONE',  ( 1.000000000000000000, 0.000000000000000000, -1.224646799147353454E-16 ) ) ;
#7042 = EDGE_CURVE ( 'NONE', #2073, #4915, #263, .T. ) ;
#7043 = CARTESIAN_POINT ( 'NONE',  ( 6.401094206455510971, 26.34792013281909107, -15.94150747024362502 ) ) ;
#7044 = DIRECTION ( 'NONE',  ( 1.000000000000000000, 0.000000000000000000, -3.313702914957649661E-15 ) ) ;
#7045 = CARTESIAN_POINT ( 'NONE',  ( 0.06754970312398911325, 1.216096561180905145, -3.890175210706643849 ) ) ;
#7046 = CARTESIAN_POINT ( 'NONE',  ( -6.422081758775460614, -6.422081758775310512, -43.85000000409679899 ) ) ;
#7047 = VECTOR ( 'NONE', #6898, 1000.000000000000114 ) ;
#7048 = CARTESIAN_POINT ( 'NONE',  ( 3.761968395621545280, -9.082195121928897663, -51.06875000409688425 ) ) ;
#7049 = DIRECTION ( 'NONE',  ( -0.8673082178019103639, 0.000000000000000000, 0.4977714890723191621 ) ) ;
#7050 = DIRECTION ( 'NONE',  ( 1.000000000000000000, 0.000000000000000000, 0.000000000000000000 ) ) ;
#7051 = EDGE_CURVE ( 'NONE', #6985, #1867, #8152, .T. ) ;
#7052 = CARTESIAN_POINT ( 'NONE',  ( 0.1528420460104775724, -4.300609056751770964, 0.3310399784307762605 ) ) ;
#7053 = LINE ( 'NONE', #5818, #7936 ) ;
#7054 = ORIENTED_EDGE ( 'NONE', *, *, #248, .T. ) ;
#7055 = CARTESIAN_POINT ( 'NONE',  ( -6.867392957378269713, 6.522330420774549609, -39.52743744429288597 ) ) ;
#7056 = TOROIDAL_SURFACE ( 'NONE', #1208, 13.00000000000000000, 0.5000000000000000000 ) ;
#7057 = DIRECTION ( 'NONE',  ( -1.000000000000000000, 0.000000000000000000, 3.227392513445451876E-15 ) ) ;
#7058 = VERTEX_POINT ( 'NONE', #1202 ) ;
#7059 = CARTESIAN_POINT ( 'NONE',  ( 8.270296309428744053, 3.425668896209609571, -45.53750000204845350 ) ) ;
#7060 = LINE ( 'NONE', #2542, #821 ) ;
#7061 = CARTESIAN_POINT ( 'NONE',  ( -12.68594157305231818, 6.799189961890080625, -1.115961747014204475 ) ) ;
#7062 = CARTESIAN_POINT ( 'NONE',  ( 12.04871535045584352, 24.82605290462705838, 12.68578654088618407 ) ) ;
#7063 = CARTESIAN_POINT ( 'NONE',  ( 0.6969072952549200117, -13.48199985988048155, -30.09999999999999787 ) ) ;
#7064 = CARTESIAN_POINT ( 'NONE',  ( -16.99147725095965455, 25.70185481137093220, -3.325478632100282717 ) ) ;
#7065 = ORIENTED_EDGE ( 'NONE', *, *, #8253, .T. ) ;
#7066 = CARTESIAN_POINT ( 'NONE',  ( -4.333690538122186631, 7.922636506324218786, -51.82250922945224403 ) ) ;
#7067 = ORIENTED_EDGE ( 'NONE', *, *, #2399, .F. ) ;
#7068 = CARTESIAN_POINT ( 'NONE',  ( 16.99284349541467520, 26.13919632460787668, 2.802597669994271623 ) ) ;
#7069 = TOROIDAL_SURFACE ( 'NONE', #2718, 8.582195121928899439, 0.5000000000000000000 ) ;
#7070 = ORIENTED_EDGE ( 'NONE', *, *, #138, .F. ) ;
#7071 = ORIENTED_EDGE ( 'NONE', *, *, #6780, .T. ) ;
#7072 = DIRECTION ( 'NONE',  ( 1.000000000000000000, 0.000000000000000000, 1.224646799147353454E-16 ) ) ;
#7073 = EDGE_CURVE ( 'NONE', #5276, #6977, #4943, .T. ) ;
#7074 = AXIS2_PLACEMENT_3D ( 'NONE', #170, #4126, #2048 ) ;
#7075 = DIRECTION ( 'NONE',  ( 1.000000000000000000, 0.000000000000000000, -3.276927463482694132E-15 ) ) ;
#7076 = CARTESIAN_POINT ( 'NONE',  ( -1.255471133592193760E-13, 0.000000000000000000, -36.60000000000000142 ) ) ;
#7077 = CARTESIAN_POINT ( 'NONE',  ( 0.04009732523905854690, -3.835446108975660184, -1.137008898576821858 ) ) ;
#7078 = VECTOR ( 'NONE', #6, 1000.000000000000114 ) ;
#7079 = VECTOR ( 'NONE', #5183, 1000.000000000000000 ) ;
#7080 = CARTESIAN_POINT ( 'NONE',  ( -3.425668896209744130, 8.270296309428895043, -40.28750000204840376 ) ) ;
#7081 = ORIENTED_EDGE ( 'NONE', *, *, #4921, .F. ) ;
#7082 = CARTESIAN_POINT ( 'NONE',  ( -16.81788770653790266, 0.1302069346112488812, -7.306886978802767274 ) ) ;
#7083 = AXIS2_PLACEMENT_3D ( 'NONE', #6361, #7089, #2530 ) ;
#7084 = VERTEX_POINT ( 'NONE', #7701 ) ;
#7085 = CARTESIAN_POINT ( 'NONE',  ( -1.238319888597766067E-13, 0.000000000000000000, -36.10000000000000142 ) ) ;
#7086 = DIRECTION ( 'NONE',  ( 1.000000000000000000, 3.469446951953614189E-15, 0.000000000000000000 ) ) ;
#7087 = CARTESIAN_POINT ( 'NONE',  ( 17.00639914616738224, 26.32039724107463385, -2.466764206051283548 ) ) ;
#7088 = AXIS2_PLACEMENT_3D ( 'NONE', #6210, #1695, #8076 ) ;
#7089 = DIRECTION ( 'NONE',  ( 3.375678115414340516E-15, -1.000000000000000000, 0.000000000000000000 ) ) ;
#7090 = EDGE_CURVE ( 'NONE', #4564, #122, #4485, .T. ) ;
#7091 = DIRECTION ( 'NONE',  ( 1.000000000000000000, 0.000000000000000000, -4.111937128241320637E-15 ) ) ;
#7092 = DIRECTION ( 'NONE',  ( 1.000000000000000000, 3.375678115414327500E-15, 0.000000000000000000 ) ) ;
#7093 = CARTESIAN_POINT ( 'NONE',  ( 5.847982602819110198, 5.847982602819249642, -40.56875000204845350 ) ) ;
#7094 = CARTESIAN_POINT ( 'NONE',  ( -1.341523026743689817E-13, 8.270296309428900372, -39.25625000204845350 ) ) ;
#7095 = CARTESIAN_POINT ( 'NONE',  ( -1.405077004076969818E-13, -9.082195121928901216, -40.47499999999999432 ) ) ;
#7096 = CARTESIAN_POINT ( 'NONE',  ( -8.131406380490279252E-14, 0.000000000000000000, -23.46503324295809634 ) ) ;
#7097 = EDGE_CURVE ( 'NONE', #7084, #2694, #1105, .T. ) ;
#7098 = EDGE_LOOP ( 'NONE', ( #2524, #376 ) ) ;
#7099 = CARTESIAN_POINT ( 'NONE',  ( 3.425668896209458136, -8.270296309428895043, -44.41250000204844639 ) ) ;
#7100 = FACE_OUTER_BOUND ( 'NONE', #5237, .T. ) ;
#7101 =( LENGTH_UNIT ( ) NAMED_UNIT ( * ) SI_UNIT ( .MILLI., .METRE. ) );
#7102 = CARTESIAN_POINT ( 'NONE',  ( -14.79108867121879811, 0.3752941094473231098, -11.11187184591841159 ) ) ;
#7103 = DIRECTION ( 'NONE',  ( 1.000000000000000000, 0.000000000000000000, 0.000000000000000000 ) ) ;
#7104 = DIRECTION ( 'NONE',  ( 1.000000000000000000, 0.000000000000000000, 0.000000000000000000 ) ) ;
#7105 = ORIENTED_EDGE ( 'NONE', *, *, #733, .T. ) ;
#7106 = CARTESIAN_POINT ( 'NONE',  ( -1.181141479549262963, 8.678613933120718826, -52.06789280054884017 ) ) ;
#7107 = VERTEX_POINT ( 'NONE', #6011 ) ;
#7108 = CARTESIAN_POINT ( 'NONE',  ( -0.8549192932642092346, 9.034021766763190797, -51.69768135579703738 ) ) ;
#7109 = EDGE_CURVE ( 'NONE', #513, #6558, #6948, .T. ) ;
#7110 =( BOUNDED_SURFACE ( )  B_SPLINE_SURFACE ( 1, 2, ( 
 ( #7595, #3010, #8269, #6245, #7678, #5006, #1768, #4967, #2533, #4368, #1809, #4447, #6285, #7048, #2442, #528, #7637, #4324, #4410, #3047, #7559, #7010, #5128, #1179, #3125, #3637, #5730, #1851, #1217, #6408, #571, #8190, #5612, #3167, #5773, #2361, #5302, #2661, #1428, #786, #3297, #6535, #2574, #5939, #5896, #7128, #2619, #1981, #3380, #3841, #5170, #1339, #3929, #7847, #5215, #5982, #3254, #5258, #1260, #2021, #3975, #6449, #4616, #5854, #617, #6492, #6580, #7765, #661, #706, #7213, #1385, #143, #747, #3887, #3340, #5344, #2064, #22, #7806, #6624, #102, #2702, #4704, #3212, #4016, #7888, #4529, #4660, #4573, #7254, #1302, #62, #7169, #1941, #2743, #7928, #2104, #5814, #8400, #6660, #5557, #2950, #8136, #4825, #828, #6782, #2908, #2784, #6146, #6190, #3419, #2823, #4060, #2183, #1469, #5513, #6062, #865, #182, #354, #3454, #5468, #8096, #4742, #2266, #4782, #4181, #1546, #7970, #4141, #2142, #5387, #6703, #2311, #6744, #7378, #3579, #7335, #951, #907, #4867, #305, #6021, #1509, #7461, #4100, #7299, #1628, #264, #224 ),
 ( #5424, #3492, #4224, #8010, #6098, #2868, #8053, #2224, #7416, #1587, #3540, #6828, #995, #7587, #6915, #3668, #5074, #5035, #3792, #6355, #2392, #3751, #1671, #8260, #3116, #4265, #8221, #6874, #520, #7546, #5759, #3077, #4953, #7670, #8179, #2433, #6315, #7503, #5601, #8349, #1209, #482, #5721, #1716, #8303, #6960, #6396, #7630, #2476, #4310, #563, #1086, #1132, #1757, #1043, #1801, #3157, #1842, #4994, #4355, #4439, #4400, #7037, #4912, #3710, #7000, #5677, #3625, #6231, #1170, #397, #2996, #6276, #2349, #442, #3037, #5639, #4520, #7876, #4604, #7837, #5972, #5117, #5293, #3286, #5805, #6523, #5158, #92, #8388, #7159, #2563, #3202, #3918, #1973, #3371, #7117, #7200, #5928, #1375, #6481, #4478, #696, #1290, #4563, #1329, #3876, #5886, #7245, #2652, #7753, #2056, #1931, #50, #4650, #650, #2523, #5249, #3964, #776, #6570, #734, #2011, #3244, #1415, #3330, #1883, #7706, #2690, #4008, #5844, #11, #6615, #7080, #1250, #3833, #7794, #6434, #608, #2609, #5204, #5336, #7529, #818, #4733, #5379, #4695, #4050, #3024, #4937, #7919 ) ),
 .UNSPECIFIED., .F., .F., .F. ) 
 B_SPLINE_SURFACE_WITH_KNOTS ( ( 2, 2 ),
 ( 3, 2, 2, 2, 2, 2, 2, 2, 2, 2, 2, 2, 2, 2, 2, 2, 2, 2, 2, 2, 2, 2, 2, 2, 2, 2, 2, 2, 2, 2, 2, 2, 2, 2, 2, 2, 2, 2, 2, 2, 2, 2, 2, 2, 2, 2, 2, 2, 2, 2, 2, 2, 2, 2, 2, 2, 2, 2, 2, 2, 2, 2, 2, 2, 2, 2, 2, 2, 2, 2, 2, 2, 2, 2, 2, 3 ),
 ( 0.000000000000000000, 1.000000000000000000 ),
 ( 0.000000000000000000, 0.01250000000000000069, 0.02500000000000000139, 0.03749999999999999861, 0.05000000000000000278, 0.06250000000000000000, 0.07499999999999999722, 0.08749999999999999445, 0.1000000000000000056, 0.1125000000000000028, 0.1250000000000000000, 0.1375000000000000111, 0.1499999999999999944, 0.1625000000000000056, 0.1749999999999999889, 0.1875000000000000000, 0.2000000000000000111, 0.2124999999999999944, 0.2250000000000000056, 0.2374999999999999889, 0.2500000000000000000, 0.2625000000000000111, 0.2750000000000000222, 0.2874999999999999778, 0.2999999999999999889, 0.3125000000000000000, 0.3250000000000000111, 0.3375000000000000222, 0.3499999999999999778, 0.3624999999999999889, 0.3750000000000000000, 0.3875000000000000111, 0.4000000000000000222, 0.4124999999999999778, 0.4249999999999999889, 0.4375000000000000000, 0.4500000000000000111, 0.4625000000000000222, 0.4749999999999999778, 0.4874999999999999889, 0.5000000000000000000, 0.5124999999999999556, 0.5250000000000000222, 0.5374999999999999778, 0.5500000000000000444, 0.5625000000000000000, 0.5749999999999999556, 0.5875000000000000222, 0.5999999999999999778, 0.6125000000000000444, 0.6250000000000000000, 0.6374999999999999556, 0.6500000000000000222, 0.6624999999999999778, 0.6750000000000000444, 0.6875000000000000000, 0.6999999999999999556, 0.7125000000000000222, 0.7249999999999999778, 0.7375000000000000444, 0.7500000000000000000, 0.7624999999999999556, 0.7750000000000000222, 0.7874999999999999778, 0.8000000000000000444, 0.8125000000000000000, 0.8249999999999999556, 0.8375000000000000222, 0.8499999999999999778, 0.8625000000000000444, 0.8750000000000000000, 0.8874999999999999556, 0.9000000000000000222, 0.9124999999999999778, 0.9250000000000000444, 0.9333094074467719325 ),
 .UNSPECIFIED. ) 
 GEOMETRIC_REPRESENTATION_ITEM ( )  RATIONAL_B_SPLINE_SURFACE ( (
 ( 1.000000000000000000, 0.9238795325112869605, 1.000000000000000000, 0.9238795325112869605, 1.000000000000000000, 0.9238795325112869605, 1.000000000000000000, 0.9238795325112869605, 1.000000000000000000, 0.9238795325112869605, 1.000000000000000000, 0.9238795325112869605, 1.000000000000000000, 0.9238795325112869605, 1.000000000000000000, 0.9238795325112869605, 1.000000000000000000, 0.9238795325112869605, 1.000000000000000000, 0.9238795325112869605, 1.000000000000000000, 0.9238795325112869605, 1.000000000000000000, 0.9238795325112869605, 1.000000000000000000, 0.9238795325112869605, 1.000000000000000000, 0.9238795325112869605, 1.000000000000000000, 0.9238795325112869605, 1.000000000000000000, 0.9238795325112869605, 1.000000000000000000, 0.9238795325112869605, 1.000000000000000000, 0.9238795325112869605, 1.000000000000000000, 0.9238795325112869605, 1.000000000000000000, 0.9238795325112869605, 1.000000000000000000, 0.9238795325112869605, 1.000000000000000000, 0.9238795325112869605, 1.000000000000000000, 0.9238795325112869605, 1.000000000000000000, 0.9238795325112869605, 1.000000000000000000, 0.9238795325112869605, 1.000000000000000000, 0.9238795325112869605, 1.000000000000000000, 0.9238795325112869605, 1.000000000000000000, 0.9238795325112869605, 1.000000000000000000, 0.9238795325112869605, 1.000000000000000000, 0.9238795325112869605, 1.000000000000000000, 0.9238795325112869605, 1.000000000000000000, 0.9238795325112869605, 1.000000000000000000, 0.9238795325112869605, 1.000000000000000000, 0.9238795325112869605, 1.000000000000000000, 0.9238795325112869605, 1.000000000000000000, 0.9238795325112869605, 1.000000000000000000, 0.9238795325112869605, 1.000000000000000000, 0.9238795325112869605, 1.000000000000000000, 0.9238795325112869605, 1.000000000000000000, 0.9238795325112869605, 1.000000000000000000, 0.9238795325112869605, 1.000000000000000000, 0.9238795325112869605, 1.000000000000000000, 0.9238795325112869605, 1.000000000000000000, 0.9238795325112869605, 1.000000000000000000, 0.9238795325112869605, 1.000000000000000000, 0.9238795325112869605, 1.000000000000000000, 0.9238795325112869605, 1.000000000000000000, 0.9238795325112869605, 1.000000000000000000, 0.9238795325112869605, 1.000000000000000000, 0.9238795325112869605, 1.000000000000000000, 0.9238795325112869605, 1.000000000000000000, 0.9238795325112869605, 1.000000000000000000, 0.9238795325112869605, 1.000000000000000000, 0.9238795325112869605, 1.000000000000000000, 0.9238795325112869605, 1.000000000000000000, 0.9238795325112869605, 1.000000000000000000, 0.9238795325112869605, 1.000000000000000000, 0.9238795325112869605, 1.000000000000000000, 0.9238795325112869605, 1.000000000000000000, 0.9238795325112869605, 1.000000000000000000, 0.9238795325112869605, 1.000000000000000000, 0.9238795325112869605, 1.000000000000000000, 0.9238795325112869605, 1.000000000000000000, 0.9238795325112869605, 1.000000000000000000, 0.9238795325112869605, 1.000000000000000000, 0.9238795325112869605, 1.000000000000000000, 0.9238795325112869605, 1.000000000000000000, 0.9238795325112869605, 1.000000000000000000, 0.9238795325112869605, 1.000000000000000000, 0.9238795325112869605, 1.000000000000000000, 0.9238795325112869605, 1.000000000000000000, 0.9238795325112869605, 1.000000000000000000, 0.9238795325112869605, 1.000000000000000000, 0.9238795325112869605, 1.000000000000000000, 0.9493987216477990376, 0.9660721055605550056),
 ( 1.000000000000000000, 0.9238795325112869605, 1.000000000000000000, 0.9238795325112869605, 1.000000000000000000, 0.9238795325112869605, 1.000000000000000000, 0.9238795325112869605, 1.000000000000000000, 0.9238795325112869605, 1.000000000000000000, 0.9238795325112869605, 1.000000000000000000, 0.9238795325112869605, 1.000000000000000000, 0.9238795325112869605, 1.000000000000000000, 0.9238795325112869605, 1.000000000000000000, 0.9238795325112869605, 1.000000000000000000, 0.9238795325112869605, 1.000000000000000000, 0.9238795325112869605, 1.000000000000000000, 0.9238795325112869605, 1.000000000000000000, 0.9238795325112869605, 1.000000000000000000, 0.9238795325112869605, 1.000000000000000000, 0.9238795325112869605, 1.000000000000000000, 0.9238795325112869605, 1.000000000000000000, 0.9238795325112869605, 1.000000000000000000, 0.9238795325112869605, 1.000000000000000000, 0.9238795325112869605, 1.000000000000000000, 0.9238795325112869605, 1.000000000000000000, 0.9238795325112869605, 1.000000000000000000, 0.9238795325112869605, 1.000000000000000000, 0.9238795325112869605, 1.000000000000000000, 0.9238795325112869605, 1.000000000000000000, 0.9238795325112869605, 1.000000000000000000, 0.9238795325112869605, 1.000000000000000000, 0.9238795325112869605, 1.000000000000000000, 0.9238795325112869605, 1.000000000000000000, 0.9238795325112869605, 1.000000000000000000, 0.9238795325112869605, 1.000000000000000000, 0.9238795325112869605, 1.000000000000000000, 0.9238795325112869605, 1.000000000000000000, 0.9238795325112869605, 1.000000000000000000, 0.9238795325112869605, 1.000000000000000000, 0.9238795325112869605, 1.000000000000000000, 0.9238795325112869605, 1.000000000000000000, 0.9238795325112869605, 1.000000000000000000, 0.9238795325112869605, 1.000000000000000000, 0.9238795325112869605, 1.000000000000000000, 0.9238795325112869605, 1.000000000000000000, 0.9238795325112869605, 1.000000000000000000, 0.9238795325112869605, 1.000000000000000000, 0.9238795325112869605, 1.000000000000000000, 0.9238795325112869605, 1.000000000000000000, 0.9238795325112869605, 1.000000000000000000, 0.9238795325112869605, 1.000000000000000000, 0.9238795325112869605, 1.000000000000000000, 0.9238795325112869605, 1.000000000000000000, 0.9238795325112869605, 1.000000000000000000, 0.9238795325112869605, 1.000000000000000000, 0.9238795325112869605, 1.000000000000000000, 0.9238795325112869605, 1.000000000000000000, 0.9238795325112869605, 1.000000000000000000, 0.9238795325112869605, 1.000000000000000000, 0.9238795325112869605, 1.000000000000000000, 0.9238795325112869605, 1.000000000000000000, 0.9238795325112869605, 1.000000000000000000, 0.9238795325112869605, 1.000000000000000000, 0.9238795325112869605, 1.000000000000000000, 0.9238795325112869605, 1.000000000000000000, 0.9238795325112869605, 1.000000000000000000, 0.9238795325112869605, 1.000000000000000000, 0.9238795325112869605, 1.000000000000000000, 0.9238795325112869605, 1.000000000000000000, 0.9238795325112869605, 1.000000000000000000, 0.9238795325112869605, 1.000000000000000000, 0.9238795325112869605, 1.000000000000000000, 0.9238795325112869605, 1.000000000000000000, 0.9238795325112869605, 1.000000000000000000, 0.9238795325112869605, 1.000000000000000000, 0.9238795325112869605, 1.000000000000000000, 0.9238795325112869605, 1.000000000000000000, 0.9238795325112869605, 1.000000000000000000, 0.9493987216477990376, 0.9660721055605550056) ) ) 
 REPRESENTATION_ITEM ( '' )  SURFACE ( )  );
#7111 = ORIENTED_EDGE ( 'NONE', *, *, #7361, .F. ) ;
#7112 = VERTEX_POINT ( 'NONE', #8041 ) ;
#7113 = CARTESIAN_POINT ( 'NONE',  ( -11.86682993436460798, 6.099817708327940124, -29.73597183039832714 ) ) ;
#7114 = DIRECTION ( 'NONE',  ( -3.469446951953629966E-15, 1.000000000000000000, 0.000000000000000000 ) ) ;
#7115 = CARTESIAN_POINT ( 'NONE',  ( -12.94282412060642251, 10.06467595812193139, 1.472029806933360829 ) ) ;
#7116 = CARTESIAN_POINT ( 'NONE',  ( 6.422081758775149751, -6.422081758775310512, -44.97500000409684873 ) ) ;
#7117 = CARTESIAN_POINT ( 'NONE',  ( 8.270296309428749382, 0.000000000000000000, -43.75625000204844639 ) ) ;
#7118 = ORIENTED_EDGE ( 'NONE', *, *, #614, .F. ) ;
#7119 = CARTESIAN_POINT ( 'NONE',  ( -16.48144778058409798, -7.072095305182899705E-15, -7.236150845296010381 ) ) ;
#7120 = AXIS2_PLACEMENT_3D ( 'NONE', #4535, #6589, #1345 ) ;
#7121 = ORIENTED_EDGE ( 'NONE', *, *, #2308, .F. ) ;
#7122 = DIRECTION ( 'NONE',  ( 1.000000000000000000, 0.000000000000000000, -3.597944987211155163E-15 ) ) ;
#7123 = CARTESIAN_POINT ( 'NONE',  ( 13.65000000000000036, 0.000000000000000000, 0.000000000000000000 ) ) ;
#7124 = DIRECTION ( 'NONE',  ( 1.000000000000000000, 0.000000000000000000, -3.430248998885765387E-15 ) ) ;
#7125 = AXIS2_PLACEMENT_3D ( 'NONE', #1956, #4465, #4547 ) ;
#7126 = CARTESIAN_POINT ( 'NONE',  ( 7.274397230776221690, -4.900759747739014571, -52.06290272036049060 ) ) ;
#7127 = VECTOR ( 'NONE', #858, 1000.000000000000000 ) ;
#7128 = CARTESIAN_POINT ( 'NONE',  ( 3.761968395621551053, -9.082195121928897663, -48.06875000409683452 ) ) ;
#7129 = CYLINDRICAL_SURFACE ( 'NONE', #6132, 9.082195121928901216 ) ;
#7130 = AXIS2_PLACEMENT_3D ( 'NONE', #4266, #3582, #3457 ) ;
#7131 = CARTESIAN_POINT ( 'NONE',  ( 1.639829176630759940E-12, -478.0496043183500205, 0.000000000000000000 ) ) ;
#7132 = EDGE_CURVE ( 'NONE', #7533, #3447, #4081, .T. ) ;
#7133 = CARTESIAN_POINT ( 'NONE',  ( 5.847982602819119968, 5.847982602819249642, -39.44375000204845350 ) ) ;
#7134 = ORIENTED_EDGE ( 'NONE', *, *, #5328, .F. ) ;
#7135 = DIRECTION ( 'NONE',  ( 0.5022252049913018546, 0.000000000000000000, -0.8647368637171916061 ) ) ;
#7136 = DIRECTION ( 'NONE',  ( -0.8864408177723586135, 0.4628419563815192039, 0.000000000000000000 ) ) ;
#7137 = AXIS2_PLACEMENT_3D ( 'NONE', #585, #5100, #4425 ) ;
#7138 = ORIENTED_EDGE ( 'NONE', *, *, #3287, .F. ) ;
#7139 = CARTESIAN_POINT ( 'NONE',  ( 3.425668896209440817, 8.270296309428905701, -48.35000000204845350 ) ) ;
#7140 = CARTESIAN_POINT ( 'NONE',  ( 0.000000000000000000, 3.368838820721465233, 1.944999999999999840 ) ) ;
#7141 = FILL_AREA_STYLE_COLOUR ( '', #4013 ) ;
#7142 = CARTESIAN_POINT ( 'NONE',  ( 13.11945300124587988, 23.34281378950695895, 12.07126647069270575 ) ) ;
#7143 = CARTESIAN_POINT ( 'NONE',  ( 1.382328185654795538, -8.385536129054774079, -52.10000219478455818 ) ) ;
#7144 = EDGE_CURVE ( 'NONE', #4638, #7815, #2191, .T. ) ;
#7145 = CARTESIAN_POINT ( 'NONE',  ( 10.96999999997859909, 0.000000000000000000, -37.60000000000000142 ) ) ;
#7146 = VERTEX_POINT ( 'NONE', #7324 ) ;
#7147 = CARTESIAN_POINT ( 'NONE',  ( -1.149452425864309291, 8.687471730050125629, -52.06613831261120140 ) ) ;
#7148 = VERTEX_POINT ( 'NONE', #4770 ) ;
#7149 = CARTESIAN_POINT ( 'NONE',  ( -0.01986149234685030684, 9.068405307217126676, -51.71655166193395559 ) ) ;
#7150 = B_SPLINE_CURVE_WITH_KNOTS ( 'NONE', 3,
 ( #439, #2429, #3620, #3035, #8217, #2390, #1668, #7626, #7583, #4909, #6227, #1754 ),
 .UNSPECIFIED., .F., .F.,
 ( 4, 2, 2, 2, 2, 4 ),
 ( 0.000000000000000000, 0.2500000000000002220, 0.3750000000000003331, 0.4375000000000003886, 0.5000000000000004441, 1.000000000000000000 ),
 .UNSPECIFIED. ) ;
#7151 = ORIENTED_EDGE ( 'NONE', *, *, #3362, .T. ) ;
#7152 = ADVANCED_FACE ( 'NONE', ( #1496 ), #6693, .T. ) ;
#7153 = CARTESIAN_POINT ( 'NONE',  ( -1.560666491323609913E-13, 0.000000000000000000, -45.49717795502759543 ) ) ;
#7154 = DIRECTION ( 'NONE',  ( 3.375678115414340516E-15, -1.000000000000000000, 0.000000000000000000 ) ) ;
#7155 = ADVANCED_FACE ( 'NONE', ( #7912 ), #6668, .T. ) ;
#7156 = FACE_OUTER_BOUND ( 'NONE', #8166, .T. ) ;
#7157 = CARTESIAN_POINT ( 'NONE',  ( 3.149999999999999911, -2.245892547147644969, -3.889999999999999680 ) ) ;
#7158 = DIRECTION ( 'NONE',  ( -3.287536593766360376E-15, 0.000000000000000000, -1.000000000000000000 ) ) ;
#7159 = CARTESIAN_POINT ( 'NONE',  ( -5.847982602819409514, -5.847982602819249642, -44.31875000204839665 ) ) ;
#7160 = VERTEX_POINT ( 'NONE', #6134 ) ;
#7161 = CARTESIAN_POINT ( 'NONE',  ( -16.82453156819732598, 0.1364424834231306727, -7.308264266664719067 ) ) ;
#7162 = ORIENTED_EDGE ( 'NONE', *, *, #4834, .T. ) ;
#7163 = CYLINDRICAL_SURFACE ( 'NONE', #5593, 2.500000000000000000 ) ;
#7164 = DIRECTION ( 'NONE',  ( -0.9999966940636209056, 0.000000000000000000, -0.002571354084719698358 ) ) ;
#7165 = EDGE_CURVE ( 'NONE', #3601, #3732, #1362, .T. ) ;
#7166 = B_SPLINE_CURVE_WITH_KNOTS ( 'NONE', 3,
 ( #3189, #8330, #5104, #6512, #6469, #5236, #7785, #3822, #5191, #3107, #1276, #4549, #5707, #507, #1958, #7696, #2507, #7655, #7825, #1868, #4510, #679, #7106, #7147, #1917, #8288, #1319, #7027, #4467, #3146, #2465, #3905, #4429, #2549, #3780, #3274, #1829, #4592, #5791, #5876, #5145, #5064, #40, #1357, #6383, #6343, #548, #6424, #5748, #8375, #7066, #1236, #3863, #635, #3229, #5833, #4180, #2594, #271, #5917, #1553, #6750, #2231, #8016, #3587, #5958, #8060, #3951, #4832, #6790, #724, #7424, #232, #3315, #766, #959, #2040 ),
 .UNSPECIFIED., .F., .F.,
 ( 4, 2, 2, 1, 2, 2, 1, 2, 2, 2, 1, 2, 2, 2, 2, 2, 2, 2, 2, 2, 1, 1, 1, 1, 2, 2, 2, 2, 2, 1, 1, 1, 1, 1, 2, 2, 2, 2, 2, 1, 1, 1, 2, 2, 2, 4 ),
 ( 0.000000000000000000, 0.06249999999998651079, 0.09374999999997969680, 0.09765624999997880862, 0.09960937499997844780, 0.1015624999999780731, 0.1093749999999768657, 0.1249999999999743816, 0.1562499999999695521, 0.1718749999999670541, 0.1738281249999667766, 0.1748046874999666100, 0.1757812499999664158, 0.1796874999999654998, 0.1874999999999637235, 0.2031249999999599487, 0.2109374999999577560, 0.2148437499999567568, 0.2187499999999557854, 0.2343749999999520661, 0.2421874999999502343, 0.2460937499999492906, 0.2480468749999488465, 0.2490234374999486799, 0.2495117187499485967, 0.2499999999999485412, 0.3749999999999144018, 0.4374999999998973599, 0.4687499999998889222, 0.4843749999998845923, 0.4921874999998823719, 0.4960937499998813172, 0.4980468749998809286, 0.4990234374998807620, 0.4995117187498806510, 0.4999999999998805400, 0.6249999999999121814, 0.6874999999999278355, 0.7187499999999358291, 0.7343749999999397149, 0.7421874999999417133, 0.7460937499999427125, 0.7480468749999432676, 0.7499999999999438227, 0.8749999999999719114, 1.000000000000000000 ),
 .UNSPECIFIED. ) ;
#7167 = CARTESIAN_POINT ( 'NONE',  ( -5.299999999999849720, 0.000000000000000000, 4.861771374353549652E-15 ) ) ;
#7168 = CARTESIAN_POINT ( 'NONE',  ( -8.072121408828717648, 1.879276630233984502, -52.09979681717166500 ) ) ;
#7169 = CARTESIAN_POINT ( 'NONE',  ( 3.761968395621567485, -9.082195121928897663, -43.56875000409681320 ) ) ;
#7170 = CARTESIAN_POINT ( 'NONE',  ( 3.149999999999999911, 0.6256996084384669476, -3.889999999999999680 ) ) ;
#7171 = FACE_OUTER_BOUND ( 'NONE', #5250, .T. ) ;
#7172 = CARTESIAN_POINT ( 'NONE',  ( 4.420436572132728337, 7.876254232655158560, -51.81862490943255750 ) ) ;
#7173 =( BOUNDED_CURVE ( )  B_SPLINE_CURVE ( 1, ( #6812, #6940 ),
 .UNSPECIFIED., .F., .F. ) 
 B_SPLINE_CURVE_WITH_KNOTS ( ( 2, 2 ),
 ( 0.000000000000000000, 1.000000000000000000 ),
 .UNSPECIFIED. ) 
 CURVE ( )  GEOMETRIC_REPRESENTATION_ITEM ( )  RATIONAL_B_SPLINE_CURVE ( ( 0.9660720846716990273, 0.9660720846716990273 ) ) 
 REPRESENTATION_ITEM ( '' )  );
#7174 = CARTESIAN_POINT ( 'NONE',  ( 6.422081758775140869, 6.422081758775310512, -48.91249999999999432 ) ) ;
#7175 = DIRECTION ( 'NONE',  ( 0.000000000000000000, -1.000000000000000000, 0.000000000000000000 ) ) ;
#7176 = CARTESIAN_POINT ( 'NONE',  ( -17.02518152262245366, 50.00000000000000000, 9.771209109168029983 ) ) ;
#7177 = CIRCLE ( 'NONE', #3494, 10.46999999997873942 ) ;
#7178 = FACE_OUTER_BOUND ( 'NONE', #1163, .T. ) ;
#7179 = ORIENTED_EDGE ( 'NONE', *, *, #6780, .F. ) ;
#7180 = CARTESIAN_POINT ( 'NONE',  ( 3.425668896209458136, 8.270296309428905701, -43.85000000204843928 ) ) ;
#7181 = CARTESIAN_POINT ( 'NONE',  ( -4.850944799892429771, 6.985740868322628749, -52.09999998235123542 ) ) ;
#7182 = LINE ( 'NONE', #3265, #3588 ) ;
#7183 = FACE_OUTER_BOUND ( 'NONE', #4094, .T. ) ;
#7184 = CARTESIAN_POINT ( 'NONE',  ( 8.270296309428720960, 0.000000000000000000, -51.25625000204850323 ) ) ;
#7185 = CARTESIAN_POINT ( 'NONE',  ( -16.98117996039130162, 20.00000000000000000, -7.340948654826919828 ) ) ;
#7186 = ORIENTED_EDGE ( 'NONE', *, *, #8350, .T. ) ;
#7187 = CARTESIAN_POINT ( 'NONE',  ( -1.341523026743689817E-13, 8.270296309428900372, -39.25625000204845350 ) ) ;
#7188 = CARTESIAN_POINT ( 'NONE',  ( -8.575622497214468727E-14, 0.000000000000000000, -25.00000000000000000 ) ) ;
#7189 = ORIENTED_EDGE ( 'NONE', *, *, #3969, .F. ) ;
#7190 = DIRECTION ( 'NONE',  ( 0.000000000000000000, 0.000000000000000000, -1.000000000000000000 ) ) ;
#7191 = ADVANCED_FACE ( 'NONE', ( #1411 ), #2176, .T. ) ;
#7192 = EDGE_LOOP ( 'NONE', ( #1577, #7520, #4500, #7234 ) ) ;
#7193 = DIRECTION ( 'NONE',  ( 1.224646799147351975E-16, 4.200843456763865836E-31, 1.000000000000000000 ) ) ;
#7194 = B_SPLINE_CURVE_WITH_KNOTS ( 'NONE', 3,
 ( #6032, #7983, #195, #2074, #6754, #4754, #8022, #3465, #3505, #6071, #1597, #6111, #7428, #8064, #236, #2835 ),
 .UNSPECIFIED., .F., .F.,
 ( 4, 2, 2, 1, 1, 2, 2, 2, 4 ),
 ( 0.000000000000000000, 0.2500000000000128231, 0.3750000000000182632, 0.4375000000000209832, 0.4687500000000223710, 0.4843750000000260902, 0.5000000000000297540, 0.7500000000000148770, 1.000000000000000000 ),
 .UNSPECIFIED. ) ;
#7195 = CARTESIAN_POINT ( 'NONE',  ( -12.02420802010369982, 6.137460508164069850, -30.09999999999999787 ) ) ;
#7196 = CARTESIAN_POINT ( 'NONE',  ( 9.082195121928730686, 0.000000000000000000, -50.60000000000000142 ) ) ;
#7197 = CARTESIAN_POINT ( 'NONE',  ( -1.380113327981155912E-13, 8.270296309428900372, -40.38125000204840376 ) ) ;
#7198 = DIRECTION ( 'NONE',  ( -0.9999966940636210166, 0.000000000000000000, -0.002571354084719085133 ) ) ;
#7199 = EDGE_CURVE ( 'NONE', #977, #5722, #6657, .T. ) ;
#7200 = CARTESIAN_POINT ( 'NONE',  ( 8.270296309428744053, 3.425668896209603798, -43.66250000204847481 ) ) ;
#7201 = VERTEX_POINT ( 'NONE', #940 ) ;
#7202 = AXIS2_PLACEMENT_3D ( 'NONE', #4875, #7509, #6557 ) ;
#7203 = DIRECTION ( 'NONE',  ( -1.000000000000000000, 0.000000000000000000, 3.478934956386834635E-15 ) ) ;
#7204 = ORIENTED_EDGE ( 'NONE', *, *, #3707, .F. ) ;
#7205 = CARTESIAN_POINT ( 'NONE',  ( -8.270296309429069126, 3.425668896209609571, -50.97500000204836823 ) ) ;
#7206 = DIRECTION ( 'NONE',  ( -1.000000000000000000, -3.640075490574283442E-15, 0.000000000000000000 ) ) ;
#7207 = DIRECTION ( 'NONE',  ( 0.003929182435835272200, -0.9999922807328995855, -1.363209002567840886E-17 ) ) ;
#7208 = PLANE ( 'NONE',  #145 ) ;
#7209 = AXIS2_PLACEMENT_3D ( 'NONE', #1167, #2307, #4992 ) ;
#7210 = CARTESIAN_POINT ( 'NONE',  ( -7.037049873363190322, -4.378371362217126084, -52.09979774146894727 ) ) ;
#7211 = AXIS2_PLACEMENT_3D ( 'NONE', #6418, #540, #1228 ) ;
#7212 = EDGE_CURVE ( 'NONE', #2921, #5505, #1983, .T. ) ;
#7213 = CARTESIAN_POINT ( 'NONE',  ( -6.422081758775470384, 6.422081758775310512, -45.72500000409679899 ) ) ;
#7214 = AXIS2_PLACEMENT_3D ( 'NONE', #1386, #5855, #7807 ) ;
#7215 = CARTESIAN_POINT ( 'NONE',  ( 0.07772598541994270305, -4.022383984690822700, 0.8133064905435655190 ) ) ;
#7216 = CARTESIAN_POINT ( 'NONE',  ( 5.996525949085973473, 6.726388553027914163, -51.85803524497529793 ) ) ;
#7217 = AXIS2_PLACEMENT_3D ( 'NONE', #726, #6688, #2126 ) ;
#7218 = CARTESIAN_POINT ( 'NONE',  ( 0.2190318617485615127, 2.245892547147644969, 3.889999999999999680 ) ) ;
#7219 = DIRECTION ( 'NONE',  ( 0.8640541274851133435, 0.5033989121719866233, -2.963920805788923327E-15 ) ) ;
#7220 = DIRECTION ( 'NONE',  ( 0.000000000000000000, -0.4999999999999998890, -0.8660254037844387076 ) ) ;
#7221 = CIRCLE ( 'NONE', #6544, 0.5000000000000008882 ) ;
#7222 = CARTESIAN_POINT ( 'NONE',  ( -8.575622497214468727E-14, 0.000000000000000000, -25.00000000000000000 ) ) ;
#7223 = ORIENTED_EDGE ( 'NONE', *, *, #5733, .T. ) ;
#7224 = CARTESIAN_POINT ( 'NONE',  ( 5.847982602819089770, -5.847982602819249642, -47.31875000204840376 ) ) ;
#7225 = PLANE ( 'NONE',  #6395 ) ;
#7226 = CARTESIAN_POINT ( 'NONE',  ( -12.02712954323910033, 6.880999560394240433, -40.00000000000000000 ) ) ;
#7227 = CARTESIAN_POINT ( 'NONE',  ( -1.516170057507509889E-13, 43.46900000000000119, 0.000000000000000000 ) ) ;
#7228 = ADVANCED_FACE ( 'NONE', ( #2000 ), #2440, .T. ) ;
#7229 = CARTESIAN_POINT ( 'NONE',  ( -9.082195121929069970, 1.112248118530191819E-15, -48.34999999999999432 ) ) ;
#7230 = CARTESIAN_POINT ( 'NONE',  ( 3.425668896209435932, 8.270296309428895043, -49.85000000204847481 ) ) ;
#7231 = ORIENTED_EDGE ( 'NONE', *, *, #6694, .T. ) ;
#7232 = CARTESIAN_POINT ( 'NONE',  ( -1.765253148959974847E-13, -9.082195121928901216, -50.97500000000000142 ) ) ;
#7233 = CARTESIAN_POINT ( 'NONE',  ( 11.40298292710025052, 25.67290309393871084, -13.03646034782127217 ) ) ;
#7234 = ORIENTED_EDGE ( 'NONE', *, *, #3762, .F. ) ;
#7235 = CARTESIAN_POINT ( 'NONE',  ( -14.74513422008155317, 0.1416820073458120721, 10.92051552841197193 ) ) ;
#7236 = B_SPLINE_CURVE_WITH_KNOTS ( 'NONE', 3,
 ( #4312, #8137, #5471, #7548, #2227, #5560, #1718, #1631, #6831, #8181, #998, #8056, #399, #7505, #4828, #7419 ),
 .UNSPECIFIED., .F., .F.,
 ( 4, 2, 2, 1, 1, 1, 1, 2, 2, 4 ),
 ( 0.000000000000000000, 0.2500000000001436073, 0.3750000000002153833, 0.4375000000002506328, 0.4687500000002682854, 0.4843750000002732259, 0.4921875000002745582, 0.4960937500002726153, 0.5000000000002705614, 1.000000000000000000 ),
 .UNSPECIFIED. ) ;
#7237 = EDGE_LOOP ( 'NONE', ( #6249, #7483, #7549 ) ) ;
#7238 = CARTESIAN_POINT ( 'NONE',  ( -11.00000000000000000, 8.599999999999999645, 1.347111479062084066E-15 ) ) ;
#7239 = CARTESIAN_POINT ( 'NONE',  ( -0.5472057454322728498, -13.33556685789578289, -29.73979636420636652 ) ) ;
#7240 = EDGE_CURVE ( 'NONE', #1620, #3836, #7166, .T. ) ;
#7241 = CARTESIAN_POINT ( 'NONE',  ( 14.69225075393926971, 0.1467623611254414151, 11.00012341345362010 ) ) ;
#7242 = CARTESIAN_POINT ( 'NONE',  ( -5.847982602819399744, 5.847982602819249642, -41.69375000204840376 ) ) ;
#7243 = DIRECTION ( 'NONE',  ( 0.000000000000000000, 0.000000000000000000, -1.000000000000000000 ) ) ;
#7244 = B_SPLINE_CURVE_WITH_KNOTS ( 'NONE', 3,
 ( #4620, #1389, #4146, #7341, #7850, #6708, #5986, #3344, #67, #6026, #5392, #7218 ),
 .UNSPECIFIED., .F., .F.,
 ( 4, 2, 2, 2, 2, 4 ),
 ( 0.000000000000000000, 0.2500000000000000000, 0.3750000000000000000, 0.4375000000000000555, 0.5000000000000001110, 1.000000000000000000 ),
 .UNSPECIFIED. ) ;
#7245 = CARTESIAN_POINT ( 'NONE',  ( -1.477550314262769927E-13, -8.270296309428900372, -42.63125000204840376 ) ) ;
#7246 = VERTEX_POINT ( 'NONE', #5475 ) ;
#7247 = CARTESIAN_POINT ( 'NONE',  ( 6.422081758775170179, -6.422081758775310512, -38.97500000409684873 ) ) ;
#7248 = EDGE_CURVE ( 'NONE', #235, #7830, #914, .T. ) ;
#7249 = CARTESIAN_POINT ( 'NONE',  ( -8.270296309429069126, -3.425668896209603798, -49.28750000204836823 ) ) ;
#7250 = CARTESIAN_POINT ( 'NONE',  ( -12.02155314282397214, 5.393636901446025256, -36.56864921225655252 ) ) ;
#7251 = DIRECTION ( 'NONE',  ( 1.000000000000000000, 0.000000000000000000, 0.000000000000000000 ) ) ;
#7252 = CARTESIAN_POINT ( 'NONE',  ( 5.680510241548059724, -6.593257494676857178, -52.08534607272444816 ) ) ;
#7253 = VECTOR ( 'NONE', #3546, 1000.000000000000000 ) ;
#7254 = CARTESIAN_POINT ( 'NONE',  ( -6.422081758775460614, -6.422081758775310512, -43.85000000409679899 ) ) ;
#7255 = AXIS2_PLACEMENT_3D ( 'NONE', #5936, #98, #6442 ) ;
#7256 = DIRECTION ( 'NONE',  ( -1.000000000000000000, 0.000000000000000000, 3.429104545535672860E-15 ) ) ;
#7257 = DIRECTION ( 'NONE',  ( -1.000000000000000000, 0.000000000000000000, 0.000000000000000000 ) ) ;
#7258 = CARTESIAN_POINT ( 'NONE',  ( -9.082195121929110826, 1.209509769683730918, -51.56764154942173661 ) ) ;
#7259 = DIRECTION ( 'NONE',  ( -1.000000000000000000, 0.000000000000000000, 0.000000000000000000 ) ) ;
#7260 = CARTESIAN_POINT ( 'NONE',  ( -1.516170057507509889E-13, 44.20000000000000284, 0.000000000000000000 ) ) ;
#7261 = CARTESIAN_POINT ( 'NONE',  ( 11.28133407488993356, 7.295823169146716580, -29.85105739581574369 ) ) ;
#7262 = VECTOR ( 'NONE', #3170, 1000.000000000000114 ) ;
#7263 = AXIS2_PLACEMENT_3D ( 'NONE', #1429, #1303, #4017 ) ;
#7264 = EDGE_CURVE ( 'NONE', #8205, #1293, #3547, .T. ) ;
#7265 = DIRECTION ( 'NONE',  ( 1.000000000000000000, 0.000000000000000000, -3.286844480798195064E-15 ) ) ;
#7266 = ORIENTED_EDGE ( 'NONE', *, *, #4477, .F. ) ;
#7267 = CARTESIAN_POINT ( 'NONE',  ( -6.382531835699300514E-28, 4.943961906533899588E-14, 0.000000000000000000 ) ) ;
#7268 = CARTESIAN_POINT ( 'NONE',  ( -5.863508696612901083, 6.070756369002649144, -52.09994941344607611 ) ) ;
#7269 = AXIS2_PLACEMENT_3D ( 'NONE', #7380, #1590, #6784 ) ;
#7270 = DIRECTION ( 'NONE',  ( 0.000000000000000000, 0.000000000000000000, 1.000000000000000000 ) ) ;
#7271 = AXIS2_PLACEMENT_3D ( 'NONE', #3053, #1223, #2408 ) ;
#7272 = DIRECTION ( 'NONE',  ( 1.000000000000000000, 0.000000000000000000, -3.202566417187951620E-15 ) ) ;
#7273 = CARTESIAN_POINT ( 'NONE',  ( -17.02518152262230444, 0.4999999999999940603, 9.771209109168101037 ) ) ;
#7274 = CARTESIAN_POINT ( 'NONE',  ( 3.425668896209430159, 8.270296309428895043, -50.97500000204848192 ) ) ;
#7275 = CARTESIAN_POINT ( 'NONE',  ( 3.425668896209435932, -8.270296309428895043, -50.41250000204848192 ) ) ;
#7276 = ORIENTED_EDGE ( 'NONE', *, *, #4834, .F. ) ;
#7277 = CARTESIAN_POINT ( 'NONE',  ( -4.135134308299146078, 7.162294695003953215, -39.13052409247109864 ) ) ;
#7278 = ORIENTED_EDGE ( 'NONE', *, *, #3488, .T. ) ;
#7279 = VECTOR ( 'NONE', #6421, 1000.000000000000000 ) ;
#7280 = CARTESIAN_POINT ( 'NONE',  ( 3.149999999999999911, 4.491785094295289937, -8.673617379884030542E-16 ) ) ;
#7281 = ADVANCED_FACE ( 'NONE', ( #4231 ), #8018, .T. ) ;
#7282 = VERTEX_POINT ( 'NONE', #2873 ) ;
#7283 = AXIS2_PLACEMENT_3D ( 'NONE', #5580, #2335, #7526 ) ;
#7284 = CARTESIAN_POINT ( 'NONE',  ( -1.196805585058215549, 13.19082815772953943, -36.53612462124638682 ) ) ;
#7285 = DIRECTION ( 'NONE',  ( -3.469446951953629966E-15, 1.000000000000000000, 0.000000000000000000 ) ) ;
#7286 = DIRECTION ( 'NONE',  ( -0.5033989121719874005, 0.8640541274851128994, 0.000000000000000000 ) ) ;
#7287 = CARTESIAN_POINT ( 'NONE',  ( -1.483020797947729896E-13, 8.270296309428900372, -43.38125000204840376 ) ) ;
#7288 = DIRECTION ( 'NONE',  ( 0.000000000000000000, 0.000000000000000000, -1.000000000000000000 ) ) ;
#7289 = ADVANCED_FACE ( 'NONE', ( #6153 ), #312, .T. ) ;
#7290 = DIRECTION ( 'NONE',  ( -1.000000000000000000, 1.224646799147354193E-16, 0.000000000000000000 ) ) ;
#7291 = ORIENTED_EDGE ( 'NONE', *, *, #6549, .T. ) ;
#7292 = CARTESIAN_POINT ( 'NONE',  ( 3.149999999999999911, 0.000000000000000000, 0.000000000000000000 ) ) ;
#7293 = CARTESIAN_POINT ( 'NONE',  ( 3.425668896209440817, -8.270296309428895043, -48.91250000204840376 ) ) ;
#7294 = CARTESIAN_POINT ( 'NONE',  ( -9.673302176857898883E-14, 0.000000000000000000, -28.19999999999999929 ) ) ;
#7295 = FACE_OUTER_BOUND ( 'NONE', #8021, .T. ) ;
#7296 = CARTESIAN_POINT ( 'NONE',  ( 7.248534870817782583, -4.936712428159590438, -52.06340310057056797 ) ) ;
#7297 = ADVANCED_FACE ( 'NONE', ( #8103 ), #2274, .T. ) ;
#7298 = TOROIDAL_SURFACE ( 'NONE', #3621, 9.969999999999998863, 1.000000000000000000 ) ;
#7299 = CARTESIAN_POINT ( 'NONE',  ( 3.761968395621583472, 9.082195121928897663, -38.50625000409682031 ) ) ;
#7300 = CARTESIAN_POINT ( 'NONE',  ( 5.847982602819089770, -5.847982602819249642, -46.94375000204840376 ) ) ;
#7301 = CARTESIAN_POINT ( 'NONE',  ( -4.733973027432368327E-16, -3.556794071247037170, 1.619451956540376214 ) ) ;
#7302 = DIRECTION ( 'NONE',  ( 5.046468293750750058E-15, -1.000000000000000000, 0.000000000000000000 ) ) ;
#7303 = CARTESIAN_POINT ( 'NONE',  ( 16.97470607554065225, 50.00000000000000000, 9.858635148048460195 ) ) ;
#7304 = DIRECTION ( 'NONE',  ( 6.112085292819410516E-15, 0.000000000000000000, 1.000000000000000000 ) ) ;
#7305 = DIRECTION ( 'NONE',  ( -1.000000000000000000, -3.318601432303456947E-15, 0.000000000000000000 ) ) ;
#7306 = CARTESIAN_POINT ( 'NONE',  ( -3.761968395621854810, 9.082195121928899439, -41.31875000409675636 ) ) ;
#7307 = ORIENTED_EDGE ( 'NONE', *, *, #8149, .T. ) ;
#7308 = CARTESIAN_POINT ( 'NONE',  ( 8.270296309428765369, 3.425668896209609571, -39.53750000204847481 ) ) ;
#7309 = CARTESIAN_POINT ( 'NONE',  ( 17.02518152262245366, 50.00000000000000000, -9.771209109168029983 ) ) ;
#7310 = EDGE_CURVE ( 'NONE', #436, #7282, #7979, .T. ) ;
#7311 = CARTESIAN_POINT ( 'NONE',  ( 3.761968395621578587, 9.082195121928899439, -39.81875000000005826 ) ) ;
#7312 = CARTESIAN_POINT ( 'NONE',  ( 2.129465779692715000, 0.3734457427212283798, 18.36509156847598945 ) ) ;
#7313 = CARTESIAN_POINT ( 'NONE',  ( 16.92604210048082791, 0.2096425384021607663, -7.234748467435814234 ) ) ;
#7314 = ADVANCED_FACE ( 'NONE', ( #1136 ), #6320, .T. ) ;
#7315 = CARTESIAN_POINT ( 'NONE',  ( 11.47609182578959874, 6.107316628932839997, -36.10000000000000142 ) ) ;
#7316 = CARTESIAN_POINT ( 'NONE',  ( 3.425668896209441261, -8.270296309428895043, -48.91250000204840376 ) ) ;
#7317 = ORIENTED_EDGE ( 'NONE', *, *, #3917, .T. ) ;
#7318 = CARTESIAN_POINT ( 'NONE',  ( 5.847982602819119968, 5.847982602819249642, -39.44375000204845350 ) ) ;
#7319 = ORIENTED_EDGE ( 'NONE', *, *, #4921, .T. ) ;
#7320 = CARTESIAN_POINT ( 'NONE',  ( -9.082195121929052206, 1.112248118530191819E-15, -42.35000000000000142 ) ) ;
#7321 = CIRCLE ( 'NONE', #8399, 11.00000000000000000 ) ;
#7322 = ORIENTED_EDGE ( 'NONE', *, *, #5641, .T. ) ;
#7323 = CARTESIAN_POINT ( 'NONE',  ( -6.394495183617398659, 26.34263687871280624, 15.94534006380350633 ) ) ;
#7324 = CARTESIAN_POINT ( 'NONE',  ( 5.299999999999849720, 6.490628035480779639E-16, -3.153314481749694216E-14 ) ) ;
#7325 = FACE_OUTER_BOUND ( 'NONE', #1064, .T. ) ;
#7326 = CARTESIAN_POINT ( 'NONE',  ( -0.8654522417748592433, -13.33029977079861084, -36.44932857640417012 ) ) ;
#7327 = DIRECTION ( 'NONE',  ( 3.478934956386840157E-15, 0.000000000000000000, 1.000000000000000000 ) ) ;
#7328 = EDGE_LOOP ( 'NONE', ( #3864, #6261, #3528, #7317 ) ) ;
#7329 = EDGE_CURVE ( 'NONE', #7795, #8197, #1085, .T. ) ;
#7330 = CARTESIAN_POINT ( 'NONE',  ( -6.422081758775449956, -6.422081758775310512, -42.16250000000000142 ) ) ;
#7331 = AXIS2_PLACEMENT_3D ( 'NONE', #171, #2170, #6612 ) ;
#7332 = CARTESIAN_POINT ( 'NONE',  ( 3.425668896209435932, 8.270296309428905701, -49.85000000204848192 ) ) ;
#7333 = CARTESIAN_POINT ( 'NONE',  ( 16.77406892012689710, 0.5000000000001049161, -9.338840677309358185 ) ) ;
#7334 = DIRECTION ( 'NONE',  ( 4.111937128241355347E-15, 0.000000000000000000, 1.000000000000000000 ) ) ;
#7335 = CARTESIAN_POINT ( 'NONE',  ( -6.422081758775449956, -6.422081758775310512, -39.35000000409679899 ) ) ;
#7336 = CARTESIAN_POINT ( 'NONE',  ( 5.847982602819089770, 5.847982602819249642, -46.56875000204849613 ) ) ;
#7337 = ITEM_DEFINED_TRANSFORMATION ( 'NONE', 'NONE', #6793,  #3519 ) ;
#7338 =( LENGTH_UNIT ( ) NAMED_UNIT ( * ) SI_UNIT ( .MILLI., .METRE. ) );
#7339 = CARTESIAN_POINT ( 'NONE',  ( 8.436218026391689051, 3.089450746554269323, -51.93956080851684476 ) ) ;
#7340 = ORIENTED_EDGE ( 'NONE', *, *, #1571, .F. ) ;
#7341 = CARTESIAN_POINT ( 'NONE',  ( 0.01934016641579806503, 0.6527199425922980414, 3.889829453881174626 ) ) ;
#7342 = DIRECTION ( 'NONE',  ( 1.000000000000000000, 3.430248998885765387E-15, 0.000000000000000000 ) ) ;
#7343 = CARTESIAN_POINT ( 'NONE',  ( -13.14157237245221665, 7.531149783866093905, 1.775376524675033707 ) ) ;
#7344 = EDGE_CURVE ( 'NONE', #6342, #4145, #5243, .T. ) ;
#7345 = CIRCLE ( 'NONE', #6119, 13.00000000000000000 ) ;
#7346 = AXIS2_PLACEMENT_3D ( 'NONE', #7899, #5269, #237 ) ;
#7347 = DIRECTION ( 'NONE',  ( 1.000000000000000000, 3.000602769257179956E-15, 0.000000000000000000 ) ) ;
#7348 = ORIENTED_EDGE ( 'NONE', *, *, #3752, .T. ) ;
#7349 = CARTESIAN_POINT ( 'NONE',  ( 3.425668896209474124, 8.270296309428905701, -39.35000000204843218 ) ) ;
#7350 = CARTESIAN_POINT ( 'NONE',  ( 3.649999999999999911, 0.000000000000000000, 3.439999999999999947 ) ) ;
#7351 = CARTESIAN_POINT ( 'NONE',  ( 9.082195121928730686, 0.000000000000000000, -49.28750000409689846 ) ) ;
#7352 = CARTESIAN_POINT ( 'NONE',  ( 0.7381292863306350149, 13.40349769033696248, -36.36853519508895971 ) ) ;
#7353 = CARTESIAN_POINT ( 'NONE',  ( 3.200000000000000178, 4.763893928904970415E-16, -3.889999999999999680 ) ) ;
#7354 = CIRCLE ( 'NONE', #4085, 3.889999999999999680 ) ;
#7355 = DIRECTION ( 'NONE',  ( -0.8827762942915239330, -0.4697935868409922611, 0.000000000000000000 ) ) ;
#7356 = CARTESIAN_POINT ( 'NONE',  ( 8.270296309428733394, 3.425668896209608683, -50.03750000204840376 ) ) ;
#7357 = ORIENTED_EDGE ( 'NONE', *, *, #7568, .F. ) ;
#7358 = CARTESIAN_POINT ( 'NONE',  ( -9.082195121929059312, 3.761968395621719363, -46.94374999999998010 ) ) ;
#7359 = ORIENTED_EDGE ( 'NONE', *, *, #7711, .F. ) ;
#7360 = AXIS2_PLACEMENT_3D ( 'NONE', #4570, #5167, #1938 ) ;
#7361 = EDGE_CURVE ( 'NONE', #8084, #7201, #7345, .T. ) ;
#7362 = CARTESIAN_POINT ( 'NONE',  ( 9.082195121928752002, 0.000000000000000000, -44.78750000409684873 ) ) ;
#7363 = CARTESIAN_POINT ( 'NONE',  ( 10.99999999999979927, 30.64999999999999858, 0.000000000000000000 ) ) ;
#7364 = ORIENTED_EDGE ( 'NONE', *, *, #5654, .T. ) ;
#7365 = CARTESIAN_POINT ( 'NONE',  ( -10.35258115208836927, 26.61017715414866913, 13.64654653354433123 ) ) ;
#7366 = CARTESIAN_POINT ( 'NONE',  ( -2.553372041163637363, 20.91814576083592669, -18.13542622342218635 ) ) ;
#7367 = ORIENTED_EDGE ( 'NONE', *, *, #4539, .F. ) ;
#7368 = CARTESIAN_POINT ( 'NONE',  ( 12.02420802010269973, -6.137460508167539963, -30.09999999999999787 ) ) ;
#7369 = ADVANCED_FACE ( 'NONE', ( #3335 ), #7163, .T. ) ;
#7370 = DIRECTION ( 'NONE',  ( 1.000000000000000000, 3.494771382259859238E-15, 0.000000000000000000 ) ) ;
#7371 = DIRECTION ( 'NONE',  ( -3.430248998885765387E-15, 0.000000000000000000, -1.000000000000000000 ) ) ;
#7372 = ORIENTED_EDGE ( 'NONE', *, *, #4389, .T. ) ;
#7373 = CARTESIAN_POINT ( 'NONE',  ( -1.560666491323614710E-13, 0.000000000000000000, -45.49717795502759543 ) ) ;
#7374 = CARTESIAN_POINT ( 'NONE',  ( 5.847982602819100428, -5.847982602819249642, -45.81875000204849613 ) ) ;
#7375 = DIRECTION ( 'NONE',  ( -3.478934956386840157E-15, 0.000000000000000000, -1.000000000000000000 ) ) ;
#7376 = DIRECTION ( 'NONE',  ( 3.430248998885765387E-15, 0.000000000000000000, 1.000000000000000000 ) ) ;
#7377 = EDGE_CURVE ( 'NONE', #2046, #3486, #2866, .T. ) ;
#7378 = CARTESIAN_POINT ( 'NONE',  ( -9.082195121929041548, 1.112248118530191819E-15, -39.53750000409679899 ) ) ;
#7379 = CARTESIAN_POINT ( 'NONE',  ( 5.847982602819080000, -5.847982602819249642, -49.94375000204840376 ) ) ;
#7380 = CARTESIAN_POINT ( 'NONE',  ( 3.149999999999999911, 0.000000000000000000, 0.000000000000000000 ) ) ;
#7381 = FACE_OUTER_BOUND ( 'NONE', #5296, .T. ) ;
#7382 = ORIENTED_EDGE ( 'NONE', *, *, #5512, .F. ) ;
#7383 = CARTESIAN_POINT ( 'NONE',  ( -10.96999999999907871, 1.343437538664642138E-15, 260.0852191789194876 ) ) ;
#7384 = FACE_OUTER_BOUND ( 'NONE', #634, .T. ) ;
#7385 = CARTESIAN_POINT ( 'NONE',  ( 17.00367662153060166, 26.89997784042584072, -1.444984990964360838 ) ) ;
#7386 = PLANE ( 'NONE',  #5005 ) ;
#7387 = ORIENTED_EDGE ( 'NONE', *, *, #300, .F. ) ;
#7388 = CARTESIAN_POINT ( 'NONE',  ( -3.425668896209749903, 8.270296309428905701, -42.16250000204838955 ) ) ;
#7389 = CARTESIAN_POINT ( 'NONE',  ( 16.98855950634323619, 24.48193991487203647, 4.471048181860239445 ) ) ;
#7390 = CARTESIAN_POINT ( 'NONE',  ( 11.50000000000000000, 13.76727404305919933, 0.000000000000000000 ) ) ;
#7391 = CARTESIAN_POINT ( 'NONE',  ( -11.97560671748689920, -6.231760886626080520, -36.10000000000000142 ) ) ;
#7392 = EDGE_CURVE ( 'NONE', #4608, #4200, #1507, .T. ) ;
#7393 = CARTESIAN_POINT ( 'NONE',  ( -8.270296309429058468, -3.425668896209603798, -45.91250000204835402 ) ) ;
#7394 = CIRCLE ( 'NONE', #7802, 11.46999999997873942 ) ;
#7395 = DIRECTION ( 'NONE',  ( 1.000000000000000000, 0.000000000000000000, -3.629761414430735665E-15 ) ) ;
#7396 = VERTEX_POINT ( 'NONE', #781 ) ;
#7397 = CARTESIAN_POINT ( 'NONE',  ( -9.082195121929069970, 1.112248118530191819E-15, -48.34999999999999432 ) ) ;
#7398 = ORIENTED_EDGE ( 'NONE', *, *, #2261, .T. ) ;
#7399 = VECTOR ( 'NONE', #2708, 1000.000000000000000 ) ;
#7400 = CARTESIAN_POINT ( 'NONE',  ( 3.149999999999999911, 4.491785094295289937, -7.041893596023440204E-16 ) ) ;
#7401 = AXIS2_PLACEMENT_3D ( 'NONE', #8286, #1747, #5541 ) ;
#7402 = CARTESIAN_POINT ( 'NONE',  ( -16.60340004738365494, -1.046706847353781336E-14, 7.168781297041443956 ) ) ;
#7403 = EDGE_CURVE ( 'NONE', #1393, #819, #6532, .T. ) ;
#7404 = VERTEX_POINT ( 'NONE', #1255 ) ;
#7405 = CARTESIAN_POINT ( 'NONE',  ( -8.171901767049648768, 27.18778745297595023, 14.91304630236725082 ) ) ;
#7406 = CIRCLE ( 'NONE', #3731, 9.969999999999998863 ) ;
#7407 = CARTESIAN_POINT ( 'NONE',  ( -10.89006398297797951, -7.594692783465017527, -36.51640612516664675 ) ) ;
#7408 = ORIENTED_EDGE ( 'NONE', *, *, #46, .F. ) ;
#7409 = FACE_OUTER_BOUND ( 'NONE', #6133, .T. ) ;
#7410 = EDGE_CURVE ( 'NONE', #5782, #4198, #2857, .T. ) ;
#7411 = ORIENTED_EDGE ( 'NONE', *, *, #8149, .F. ) ;
#7412 = DIRECTION ( 'NONE',  ( -1.000000000000000000, 0.000000000000000000, 3.227392513445339464E-15 ) ) ;
#7413 = CARTESIAN_POINT ( 'NONE',  ( -5.847982602819409514, 5.847982602819249642, -46.56875000204840376 ) ) ;
#7414 = CARTESIAN_POINT ( 'NONE',  ( -2.066017416778304749, 4.237642026876939037E-14, 17.88103945618285096 ) ) ;
#7415 = CARTESIAN_POINT ( 'NONE',  ( 0.09495724615931602774, 2.623800592952290511, -3.235761766119594096 ) ) ;
#7416 = CARTESIAN_POINT ( 'NONE',  ( -8.270296309429081560, 1.012819190334226073E-15, -52.00625000204839665 ) ) ;
#7417 = CARTESIAN_POINT ( 'NONE',  ( 8.270296309428733394, 3.425668896209603798, -48.16250000204841086 ) ) ;
#7418 = CARTESIAN_POINT ( 'NONE',  ( -10.96999999997886022, 1.343437538662047969E-15, -23.95803989154979874 ) ) ;
#7419 = CARTESIAN_POINT ( 'NONE',  ( 0.6969072952560139145, -13.48199985988041938, -36.10000000000000142 ) ) ;
#7420 = ORIENTED_EDGE ( 'NONE', *, *, #475, .T. ) ;
#7421 = CARTESIAN_POINT ( 'NONE',  ( -0.5954949092349316464, 13.14118280169797970, -29.62011720983826990 ) ) ;
#7422 = EDGE_CURVE ( 'NONE', #5866, #1604, #7354, .T. ) ;
#7423 = CARTESIAN_POINT ( 'NONE',  ( 9.082195121928730686, 0.000000000000000000, -50.78750000409679899 ) ) ;
#7424 = CARTESIAN_POINT ( 'NONE',  ( -7.266020245482899043, 5.433054920700805646, -51.69721381838868979 ) ) ;
#7425 = CARTESIAN_POINT ( 'NONE',  ( 17.00595961204142625, 26.43554252717401454, -2.298100841252135762 ) ) ;
#7426 = LINE ( 'NONE', #2920, #511 ) ;
#7427 = ORIENTED_EDGE ( 'NONE', *, *, #3787, .T. ) ;
#7428 = CARTESIAN_POINT ( 'NONE',  ( 14.69529020086886106, 0.07803324474554788892, -10.86532969015915207 ) ) ;
#7429 = DIRECTION ( 'NONE',  ( 0.000000000000000000, 0.000000000000000000, -1.000000000000000000 ) ) ;
#7430 = CARTESIAN_POINT ( 'NONE',  ( -1.668777396006845115E-13, -9.082195121928901216, -48.16250000409679899 ) ) ;
#7431 = CARTESIAN_POINT ( 'NONE',  ( -11.97717002691229560, -5.837881839807463891, -36.48135154831955873 ) ) ;
#7432 = CARTESIAN_POINT ( 'NONE',  ( -8.270296309429046033, 3.425668896209608683, -44.60000000204837534 ) ) ;
#7433 = CARTESIAN_POINT ( 'NONE',  ( -3.425668896209765890, -8.270296309428895043, -46.10000000204839665 ) ) ;
#7434 = EDGE_CURVE ( 'NONE', #7058, #2213, #3677, .T. ) ;
#7435 = ORIENTED_EDGE ( 'NONE', *, *, #1939, .F. ) ;
#7436 = CARTESIAN_POINT ( 'NONE',  ( 3.761968395621561712, -9.082195121928897663, -44.88125000000005826 ) ) ;
#7437 = ORIENTED_EDGE ( 'NONE', *, *, #827, .T. ) ;
#7438 = DIRECTION ( 'NONE',  ( 1.000000000000000000, 0.000000000000000000, -5.060269027471778760E-15 ) ) ;
#7439 = EDGE_LOOP ( 'NONE', ( #3176, #2856, #3739, #327 ) ) ;
#7440 = CARTESIAN_POINT ( 'NONE',  ( 8.270296309428754711, 3.425668896209603798, -40.66250000204842507 ) ) ;
#7441 = DIRECTION ( 'NONE',  ( 0.4977714890723187735, 0.000000000000000000, 0.8673082178019106969 ) ) ;
#7442 = CARTESIAN_POINT ( 'NONE',  ( 6.261985700843842650, 26.30187909226424381, 16.00695320150023448 ) ) ;
#7443 = B_SPLINE_CURVE_WITH_KNOTS ( 'NONE', 3,
 ( #4583, #4755, #157, #7857, #2754, #1481, #2836, #2032, #3986, #7817, #7181, #1395, #114, #3940, #4670, #4070, #2796, #7268, #6072, #6548, #4715, #6673, #1521, #4027, #2116, #5354, #4111, #5399, #6636, #3308, #5908 ),
 .UNSPECIFIED., .F., .F.,
 ( 4, 2, 2, 1, 1, 1, 2, 2, 2, 2, 1, 2, 2, 1, 2, 2, 2, 4 ),
 ( 0.000000000000000000, 0.1249999999999954481, 0.1874999999999931721, 0.2187499999999922284, 0.2343749999999919509, 0.2421874999999916178, 0.2460937499999914513, 0.2499999999999912847, 0.3749999999999891753, 0.4374999999999879541, 0.4687499999999873435, 0.4843749999999870659, 0.4921874999999867883, 0.4960937499999867883, 0.4980468749999866218, 0.4999999999999864553, 0.7499999999999932276, 1.000000000000000000 ),
 .UNSPECIFIED. ) ;
#7444 = AXIS2_PLACEMENT_3D ( 'NONE', #4750, #3347, #7347 ) ;
#7445 = ORIENTED_EDGE ( 'NONE', *, *, #1794, .F. ) ;
#7446 = CARTESIAN_POINT ( 'NONE',  ( -12.39357165398100591, 24.44366884031737186, 12.46117326377672185 ) ) ;
#7447 = VERTEX_POINT ( 'NONE', #2569 ) ;
#7448 = CARTESIAN_POINT ( 'NONE',  ( -9.069801042716029826, 27.13719393593709128, -14.39547710204965014 ) ) ;
#7449 = ORIENTED_EDGE ( 'NONE', *, *, #8253, .F. ) ;
#7450 =( BOUNDED_CURVE ( )  B_SPLINE_CURVE ( 2, ( #7362, #1531, #6725, #891, #3018, #5619, #288, #1608, #5490 ),
 .UNSPECIFIED., .F., .F. ) 
 B_SPLINE_CURVE_WITH_KNOTS ( ( 3, 2, 2, 2, 3 ),
 ( 0.5000000000000000000, 0.5124999999999999556, 0.5250000000000000222, 0.5374999999999999778, 0.5500000000000000444 ),
 .UNSPECIFIED. ) 
 CURVE ( )  GEOMETRIC_REPRESENTATION_ITEM ( )  RATIONAL_B_SPLINE_CURVE ( ( 1.000000000000000000, 0.9238795325112859613, 1.000000000000000000, 0.9238795325112869605, 1.000000000000000000, 0.9238795325112869605, 1.000000000000000000, 0.9238795325112849621, 1.000000000000000000 ) ) 
 REPRESENTATION_ITEM ( '' )  );
#7451 = DIRECTION ( 'NONE',  ( -1.000000000000000000, 1.224646799147353454E-16, 0.000000000000000000 ) ) ;
#7452 = PRODUCT_DEFINITION_FORMATION_WITH_SPECIFIED_SOURCE ( 'ไป', '', #7581, .NOT_KNOWN. ) ;
#7453 = EDGE_CURVE ( 'NONE', #3313, #5866, #7617, .T. ) ;
#7454 = VECTOR ( 'NONE', #4005, 1000.000000000000000 ) ;
#7455 = EDGE_LOOP ( 'NONE', ( #2468, #4860, #7522, #2555 ) ) ;
#7456 = CARTESIAN_POINT ( 'NONE',  ( -2.117149466236986743, 0.2419405263725792066, -18.32813185391654187 ) ) ;
#7457 = CARTESIAN_POINT ( 'NONE',  ( -5.847982602819399744, -5.847982602819249642, -43.19375000204840376 ) ) ;
#7458 = CARTESIAN_POINT ( 'NONE',  ( -11.41666666666666075, 11.06503324295822033, 1.398138429026559805E-15 ) ) ;
#7459 = EDGE_CURVE ( 'NONE', #2254, #1592, #4293, .T. ) ;
#7460 = FACE_OUTER_BOUND ( 'NONE', #5744, .T. ) ;
#7461 = CARTESIAN_POINT ( 'NONE',  ( 9.082195121928767989, 3.761968395621714034, -38.69375000409684162 ) ) ;
#7462 = CARTESIAN_POINT ( 'NONE',  ( 8.270296309428733394, -3.425668896209614456, -49.85000000204848192 ) ) ;
#7463 = DIRECTION ( 'NONE',  ( 3.571186321298529960E-15, -1.000000000000000000, 0.000000000000000000 ) ) ;
#7464 = ORIENTED_EDGE ( 'NONE', *, *, #4850, .T. ) ;
#7465 = CARTESIAN_POINT ( 'NONE',  ( -6.422081758775480154, -6.422081758775310512, -49.85000000409679899 ) ) ;
#7466 = CARTESIAN_POINT ( 'NONE',  ( -11.21601206104811332, -7.227067331384600557, -29.73597183039751357 ) ) ;
#7467 = DIRECTION ( 'NONE',  ( -3.430248998885765387E-15, 1.000000000000000000, 0.000000000000000000 ) ) ;
#7468 = LINE ( 'NONE', #2318, #5221 ) ;
#7469 = DIRECTION ( 'NONE',  ( 0.8647368637171909400, 2.966262761065514918E-15, 0.5022252049913030758 ) ) ;
#7470 = AXIS2_PLACEMENT_3D ( 'NONE', #7227, #2157, #6599 ) ;
#7471 = ORIENTED_EDGE ( 'NONE', *, *, #6496, .F. ) ;
#7472 = DIRECTION ( 'NONE',  ( 0.000000000000000000, 1.000000000000000000, 0.000000000000000000 ) ) ;
#7473 = CARTESIAN_POINT ( 'NONE',  ( 9.082195121928766213, 3.761968395621690497, -46.00625000000005826 ) ) ;
#7474 = CARTESIAN_POINT ( 'NONE',  ( 0.7838162307960533370, 13.37724734616458022, -36.40278525108375618 ) ) ;
#7475 = DIRECTION ( 'NONE',  ( 3.430248998885765387E-15, 0.000000000000000000, 1.000000000000000000 ) ) ;
#7476 = CARTESIAN_POINT ( 'NONE',  ( -3.425668896209776104, -8.270296309428895043, -48.72500000204836823 ) ) ;
#7477 = CARTESIAN_POINT ( 'NONE',  ( 8.270296309428744053, -3.425668896209614456, -45.72500000204842507 ) ) ;
#7478 = TOROIDAL_SURFACE ( 'NONE', #1912, 13.00000000000000000, 0.5000000000000000000 ) ;
#7479 = ORIENTED_EDGE ( 'NONE', *, *, #8325, .F. ) ;
#7480 = CARTESIAN_POINT ( 'NONE',  ( -1.562920114147869829E-13, 9.082195121928901216, -45.72500000000000142 ) ) ;
#7481 = VERTEX_POINT ( 'NONE', #5421 ) ;
#7482 = DIRECTION ( 'NONE',  ( 3.430248998885765387E-15, 0.000000000000000000, 1.000000000000000000 ) ) ;
#7483 = ORIENTED_EDGE ( 'NONE', *, *, #1890, .T. ) ;
#7484 = CARTESIAN_POINT ( 'NONE',  ( 3.425668896209474124, -8.270296309428895043, -39.53750000204842507 ) ) ;
#7485 = CIRCLE ( 'NONE', #2447, 13.50000000000000000 ) ;
#7486 = VECTOR ( 'NONE', #8099, 1000.000000000000000 ) ;
#7487 = CARTESIAN_POINT ( 'NONE',  ( -16.85576728172821603, 0.1306836425786541411, 7.220367575012101469 ) ) ;
#7488 = CARTESIAN_POINT ( 'NONE',  ( 4.594906780399122148, 24.44366884031578024, 16.96373452785902103 ) ) ;
#7489 = VECTOR ( 'NONE', #6283, 1000.000000000000000 ) ;
#7490 = VERTEX_POINT ( 'NONE', #7458 ) ;
#7491 = DIRECTION ( 'NONE',  ( -1.000000000000000000, 0.000000000000000000, 3.430248998885764992E-15 ) ) ;
#7492 = ORIENTED_EDGE ( 'NONE', *, *, #974, .F. ) ;
#7493 = CARTESIAN_POINT ( 'NONE',  ( -8.829126062344014869, 27.18778745294773458, -14.53359767856032114 ) ) ;
#7494 = AXIS2_PLACEMENT_3D ( 'NONE', #745, #3339, #3974 ) ;
#7495 = ORIENTED_EDGE ( 'NONE', *, *, #1266, .F. ) ;
#7496 = CARTESIAN_POINT ( 'NONE',  ( -6.422081758775449956, -6.422081758775310512, -40.85000000409679899 ) ) ;
#7497 = ADVANCED_FACE ( 'NONE', ( #904 ), #2728, .T. ) ;
#7498 = VERTEX_POINT ( 'NONE', #260 ) ;
#7499 = CARTESIAN_POINT ( 'NONE',  ( -2.070603012788658326, 0.1030777068934162072, -18.18689120564442163 ) ) ;
#7500 = CARTESIAN_POINT ( 'NONE',  ( -8.270296309429060244, 1.012819190334226073E-15, -44.88125000204840376 ) ) ;
#7501 = DIRECTION ( 'NONE',  ( 1.000000000000000000, 0.000000000000000000, 0.000000000000000000 ) ) ;
#7502 = DIRECTION ( 'NONE',  ( -3.430248998885765387E-15, 1.000000000000000000, 0.000000000000000000 ) ) ;
#7503 = CARTESIAN_POINT ( 'NONE',  ( -3.425668896209771219, 8.270296309428895043, -49.28750000204836823 ) ) ;
#7504 = EDGE_CURVE ( 'NONE', #4250, #8352, #4780, .T. ) ;
#7505 = CARTESIAN_POINT ( 'NONE',  ( 0.8459237852645450362, -13.39517451522520197, -36.42160095331381342 ) ) ;
#7506 = ORIENTED_EDGE ( 'NONE', *, *, #3076, .T. ) ;
#7507 = DIRECTION ( 'NONE',  ( 3.430248998885765387E-15, 0.000000000000000000, 1.000000000000000000 ) ) ;
#7508 = CARTESIAN_POINT ( 'NONE',  ( -9.501789726913599234E-14, 0.000000000000000000, -27.69999999999999929 ) ) ;
#7509 = DIRECTION ( 'NONE',  ( 1.000000000000000000, 0.000000000000000000, 0.000000000000000000 ) ) ;
#7510 = CARTESIAN_POINT ( 'NONE',  ( -12.51536616986959238, 6.625802207004205968, 0.6855770177283493361 ) ) ;
#7511 = LINE ( 'NONE', #5432, #6499 ) ;
#7512 = CARTESIAN_POINT ( 'NONE',  ( -9.082195121929052206, 1.112248118530191819E-15, -42.53750000409674925 ) ) ;
#7513 = LINE ( 'NONE', #6886, #1280 ) ;
#7514 = FACE_OUTER_BOUND ( 'NONE', #4078, .T. ) ;
#7515 =( LENGTH_UNIT ( ) NAMED_UNIT ( * ) SI_UNIT ( .MILLI., .METRE. ) );
#7516 = CARTESIAN_POINT ( 'NONE',  ( 3.425668896209446590, 8.270296309428895043, -46.47500000204841086 ) ) ;
#7517 = B_SPLINE_CURVE_WITH_KNOTS ( 'NONE', 3,
 ( #7119, #564, #5251, #6437, #4652, #1975, #3835, #6573, #7082, #7161, #5206, #6397, #4480, #3794, #94 ),
 .UNSPECIFIED., .F., .F.,
 ( 4, 2, 2, 2, 1, 2, 2, 4 ),
 ( 0.000000000000000000, 0.2500000000000458522, 0.3750000000000684452, 0.4375000000000797140, 0.4687500000000856537, 0.4843750000000885403, 0.5000000000000914824, 1.000000000000000000 ),
 .UNSPECIFIED. ) ;
#7518 = CARTESIAN_POINT ( 'NONE',  ( 3.425668896209468350, -8.270296309428895043, -41.41250000204846060 ) ) ;
#7519 = ADVANCED_FACE ( 'NONE', ( #303 ), #8050, .T. ) ;
#7520 = ORIENTED_EDGE ( 'NONE', *, *, #1082, .F. ) ;
#7521 = CARTESIAN_POINT ( 'NONE',  ( 3.761968395621556382, 9.082195121928897663, -47.31875000000005826 ) ) ;
#7522 = ORIENTED_EDGE ( 'NONE', *, *, #4657, .T. ) ;
#7523 = DIRECTION ( 'NONE',  ( -1.000000000000000000, 0.000000000000000000, 3.227392513445339464E-15 ) ) ;
#7524 = VERTEX_POINT ( 'NONE', #7414 ) ;
#7525 = CARTESIAN_POINT ( 'NONE',  ( -1.799136157908309870E-13, -8.270296309428900372, -52.00625000204839665 ) ) ;
#7526 = DIRECTION ( 'NONE',  ( -0.002571354084719082531, 0.000000000000000000, 0.9999966940636207946 ) ) ;
#7527 = CARTESIAN_POINT ( 'NONE',  ( 4.895997601309959535, 24.86456494898753178, 16.79092982286031699 ) ) ;
#7528 = VECTOR ( 'NONE', #8185, 1000.000000000000000 ) ;
#7529 = CARTESIAN_POINT ( 'NONE',  ( 5.847982602819119968, -5.847982602819249642, -39.44375000204845350 ) ) ;
#7530 = VECTOR ( 'NONE', #2750, 1000.000000000000000 ) ;
#7531 = ORIENTED_EDGE ( 'NONE', *, *, #1216, .T. ) ;
#7532 = FACE_OUTER_BOUND ( 'NONE', #3903, .T. ) ;
#7533 = VERTEX_POINT ( 'NONE', #4175 ) ;
#7534 = CARTESIAN_POINT ( 'NONE',  ( -8.419908087859514723, 27.20588806982035379, -14.76846365849805665 ) ) ;
#7535 = ORIENTED_EDGE ( 'NONE', *, *, #6308, .F. ) ;
#7536 = EDGE_CURVE ( 'NONE', #2834, #2073, #350, .T. ) ;
#7537 = CIRCLE ( 'NONE', #5501, 18.50000000000000000 ) ;
#7538 = TOROIDAL_SURFACE ( 'NONE', #191, 13.00000000000000000, 0.5000000000000000000 ) ;
#7539 = AXIS2_PLACEMENT_3D ( 'NONE', #1913, #3101, #7103 ) ;
#7540 = VECTOR ( 'NONE', #4071, 1000.000000000000000 ) ;
#7541 = VERTEX_POINT ( 'NONE', #6825 ) ;
#7542 = CARTESIAN_POINT ( 'NONE',  ( -1.516170057507509889E-13, 44.20000000000000284, 8.355999999999999872 ) ) ;
#7543 = CARTESIAN_POINT ( 'NONE',  ( -5.847982602819409514, -5.847982602819249642, -46.19375000204840376 ) ) ;
#7544 = LINE ( 'NONE', #5635, #6809 ) ;
#7545 = AXIS2_PLACEMENT_3D ( 'NONE', #7948, #5402, #3269 ) ;
#7546 = CARTESIAN_POINT ( 'NONE',  ( 3.425668896209435932, -8.270296309428895043, -50.03750000204839665 ) ) ;
#7547 = DIRECTION ( 'NONE',  ( -1.000000000000000000, 0.000000000000000000, 0.000000000000000000 ) ) ;
#7548 = CARTESIAN_POINT ( 'NONE',  ( 1.338798846423660649, -13.10834623981127045, -36.56848066249735041 ) ) ;
#7549 = ORIENTED_EDGE ( 'NONE', *, *, #46, .T. ) ;
#7550 = CARTESIAN_POINT ( 'NONE',  ( -0.6822700918009700910, 13.43326819716779674, -29.88076197375173138 ) ) ;
#7551 = AXIS2_PLACEMENT_3D ( 'NONE', #8242, #6979, #3773 ) ;
#7552 = FACE_BOUND ( 'NONE', #6936, .T. ) ;
#7553 = CARTESIAN_POINT ( 'NONE',  ( 16.75729663257432023, 0.07803324472510876630, 7.293829784853405052 ) ) ;
#7554 = CARTESIAN_POINT ( 'NONE',  ( -17.01126907389545551, 24.50965247845352835, 4.360695241136757438 ) ) ;
#7555 = CARTESIAN_POINT ( 'NONE',  ( -12.64582324587922812, 10.44393128645813640, -1.038090103942891140 ) ) ;
#7556 = ADVANCED_FACE ( 'NONE', ( #8006 ), #2100, .T. ) ;
#7557 = CARTESIAN_POINT ( 'NONE',  ( 3.149999999999999911, 3.939999999999999947, 0.000000000000000000 ) ) ;
#7558 = ADVANCED_FACE ( 'NONE', ( #178 ), #1543, .T. ) ;
#7559 = CARTESIAN_POINT ( 'NONE',  ( -1.723713036111169880E-13, 9.082195121928901216, -50.41250000409679899 ) ) ;
#7560 = DIRECTION ( 'NONE',  ( -1.000000000000000000, -3.430021418408686719E-15, 0.000000000000000000 ) ) ;
#7561 =( NAMED_UNIT ( * ) SI_UNIT ( $, .STERADIAN. ) SOLID_ANGLE_UNIT ( ) );
#7562 = CARTESIAN_POINT ( 'NONE',  ( -1.374642844296197711E-13, -8.270296309428900372, -39.63125000204840376 ) ) ;
#7563 = CARTESIAN_POINT ( 'NONE',  ( 8.270296309428754711, -3.425668896209614456, -41.22500000204841797 ) ) ;
#7564 = ORIENTED_EDGE ( 'NONE', *, *, #7918, .T. ) ;
#7565 = CARTESIAN_POINT ( 'NONE',  ( 6.422081758775160409, -6.422081758775310512, -43.28750000000000142 ) ) ;
#7566 = VERTEX_POINT ( 'NONE', #992 ) ;
#7567 = CARTESIAN_POINT ( 'NONE',  ( 6.422081758775170179, -6.422081758775310512, -40.28749999999999432 ) ) ;
#7568 = EDGE_CURVE ( 'NONE', #6486, #1964, #351, .T. ) ;
#7569 = ORIENTED_EDGE ( 'NONE', *, *, #3232, .F. ) ;
#7570 = CARTESIAN_POINT ( 'NONE',  ( 8.270296309428765369, 3.425668896209603798, -39.16250000204844639 ) ) ;
#7571 = CARTESIAN_POINT ( 'NONE',  ( -0.7838162307997940115, -13.37724734617728117, -36.40278525106737106 ) ) ;
#7572 = CARTESIAN_POINT ( 'NONE',  ( 2.133141957238494868, 20.00000000000000000, 18.37660755934744827 ) ) ;
#7573 = CARTESIAN_POINT ( 'NONE',  ( 16.49982313260590061, 1.060618762267671876E-13, 0.08999723570157699970 ) ) ;
#7574 = EDGE_LOOP ( 'NONE', ( #8419, #3118, #7615, #5929 ) ) ;
#7575 = CARTESIAN_POINT ( 'NONE',  ( -12.00011578820210190, 0.005893364193234290442, -36.60000000000000142 ) ) ;
#7576 = ORIENTED_EDGE ( 'NONE', *, *, #1832, .F. ) ;
#7577 = CARTESIAN_POINT ( 'NONE',  ( -8.353671195162446494, 27.20401116379044737, -14.80647624003474050 ) ) ;
#7578 = ORIENTED_EDGE ( 'NONE', *, *, #7598, .T. ) ;
#7579 = ORIENTED_EDGE ( 'NONE', *, *, #7422, .F. ) ;
#7580 = DIRECTION ( 'NONE',  ( 0.000000000000000000, 1.000000000000000000, 0.000000000000000000 ) ) ;
#7581 = PRODUCT ( 'hexagon head bolts-full thread gb_GB_FASTENER_BOLT_STBAB A M5X10-N.step', 'hexagon head bolts-full thread gb_GB_FASTENER_BOLT_STBAB A M5X10-N.step', '', ( #6970 ) ) ;
#7582 = CARTESIAN_POINT ( 'NONE',  ( -8.270296309429038928, 1.012819190334226073E-15, -41.88125000204840376 ) ) ;
#7583 = CARTESIAN_POINT ( 'NONE',  ( 0.05325081228763728358, 3.907547042054313025, 1.012316091093304893 ) ) ;
#7584 = AXIS2_PLACEMENT_3D ( 'NONE', #6242, #7469, #8143 ) ;
#7585 = FACE_OUTER_BOUND ( 'NONE', #5444, .T. ) ;
#7586 = EDGE_CURVE ( 'NONE', #1134, #7990, #6125, .T. ) ;
#7587 = CARTESIAN_POINT ( 'NONE',  ( 3.425668896209430159, -8.270296309428895043, -51.53750000204837534 ) ) ;
#7588 = CARTESIAN_POINT ( 'NONE',  ( -6.860497997771589623E-14, 20.00000000000000000, 0.000000000000000000 ) ) ;
#7589 = ORIENTED_EDGE ( 'NONE', *, *, #6711, .T. ) ;
#7590 = CARTESIAN_POINT ( 'NONE',  ( 11.97608796615601889, 6.109281220152680270, -29.60000000000000142 ) ) ;
#7591 = CARTESIAN_POINT ( 'NONE',  ( 4.747276497418846830, 24.53483689694409264, -16.90201799019119733 ) ) ;
#7592 = CARTESIAN_POINT ( 'NONE',  ( 6.354901540442789987, 0.000000000000000000, -52.10000000000000142 ) ) ;
#7593 = CARTESIAN_POINT ( 'NONE',  ( -13.33022253209290042, 8.600000000016089885, -2.134283777964490536 ) ) ;
#7594 = FACE_OUTER_BOUND ( 'NONE', #6120, .T. ) ;
#7595 = CARTESIAN_POINT ( 'NONE',  ( 9.082195121928720027, 0.000000000000000000, -52.28750000409679899 ) ) ;
#7596 = DIRECTION ( 'NONE',  ( -1.000000000000000000, 0.000000000000000000, 0.000000000000000000 ) ) ;
#7597 = CARTESIAN_POINT ( 'NONE',  ( 5.847982602819119968, 5.847982602819249642, -39.06875000204845350 ) ) ;
#7598 = EDGE_CURVE ( 'NONE', #3504, #2342, #422, .T. ) ;
#7599 = CARTESIAN_POINT ( 'NONE',  ( 5.847982602819100428, 5.847982602819249642, -45.44375000204840376 ) ) ;
#7600 = ORIENTED_EDGE ( 'NONE', *, *, #6894, .T. ) ;
#7601 = CARTESIAN_POINT ( 'NONE',  ( -6.422081758775460614, 6.422081758775310512, -44.03750000000000142 ) ) ;
#7602 = CARTESIAN_POINT ( 'NONE',  ( 3.149999999999999911, 3.681688624940689714, -1.403128243954332000 ) ) ;
#7603 = ORIENTED_EDGE ( 'NONE', *, *, #1601, .T. ) ;
#7604 = CARTESIAN_POINT ( 'NONE',  ( 8.270296309428733394, 3.425668896209609571, -50.03750000204839665 ) ) ;
#7605 = DIRECTION ( 'NONE',  ( -1.000000000000000000, 0.000000000000000000, 0.000000000000000000 ) ) ;
#7606 = DIRECTION ( 'NONE',  ( -3.340948916696100036E-15, 0.000000000000000000, -1.000000000000000000 ) ) ;
#7607 = CARTESIAN_POINT ( 'NONE',  ( -14.45242570673706162, -1.120443676519633987E-16, -10.72974329568253893 ) ) ;
#7608 = CIRCLE ( 'NONE', #1773, 13.00000000000000000 ) ;
#7609 = CARTESIAN_POINT ( 'NONE',  ( 2.408403202243708296, -8.230016970562711975, -52.10000000000002274 ) ) ;
#7610 = EDGE_LOOP ( 'NONE', ( #2894, #7838, #556, #2394 ) ) ;
#7611 = ADVANCED_FACE ( 'NONE', ( #3490 ), #3450, .T. ) ;
#7612 = CARTESIAN_POINT ( 'NONE',  ( 2.092805393486834475, 6.337754621240848903E-14, -17.96170693173032973 ) ) ;
#7613 = ORIENTED_EDGE ( 'NONE', *, *, #6414, .F. ) ;
#7614 = CARTESIAN_POINT ( 'NONE',  ( -10.61182197542546035, 26.34263687871504445, -13.51046530529224832 ) ) ;
#7615 = ORIENTED_EDGE ( 'NONE', *, *, #475, .F. ) ;
#7616 = CARTESIAN_POINT ( 'NONE',  ( 16.99789138933141075, 27.21624405651630241, 0.8418928489646791968 ) ) ;
#7617 = CIRCLE ( 'NONE', #9, 3.889999999999999680 ) ;
#7618 = CIRCLE ( 'NONE', #3947, 0.5000000000000007772 ) ;
#7619 = AXIS2_PLACEMENT_3D ( 'NONE', #2620, #1340, #7092 ) ;
#7620 = CIRCLE ( 'NONE', #3954, 10.55333333331213908 ) ;
#7621 = EDGE_LOOP ( 'NONE', ( #38, #7111, #1581, #6953 ) ) ;
#7622 = EDGE_LOOP ( 'NONE', ( #431, #2469, #1060, #7576 ) ) ;
#7623 = VECTOR ( 'NONE', #8089, 1000.000000000000000 ) ;
#7624 = CIRCLE ( 'NONE', #1374, 8.125000000000000000 ) ;
#7625 = EDGE_CURVE ( 'NONE', #30, #3094, #2473, .T. ) ;
#7626 = CARTESIAN_POINT ( 'NONE',  ( 0.04853886739465083922, 3.882821151775726953, 1.055094877772273509 ) ) ;
#7627 = ADVANCED_FACE ( 'NONE', ( #6655 ), #2861, .T. ) ;
#7628 = CARTESIAN_POINT ( 'NONE',  ( -12.36302110900529883, 10.69576421609046513, 0.2640191128163346668 ) ) ;
#7629 = DIRECTION ( 'NONE',  ( 3.056042646409705258E-15, 0.000000000000000000, 1.000000000000000000 ) ) ;
#7630 = CARTESIAN_POINT ( 'NONE',  ( 8.270296309428733394, -3.425668896209614456, -48.35000000204845350 ) ) ;
#7631 = ORIENTED_EDGE ( 'NONE', *, *, #7955, .T. ) ;
#7632 = CARTESIAN_POINT ( 'NONE',  ( 11.25168317507646520, -7.116992890704621821, -29.71035445680387355 ) ) ;
#7633 = CARTESIAN_POINT ( 'NONE',  ( 7.811946201350029817, 27.10667345727595645, -15.12211848670763636 ) ) ;
#7634 = CARTESIAN_POINT ( 'NONE',  ( 17.01063159410725589, 24.79935313936062258, -4.115022987493463624 ) ) ;
#7635 = CARTESIAN_POINT ( 'NONE',  ( -12.51949343849311980, 10.56706552981264302, -0.7679619961844955656 ) ) ;
#7636 = CARTESIAN_POINT ( 'NONE',  ( 0.4489545632836445255, 12.99224537176326066, -29.60000000000000142 ) ) ;
#7637 = CARTESIAN_POINT ( 'NONE',  ( 9.082195121928730686, 0.000000000000000000, -50.78750000409679899 ) ) ;
#7638 = DIRECTION ( 'NONE',  ( 0.8679833099209478542, -0.4965933685609139059, -2.977398879905884978E-15 ) ) ;
#7639 = SHAPE_REPRESENTATION_RELATIONSHIP ( 'NONE' , 'NONE' ,  #2552, #3886 ) ;
#7640 = CARTESIAN_POINT ( 'NONE',  ( -8.270296309429038928, 1.012819190334226073E-15, -41.50625000204840376 ) ) ;
#7641 = FACE_OUTER_BOUND ( 'NONE', #2988, .T. ) ;
#7642 = ORIENTED_EDGE ( 'NONE', *, *, #713, .T. ) ;
#7643 = CARTESIAN_POINT ( 'NONE',  ( 6.422081758775170179, -6.422081758775310512, -40.28749999999999432 ) ) ;
#7644 = CARTESIAN_POINT ( 'NONE',  ( 7.624999999999840128, 31.15000000000000213, 9.644093543285398834E-16 ) ) ;
#7645 = ORIENTED_EDGE ( 'NONE', *, *, #7711, .T. ) ;
#7646 = CARTESIAN_POINT ( 'NONE',  ( 5.847982602819080000, -5.847982602819249642, -48.81875000204840376 ) ) ;
#7647 = DIRECTION ( 'NONE',  ( -1.000000000000000000, 0.000000000000000000, 3.430248998885764992E-15 ) ) ;
#7648 = EDGE_CURVE ( 'NONE', #256, #2845, #6143, .T. ) ;
#7649 = CARTESIAN_POINT ( 'NONE',  ( 15.04417670682405017, 43.70000000000000284, 0.000000000000000000 ) ) ;
#7650 = DIRECTION ( 'NONE',  ( 3.478934956386835029E-15, 0.000000000000000000, 1.000000000000000000 ) ) ;
#7651 = CARTESIAN_POINT ( 'NONE',  ( -1.715124499443544942E-15, 0.5000000000000560663, 0.000000000000000000 ) ) ;
#7652 = ORIENTED_EDGE ( 'NONE', *, *, #2399, .T. ) ;
#7653 = DIRECTION ( 'NONE',  ( 0.003929182435834587851, -0.9999922807328993635, -1.347807411696112726E-17 ) ) ;
#7654 = ORIENTED_EDGE ( 'NONE', *, *, #2701, .F. ) ;
#7655 = CARTESIAN_POINT ( 'NONE',  ( -1.258182144989514306, 8.657496301536122374, -52.07155351415526923 ) ) ;
#7656 = ORIENTED_EDGE ( 'NONE', *, *, #6308, .T. ) ;
#7657 = DIRECTION ( 'NONE',  ( 3.430248998885765387E-15, 0.000000000000000000, 1.000000000000000000 ) ) ;
#7658 = EDGE_CURVE ( 'NONE', #3968, #1148, #1239, .T. ) ;
#7659 = ORIENTED_EDGE ( 'NONE', *, *, #3752, .F. ) ;
#7660 = ORIENTED_EDGE ( 'NONE', *, *, #6346, .T. ) ;
#7661 = CARTESIAN_POINT ( 'NONE',  ( -9.082195121929069970, 1.112248118530191819E-15, -49.85000000000000142 ) ) ;
#7662 = TOROIDAL_SURFACE ( 'NONE', #599, 18.00000000000000000, 0.5000000000000000000 ) ;
#7663 = CARTESIAN_POINT ( 'NONE',  ( 13.65000000000000036, 0.000000000000000000, 0.000000000000000000 ) ) ;
#7664 = AXIS2_PLACEMENT_3D ( 'NONE', #5255, #7760, #3972 ) ;
#7665 = CARTESIAN_POINT ( 'NONE',  ( -11.63038780450360399, -6.146459136217549357, -29.62011156232580333 ) ) ;
#7666 = CARTESIAN_POINT ( 'NONE',  ( 0.05325081228759010604, -3.907547042054134501, -1.012316091093491854 ) ) ;
#7667 = ADVANCED_FACE ( 'NONE', ( #8177 ), #5998, .T. ) ;
#7668 = AXIS2_PLACEMENT_3D ( 'NONE', #2312, #4143, #6233 ) ;
#7669 = AXIS2_PLACEMENT_3D ( 'NONE', #7085, #5208, #7122 ) ;
#7670 = CARTESIAN_POINT ( 'NONE',  ( 8.270296309428733394, 3.425668896209603798, -49.66250000204843218 ) ) ;
#7671 = ORIENTED_EDGE ( 'NONE', *, *, #5395, .T. ) ;
#7672 = CARTESIAN_POINT ( 'NONE',  ( 11.26227038557159688, -7.128056702960879676, -29.72296645208852084 ) ) ;
#7674 = AXIS2_PLACEMENT_3D ( 'NONE', #5898, #2745, #4532 ) ;
#7673 = CARTESIAN_POINT ( 'NONE',  ( 16.98117996038964961, 0.5000000000001120215, 7.340948654830680375 ) ) ;
#7675 = DIRECTION ( 'NONE',  ( -1.000000000000000000, 0.000000000000000000, 3.478934956380105257E-15 ) ) ;
#7676 = CARTESIAN_POINT ( 'NONE',  ( -12.48753736765053368, 10.59525045543345101, -0.6883645950815621140 ) ) ;
#7677 = DIRECTION ( 'NONE',  ( 3.430248998885765387E-15, 0.000000000000000000, 1.000000000000000000 ) ) ;
#7678 = CARTESIAN_POINT ( 'NONE',  ( -1.775166771094454726E-13, 9.082195121928901216, -51.91250000409679899 ) ) ;
#7679 = DIRECTION ( 'NONE',  ( -1.000000000000000000, 0.000000000000000000, 3.430248998885765387E-15 ) ) ;
#7680 = AXIS2_PLACEMENT_3D ( 'NONE', #6375, #3650, #4380 ) ;
#7681 = EDGE_CURVE ( 'NONE', #1641, #7396, #8160, .T. ) ;
#7682 = CARTESIAN_POINT ( 'NONE',  ( -1.328659592997870057E-13, 8.270296309428900372, -38.88125000204845350 ) ) ;
#7683 = DIRECTION ( 'NONE',  ( -1.000000000000000000, -3.428423085967675991E-15, 0.000000000000000000 ) ) ;
#7684 = VERTEX_POINT ( 'NONE', #6911 ) ;
#7685 = CARTESIAN_POINT ( 'NONE',  ( -6.422081758775449956, -6.422081758775310512, -40.66249999999999432 ) ) ;
#7686 = LINE ( 'NONE', #7727, #7039 ) ;
#7687 = EDGE_LOOP ( 'NONE', ( #5241, #4300 ) ) ;
#7688 = CARTESIAN_POINT ( 'NONE',  ( -3.425668896209755232, 8.270296309428905701, -43.66250000204841086 ) ) ;
#7689 = DIRECTION ( 'NONE',  ( 3.430248998885765387E-15, 0.000000000000000000, 1.000000000000000000 ) ) ;
#7690 = CARTESIAN_POINT ( 'NONE',  ( -13.02239769077517728, 7.289274511831525416, -1.675941968006620764 ) ) ;
#7691 = CARTESIAN_POINT ( 'NONE',  ( 8.921570627134731097E-13, 0.000000000000000000, 260.0852191789194876 ) ) ;
#7692 = ADVANCED_FACE ( 'NONE', ( #4306 ), #1083, .T. ) ;
#7693 = VERTEX_POINT ( 'NONE', #6994 ) ;
#7694 = CARTESIAN_POINT ( 'NONE',  ( 9.082195121928741344, 0.000000000000000000, -47.60000000000000142 ) ) ;
#7695 = ORIENTED_EDGE ( 'NONE', *, *, #1207, .F. ) ;
#7696 = CARTESIAN_POINT ( 'NONE',  ( -1.362111191764188600, 8.629456121932314261, -52.07576620975068238 ) ) ;
#7697 = ORIENTED_EDGE ( 'NONE', *, *, #4202, .F. ) ;
#7698 = AXIS2_PLACEMENT_3D ( 'NONE', #2443, #3087, #7049 ) ;
#7699 = EDGE_LOOP ( 'NONE', ( #3481, #4242, #1291, #6846 ) ) ;
#7700 = EDGE_LOOP ( 'NONE', ( #4844, #2627 ) ) ;
#7701 = CARTESIAN_POINT ( 'NONE',  ( -11.00000000000000000, 13.26727404305912117, 1.347111479062081897E-15 ) ) ;
#7702 = EDGE_CURVE ( 'NONE', #7524, #1974, #7544, .T. ) ;
#7703 = FACE_OUTER_BOUND ( 'NONE', #590, .T. ) ;
#7704 = PRESENTATION_LAYER_ASSIGNMENT (  '', '', ( #346 ) ) ;
#7705 = CARTESIAN_POINT ( 'NONE',  ( -12.80115742411527791, 10.27220329678498523, 1.244811368809374263 ) ) ;
#7706 = CARTESIAN_POINT ( 'NONE',  ( 8.270296309428754711, -3.425668896209614456, -40.85000000204846771 ) ) ;
#7707 = ORIENTED_EDGE ( 'NONE', *, *, #1207, .T. ) ;
#7708 = TOROIDAL_SURFACE ( 'NONE', #8123, 10.47000000000000064, 0.5000000000000000000 ) ;
#7709 = DIRECTION ( 'NONE',  ( -1.224646799147351975E-16, -4.200843456763865836E-31, 1.000000000000000000 ) ) ;
#7710 = EDGE_LOOP ( 'NONE', ( #7982, #6306, #7659, #6305 ) ) ;
#7711 = EDGE_CURVE ( 'NONE', #2636, #3770, #5458, .T. ) ;
#7712 = DIRECTION ( 'NONE',  ( 1.000000000000000000, 3.430248998885765387E-15, 0.000000000000000000 ) ) ;
#7713 = CARTESIAN_POINT ( 'NONE',  ( -12.02198864999500394, 5.557532914688837700, -36.53646004081843301 ) ) ;
#7714 = CARTESIAN_POINT ( 'NONE',  ( 3.761968395621562156, 9.082195121928899439, -44.31875000000005826 ) ) ;
#7715 =( BOUNDED_CURVE ( )  B_SPLINE_CURVE ( 1, ( #6489, #2062 ),
 .UNSPECIFIED., .F., .F. ) 
 B_SPLINE_CURVE_WITH_KNOTS ( ( 2, 2 ),
 ( 0.000000000000000000, 1.000000000000000000 ),
 .UNSPECIFIED. ) 
 CURVE ( )  GEOMETRIC_REPRESENTATION_ITEM ( )  RATIONAL_B_SPLINE_CURVE ( ( 0.9660721790910631324, 0.9660721790910631324 ) ) 
 REPRESENTATION_ITEM ( '' )  );
#7716 = CARTESIAN_POINT ( 'NONE',  ( 0.07785658893361806221, 1.307969903969489422, -3.890140783882835240 ) ) ;
#7717 = DIRECTION ( 'NONE',  ( -1.000000000000000000, 0.000000000000000000, 0.000000000000000000 ) ) ;
#7718 = AXIS2_PLACEMENT_3D ( 'NONE', #131, #2733, #4090 ) ;
#7719 = CARTESIAN_POINT ( 'NONE',  ( -4.541081641784090017, 7.865420888639250485, -39.16177410831230077 ) ) ;
#7720 = CARTESIAN_POINT ( 'NONE',  ( 6.422081758775149751, 6.422081758775310512, -47.41250000000000142 ) ) ;
#7721 = CARTESIAN_POINT ( 'NONE',  ( 0.2190318617485615127, -4.491785094295289937, -5.421010862427519803E-15 ) ) ;
#7722 = FACE_OUTER_BOUND ( 'NONE', #6164, .T. ) ;
#7723 = DIRECTION ( 'NONE',  ( -1.000000000000000000, 0.000000000000000000, 0.000000000000000000 ) ) ;
#7724 = CARTESIAN_POINT ( 'NONE',  ( -6.422081758775460614, -6.422081758775310512, -43.66250000000000142 ) ) ;
#7725 = CIRCLE ( 'NONE', #393, 7.625000000000000000 ) ;
#7726 = B_SPLINE_CURVE_WITH_KNOTS ( 'NONE', 3,
 ( #8026, #8230, #7719, #3759 ),
 .UNSPECIFIED., .F., .F.,
 ( 4, 4 ),
 ( 1.457167719820517713E-16, 0.001312499946333436050 ),
 .UNSPECIFIED. ) ;
#7727 = CARTESIAN_POINT ( 'NONE',  ( 10.96999999997961872, 0.000000000000000000, 260.0852191789194876 ) ) ;
#7728 = VERTEX_POINT ( 'NONE', #6391 ) ;
#7729 = CARTESIAN_POINT ( 'NONE',  ( -1.490413748008591959E-13, -8.270296309428900372, -43.00625000204840376 ) ) ;
#7730 = CARTESIAN_POINT ( 'NONE',  ( -0.5909401206153080954, -13.48706008638809983, 260.0852191789194876 ) ) ;
#7731 = CARTESIAN_POINT ( 'NONE',  ( -12.35365587364131734, 6.498184087374816009, -0.1358821400682208858 ) ) ;
#7732 = CARTESIAN_POINT ( 'NONE',  ( -14.68876995059127744, 0.1416697634182464971, -10.99619140497319236 ) ) ;
#7733 = CARTESIAN_POINT ( 'NONE',  ( 1.486731974779611942, -8.372743590742205200, -52.10000000052975366 ) ) ;
#7734 = CARTESIAN_POINT ( 'NONE',  ( 9.082195121929791171, 0.000000000000000000, 260.0852191789194876 ) ) ;
#7735 = ORIENTED_EDGE ( 'NONE', *, *, #7771, .F. ) ;
#7736 = DIRECTION ( 'NONE',  ( 1.000000000000000000, 0.000000000000000000, -3.430248998885764992E-15 ) ) ;
#7737 = ORIENTED_EDGE ( 'NONE', *, *, #1684, .T. ) ;
#7738 = PRODUCT_DEFINITION_CONTEXT ( 'detailed design', #7913, 'design' ) ;
#7739 = CARTESIAN_POINT ( 'NONE',  ( 8.469999999978718108, 0.000000000000000000, -21.00000000000000000 ) ) ;
#7740 = ADVANCED_FACE ( 'NONE', ( #6870 ), #1129, .T. ) ;
#7741 = AXIS2_PLACEMENT_3D ( 'NONE', #464, #6128, #1118 ) ;
#7742 = ORIENTED_EDGE ( 'NONE', *, *, #6727, .F. ) ;
#7743 = EDGE_LOOP ( 'NONE', ( #6524, #6633, #4256, #7823 ) ) ;
#7744 = FACE_OUTER_BOUND ( 'NONE', #2188, .T. ) ;
#7745 = AXIS2_PLACEMENT_3D ( 'NONE', #4728, #7959, #1454 ) ;
#7746 = CARTESIAN_POINT ( 'NONE',  ( 14.75797698918888834, 0.2814936599954097063, 11.07424958535811754 ) ) ;
#7747 = TOROIDAL_SURFACE ( 'NONE', #3809, 10.46999999997877850, 0.5000000000000000000 ) ;
#7748 = CARTESIAN_POINT ( 'NONE',  ( -11.97560671748799876, -6.231760886624151397, -29.97411949828639877 ) ) ;
#7749 = CARTESIAN_POINT ( 'NONE',  ( -15.54417670682435038, 44.20000000000000284, 0.000000000000000000 ) ) ;
#7750 = EDGE_CURVE ( 'NONE', #8205, #4145, #7485, .T. ) ;
#7751 = AXIS2_PLACEMENT_3D ( 'NONE', #2696, #97, #18 ) ;
#7752 = AXIS2_PLACEMENT_3D ( 'NONE', #3870, #3, #4644 ) ;
#7753 = CARTESIAN_POINT ( 'NONE',  ( 5.847982602819110198, -5.847982602819249642, -42.44375000204845350 ) ) ;
#7754 = VERTEX_POINT ( 'NONE', #6273 ) ;
#7755 = CARTESIAN_POINT ( 'NONE',  ( -11.38466659687097504, 7.255299199762686335, -30.03745251881546352 ) ) ;
#7756 = CIRCLE ( 'NONE', #1241, 2.525000000000000355 ) ;
#7757 = ORIENTED_EDGE ( 'NONE', *, *, #4052, .F. ) ;
#7758 = DIRECTION ( 'NONE',  ( 1.000000000000000000, 3.571186321298530749E-15, 0.000000000000000000 ) ) ;
#7759 = CARTESIAN_POINT ( 'NONE',  ( 9.082195121928759107, 3.761968395621714034, -43.00625000000007248 ) ) ;
#7760 = DIRECTION ( 'NONE',  ( 0.000000000000000000, -1.000000000000000000, 0.000000000000000000 ) ) ;
#7761 = VECTOR ( 'NONE', #3114, 1000.000000000000000 ) ;
#7762 = LINE ( 'NONE', #99, #3810 ) ;
#7763 = CARTESIAN_POINT ( 'NONE',  ( -3.831104650356972119, -7.364808720910556161, -52.10000000000002274 ) ) ;
#7764 = EDGE_CURVE ( 'NONE', #6475, #2174, #7150, .T. ) ;
#7765 = CARTESIAN_POINT ( 'NONE',  ( 3.761968395621561712, 9.082195121928897663, -46.00625000409680609 ) ) ;
#7766 = CARTESIAN_POINT ( 'NONE',  ( 5.847982602819069342, 5.847982602819249642, -52.56875000204840376 ) ) ;
#7767 = DIRECTION ( 'NONE',  ( 0.000000000000000000, 0.000000000000000000, 1.000000000000000000 ) ) ;
#7768 = CARTESIAN_POINT ( 'NONE',  ( -16.98117996039130162, 20.00000000000000000, -7.340948654826919828 ) ) ;
#7769 =( BOUNDED_CURVE ( )  B_SPLINE_CURVE ( 2, ( #7512, #4964, #2322, #3680, #5003, #2359, #1681, #1726, #6967 ),
 .UNSPECIFIED., .F., .F. ) 
 B_SPLINE_CURVE_WITH_KNOTS ( ( 3, 2, 2, 2, 3 ),
 ( 0.6500000000000000222, 0.6624999999999999778, 0.6750000000000000444, 0.6875000000000000000, 0.6999999999999999556 ),
 .UNSPECIFIED. ) 
 CURVE ( )  GEOMETRIC_REPRESENTATION_ITEM ( )  RATIONAL_B_SPLINE_CURVE ( ( 1.000000000000000000, 0.9238795325112889589, 1.000000000000000000, 0.9238795325112869605, 1.000000000000000000, 0.9238795325112869605, 1.000000000000000000, 0.9238795325112869605, 1.000000000000000000 ) ) 
 REPRESENTATION_ITEM ( '' )  );
#7770 = CARTESIAN_POINT ( 'NONE',  ( -9.082195121929069970, 1.112248118530191819E-15, -48.34999999999999432 ) ) ;
#7771 = EDGE_CURVE ( 'NONE', #979, #1592, #479, .T. ) ;
#7772 = DIRECTION ( 'NONE',  ( -3.430248998885765387E-15, 0.000000000000000000, -1.000000000000000000 ) ) ;
#7773 = DIRECTION ( 'NONE',  ( -3.416070845000485304E-15, 1.000000000000000000, 0.000000000000000000 ) ) ;
#7774 = CARTESIAN_POINT ( 'NONE',  ( 3.216460448938450067, 3.472439517792447194, -1.765558328973497959 ) ) ;
#7775 = VERTEX_POINT ( 'NONE', #395 ) ;
#7776 = CARTESIAN_POINT ( 'NONE',  ( 8.270296309428754711, -3.425668896209614456, -42.72500000204845350 ) ) ;
#7777 = DIRECTION ( 'NONE',  ( 0.000000000000000000, 0.000000000000000000, -1.000000000000000000 ) ) ;
#7778 = DIRECTION ( 'NONE',  ( -1.000000000000000000, 0.000000000000000000, 0.000000000000000000 ) ) ;
#7779 = CARTESIAN_POINT ( 'NONE',  ( 1.639829176630759940E-12, -478.0496043183500205, 0.000000000000000000 ) ) ;
#7780 = CARTESIAN_POINT ( 'NONE',  ( 0.5510377174497140818, -12.98831618932742238, -29.60000000000000142 ) ) ;
#7781 = ADVANCED_FACE ( 'NONE', ( #4351 ), #6957, .T. ) ;
#7782 = CARTESIAN_POINT ( 'NONE',  ( -0.3264686583004711151, -8.411134493493269915, -52.09998035788463255 ) ) ;
#7783 = FACE_OUTER_BOUND ( 'NONE', #7743, .T. ) ;
#7784 = VERTEX_POINT ( 'NONE', #6351 ) ;
#7785 = CARTESIAN_POINT ( 'NONE',  ( -2.270653169668447990, 8.356075348690515270, -52.09405658037793074 ) ) ;
#7786 = EDGE_LOOP ( 'NONE', ( #5457, #5101 ) ) ;
#7787 = CARTESIAN_POINT ( 'NONE',  ( 9.082195121928716475, 3.761968395621730021, -50.69375000409680609 ) ) ;
#7788 = EDGE_LOOP ( 'NONE', ( #1710, #3058, #6893, #2551 ) ) ;
#7789 = DIRECTION ( 'NONE',  ( 3.430248998885765387E-15, 0.000000000000000000, 1.000000000000000000 ) ) ;
#7790 = ADVANCED_FACE ( 'NONE', ( #2992 ), #962, .T. ) ;
#7791 = FACE_OUTER_BOUND ( 'NONE', #4472, .T. ) ;
#7792 = CARTESIAN_POINT ( 'NONE',  ( 3.761968395621545724, -9.082195121928899439, -50.88125000000009379 ) ) ;
#7793 = CARTESIAN_POINT ( 'NONE',  ( -11.82254254551912354, -6.193889352306666041, -29.73979636420569861 ) ) ;
#7794 = CARTESIAN_POINT ( 'NONE',  ( -8.270296309429038928, 1.012819190334226073E-15, -40.00625000204840376 ) ) ;
#7795 = VERTEX_POINT ( 'NONE', #517 ) ;
#7796 = CARTESIAN_POINT ( 'NONE',  ( -11.31832126515431902, 7.186402500317536024, -29.80917351824780681 ) ) ;
#7797 = CIRCLE ( 'NONE', #3576, 8.355999999999999872 ) ;
#7798 = ORIENTED_EDGE ( 'NONE', *, *, #5895, .T. ) ;
#7799 = DIRECTION ( 'NONE',  ( 1.000000000000000000, 0.000000000000000000, -3.430248998885765387E-15 ) ) ;
#7800 = CARTESIAN_POINT ( 'NONE',  ( -12.02420802010279566, 6.137460508166109996, -36.19249147558773672 ) ) ;
#7801 = DIRECTION ( 'NONE',  ( 0.002571354084719700093, 8.820384774885508391E-18, -0.9999966940636210166 ) ) ;
#7802 = AXIS2_PLACEMENT_3D ( 'NONE', #7904, #5955, #7395 ) ;
#7803 = DIRECTION ( 'NONE',  ( 1.000000000000000000, 0.000000000000000000, -3.546053166959957190E-15 ) ) ;
#7804 = CARTESIAN_POINT ( 'NONE',  ( -4.299999999998954436, 5.265981236333430130E-16, 260.0852191789194876 ) ) ;
#7805 = VECTOR ( 'NONE', #1703, 1000.000000000000000 ) ;
#7806 = CARTESIAN_POINT ( 'NONE',  ( 9.082195121928746673, -3.761968395621719363, -44.88125000409685583 ) ) ;
#7807 = DIRECTION ( 'NONE',  ( 1.000000000000000000, 0.000000000000000000, 1.224646799147353454E-16 ) ) ;
#7808 = ITEM_DEFINED_TRANSFORMATION ( 'NONE', 'NONE', #3793,  #3519 ) ;
#7809 = DIRECTION ( 'NONE',  ( 0.8647368637171916061, 2.966262761065513735E-15, 0.5022252049913018546 ) ) ;
#7810 = LINE ( 'NONE', #1987, #7262 ) ;
#7811 = DIRECTION ( 'NONE',  ( 0.000000000000000000, 1.000000000000000000, 0.000000000000000000 ) ) ;
#7812 = DIRECTION ( 'NONE',  ( 3.000602769257185084E-15, -1.000000000000000000, 0.000000000000000000 ) ) ;
#7813 = ADVANCED_FACE ( 'NONE', ( #5071 ), #1838, .F. ) ;
#7814 = CARTESIAN_POINT ( 'NONE',  ( -9.501789726913619429E-14, 0.000000000000000000, -27.69999999999999929 ) ) ;
#7815 = VERTEX_POINT ( 'NONE', #5755 ) ;
#7816 = CARTESIAN_POINT ( 'NONE',  ( -5.847982602819399744, 5.847982602819249642, -43.56875000204840376 ) ) ;
#7817 = CARTESIAN_POINT ( 'NONE',  ( -4.841076364366743157, 6.993320402172188643, -52.09999991710242284 ) ) ;
#7818 = CARTESIAN_POINT ( 'NONE',  ( -2.433557439095520802, 9.082195121928899439, -39.66435461813539831 ) ) ;
#7819 = FILL_AREA_STYLE ('',( #7141 ) ) ;
#7820 = FACE_OUTER_BOUND ( 'NONE', #3611, .T. ) ;
#7821 = CARTESIAN_POINT ( 'NONE',  ( -5.847982602819429943, -5.847982602819249642, -51.81875000204839665 ) ) ;
#7822 = DIRECTION ( 'NONE',  ( 5.060269027461990574E-15, 0.000000000000000000, 1.000000000000000000 ) ) ;
#7823 = ORIENTED_EDGE ( 'NONE', *, *, #7132, .T. ) ;
#7824 = CARTESIAN_POINT ( 'NONE',  ( 3.761968395621539951, -9.082195121928897663, -52.38125000000005116 ) ) ;
#7825 = CARTESIAN_POINT ( 'NONE',  ( -1.249623035584842112, 8.659825007811070563, -52.07117300348011213 ) ) ;
#7826 = ORIENTED_EDGE ( 'NONE', *, *, #5885, .F. ) ;
#7827 = EDGE_CURVE ( 'NONE', #3732, #3601, #7886, .T. ) ;
#7828 = CARTESIAN_POINT ( 'NONE',  ( -14.61432380341240034, 0.02065269097017399802, 10.77385929586166213 ) ) ;
#7829 = EDGE_CURVE ( 'NONE', #5505, #4803, #4517, .T. ) ;
#7830 = VERTEX_POINT ( 'NONE', #1285 ) ;
#7831 = DIRECTION ( 'NONE',  ( 3.571186321298529960E-15, -1.000000000000000000, 0.000000000000000000 ) ) ;
#7832 = DIRECTION ( 'NONE',  ( 1.224646799147350002E-16, 4.200843456763865836E-31, 1.000000000000000000 ) ) ;
#7833 = DIRECTION ( 'NONE',  ( 3.276927463482695315E-15, 0.000000000000000000, 1.000000000000000000 ) ) ;
#7834 = CARTESIAN_POINT ( 'NONE',  ( -5.847982602819399744, -5.847982602819249642, -42.81875000204840376 ) ) ;
#7835 = EDGE_CURVE ( 'NONE', #2252, #7830, #1909, .T. ) ;
#7836 = DIRECTION ( 'NONE',  ( -3.430248998885765387E-15, 0.000000000000000000, -1.000000000000000000 ) ) ;
#7837 = CARTESIAN_POINT ( 'NONE',  ( 8.270296309428749382, 0.000000000000000000, -45.25625000204849613 ) ) ;
#7838 = ORIENTED_EDGE ( 'NONE', *, *, #8130, .F. ) ;
#7839 = CARTESIAN_POINT ( 'NONE',  ( -1.360054986107123922E-13, -9.082195121928901216, -39.16250000409679899 ) ) ;
#7840 = ORIENTED_EDGE ( 'NONE', *, *, #3782, .T. ) ;
#7841 = CARTESIAN_POINT ( 'NONE',  ( 5.847982602819069342, -5.847982602819249642, -51.81875000204839665 ) ) ;
#7842 = CARTESIAN_POINT ( 'NONE',  ( -12.02216412530508549, 5.616127107656758710, -36.52132168476028085 ) ) ;
#7843 = CARTESIAN_POINT ( 'NONE',  ( -2.145917029007143206, 0.06388759717505337887, 18.11993046585043388 ) ) ;
#7844 = CARTESIAN_POINT ( 'NONE',  ( 7.771045115430361250, -4.127978567983016767, -52.05198867080145675 ) ) ;
#7845 = EDGE_CURVE ( 'NONE', #3869, #256, #6559, .T. ) ;
#7846 = CARTESIAN_POINT ( 'NONE',  ( -1.032504948664619993E-13, 0.000000000000000000, -30.09999999999999787 ) ) ;
#7847 = CARTESIAN_POINT ( 'NONE',  ( -3.761968395621881012, 9.082195121928897663, -47.31875000409679188 ) ) ;
#7848 = CARTESIAN_POINT ( 'NONE',  ( 3.200000000000006395, 0.2089857151974683080, -3.889999999999993907 ) ) ;
#7849 = CARTESIAN_POINT ( 'NONE',  ( 7.741641086294418272, 4.539237655624307699, -51.91031788505333111 ) ) ;
#7850 = CARTESIAN_POINT ( 'NONE',  ( 0.02538396842073496404, 0.7460330392290154267, 3.889913228049460603 ) ) ;
#7851 = CARTESIAN_POINT ( 'NONE',  ( 0.05325081228768208108, -2.830464972573663474, 2.877876959355349484 ) ) ;
#7852 = CARTESIAN_POINT ( 'NONE',  ( 12.02373063106660034, -6.016945432908680225, -30.09999999999999787 ) ) ;
#7853 = CIRCLE ( 'NONE', #4736, 9.082195121928901216 ) ;
#7854 = CARTESIAN_POINT ( 'NONE',  ( 13.65000000000000036, 0.000000000000000000, 2.250000000000000000 ) ) ;
#7855 = ORIENTED_EDGE ( 'NONE', *, *, #7963, .T. ) ;
#7856 = CARTESIAN_POINT ( 'NONE',  ( 8.270296309428749382, 0.000000000000000000, -45.63125000204849613 ) ) ;
#7857 = CARTESIAN_POINT ( 'NONE',  ( -4.407649110458420338, 7.306055935587841610, -52.09998523329409181 ) ) ;
#7858 = CARTESIAN_POINT ( 'NONE',  ( -1.357105174214723882E-13, 9.082195121928901216, -39.72500000000000142 ) ) ;
#7859 = CARTESIAN_POINT ( 'NONE',  ( -9.500000000000000000, 1.163414459189973849E-15, -27.69999999999999929 ) ) ;
#7860 = ADVANCED_FACE ( 'NONE', ( #5841 ), #645, .T. ) ;
#7861 = CARTESIAN_POINT ( 'NONE',  ( -8.270296309429079784, -3.425668896209603798, -51.91250000204844639 ) ) ;
#7862 = CARTESIAN_POINT ( 'NONE',  ( -16.98943153717257815, 24.89154518287195472, -4.131697320524401640 ) ) ;
#7863 = ORIENTED_EDGE ( 'NONE', *, *, #2977, .T. ) ;
#7864 = CARTESIAN_POINT ( 'NONE',  ( -6.422081758775489924, -6.422081758775310512, -51.16250000000000142 ) ) ;
#7865 = CARTESIAN_POINT ( 'NONE',  ( 12.39357165398718941, 24.44366884030368325, -12.46117326377444989 ) ) ;
#7866 = ORIENTED_EDGE ( 'NONE', *, *, #3762, .T. ) ;
#7867 = CARTESIAN_POINT ( 'NONE',  ( -14.56419841786850711, 6.224421612898226042E-15, 10.71850970767768096 ) ) ;
#7868 = EDGE_CURVE ( 'NONE', #2694, #7084, #6394, .T. ) ;
#7869 = ORIENTED_EDGE ( 'NONE', *, *, #7097, .T. ) ;
#7870 = CARTESIAN_POINT ( 'NONE',  ( -4.038171779460984823, -16.24066228557660096, -36.60000000000000142 ) ) ;
#7871 = CARTESIAN_POINT ( 'NONE',  ( -0.5345760577052506290, -13.29220886800109369, -29.70198376199458679 ) ) ;
#7872 = CARTESIAN_POINT ( 'NONE',  ( -1.765253148959974847E-13, -9.082195121928901216, -50.97500000000000142 ) ) ;
#7873 = TOROIDAL_SURFACE ( 'NONE', #7741, 11.46999999997873942, 0.5000000000000000000 ) ;
#7874 = CARTESIAN_POINT ( 'NONE',  ( -3.425668896209749903, 8.270296309428895043, -41.78750000204843218 ) ) ;
#7875 = DIRECTION ( 'NONE',  ( 1.000000000000000000, 3.469446951953614189E-15, 0.000000000000000000 ) ) ;
#7876 = CARTESIAN_POINT ( 'NONE',  ( 5.847982602819100428, -5.847982602819249642, -45.44375000204840376 ) ) ;
#7877 = ORIENTED_EDGE ( 'NONE', *, *, #4288, .T. ) ;
#7878 = ADVANCED_FACE ( 'NONE', ( #7156 ), #4904, .T. ) ;
#7879 = AXIS2_PLACEMENT_3D ( 'NONE', #6565, #7154, #5152 ) ;
#7880 = DIRECTION ( 'NONE',  ( -1.000000000000000000, 4.529709940470639316E-14, 3.469446951953614189E-15 ) ) ;
#7881 = ORIENTED_EDGE ( 'NONE', *, *, #1396, .T. ) ;
#7882 = CARTESIAN_POINT ( 'NONE',  ( -5.847982602819420173, 5.847982602819249642, -49.56875000204840376 ) ) ;
#7883 = CARTESIAN_POINT ( 'NONE',  ( -12.02262569747168364, 5.756365695142746652, -36.47731975980539687 ) ) ;
#7884 = DIRECTION ( 'NONE',  ( 0.8640541274851137876, 0.5033989121719858462, -2.963920805788924904E-15 ) ) ;
#7885 = CARTESIAN_POINT ( 'NONE',  ( -13.48383344964354080, 17.19173968106279915, 0.000000000000000000 ) ) ;
#7886 = CIRCLE ( 'NONE', #5318, 8.469999999978789162 ) ;
#7887 = CIRCLE ( 'NONE', #5320, 18.00000000000000000 ) ;
#7888 = CARTESIAN_POINT ( 'NONE',  ( -6.422081758775460614, 6.422081758775310512, -44.22500000409679899 ) ) ;
#7889 = LINE ( 'NONE', #8401, #5454 ) ;
#7890 = AXIS2_PLACEMENT_3D ( 'NONE', #519, #5073, #2993 ) ;
#7891 = DIRECTION ( 'NONE',  ( 1.000000000000000000, 3.000602769257179956E-15, 0.000000000000000000 ) ) ;
#7892 = CARTESIAN_POINT ( 'NONE',  ( -3.761968395621886785, 9.082195121928899439, -50.13125000000005116 ) ) ;
#7893 = AXIS2_PLACEMENT_3D ( 'NONE', #850, #3437, #208 ) ;
#7894 = DIRECTION ( 'NONE',  ( -1.000000000000000000, 0.000000000000000000, 3.287536593766363532E-15 ) ) ;
#7895 = DIRECTION ( 'NONE',  ( 1.000000000000000000, 3.571186321298530749E-15, 0.000000000000000000 ) ) ;
#7896 = DIRECTION ( 'NONE',  ( 4.111937128241355347E-15, 0.000000000000000000, 1.000000000000000000 ) ) ;
#7897 = VERTEX_POINT ( 'NONE', #5800 ) ;
#7898 = CARTESIAN_POINT ( 'NONE',  ( 3.425668896209474124, -8.270296309428895043, -39.91250000204843928 ) ) ;
#7899 = CARTESIAN_POINT ( 'NONE',  ( -6.999976858445339900, 8.599999999999999645, -0.01799947859302879899 ) ) ;
#7900 = CARTESIAN_POINT ( 'NONE',  ( 3.149999999999999911, 0.6256996084384610635, 3.889999999999999680 ) ) ;
#7901 = DIRECTION ( 'NONE',  ( -3.202566417187980019E-15, 0.000000000000000000, -1.000000000000000000 ) ) ;
#7902 = CARTESIAN_POINT ( 'NONE',  ( 16.87251169778767235, 0.1467623611286367202, -7.223800684956366069 ) ) ;
#7903 = CARTESIAN_POINT ( 'NONE',  ( -8.270296309429081560, 1.012819190334226073E-15, -52.00625000204839665 ) ) ;
#7904 = CARTESIAN_POINT ( 'NONE',  ( -1.255471133592191740E-13, 0.000000000000000000, -36.60000000000000142 ) ) ;
#7905 = ORIENTED_EDGE ( 'NONE', *, *, #292, .F. ) ;
#7906 = CARTESIAN_POINT ( 'NONE',  ( -8.270296309429035375, 3.425668896209609571, -40.47500000204838244 ) ) ;
#7907 = ORIENTED_EDGE ( 'NONE', *, *, #2926, .T. ) ;
#7908 = EDGE_CURVE ( 'NONE', #847, #2803, #559, .T. ) ;
#7909 = CARTESIAN_POINT ( 'NONE',  ( -3.523073222056484877, 7.825728603963339580, -52.10000000000000142 ) ) ;
#7910 = ORIENTED_EDGE ( 'NONE', *, *, #71, .T. ) ;
#7911 = CARTESIAN_POINT ( 'NONE',  ( -1.227919637555399346, 13.17276374935948269, -36.54418751732217174 ) ) ;
#7912 = FACE_OUTER_BOUND ( 'NONE', #8114, .T. ) ;
#7913 = APPLICATION_CONTEXT ( 'automotive_design' ) ;
#7914 = DIRECTION ( 'NONE',  ( -1.000000000000000000, 0.000000000000000000, 0.000000000000000000 ) ) ;
#7915 = ADVANCED_FACE ( 'NONE', ( #7703 ), #1878, .T. ) ;
#7916 = CARTESIAN_POINT ( 'NONE',  ( 3.425668896209462577, 8.270296309428895043, -41.97500000204840376 ) ) ;
#7917 = DIRECTION ( 'NONE',  ( 3.430248998885765387E-15, -1.000000000000000000, 0.000000000000000000 ) ) ;
#7918 = EDGE_CURVE ( 'NONE', #7976, #1826, #5154, .T. ) ;
#7919 = CARTESIAN_POINT ( 'NONE',  ( -4.135136671136153907, 7.162293330824939019, -38.75552401234351407 ) ) ;
#7920 = ORIENTED_EDGE ( 'NONE', *, *, #4685, .T. ) ;
#7921 = CARTESIAN_POINT ( 'NONE',  ( -9.082195121929133919, 3.761968395621640315, -45.63125000409671372 ) ) ;
#7922 = CARTESIAN_POINT ( 'NONE',  ( -4.541080749963949614, 7.865421403529318845, -38.28677414409050073 ) ) ;
#7923 = CARTESIAN_POINT ( 'NONE',  ( 3.183333333333543180, 0.4158012297868878271, 3.889999999999993463 ) ) ;
#7924 = CARTESIAN_POINT ( 'NONE',  ( -0.2993611916178234855, 0.5000000000000490719, 19.19619014831544845 ) ) ;
#7925 = ADVANCED_FACE ( 'NONE', ( #47 ), #6138, .T. ) ;
#7926 = CARTESIAN_POINT ( 'NONE',  ( 8.879333558689591399, -0.7728781348439249799, -52.00254662015171903 ) ) ;
#7927 = EDGE_CURVE ( 'NONE', #7282, #3261, #897, .T. ) ;
#7928 = CARTESIAN_POINT ( 'NONE',  ( 9.082195121928752002, 0.000000000000000000, -43.28750000409684873 ) ) ;
#7929 = AXIS2_PLACEMENT_3D ( 'NONE', #8061, #233, #4876 ) ;
#7930 = CARTESIAN_POINT ( 'NONE',  ( 5.847982602819069342, -5.847982602819249642, -51.44375000204840376 ) ) ;
#7931 = DIRECTION ( 'NONE',  ( 6.112085292819410516E-15, 0.000000000000000000, 1.000000000000000000 ) ) ;
#7932 = CARTESIAN_POINT ( 'NONE',  ( 6.125832783354493216, 6.605285211950698177, -51.86136234932924083 ) ) ;
#7933 = CARTESIAN_POINT ( 'NONE',  ( -1.015353703670189902E-13, 0.000000000000000000, -29.60000000000000142 ) ) ;
#7934 = CARTESIAN_POINT ( 'NONE',  ( 0.1486729132422499045, -2.439202169425305211, 3.555177912623141534 ) ) ;
#7935 = CARTESIAN_POINT ( 'NONE',  ( 3.149999999999999911, -2.245892547147640528, 3.889999999999999680 ) ) ;
#7936 = VECTOR ( 'NONE', #5218, 1000.000000000000000 ) ;
#7937 = VECTOR ( 'NONE', #7717, 1000.000000000000000 ) ;
#7938 = AXIS2_PLACEMENT_3D ( 'NONE', #4297, #2173, #4982 ) ;
#7939 = CARTESIAN_POINT ( 'NONE',  ( 9.082195121928752002, 0.000000000000000000, -43.10000000000000142 ) ) ;
#7940 = EDGE_LOOP ( 'NONE', ( #7907, #297, #2125, #6602 ) ) ;
#7941 = CARTESIAN_POINT ( 'NONE',  ( -1.387506278042019743E-13, -8.270296309428900372, -40.00625000204840376 ) ) ;
#7942 = LINE ( 'NONE', #3428, #6949 ) ;
#7943 = CIRCLE ( 'NONE', #8213, 13.00000000000000000 ) ;
#7944 = CARTESIAN_POINT ( 'NONE',  ( -11.00000000000000000, 13.76727404305911939, 0.000000000000000000 ) ) ;
#7945 = CIRCLE ( 'NONE', #6453, 13.50000000000000000 ) ;
#7946 = DIRECTION ( 'NONE',  ( 1.000000000000000000, 0.000000000000000000, -3.056042646409698552E-15 ) ) ;
#7947 = CARTESIAN_POINT ( 'NONE',  ( -5.566829143620224407, 7.277334373930580469, -51.56764154726693050 ) ) ;
#7948 = CARTESIAN_POINT ( 'NONE',  ( -8.747134947158739345E-14, 0.000000000000000000, -25.50000000000000000 ) ) ;
#7949 = CARTESIAN_POINT ( 'NONE',  ( -8.270296309429069126, 3.425668896209608683, -47.97500000204838244 ) ) ;
#7950 = ORIENTED_EDGE ( 'NONE', *, *, #4454, .T. ) ;
#7951 = CARTESIAN_POINT ( 'NONE',  ( 3.761968395621534622, 9.082195121928897663, -53.31875000000001563 ) ) ;
#7952 = VERTEX_POINT ( 'NONE', #1497 ) ;
#7953 = VECTOR ( 'NONE', #1824, 1000.000000000000000 ) ;
#7954 = CARTESIAN_POINT ( 'NONE',  ( -14.84803800315167877, 0.3747372800967256889, 11.03565890452235010 ) ) ;
#7955 = EDGE_CURVE ( 'NONE', #6428, #7498, #4892, .T. ) ;
#7956 = VERTEX_POINT ( 'NONE', #1455 ) ;
#7957 = TOROIDAL_SURFACE ( 'NONE', #7551, 13.00000000000000000, 0.5000000000000000000 ) ;
#7958 = CARTESIAN_POINT ( 'NONE',  ( -11.40298292711421269, 25.67290309383290392, 13.03646034783846375 ) ) ;
#7959 = DIRECTION ( 'NONE',  ( 3.469446951953650082E-15, -1.000000000000000000, 0.000000000000000000 ) ) ;
#7960 = CARTESIAN_POINT ( 'NONE',  ( 10.96999999997865949, 0.000000000000000000, -28.19999999999999929 ) ) ;
#7961 = DIRECTION ( 'NONE',  ( 0.000000000000000000, 1.000000000000000000, 0.000000000000000000 ) ) ;
#7962 = DIRECTION ( 'NONE',  ( -0.7052862216263651174, 8.659560562355111584E-17, -0.7089226654466661559 ) ) ;
#7963 = EDGE_CURVE ( 'NONE', #1738, #1027, #1087, .T. ) ;
#7964 = ORIENTED_EDGE ( 'NONE', *, *, #483, .T. ) ;
#7965 = FACE_OUTER_BOUND ( 'NONE', #2540, .T. ) ;
#7966 = CARTESIAN_POINT ( 'NONE',  ( -3.425668896209776548, -8.270296309428895043, -49.10000000204843218 ) ) ;
#7967 = DIRECTION ( 'NONE',  ( -0.8673082178019103639, -2.975083145840401570E-15, 0.4977714890723192176 ) ) ;
#7968 = LINE ( 'NONE', #4223, #965 ) ;
#7969 = CONICAL_SURFACE ( 'NONE', #1053, 2.250000000000000000, 0.7853981633974476129 ) ;
#7970 = CARTESIAN_POINT ( 'NONE',  ( 9.082195121928767989, 3.761968395621714034, -40.19375000409687004 ) ) ;
#7971 = CARTESIAN_POINT ( 'NONE',  ( 8.270296309428740500, 0.000000000000000000, -46.75625000204840376 ) ) ;
#7972 = ADVANCED_FACE ( 'NONE', ( #7325 ), #4813, .T. ) ;
#7973 =( BOUNDED_CURVE ( )  B_SPLINE_CURVE ( 2, ( #6057, #219, #176, #2738, #1503, #4173, #945, #7921, #3531 ),
 .UNSPECIFIED., .F., .F. ) 
 B_SPLINE_CURVE_WITH_KNOTS ( ( 3, 2, 2, 2, 3 ),
 ( 0.4000000000000000222, 0.4124999999999999778, 0.4249999999999999889, 0.4375000000000000000, 0.4500000000000000111 ),
 .UNSPECIFIED. ) 
 CURVE ( )  GEOMETRIC_REPRESENTATION_ITEM ( )  RATIONAL_B_SPLINE_CURVE ( ( 1.000000000000000000, 0.9238795325112849621, 1.000000000000000000, 0.9238795325112869605, 1.000000000000000000, 0.9238795325112869605, 1.000000000000000000, 0.9238795325112849621, 1.000000000000000000 ) ) 
 REPRESENTATION_ITEM ( '' )  );
#7974 = SURFACE_STYLE_FILL_AREA ( #4784 ) ;
#7975 = FACE_OUTER_BOUND ( 'NONE', #4228, .T. ) ;
#7976 = VERTEX_POINT ( 'NONE', #4086 ) ;
#7977 = DIRECTION ( 'NONE',  ( -3.430248998885765387E-15, 1.000000000000000000, 0.000000000000000000 ) ) ;
#7978 = CARTESIAN_POINT ( 'NONE',  ( 0.000000000000000000, -3.368838820721465233, 1.944999999999999840 ) ) ;
#7979 = B_SPLINE_CURVE_WITH_KNOTS ( 'NONE', 3,
 ( #81, #4637, #361, #1636, #4149, #2959, #6106, #2831, #2680, #1002, #7865, #5563, #8141, #5430, #5278, #2317, #7233, #1406, #3993, #2192, #6604, #4789, #3675, #5681, #1677, #8264, #4404, #6881, #2437, #6281, #1049, #6922, #7004, #8186, #1093, #1762, #5039, #3081, #3797, #7633, #4318, #1805, #1175, #6401, #3755, #446, #6359, #5765, #2479, #3042, #5645, #7043, #523, #3120, #5123, #4271, #8225, #5725, #2396, #4998, #7591, #8306, #5078, #4360, #8354, #6964, #3714 ),
 .UNSPECIFIED., .F., .F.,
 ( 4, 2, 2, 1, 1, 1, 1, 1, 2, 2, 2, 1, 1, 1, 1, 1, 2, 2, 2, 2, 1, 1, 2, 2, 2, 2, 2, 1, 1, 2, 1, 1, 1, 1, 2, 2, 2, 1, 1, 1, 1, 1, 2, 2, 4 ),
 ( 0.000000000000000000, 0.1250000000000085210, 0.1875000000000131006, 0.2187500000000151545, 0.2343750000000164591, 0.2421875000000173195, 0.2460937500000177913, 0.2480468750000180411, 0.2490234375000180966, 0.2500000000000181521, 0.3125000000000334177, 0.3437500000000410227, 0.3593750000000447975, 0.3671875000000467404, 0.3710937500000476841, 0.3730468750000481282, 0.3740234375000481837, 0.3750000000000482947, 0.4375000000000410227, 0.4687500000000373035, 0.4843750000000355826, 0.4921875000000348055, 0.4960937500000345834, 0.5000000000000343059, 0.5312500000000321965, 0.5390625000000317524, 0.5429687500000315303, 0.5468750000000314193, 0.5625000000000308642, 0.5937500000000296430, 0.6093750000000289768, 0.6171875000000287548, 0.6210937500000285327, 0.6230468750000284217, 0.6240234375000280886, 0.6250000000000278666, 0.6875000000000180966, 0.7187500000000132117, 0.7343750000000107692, 0.7421875000000095479, 0.7460937500000089928, 0.7480468750000085487, 0.7490234375000081046, 0.7500000000000075495, 1.000000000000000000 ),
 .UNSPECIFIED. ) ;
#7980 = CARTESIAN_POINT ( 'NONE',  ( -12.59575252057867800, 6.699954614433107025, 0.8641897925911200540 ) ) ;
#7981 = CARTESIAN_POINT ( 'NONE',  ( 0.04850490062299541577, -1.028031620946339375, -3.889977089149680101 ) ) ;
#7982 = ORIENTED_EDGE ( 'NONE', *, *, #553, .T. ) ;
#7983 = CARTESIAN_POINT ( 'NONE',  ( 14.84803800315452449, 0.4376547363577948935, -11.03565890451970333 ) ) ;
#7984 = CARTESIAN_POINT ( 'NONE',  ( -10.55333333331173939, 1.292410588697519967E-15, -23.46503324295805015 ) ) ;
#7985 = CARTESIAN_POINT ( 'NONE',  ( -6.354901540443149699, 7.782509830400069380E-16, -51.60000000000000142 ) ) ;
#7986 = CARTESIAN_POINT ( 'NONE',  ( 0.5909401206152423702, 13.48706008638825615, -36.17909301920517606 ) ) ;
#7987 = DIRECTION ( 'NONE',  ( 3.430248998885765387E-15, 0.000000000000000000, 1.000000000000000000 ) ) ;
#7988 = CARTESIAN_POINT ( 'NONE',  ( -11.11165212068270769, 7.414653512536121482, -36.44932857640841206 ) ) ;
#7989 = CARTESIAN_POINT ( 'NONE',  ( -1.747682422925024772E-13, -8.270296309428900372, -50.50625000204840376 ) ) ;
#7990 = VERTEX_POINT ( 'NONE', #7960 ) ;
#7991 = CARTESIAN_POINT ( 'NONE',  ( 9.082195121928723580, 3.761968395621714034, -50.50625000000012932 ) ) ;
#7992 = VECTOR ( 'NONE', #4233, 1000.000000000000227 ) ;
#7993 = ORIENTED_EDGE ( 'NONE', *, *, #344, .F. ) ;
#7994 = CARTESIAN_POINT ( 'NONE',  ( -7.285838599102588534E-14, 0.000000000000000000, -21.00000000000000000 ) ) ;
#7995 = CARTESIAN_POINT ( 'NONE',  ( 3.042436931914655140, -8.024814678619119235, -52.10000000000000142 ) ) ;
#7996 = ORIENTED_EDGE ( 'NONE', *, *, #2737, .F. ) ;
#7997 = CARTESIAN_POINT ( 'NONE',  ( -10.77447964683118364, 26.26634047655222659, 13.40151543042817828 ) ) ;
#7998 = CARTESIAN_POINT ( 'NONE',  ( 8.921570627134731097E-13, 0.000000000000000000, 260.0852191789194876 ) ) ;
#7999 = EDGE_CURVE ( 'NONE', #1244, #893, #398, .T. ) ;
#8000 = CARTESIAN_POINT ( 'NONE',  ( -10.46999999997885844, 1.282205198704680197E-15, -25.00000000000000000 ) ) ;
#8001 = CARTESIAN_POINT ( 'NONE',  ( -1.174229118522965187, -13.15334293998656179, -36.56436988992888359 ) ) ;
#8002 = PLANE ( 'NONE',  #1694 ) ;
#8003 = ORIENTED_EDGE ( 'NONE', *, *, #5358, .T. ) ;
#8004 = DIRECTION ( 'NONE',  ( 4.111937128241355347E-15, 0.000000000000000000, 1.000000000000000000 ) ) ;
#8005 = CARTESIAN_POINT ( 'NONE',  ( -8.270296309429069126, 3.425668896209609571, -49.47500000204840376 ) ) ;
#8006 = FACE_OUTER_BOUND ( 'NONE', #2937, .T. ) ;
#8007 = CARTESIAN_POINT ( 'NONE',  ( 5.395322758248091155, -6.812944125121245698, -52.08811738152054005 ) ) ;
#8008 = EDGE_CURVE ( 'NONE', #1706, #3869, #253, .T. ) ;
#8009 = VECTOR ( 'NONE', #2088, 1000.000000000000114 ) ;
#8010 = CARTESIAN_POINT ( 'NONE',  ( 3.425668896209424830, 8.270296309428895043, -52.47500000204845350 ) ) ;
#8011 = CARTESIAN_POINT ( 'NONE',  ( -5.847982602819420173, 5.847982602819249642, -49.19375000204840376 ) ) ;
#8012 = DIRECTION ( 'NONE',  ( 1.000000000000000000, -8.881784197001250351E-16, -3.234088158250902493E-15 ) ) ;
#8013 = ORIENTED_EDGE ( 'NONE', *, *, #5573, .T. ) ;
#8014 = CARTESIAN_POINT ( 'NONE',  ( -1.715124499443544942E-15, 0.5000000000000560663, 0.000000000000000000 ) ) ;
#8015 = DIRECTION ( 'NONE',  ( -3.469446951953617344E-15, -1.000000000000000000, -1.179611963664229834E-13 ) ) ;
#8016 = CARTESIAN_POINT ( 'NONE',  ( -6.698443114269624132, 6.112521092952264645, -51.72366894268517257 ) ) ;
#8017 = CARTESIAN_POINT ( 'NONE',  ( 17.00005620110424687, 27.20584413604580121, 2.863397000519300003E-17 ) ) ;
#8018 = TOROIDAL_SURFACE ( 'NONE', #3666, 18.00000000000000000, 0.5000000000000000000 ) ;
#8019 = CARTESIAN_POINT ( 'NONE',  ( 0.1529184966529653911, 1.864080292430832619, -3.889957319206973185 ) ) ;
#8020 = ADVANCED_FACE ( 'NONE', ( #2130 ), #2214, .T. ) ;
#8021 = EDGE_LOOP ( 'NONE', ( #6254, #8285, #7449, #1957 ) ) ;
#8022 = CARTESIAN_POINT ( 'NONE',  ( 14.77481938925463645, 0.1892979575635383160, -10.95375392538630877 ) ) ;
#8023 = CARTESIAN_POINT ( 'NONE',  ( 16.98857866761591495, 24.49094807366223137, 4.463602142366551284 ) ) ;
#8024 = ADVANCED_FACE ( 'NONE', ( #6695 ), #8044, .T. ) ;
#8025 = CIRCLE ( 'NONE', #1778, 0.5000000000000004441 ) ;
#8026 = CARTESIAN_POINT ( 'NONE',  ( -4.541080749963949614, 7.865421403529318845, -38.28677414409050073 ) ) ;
#8027 = CARTESIAN_POINT ( 'NONE',  ( 2.089708935689099878, 0.1570786334518251282, 18.24461328733234566 ) ) ;
#8028 = VECTOR ( 'NONE', #7967, 1000.000000000000000 ) ;
#8029 = CARTESIAN_POINT ( 'NONE',  ( 3.425668896209435932, 8.270296309428895043, -49.47500000204840376 ) ) ;
#8030 = TOROIDAL_SURFACE ( 'NONE', #6270, 4.799999999999849720, 0.5000000000000000000 ) ;
#8031 = CARTESIAN_POINT ( 'NONE',  ( -8.270296309429069126, -3.425668896209603798, -47.78750000204839665 ) ) ;
#8032 = ORIENTED_EDGE ( 'NONE', *, *, #1874, .T. ) ;
#8033 = CARTESIAN_POINT ( 'NONE',  ( -9.082195121929073522, -3.761968395621714034, -48.25625000000000142 ) ) ;
#8034 = EDGE_LOOP ( 'NONE', ( #5874, #5679, #8057, #1735 ) ) ;
#8035 = CARTESIAN_POINT ( 'NONE',  ( 3.149999999999999911, 0.6256996084384669476, -3.889999999999999680 ) ) ;
#8036 = EDGE_CURVE ( 'NONE', #6723, #4200, #1354, .T. ) ;
#8037 = ADVANCED_FACE ( 'NONE', ( #2729 ), #6109, .T. ) ;
#8038 = CARTESIAN_POINT ( 'NONE',  ( 0.2190318617485615127, 4.491785094295289937, 2.168404344971009854E-16 ) ) ;
#8039 = VERTEX_POINT ( 'NONE', #6051 ) ;
#8040 = CARTESIAN_POINT ( 'NONE',  ( -1.146071335538714653, 13.22032179734492274, -36.52090992095702404 ) ) ;
#8041 = CARTESIAN_POINT ( 'NONE',  ( -9.082195121929052206, 1.112248118530191819E-15, -44.03750000409674925 ) ) ;
#8042 = ORIENTED_EDGE ( 'NONE', *, *, #713, .F. ) ;
#8043 =( BOUNDED_CURVE ( )  B_SPLINE_CURVE ( 2, ( #2902, #5464, #7330, #257, #779, #3487, #8048, #3373, #4735 ),
 .UNSPECIFIED., .F., .F. ) 
 B_SPLINE_CURVE_WITH_KNOTS ( ( 3, 2, 2, 2, 3 ),
 ( 0.7500000000000000000, 0.7624999999999999556, 0.7750000000000000222, 0.7874999999999999778, 0.8000000000000000444 ),
 .UNSPECIFIED. ) 
 CURVE ( )  GEOMETRIC_REPRESENTATION_ITEM ( )  RATIONAL_B_SPLINE_CURVE ( ( 1.000000000000000000, 0.9238795325112839629, 1.000000000000000000, 0.9238795325112869605, 1.000000000000000000, 0.9238795325112869605, 1.000000000000000000, 0.9238795325112859613, 1.000000000000000000 ) ) 
 REPRESENTATION_ITEM ( '' )  );
#8044 = CYLINDRICAL_SURFACE ( 'NONE', #6659, 18.50000000000000000 ) ;
#8045 = DIRECTION ( 'NONE',  ( 5.060269027471760616E-15, 0.000000000000000000, 1.000000000000000000 ) ) ;
#8046 = EDGE_CURVE ( 'NONE', #1574, #2655, #1578, .T. ) ;
#8047 = ORIENTED_EDGE ( 'NONE', *, *, #6483, .F. ) ;
#8048 = CARTESIAN_POINT ( 'NONE',  ( 6.422081758775160409, -6.422081758775310512, -41.78750000000000142 ) ) ;
#8049 = CARTESIAN_POINT ( 'NONE',  ( -3.425668896209765446, -8.270296309428895043, -46.10000000204839665 ) ) ;
#8050 = CYLINDRICAL_SURFACE ( 'NONE', #1920, 9.082195121928901216 ) ;
#8051 = CYLINDRICAL_SURFACE ( 'NONE', #2323, 11.00000000000000000 ) ;
#8052 = ADVANCED_FACE ( 'NONE', ( #3525 ), #1538, .T. ) ;
#8053 = CARTESIAN_POINT ( 'NONE',  ( -5.847982602819429943, 5.847982602819249642, -52.19375000204840376 ) ) ;
#8054 = CARTESIAN_POINT ( 'NONE',  ( -8.270296309429070902, 1.012819190334226073E-15, -50.50625000204840376 ) ) ;
#8055 = CARTESIAN_POINT ( 'NONE',  ( -9.082195121929059312, 1.112248118530191819E-15, -47.03750000409679899 ) ) ;
#8056 = CARTESIAN_POINT ( 'NONE',  ( 1.132164892929836020, -13.22841844982944792, -36.51640612516658280 ) ) ;
#8057 = ORIENTED_EDGE ( 'NONE', *, *, #1996, .T. ) ;
#8058 = CARTESIAN_POINT ( 'NONE',  ( -0.6538556776417101535, 13.33716267894926233, -29.74606179290608310 ) ) ;
#8059 = CARTESIAN_POINT ( 'NONE',  ( -11.16506810829448959, -7.173858642695806864, -29.67909308201681284 ) ) ;
#8060 = CARTESIAN_POINT ( 'NONE',  ( -7.072163608301121229, 5.681300588659477846, -51.70655144294931915 ) ) ;
#8061 = CARTESIAN_POINT ( 'NONE',  ( -11.50000000000000000, 11.55803989154981970, 0.000000000000000000 ) ) ;
#8062 = CARTESIAN_POINT ( 'NONE',  ( 11.47561057712043819, 6.229796295407749263, -29.60000000000000142 ) ) ;
#8063 = VERTEX_POINT ( 'NONE', #5500 ) ;
#8064 = CARTESIAN_POINT ( 'NONE',  ( 14.61542581943342611, 0.02146881012827983951, -10.77625943288940213 ) ) ;
#8065 = DIRECTION ( 'NONE',  ( -3.430248998885770120E-15, 0.000000000000000000, -1.000000000000000000 ) ) ;
#8066 = CARTESIAN_POINT ( 'NONE',  ( 13.48383344964344133, 13.76727404305919933, 0.000000000000000000 ) ) ;
#8067 =( LENGTH_UNIT ( ) NAMED_UNIT ( * ) SI_UNIT ( .MILLI., .METRE. ) );
#8068 = CARTESIAN_POINT ( 'NONE',  ( -3.425668896209765890, 8.270296309428895043, -46.28750000204838244 ) ) ;
#8069 = VECTOR ( 'NONE', #5746, 1000.000000000000114 ) ;
#8070 = EDGE_CURVE ( 'NONE', #5110, #2448, #165, .T. ) ;
#8071 = CARTESIAN_POINT ( 'NONE',  ( -3.425668896209776104, 8.270296309428895043, -49.66250000204843928 ) ) ;
#8072 = ORIENTED_EDGE ( 'NONE', *, *, #6464, .F. ) ;
#8073 = CARTESIAN_POINT ( 'NONE',  ( -9.082195121929059312, 3.761968395621719363, -45.44375000000000853 ) ) ;
#8074 = ORIENTED_EDGE ( 'NONE', *, *, #1417, .F. ) ;
#8075 = AXIS2_PLACEMENT_3D ( 'NONE', #496, #3092, #5695 ) ;
#8076 = DIRECTION ( 'NONE',  ( 0.000000000000000000, 0.000000000000000000, -1.000000000000000000 ) ) ;
#8077 = ORIENTED_EDGE ( 'NONE', *, *, #7165, .T. ) ;
#8078 = CARTESIAN_POINT ( 'NONE',  ( 5.847982602819100428, -5.847982602819249642, -43.94375000204844639 ) ) ;
#8079 = CARTESIAN_POINT ( 'NONE',  ( -1.620805566144594887E-13, 9.082195121928901216, -47.41250000409679899 ) ) ;
#8080 = CARTESIAN_POINT ( 'NONE',  ( 2.553372041151972471, 20.91814576081037202, 18.13542622342888677 ) ) ;
#8081 = ORIENTED_EDGE ( 'NONE', *, *, #2462, .F. ) ;
#8082 = EDGE_CURVE ( 'NONE', #7684, #7990, #2037, .T. ) ;
#8083 = CARTESIAN_POINT ( 'NONE',  ( -12.37758875157629568, 24.46614177222262398, 12.47045593928572771 ) ) ;
#8084 = VERTEX_POINT ( 'NONE', #5547 ) ;
#8085 = CIRCLE ( 'NONE', #4418, 0.4999999999999995559 ) ;
#8086 = CARTESIAN_POINT ( 'NONE',  ( -10.57775903855616839, 26.36968184175076502, -13.53001493120929055 ) ) ;
#8087 = ORIENTED_EDGE ( 'NONE', *, *, #2497, .F. ) ;
#8088 = EDGE_CURVE ( 'NONE', #8364, #8173, #4615, .T. ) ;
#8089 = DIRECTION ( 'NONE',  ( 3.430248998885765387E-15, -1.000000000000000000, 0.000000000000000000 ) ) ;
#8090 = EDGE_LOOP ( 'NONE', ( #3349, #1074, #6848, #1171 ) ) ;
#8091 = DIRECTION ( 'NONE',  ( 0.000000000000000000, 0.4999999999999998890, -0.8660254037844387076 ) ) ;
#8092 = CARTESIAN_POINT ( 'NONE',  ( 3.425668896209446590, 8.270296309428905701, -46.85000000204843928 ) ) ;
#8093 = EDGE_CURVE ( 'NONE', #1244, #7533, #1904, .T. ) ;
#8094 = CARTESIAN_POINT ( 'NONE',  ( 3.149999999999999911, -3.681688624940699928, -1.403128243954309795 ) ) ;
#8095 = CARTESIAN_POINT ( 'NONE',  ( 0.02532462646677443446, 2.996187097051958848, -2.590278471784438263 ) ) ;
#8096 = CARTESIAN_POINT ( 'NONE',  ( -3.761968395621860139, -9.082195121928897663, -40.75625000409681320 ) ) ;
#8097 = CARTESIAN_POINT ( 'NONE',  ( -1.637382002897589987E-13, 8.270296309428900372, -47.88125000204840376 ) ) ;
#8098 =( NAMED_UNIT ( * ) SI_UNIT ( $, .STERADIAN. ) SOLID_ANGLE_UNIT ( ) );
#8099 = DIRECTION ( 'NONE',  ( 3.430248998885765387E-15, -1.000000000000000000, 0.000000000000000000 ) ) ;
#8100 = ORIENTED_EDGE ( 'NONE', *, *, #2240, .T. ) ;
#8101 = DIRECTION ( 'NONE',  ( 3.430248998885765387E-15, 0.000000000000000000, 1.000000000000000000 ) ) ;
#8102 = CARTESIAN_POINT ( 'NONE',  ( 8.921570627134731097E-13, 0.000000000000000000, 260.0852191789194876 ) ) ;
#8103 = FACE_OUTER_BOUND ( 'NONE', #4479, .T. ) ;
#8104 = CARTESIAN_POINT ( 'NONE',  ( -12.73956991730115895, 6.854757935154144555, 1.135313922164946865 ) ) ;
#8105 = ADVANCED_FACE ( 'NONE', ( #6853 ), #7873, .F. ) ;
#8106 = CARTESIAN_POINT ( 'NONE',  ( 3.149999999999999911, 2.245892547147644969, -3.889999999999999680 ) ) ;
#8107 = VERTEX_POINT ( 'NONE', #3023 ) ;
#8108 = CARTESIAN_POINT ( 'NONE',  ( -0.6969072952570950497, 13.48199985988038030, -30.09999999999999787 ) ) ;
#8109 = CARTESIAN_POINT ( 'NONE',  ( 6.422081758775149751, 6.422081758775310512, -45.91250000000000142 ) ) ;
#8110 = CARTESIAN_POINT ( 'NONE',  ( 2.024801516895970988, 0.02146881009279176869, 18.04545976310160782 ) ) ;
#8111 = DIRECTION ( 'NONE',  ( 0.000000000000000000, 0.000000000000000000, -1.000000000000000000 ) ) ;
#8112 = CARTESIAN_POINT ( 'NONE',  ( 8.270296309428733394, -3.425668896209608683, -48.35000000204845350 ) ) ;
#8113 = CARTESIAN_POINT ( 'NONE',  ( -8.270296309429058468, 3.425668896209608683, -44.97500000204838955 ) ) ;
#8114 = EDGE_LOOP ( 'NONE', ( #1447, #5397, #4254 ) ) ;
#8115 = CARTESIAN_POINT ( 'NONE',  ( 9.082195121928734238, 3.761968395621714034, -49.00625000000005116 ) ) ;
#8116 = VERTEX_POINT ( 'NONE', #3062 ) ;
#8117 = CARTESIAN_POINT ( 'NONE',  ( -16.56954536052660032, 8.599999999999999645, -2.142613251487810011 ) ) ;
#8118 = ORIENTED_EDGE ( 'NONE', *, *, #4124, .F. ) ;
#8119 = CARTESIAN_POINT ( 'NONE',  ( -8.270296309429035375, 3.425668896209609571, -40.10000000204841797 ) ) ;
#8120 = EDGE_CURVE ( 'NONE', #7201, #5020, #2893, .T. ) ;
#8121 = CARTESIAN_POINT ( 'NONE',  ( -2.949029909160570167E-14, 8.599999999999999645, 0.000000000000000000 ) ) ;
#8122 = CARTESIAN_POINT ( 'NONE',  ( 9.069801042762469123, 27.13719393592229068, 14.39547710202388053 ) ) ;
#8123 = AXIS2_PLACEMENT_3D ( 'NONE', #1147, #6415, #3730 ) ;
#8124 = ORIENTED_EDGE ( 'NONE', *, *, #5358, .F. ) ;
#8125 = CARTESIAN_POINT ( 'NONE',  ( -17.01870763777344919, 0.5000000000000000000, 7.253522615942590512 ) ) ;
#8126 = ORIENTED_EDGE ( 'NONE', *, *, #1571, .T. ) ;
#8127 = CARTESIAN_POINT ( 'NONE',  ( -8.285959357594890662, 27.20098430883935592, -14.84533334994334730 ) ) ;
#8128 = ORIENTED_EDGE ( 'NONE', *, *, #6646, .F. ) ;
#8129 = CARTESIAN_POINT ( 'NONE',  ( -3.430248998885904621E-15, 0.000000000000000000, -1.000000000000000000 ) ) ;
#8130 = EDGE_CURVE ( 'NONE', #5486, #1876, #8202, .T. ) ;
#8131 = ORIENTED_EDGE ( 'NONE', *, *, #4916, .F. ) ;
#8132 = CARTESIAN_POINT ( 'NONE',  ( -2.084876759986669548, 0.1416820073480742348, -18.22991858101009299 ) ) ;
#8133 = CARTESIAN_POINT ( 'NONE',  ( 8.270296309428740500, 0.000000000000000000, -47.13125000204840376 ) ) ;
#8134 = DIRECTION ( 'NONE',  ( -0.002571354084719700093, -8.820384774886118526E-18, 0.9999966940636210166 ) ) ;
#8135 = CARTESIAN_POINT ( 'NONE',  ( 0.004823738374623831246, 3.182118514969940026, -2.267903684880025139 ) ) ;
#8136 = CARTESIAN_POINT ( 'NONE',  ( -9.082195121929050430, 3.761968395621719363, -42.63125000409679899 ) ) ;
#8137 = CARTESIAN_POINT ( 'NONE',  ( 1.597879858414576582, -12.95709222531959348, -36.60000000000001563 ) ) ;
#8138 = ORIENTED_EDGE ( 'NONE', *, *, #2251, .F. ) ;
#8139 = CARTESIAN_POINT ( 'NONE',  ( -9.969999999999998863, 0.000000000000000000, -0.9999999999999660272 ) ) ;
#8140 = FACE_OUTER_BOUND ( 'NONE', #7098, .T. ) ;
#8141 = CARTESIAN_POINT ( 'NONE',  ( 12.37758875157790683, 24.46614177221856679, -12.47045593928517171 ) ) ;
#8142 = DIRECTION ( 'NONE',  ( 3.430248998885765387E-15, -1.000000000000000000, 0.000000000000000000 ) ) ;
#8143 = DIRECTION ( 'NONE',  ( 0.5022252049913041860, 0.000000000000000000, -0.8647368637171903849 ) ) ;
#8144 = AXIS2_PLACEMENT_3D ( 'NONE', #5332, #3366, #4730 ) ;
#8145 = CARTESIAN_POINT ( 'NONE',  ( 0.5876534511452702336, 13.47523572631755684, -29.97305637179452376 ) ) ;
#8146 = CARTESIAN_POINT ( 'NONE',  ( -9.082195121929059312, 1.112248118530191819E-15, -45.35000000000000142 ) ) ;
#8147 = LINE ( 'NONE', #3011, #6215 ) ;
#8148 = DIRECTION ( 'NONE',  ( 1.000000000000000000, 0.000000000000000000, 0.000000000000000000 ) ) ;
#8149 = EDGE_CURVE ( 'NONE', #2015, #8380, #7173, .T. ) ;
#8150 = CARTESIAN_POINT ( 'NONE',  ( 3.425668896209451919, -8.270296309428895043, -45.53750000204844639 ) ) ;
#8151 = CARTESIAN_POINT ( 'NONE',  ( 5.847982602819110198, -5.847982602819249642, -42.81875000204845350 ) ) ;
#8152 = CIRCLE ( 'NONE', #5448, 3.939999999999999947 ) ;
#8153 = EDGE_LOOP ( 'NONE', ( #3821, #4342, #417, #2896 ) ) ;
#8154 = CARTESIAN_POINT ( 'NONE',  ( -9.082195121929069970, 1.112248118530191819E-15, -49.85000000000000142 ) ) ;
#8155 = CIRCLE ( 'NONE', #5591, 0.5000000000000004441 ) ;
#8156 = ORIENTED_EDGE ( 'NONE', *, *, #2054, .T. ) ;
#8157 = DIRECTION ( 'NONE',  ( -3.227392513445340252E-15, 0.000000000000000000, -1.000000000000000000 ) ) ;
#8158 = VERTEX_POINT ( 'NONE', #1026 ) ;
#8159 = CARTESIAN_POINT ( 'NONE',  ( -3.425668896209781877, -8.270296309428895043, -50.60000000204840376 ) ) ;
#8160 = CIRCLE ( 'NONE', #7209, 18.50000000000000000 ) ;
#8161 = AXIS2_PLACEMENT_3D ( 'NONE', #6102, #1045, #4227 ) ;
#8162 = CARTESIAN_POINT ( 'NONE',  ( -16.86638935903161496, 0.1407367230506369193, 7.222551560889367117 ) ) ;
#8163 = CARTESIAN_POINT ( 'NONE',  ( 6.218812988537723463, 26.26634047654333770, 16.03173080193275979 ) ) ;
#8164 = CARTESIAN_POINT ( 'NONE',  ( -1.255471133592193760E-13, 0.000000000000000000, -36.60000000000000142 ) ) ;
#8165 = VECTOR ( 'NONE', #7376, 1000.000000000000000 ) ;
#8166 = EDGE_LOOP ( 'NONE', ( #3998, #7905, #1226, #887 ) ) ;
#8167 = CARTESIAN_POINT ( 'NONE',  ( -6.111903500696755920, 26.11568782225342744, 16.10946384095340633 ) ) ;
#8168 = VERTEX_POINT ( 'NONE', #3610 ) ;
#8169 = CARTESIAN_POINT ( 'NONE',  ( -6.037501307530437344, 26.11076444540150021, -16.13578398643102219 ) ) ;
#8170 = CIRCLE ( 'NONE', #5599, 9.499999999999900524 ) ;
#8171 = VERTEX_POINT ( 'NONE', #3696 ) ;
#8172 = EDGE_CURVE ( 'NONE', #6468, #1706, #4102, .T. ) ;
#8173 = VERTEX_POINT ( 'NONE', #3818 ) ;
#8174 = LINE ( 'NONE', #7542, #4353 ) ;
#8175 = ADVANCED_FACE ( 'NONE', ( #5140 ), #1191, .T. ) ;
#8176 = CARTESIAN_POINT ( 'NONE',  ( -3.425668896209761005, 8.270296309428905701, -45.16250000204843218 ) ) ;
#8177 = FACE_OUTER_BOUND ( 'NONE', #5704, .T. ) ;
#8178 = CARTESIAN_POINT ( 'NONE',  ( -9.082195121929059312, 1.112248118530191819E-15, -45.53750000409679899 ) ) ;
#8179 = CARTESIAN_POINT ( 'NONE',  ( 5.847982602819080000, 5.847982602819249642, -49.56875000204840376 ) ) ;
#8180 = FACE_OUTER_BOUND ( 'NONE', #6175, .T. ) ;
#8181 = CARTESIAN_POINT ( 'NONE',  ( 1.137927560558287476, -13.22506245448200168, -36.51829070677628408 ) ) ;
#8182 = ORIENTED_EDGE ( 'NONE', *, *, #994, .T. ) ;
#8183 = EDGE_CURVE ( 'NONE', #8317, #3104, #631, .T. ) ;
#8184 = DIRECTION ( 'NONE',  ( 3.430248998885765387E-15, 0.000000000000000000, 1.000000000000000000 ) ) ;
#8185 = DIRECTION ( 'NONE',  ( -3.430248998885765387E-15, 1.000000000000000000, 0.000000000000000000 ) ) ;
#8186 = CARTESIAN_POINT ( 'NONE',  ( 8.600932351428358658, 27.20545920076856561, -14.66387654649192740 ) ) ;
#8187 = CARTESIAN_POINT ( 'NONE',  ( -17.00005620110424687, 27.20584413604660057, 2.075861664750705230E-15 ) ) ;
#8188 = DIRECTION ( 'NONE',  ( 0.000000000000000000, 0.000000000000000000, -1.000000000000000000 ) ) ;
#8189 = LINE ( 'NONE', #4235, #5368 ) ;
#8190 = CARTESIAN_POINT ( 'NONE',  ( 9.082195121928723580, -3.761968395621719363, -49.38125000409686294 ) ) ;
#8191 = CARTESIAN_POINT ( 'NONE',  ( 3.649999999999999911, 4.518946688853740338E-16, -3.439999999999999947 ) ) ;
#8192 = CARTESIAN_POINT ( 'NONE',  ( 0.000000000000000000, 0.000000000000000000, 0.000000000000000000 ) ) ;
#8193 = CARTESIAN_POINT ( 'NONE',  ( 3.425668896209446590, -8.270296309428895043, -47.03750000204841086 ) ) ;
#8194 = CARTESIAN_POINT ( 'NONE',  ( -8.270296309429058468, -3.425668896209603798, -44.78750000204841797 ) ) ;
#8195 = VERTEX_POINT ( 'NONE', #6420 ) ;
#8196 = CARTESIAN_POINT ( 'NONE',  ( -1.662345678993404902E-13, -9.082195121928901216, -47.97499999999999432 ) ) ;
#8197 = VERTEX_POINT ( 'NONE', #2459 ) ;
#8198 = CARTESIAN_POINT ( 'NONE',  ( -11.97560671748689920, -6.231760886626080520, -36.10000000000000142 ) ) ;
#8199 = ORIENTED_EDGE ( 'NONE', *, *, #5451, .F. ) ;
#8200 = CARTESIAN_POINT ( 'NONE',  ( 8.270296309428770698, 0.000000000000000000, -39.25625000204845350 ) ) ;
#8201 = CARTESIAN_POINT ( 'NONE',  ( -12.54958553245219122, 6.660538028524753074, -0.8376160773103146218 ) ) ;
#8202 = LINE ( 'NONE', #6170, #5433 ) ;
#8203 = DIRECTION ( 'NONE',  ( -3.202566417187980019E-15, 0.000000000000000000, -1.000000000000000000 ) ) ;
#8204 = AXIS2_PLACEMENT_3D ( 'NONE', #7176, #7135, #1391 ) ;
#8205 = VERTEX_POINT ( 'NONE', #584 ) ;
#8206 = DIRECTION ( 'NONE',  ( -3.430248998885765387E-15, 0.000000000000000000, -1.000000000000000000 ) ) ;
#8207 = ORIENTED_EDGE ( 'NONE', *, *, #1664, .F. ) ;
#8208 = CARTESIAN_POINT ( 'NONE',  ( -10.17759380602940844, 26.65662464083795768, -13.75967509358243213 ) ) ;
#8209 = EDGE_LOOP ( 'NONE', ( #3152, #3475, #1184, #1906, #1774, #3436, #8003, #3280, #3247, #6605, #7151, #120, #41, #4068, #4895, #6292, #7231, #7531, #1559, #3524, #7307, #4942 ) ) ;
#8210 = TOROIDAL_SURFACE ( 'NONE', #5367, 10.46999999997873942, 0.5000000000000000000 ) ;
#8211 = EDGE_CURVE ( 'NONE', #6775, #1027, #682, .T. ) ;
#8212 = AXIS2_PLACEMENT_3D ( 'NONE', #3722, #8359, #6927 ) ;
#8213 = AXIS2_PLACEMENT_3D ( 'NONE', #737, #3920, #7880 ) ;
#8214 = EDGE_LOOP ( 'NONE', ( #7028, #853, #2610, #8042 ) ) ;
#8215 = CARTESIAN_POINT ( 'NONE',  ( 0.000000000000000000, -2.245892547147644969, -3.889999999999999680 ) ) ;
#8216 = CARTESIAN_POINT ( 'NONE',  ( 8.270296309428749382, 0.000000000000000000, -45.63125000204849613 ) ) ;
#8217 = CARTESIAN_POINT ( 'NONE',  ( 0.02532462646677442752, 3.741340507965980944, 1.299634904649586753 ) ) ;
#8218 = CIRCLE ( 'NONE', #3456, 7.625000000000000000 ) ;
#8219 = DIRECTION ( 'NONE',  ( -0.8679833099209474101, 0.4965933685609146275, 2.977398879905883400E-15 ) ) ;
#8220 = EDGE_CURVE ( 'NONE', #767, #467, #259, .T. ) ;
#8221 = CARTESIAN_POINT ( 'NONE',  ( -5.847982602819429943, -5.847982602819249642, -50.31875000204840376 ) ) ;
#8222 = DIRECTION ( 'NONE',  ( -3.430248998885765387E-15, 0.000000000000000000, -1.000000000000000000 ) ) ;
#8223 = ORIENTED_EDGE ( 'NONE', *, *, #8093, .F. ) ;
#8224 = DIRECTION ( 'NONE',  ( 0.000000000000000000, 0.000000000000000000, -1.000000000000000000 ) ) ;
#8225 = CARTESIAN_POINT ( 'NONE',  ( 5.206597213412506697, 25.14156536470072112, -16.63522926522471224 ) ) ;
#8226 = CARTESIAN_POINT ( 'NONE',  ( 9.082195121928746673, 3.761968395621714034, -44.50625000000003695 ) ) ;
#8227 = CARTESIAN_POINT ( 'NONE',  ( -12.43784046382521247, 10.63702765751739854, -0.5482049298963590500 ) ) ;
#8228 = CARTESIAN_POINT ( 'NONE',  ( 0.5392183931679163100, 13.30782586642706100, -29.71210486085953661 ) ) ;
#8229 = EDGE_CURVE ( 'NONE', #4468, #4803, #656, .T. ) ;
#8230 = CARTESIAN_POINT ( 'NONE',  ( -4.541081350340830269, 7.865421413630500957, -38.72427412620145049 ) ) ;
#8231 = FACE_OUTER_BOUND ( 'NONE', #3235, .T. ) ;
#8232 = DIRECTION ( 'NONE',  ( -2.567191728767689510E-16, 0.9999999999999997780, 2.221282347266430560E-15 ) ) ;
#8233 = CARTESIAN_POINT ( 'NONE',  ( -1.483020797947729896E-13, 8.270296309428900372, -43.38125000204840376 ) ) ;
#8234 = CARTESIAN_POINT ( 'NONE',  ( 8.270296309428754711, 3.425668896209608683, -42.53750000204846771 ) ) ;
#8235 = ORIENTED_EDGE ( 'NONE', *, *, #220, .T. ) ;
#8236 = CARTESIAN_POINT ( 'NONE',  ( -3.761968395621870354, -9.082195121928897663, -43.56875000000001563 ) ) ;
#8237 = ORIENTED_EDGE ( 'NONE', *, *, #5589, .T. ) ;
#8238 = DIRECTION ( 'NONE',  ( 1.000000000000000000, 0.000000000000000000, -3.287536593771871753E-15 ) ) ;
#8239 = ORIENTED_EDGE ( 'NONE', *, *, #1397, .F. ) ;
#8240 = CARTESIAN_POINT ( 'NONE',  ( -5.847982602819420173, -5.847982602819249642, -49.19375000204840376 ) ) ;
#8241 = LINE ( 'NONE', #2772, #7047 ) ;
#8242 = CARTESIAN_POINT ( 'NONE',  ( -1.032504948664619993E-13, 0.000000000000000000, -30.09999999999999787 ) ) ;
#8243 = CARTESIAN_POINT ( 'NONE',  ( 4.258126118824236528, 23.95440163020708013, 17.15700060190635412 ) ) ;
#8244 = EDGE_CURVE ( 'NONE', #1674, #5834, #1174, .T. ) ;
#8245 = CARTESIAN_POINT ( 'NONE',  ( -1.516170057507509889E-13, 31.15000000000000213, 0.000000000000000000 ) ) ;
#8246 = ORIENTED_EDGE ( 'NONE', *, *, #1961, .F. ) ;
#8247 = CARTESIAN_POINT ( 'NONE',  ( -4.725356049892813104, 24.50432779371064385, 16.91474911295072658 ) ) ;
#8248 = ORIENTED_EDGE ( 'NONE', *, *, #7750, .F. ) ;
#8249 = CARTESIAN_POINT ( 'NONE',  ( -10.46254242079397834, 26.45848752359727740, -13.59613974140853188 ) ) ;
#8250 = ORIENTED_EDGE ( 'NONE', *, *, #1884, .F. ) ;
#8251 = UNCERTAINTY_MEASURE_WITH_UNIT (LENGTH_MEASURE( 1.000000000000000082E-05 ), #7101, 'distance_accuracy_value', 'NONE');
#8252 = ORIENTED_EDGE ( 'NONE', *, *, #7403, .F. ) ;
#8253 = EDGE_CURVE ( 'NONE', #1641, #5533, #1767, .T. ) ;
#8254 = CARTESIAN_POINT ( 'NONE',  ( 9.082195121928693382, -3.761968395621773986, -46.38125000409681320 ) ) ;
#8255 = PRODUCT ( 'SJ10-06-001.step', 'SJ10-06-001.step', '', ( #5172 ) ) ;
#8256 = CARTESIAN_POINT ( 'NONE',  ( -1.255471133592191740E-13, 0.000000000000000000, -36.60000000000000142 ) ) ;
#8257 = CIRCLE ( 'NONE', #1368, 15.04417670682419939 ) ;
#8258 = CARTESIAN_POINT ( 'NONE',  ( -13.06770056519360779, 9.837240770342789986, 1.664901590260432496 ) ) ;
#8259 = CARTESIAN_POINT ( 'NONE',  ( 0.2190318617485615127, -2.245892547147650298, -3.889999999999999680 ) ) ;
#8260 = CARTESIAN_POINT ( 'NONE',  ( -8.270296309429069126, 3.425668896209609571, -50.60000000204840376 ) ) ;
#8261 = DIRECTION ( 'NONE',  ( 3.430248998885765387E-15, 0.000000000000000000, 1.000000000000000000 ) ) ;
#8262 = ORIENTED_EDGE ( 'NONE', *, *, #7051, .F. ) ;
#8263 = CARTESIAN_POINT ( 'NONE',  ( 11.20111786536154774, -7.064185081844983394, -29.66162301658626888 ) ) ;
#8264 = CARTESIAN_POINT ( 'NONE',  ( 10.35258115196639217, 26.61017715416376106, -13.64654653363745496 ) ) ;
#8265 = CARTESIAN_POINT ( 'NONE',  ( -17.01133367046885070, 24.47931428156137912, 4.385791365974550438 ) ) ;
#8266 = EDGE_CURVE ( 'NONE', #5588, #2252, #5157, .T. ) ;
#8267 = CARTESIAN_POINT ( 'NONE',  ( -13.16981096819465513, 9.566207156949413815, -1.898815729007206299 ) ) ;
#8268 = CARTESIAN_POINT ( 'NONE',  ( 0.5909401206141789986, 13.48706008638817977, -30.09999999999999787 ) ) ;
#8269 = CARTESIAN_POINT ( 'NONE',  ( 6.422081758775130211, 6.422081758775310512, -52.10000000409679899 ) ) ;
#8270 = DIRECTION ( 'NONE',  ( 0.000000000000000000, 0.000000000000000000, -1.000000000000000000 ) ) ;
#8271 = APPLICATION_PROTOCOL_DEFINITION ( 'draft international standard', 'automotive_design', 1998, #5147 ) ;
#8272 = CARTESIAN_POINT ( 'NONE',  ( 8.270296309428754711, 3.425668896209603798, -40.66250000204842507 ) ) ;
#8273 = FACE_BOUND ( 'NONE', #2930, .T. ) ;
#8274 = ORIENTED_EDGE ( 'NONE', *, *, #6562, .T. ) ;
#8275 = CARTESIAN_POINT ( 'NONE',  ( 3.761968395621561712, 9.082195121928897663, -44.31875000000006537 ) ) ;
#8276 = ADVANCED_FACE ( 'NONE', ( #7820 ), #7069, .T. ) ;
#8277 = FACE_OUTER_BOUND ( 'NONE', #4268, .T. ) ;
#8278 = ORIENTED_EDGE ( 'NONE', *, *, #4363, .T. ) ;
#8279 = CARTESIAN_POINT ( 'NONE',  ( 8.270296309428720960, 0.000000000000000000, -51.63125000204849613 ) ) ;
#8280 = LINE ( 'NONE', #628, #689 ) ;
#8281 = CARTESIAN_POINT ( 'NONE',  ( 9.082195121928752002, 0.000000000000000000, -44.60000000000000142 ) ) ;
#8282 = CARTESIAN_POINT ( 'NONE',  ( 10.89525317732019083, 26.11568782218814277, 13.34779561753224897 ) ) ;
#8283 = AXIS2_PLACEMENT_3D ( 'NONE', #7292, #5419, #2135 ) ;
#8284 = CARTESIAN_POINT ( 'NONE',  ( 0.8495184385411628236, -8.431220852369539998, -52.10005343172363723 ) ) ;
#8285 = ORIENTED_EDGE ( 'NONE', *, *, #5733, .F. ) ;
#8286 = CARTESIAN_POINT ( 'NONE',  ( -6.068707232951390376E-14, 17.69173968106284889, 0.000000000000000000 ) ) ;
#8287 = ORIENTED_EDGE ( 'NONE', *, *, #1125, .F. ) ;
#8288 = CARTESIAN_POINT ( 'NONE',  ( -1.017381005469181199, 8.726765318935090221, -52.05677263147757827 ) ) ;
#8289 = EDGE_LOOP ( 'NONE', ( #1632, #2338, #557, #6838 ) ) ;
#8290 = EDGE_CURVE ( 'NONE', #7728, #6822, #3292, .T. ) ;
#8291 = CARTESIAN_POINT ( 'NONE',  ( 16.99355656723334462, 26.33888885135644387, 2.527706189206071041 ) ) ;
#8292 = VECTOR ( 'NONE', #1440, 1000.000000000000000 ) ;
#8293 = CIRCLE ( 'NONE', #4639, 10.46999999997877850 ) ;
#8294 = AXIS2_PLACEMENT_3D ( 'NONE', #6887, #8270, #7596 ) ;
#8295 = CIRCLE ( 'NONE', #3536, 13.00000000000000000 ) ;
#8296 = ORIENTED_EDGE ( 'NONE', *, *, #5946, .T. ) ;
#8297 = ORIENTED_EDGE ( 'NONE', *, *, #7568, .T. ) ;
#8298 = CARTESIAN_POINT ( 'NONE',  ( -2.051319401325838232, 0.06262453430420250600, -18.12877321924334240 ) ) ;
#8299 = DIRECTION ( 'NONE',  ( 1.000000000000000000, 0.000000000000000000, 1.224646799147353454E-16 ) ) ;
#8300 = CARTESIAN_POINT ( 'NONE',  ( 9.499999999999809930, 0.000000000000000000, -27.69999999999999929 ) ) ;
#8301 = DIRECTION ( 'NONE',  ( -1.000000000000000000, -3.430248998885764992E-15, 0.000000000000000000 ) ) ;
#8302 = EDGE_CURVE ( 'NONE', #999, #7533, #76, .T. ) ;
#8303 = CARTESIAN_POINT ( 'NONE',  ( -1.683365254195914865E-13, -8.270296309428900372, -48.63125000204840376 ) ) ;
#8304 = ORIENTED_EDGE ( 'NONE', *, *, #6914, .F. ) ;
#8305 = CARTESIAN_POINT ( 'NONE',  ( -9.082195121929059312, 0.000000000000000000, -52.10000000000000142 ) ) ;
#8306 = CARTESIAN_POINT ( 'NONE',  ( 4.734124627831421073, 24.51654379631368386, -16.90965644433726922 ) ) ;
#8307 = CARTESIAN_POINT ( 'NONE',  ( -9.082195121929052206, 1.112248118530191819E-15, -43.85000000000000142 ) ) ;
#8308 =( BOUNDED_SURFACE ( )  B_SPLINE_SURFACE ( 1, 2, ( 
 ( #6618, #4609, #740, #3334, #55, #6058, #5933, #96, #1461, #1504, #2656, #2060, #4055, #1421, #7841, #780, #2016, #5253, #2695, #221, #3375, #4654, #2818, #7205, #823, #5975, #5383, #177, #1379, #3970, #4737, #5297, #5420, #2779, #2739, #7332, #6700, #5339, #7882, #8005, #4096, #7249, #2099, #7966, #4699, #7293, #3414, #2178, #2263, #438, #946, #903, #3573, #4219, #3489, #6778, #3532, #4946, #4908, #3663, #6226, #4862, #3619, #1542, #8133, #2990, #4137, #8092, #6741, #394, #7413, #5634, #2946, #4820, #7543, #8049, #2305, #6186, #7374, #5465, #8216, #1081, #349, #5596, #1583, #8176, #6824, #6272, #7500, #2346, #4174, #3034, #6142, #991, #1623, #6095, #1667, #4779, #4258, #1713, #4305, #5553, #6869, #1037, #6910, #258, #7457, #2860, #2219, #302, #2903, #5508, #6309, #1128, #5673, #3705, #478, #4991, #3072, #2389, #7582, #1753, #4348, #6956, #6041, #5277, #4636, #4724, #2124, #5323, #2720, #3904, #4591, #4077, #163, #7906, #6511, #2761, #1999, #5916, #6556, #5875, #5235, #6684, #6003, #678, #7318, #1405, #7187, #2161, #7277, #806, #39 ),
 ( #848, #3435, #80, #7951, #6603, #2637, #5363, #5957, #1356, #2679, #2039, #205, #3273, #7824, #3992, #765, #2804, #1490, #5407, #3950, #2081, #1318, #4679, #4037, #723, #1449, #7864, #3314, #7232, #6643, #3358, #121, #3397, #7991, #4763, #1061, #2287, #1568, #4887, #3016, #8154, #6121, #929, #4285, #1017, #4243, #2368, #1529, #1692, #8115, #2205, #2929, #4161, #4930, #4802, #3558, #7397, #8033, #326, #6803, #8196, #3512, #3602, #2330, #6208, #2885, #888, #7521, #6892, #976, #2844, #7358, #3643, #5445, #6163, #375, #286, #244, #5532, #3473, #4845, #5617, #5487, #6079, #7480, #1651, #6762, #8073, #2244, #6250, #6847, #416, #2971, #7436, #5575, #4120, #6722, #1605, #4199, #8275, #1734, #3808, #7601, #5820, #3130, #5011, #7724, #8236, #8318, #6370, #7565, #5658, #8406, #1265, #534, #578, #1775, #6413, #7016, #3847, #2489, #8365, #4374, #624, #1146, #1185, #1816, #1107, #5092, #3218, #2538, #2449, #5051, #3172, #1857, #5780, #1903, #4416, #7685, #5736, #7095, #5132, #7643, #6933, #4330, #3689, #4973, #4495, #6456, #4453, #6291, #7055, #457 ) ),
 .UNSPECIFIED., .F., .F., .F. ) 
 B_SPLINE_SURFACE_WITH_KNOTS ( ( 2, 2 ),
 ( 3, 2, 2, 2, 2, 2, 2, 2, 2, 2, 2, 2, 2, 2, 2, 2, 2, 2, 2, 2, 2, 2, 2, 2, 2, 2, 2, 2, 2, 2, 2, 2, 2, 2, 2, 2, 2, 2, 2, 2, 2, 2, 2, 2, 2, 2, 2, 2, 2, 2, 2, 2, 2, 2, 2, 2, 2, 2, 2, 2, 2, 2, 2, 2, 2, 2, 2, 2, 2, 2, 2, 2, 2, 2, 2, 2, 3 ),
 ( 0.000000000000000000, 1.000000000000000000 ),
 ( 0.000000000000000000, 0.01250000000000000069, 0.02500000000000000139, 0.03749999999999999861, 0.05000000000000000278, 0.06250000000000000000, 0.07499999999999999722, 0.08749999999999999445, 0.1000000000000000056, 0.1125000000000000028, 0.1250000000000000000, 0.1375000000000000111, 0.1499999999999999944, 0.1625000000000000056, 0.1749999999999999889, 0.1875000000000000000, 0.2000000000000000111, 0.2124999999999999944, 0.2250000000000000056, 0.2374999999999999889, 0.2500000000000000000, 0.2625000000000000111, 0.2750000000000000222, 0.2874999999999999778, 0.2999999999999999889, 0.3125000000000000000, 0.3250000000000000111, 0.3375000000000000222, 0.3499999999999999778, 0.3624999999999999889, 0.3750000000000000000, 0.3875000000000000111, 0.4000000000000000222, 0.4124999999999999778, 0.4249999999999999889, 0.4375000000000000000, 0.4500000000000000111, 0.4625000000000000222, 0.4749999999999999778, 0.4874999999999999889, 0.5000000000000000000, 0.5124999999999999556, 0.5250000000000000222, 0.5374999999999999778, 0.5500000000000000444, 0.5625000000000000000, 0.5749999999999999556, 0.5875000000000000222, 0.5999999999999999778, 0.6125000000000000444, 0.6250000000000000000, 0.6374999999999999556, 0.6500000000000000222, 0.6624999999999999778, 0.6750000000000000444, 0.6875000000000000000, 0.6999999999999999556, 0.7125000000000000222, 0.7249999999999999778, 0.7375000000000000444, 0.7500000000000000000, 0.7624999999999999556, 0.7750000000000000222, 0.7874999999999999778, 0.8000000000000000444, 0.8125000000000000000, 0.8249999999999999556, 0.8375000000000000222, 0.8499999999999999778, 0.8625000000000000444, 0.8750000000000000000, 0.8874999999999999556, 0.9000000000000000222, 0.9124999999999999778, 0.9250000000000000444, 0.9333094022416430491, 0.9426424962640600480 ),
 .UNSPECIFIED. ) 
 GEOMETRIC_REPRESENTATION_ITEM ( )  RATIONAL_B_SPLINE_SURFACE ( (
 ( 1.000000000000000000, 0.9238795325112869605, 1.000000000000000000, 0.9238795325112869605, 1.000000000000000000, 0.9238795325112869605, 1.000000000000000000, 0.9238795325112869605, 1.000000000000000000, 0.9238795325112869605, 1.000000000000000000, 0.9238795325112869605, 1.000000000000000000, 0.9238795325112869605, 1.000000000000000000, 0.9238795325112869605, 1.000000000000000000, 0.9238795325112869605, 1.000000000000000000, 0.9238795325112869605, 1.000000000000000000, 0.9238795325112869605, 1.000000000000000000, 0.9238795325112869605, 1.000000000000000000, 0.9238795325112869605, 1.000000000000000000, 0.9238795325112869605, 1.000000000000000000, 0.9238795325112869605, 1.000000000000000000, 0.9238795325112869605, 1.000000000000000000, 0.9238795325112869605, 1.000000000000000000, 0.9238795325112869605, 1.000000000000000000, 0.9238795325112869605, 1.000000000000000000, 0.9238795325112869605, 1.000000000000000000, 0.9238795325112869605, 1.000000000000000000, 0.9238795325112869605, 1.000000000000000000, 0.9238795325112869605, 1.000000000000000000, 0.9238795325112869605, 1.000000000000000000, 0.9238795325112869605, 1.000000000000000000, 0.9238795325112869605, 1.000000000000000000, 0.9238795325112869605, 1.000000000000000000, 0.9238795325112869605, 1.000000000000000000, 0.9238795325112869605, 1.000000000000000000, 0.9238795325112869605, 1.000000000000000000, 0.9238795325112869605, 1.000000000000000000, 0.9238795325112869605, 1.000000000000000000, 0.9238795325112869605, 1.000000000000000000, 0.9238795325112869605, 1.000000000000000000, 0.9238795325112869605, 1.000000000000000000, 0.9238795325112869605, 1.000000000000000000, 0.9238795325112869605, 1.000000000000000000, 0.9238795325112869605, 1.000000000000000000, 0.9238795325112869605, 1.000000000000000000, 0.9238795325112869605, 1.000000000000000000, 0.9238795325112869605, 1.000000000000000000, 0.9238795325112869605, 1.000000000000000000, 0.9238795325112869605, 1.000000000000000000, 0.9238795325112869605, 1.000000000000000000, 0.9238795325112869605, 1.000000000000000000, 0.9238795325112869605, 1.000000000000000000, 0.9238795325112869605, 1.000000000000000000, 0.9238795325112869605, 1.000000000000000000, 0.9238795325112869605, 1.000000000000000000, 0.9238795325112869605, 1.000000000000000000, 0.9238795325112869605, 1.000000000000000000, 0.9238795325112869605, 1.000000000000000000, 0.9238795325112869605, 1.000000000000000000, 0.9238795325112869605, 1.000000000000000000, 0.9238795325112869605, 1.000000000000000000, 0.9238795325112869605, 1.000000000000000000, 0.9238795325112869605, 1.000000000000000000, 0.9238795325112869605, 1.000000000000000000, 0.9238795325112869605, 1.000000000000000000, 0.9238795325112869605, 1.000000000000000000, 0.9238795325112869605, 1.000000000000000000, 0.9238795325112869605, 1.000000000000000000, 0.9238795325112869605, 1.000000000000000000, 0.9238795325112869605, 1.000000000000000000, 0.9238795325112869605, 1.000000000000000000, 0.9238795325112869605, 1.000000000000000000, 0.9238795325112869605, 1.000000000000000000, 0.9238795325112869605, 1.000000000000000000, 0.9238795325112869605, 1.000000000000000000, 0.9238795325112869605, 1.000000000000000000, 0.9238795325112869605, 1.000000000000000000, 0.9238795325112869605, 1.000000000000000000, 0.9238795325112869605, 1.000000000000000000, 0.9238795325112869605, 1.000000000000000000, 0.9493987533451490046, 0.9660720846716990273, 0.9660720846716990273, 0.9660720846716990273),
 ( 1.000000000000000000, 0.9238795325112869605, 1.000000000000000000, 0.9238795325112869605, 1.000000000000000000, 0.9238795325112869605, 1.000000000000000000, 0.9238795325112869605, 1.000000000000000000, 0.9238795325112869605, 1.000000000000000000, 0.9238795325112869605, 1.000000000000000000, 0.9238795325112869605, 1.000000000000000000, 0.9238795325112869605, 1.000000000000000000, 0.9238795325112869605, 1.000000000000000000, 0.9238795325112869605, 1.000000000000000000, 0.9238795325112869605, 1.000000000000000000, 0.9238795325112869605, 1.000000000000000000, 0.9238795325112869605, 1.000000000000000000, 0.9238795325112869605, 1.000000000000000000, 0.9238795325112869605, 1.000000000000000000, 0.9238795325112869605, 1.000000000000000000, 0.9238795325112869605, 1.000000000000000000, 0.9238795325112869605, 1.000000000000000000, 0.9238795325112869605, 1.000000000000000000, 0.9238795325112869605, 1.000000000000000000, 0.9238795325112869605, 1.000000000000000000, 0.9238795325112869605, 1.000000000000000000, 0.9238795325112869605, 1.000000000000000000, 0.9238795325112869605, 1.000000000000000000, 0.9238795325112869605, 1.000000000000000000, 0.9238795325112869605, 1.000000000000000000, 0.9238795325112869605, 1.000000000000000000, 0.9238795325112869605, 1.000000000000000000, 0.9238795325112869605, 1.000000000000000000, 0.9238795325112869605, 1.000000000000000000, 0.9238795325112869605, 1.000000000000000000, 0.9238795325112869605, 1.000000000000000000, 0.9238795325112869605, 1.000000000000000000, 0.9238795325112869605, 1.000000000000000000, 0.9238795325112869605, 1.000000000000000000, 0.9238795325112869605, 1.000000000000000000, 0.9238795325112869605, 1.000000000000000000, 0.9238795325112869605, 1.000000000000000000, 0.9238795325112869605, 1.000000000000000000, 0.9238795325112869605, 1.000000000000000000, 0.9238795325112869605, 1.000000000000000000, 0.9238795325112869605, 1.000000000000000000, 0.9238795325112869605, 1.000000000000000000, 0.9238795325112869605, 1.000000000000000000, 0.9238795325112869605, 1.000000000000000000, 0.9238795325112869605, 1.000000000000000000, 0.9238795325112869605, 1.000000000000000000, 0.9238795325112869605, 1.000000000000000000, 0.9238795325112869605, 1.000000000000000000, 0.9238795325112869605, 1.000000000000000000, 0.9238795325112869605, 1.000000000000000000, 0.9238795325112869605, 1.000000000000000000, 0.9238795325112869605, 1.000000000000000000, 0.9238795325112869605, 1.000000000000000000, 0.9238795325112869605, 1.000000000000000000, 0.9238795325112869605, 1.000000000000000000, 0.9238795325112869605, 1.000000000000000000, 0.9238795325112869605, 1.000000000000000000, 0.9238795325112869605, 1.000000000000000000, 0.9238795325112869605, 1.000000000000000000, 0.9238795325112869605, 1.000000000000000000, 0.9238795325112869605, 1.000000000000000000, 0.9238795325112869605, 1.000000000000000000, 0.9238795325112869605, 1.000000000000000000, 0.9238795325112869605, 1.000000000000000000, 0.9238795325112869605, 1.000000000000000000, 0.9238795325112869605, 1.000000000000000000, 0.9238795325112869605, 1.000000000000000000, 0.9238795325112869605, 1.000000000000000000, 0.9238795325112869605, 1.000000000000000000, 0.9238795325112869605, 1.000000000000000000, 0.9238795325112869605, 1.000000000000000000, 0.9238795325112869605, 1.000000000000000000, 0.9238795325112869605, 1.000000000000000000, 0.9493987533451490046, 0.9660720846716990273, 0.9660720846716990273, 0.9660720846716990273) ) ) 
 REPRESENTATION_ITEM ( '' )  SURFACE ( )  );
#8309 = LINE ( 'NONE', #2439, #7489 ) ;
#8310 = EDGE_CURVE ( 'NONE', #419, #5630, #1485, .T. ) ;
#8311 = DIRECTION ( 'NONE',  ( -3.430248998885765387E-15, 0.000000000000000000, -1.000000000000000000 ) ) ;
#8312 = DIRECTION ( 'NONE',  ( -1.000000000000000000, -3.428423085967675991E-15, 0.000000000000000000 ) ) ;
#8313 = DIRECTION ( 'NONE',  ( -3.430248998885765387E-15, 1.000000000000000000, 0.000000000000000000 ) ) ;
#8314 = SHAPE_DEFINITION_REPRESENTATION ( #5212, #1095 ) ;
#8315 = CARTESIAN_POINT ( 'NONE',  ( 8.270296309428744053, -3.425668896209608683, -43.85000000204844639 ) ) ;
#8316 = CARTESIAN_POINT ( 'NONE',  ( -5.847982602819389975, 5.847982602819249642, -40.56875000204840376 ) ) ;
#8317 = VERTEX_POINT ( 'NONE', #5953 ) ;
#8318 = CARTESIAN_POINT ( 'NONE',  ( -1.507984474043545064E-13, -9.082195121928901216, -43.47500000000000142 ) ) ;
#8319 = DIRECTION ( 'NONE',  ( 1.224646799147351975E-16, 1.000000000000000000, -4.200843456763865836E-31 ) ) ;
#8320 = ORIENTED_EDGE ( 'NONE', *, *, #7240, .F. ) ;
#8321 = CARTESIAN_POINT ( 'NONE',  ( 8.270296309428733394, -3.425668896209614456, -50.22500000204844639 ) ) ;
#8322 = DIRECTION ( 'NONE',  ( -1.000000000000000000, 0.000000000000000000, 3.430248998885765387E-15 ) ) ;
#8323 = DIRECTION ( 'NONE',  ( 1.000000000000000000, 3.430248998885765387E-15, 0.000000000000000000 ) ) ;
#8324 = DIRECTION ( 'NONE',  ( 1.000000000000000000, 0.000000000000000000, -3.478934956386834635E-15 ) ) ;
#8325 = EDGE_CURVE ( 'NONE', #6689, #4899, #5912, .T. ) ;
#8326 = CARTESIAN_POINT ( 'NONE',  ( 1.477114435463068753, -8.373968105303140064, -52.10000004247670091 ) ) ;
#8327 = VERTEX_POINT ( 'NONE', #7859 ) ;
#8328 = CARTESIAN_POINT ( 'NONE',  ( 3.149999999999999911, 3.939999999999999947, 0.000000000000000000 ) ) ;
#8329 = ORIENTED_EDGE ( 'NONE', *, *, #778, .F. ) ;
#8330 = CARTESIAN_POINT ( 'NONE',  ( -3.209459054066300165, 7.985978660719728062, -52.09999999999999432 ) ) ;
#8331 = VERTEX_POINT ( 'NONE', #4630 ) ;
#8332 = CARTESIAN_POINT ( 'NONE',  ( -17.01870763777180073, -478.0496043183500205, 7.253522615942590512 ) ) ;
#8333 = AXIS2_PLACEMENT_3D ( 'NONE', #1390, #3981, #4270 ) ;
#8334 = AXIS2_PLACEMENT_3D ( 'NONE', #6113, #1598, #7429 ) ;
#8335 = EDGE_CURVE ( 'NONE', #6087, #337, #5710, .T. ) ;
#8336 = PRODUCT_DEFINITION ( 'ๆ', '', #6224, #7738 ) ;
#8337 = ORIENTED_EDGE ( 'NONE', *, *, #3526, .T. ) ;
#8338 = ORIENTED_EDGE ( 'NONE', *, *, #5159, .F. ) ;
#8339 = LINE ( 'NONE', #729, #6801 ) ;
#8340 = AXIS2_PLACEMENT_3D ( 'NONE', #2706, #5306, #7894 ) ;
#8341 = CIRCLE ( 'NONE', #4684, 4.299999999999844391 ) ;
#8342 = CARTESIAN_POINT ( 'NONE',  ( 14.79108867122172910, 0.4373764135938698616, 11.11187184591579857 ) ) ;
#8343 = B_SPLINE_CURVE_WITH_KNOTS ( 'NONE', 3,
 ( #2297, #505, #1073, #4984, #2381, #3105, #4341, #385, #6944, #5061, #1789, #2339, #5585, #5705, #7612, #468 ),
 .UNSPECIFIED., .F., .F.,
 ( 4, 2, 2, 1, 1, 2, 2, 2, 4 ),
 ( 0.000000000000000000, 0.2500000000000776601, 0.3750000000001187939, 0.4375000000001393330, 0.4687500000001535994, 0.4843750000001605938, 0.5000000000001675327, 0.7500000000000837108, 1.000000000000000000 ),
 .UNSPECIFIED. ) ;
#8344 = TOROIDAL_SURFACE ( 'NONE', #4686, 5.299999999999849720, 1.000000000000000000 ) ;
#8345 = CARTESIAN_POINT ( 'NONE',  ( -12.95680068189096801, 10.04171459112371778, 1.493994493381683109 ) ) ;
#8346 = CYLINDRICAL_SURFACE ( 'NONE', #3534, 9.082195121928901216 ) ;
#8347 = AXIS2_PLACEMENT_3D ( 'NONE', #5315, #3429, #2586 ) ;
#8348 = CIRCLE ( 'NONE', #1160, 2.500000000000000444 ) ;
#8349 = CARTESIAN_POINT ( 'NONE',  ( -8.270296309429069126, 3.425668896209609571, -49.10000000204833270 ) ) ;
#8350 = EDGE_CURVE ( 'NONE', #2834, #2256, #116, .T. ) ;
#8351 = CARTESIAN_POINT ( 'NONE',  ( -11.28706081569966813, 7.153854124136849180, -29.75634857759170870 ) ) ;
#8352 = VERTEX_POINT ( 'NONE', #2714 ) ;
#8353 = CARTESIAN_POINT ( 'NONE',  ( -1.255471133592193760E-13, 0.000000000000000000, -36.60000000000000142 ) ) ;
#8355 = AXIS2_PLACEMENT_3D ( 'NONE', #2460, #1315, #1233 ) ;
#8354 = CARTESIAN_POINT ( 'NONE',  ( 3.894296918814334596, 23.34281378941989971, -17.39741281820957752 ) ) ;
#8356 = CARTESIAN_POINT ( 'NONE',  ( -17.00989809256586938, 25.11348895568253425, 3.834807943848712153 ) ) ;
#8357 = CARTESIAN_POINT ( 'NONE',  ( -13.15894575897847041, 9.596763122571502436, -1.882678651887017329 ) ) ;
#8358 = CARTESIAN_POINT ( 'NONE',  ( 10.89006398298617562, 7.594692783460257779, -36.51640612516393247 ) ) ;
#8359 = DIRECTION ( 'NONE',  ( 6.112085292819410516E-15, 0.000000000000000000, 1.000000000000000000 ) ) ;
#8360 = CARTESIAN_POINT ( 'NONE',  ( -3.430248998885904621E-15, 0.000000000000000000, -1.000000000000000000 ) ) ;
#8361 = CIRCLE ( 'NONE', #1034, 0.5000000000000004441 ) ;
#8362 = CARTESIAN_POINT ( 'NONE',  ( -8.270296309429035375, 3.425668896209608683, -41.60000000204838955 ) ) ;
#8363 = CARTESIAN_POINT ( 'NONE',  ( -2.216019217278258235, 8.270296309428896819, -39.19560438569896377 ) ) ;
#8364 = VERTEX_POINT ( 'NONE', #801 ) ;
#8365 = CARTESIAN_POINT ( 'NONE',  ( -9.082195121929050430, -3.761968395621714034, -42.25625000000004405 ) ) ;
#8366 = DIRECTION ( 'NONE',  ( -0.8679833099209478542, 0.4965933685609139059, 2.977398879905884978E-15 ) ) ;
#8367 = EDGE_LOOP ( 'NONE', ( #7189, #8235, #1959, #7652, #1887, #1796, #3698 ) ) ;
#8368 = CARTESIAN_POINT ( 'NONE',  ( 8.270296309428744053, 3.425668896209609571, -44.03750000204843928 ) ) ;
#8369 = DIRECTION ( 'NONE',  ( 3.571186321298529960E-15, -1.000000000000000000, 0.000000000000000000 ) ) ;
#8370 = CARTESIAN_POINT ( 'NONE',  ( -12.48278024101991868, 6.598489246341010528, -0.6860721884874160237 ) ) ;
#8371 = CARTESIAN_POINT ( 'NONE',  ( -14.65953258713486562, 0.1041284962229287181, -10.96339243277003916 ) ) ;
#8372 = CARTESIAN_POINT ( 'NONE',  ( -0.1037983114729876533, -8.427196749916802787, -52.09999994368509846 ) ) ;
#8373 = CARTESIAN_POINT ( 'NONE',  ( 8.921570627134731097E-13, 0.000000000000000000, 260.0852191789194876 ) ) ;
#8374 = ORIENTED_EDGE ( 'NONE', *, *, #1534, .T. ) ;
#8375 = CARTESIAN_POINT ( 'NONE',  ( -4.085375124023568283, 8.049075736985084717, -51.83311009492227583 ) ) ;
#8376 = EDGE_LOOP ( 'NONE', ( #4344, #1856, #3079, #4035 ) ) ;
#8377 = EDGE_CURVE ( 'NONE', #2694, #3136, #3393, .T. ) ;
#8378 = CARTESIAN_POINT ( 'NONE',  ( -4.517559327484969245, 7.878954623263429546, -51.60000000000000142 ) ) ;
#8379 = CIRCLE ( 'NONE', #3219, 6.354901540442970287 ) ;
#8380 = VERTEX_POINT ( 'NONE', #6115 ) ;
#8381 = VERTEX_POINT ( 'NONE', #6843 ) ;
#8382 = DIRECTION ( 'NONE',  ( -1.000000000000000000, -3.640075490574283442E-15, 0.000000000000000000 ) ) ;
#8383 = DIRECTION ( 'NONE',  ( 0.000000000000000000, 1.000000000000000000, 0.000000000000000000 ) ) ;
#8384 = EDGE_CURVE ( 'NONE', #6211, #1932, #4969, .T. ) ;
#8385 = AXIS2_PLACEMENT_3D ( 'NONE', #5952, #7901, #7272 ) ;
#8386 = CARTESIAN_POINT ( 'NONE',  ( -12.99973803203866218, 9.967436080935144105, 1.560861989969808850 ) ) ;
#8387 = CARTESIAN_POINT ( 'NONE',  ( -6.422081758775470384, -6.422081758775310512, -45.35000000409679899 ) ) ;
#8388 = CARTESIAN_POINT ( 'NONE',  ( -8.270296309429058468, -3.425668896209603798, -44.41250000204840376 ) ) ;
#8389 = ORIENTED_EDGE ( 'NONE', *, *, #898, .F. ) ;
#8390 = AXIS2_PLACEMENT_3D ( 'NONE', #1640, #2961, #4151 ) ;
#8391 = CARTESIAN_POINT ( 'NONE',  ( 0.07767377832589071607, -1.306900292666107299, 3.889970530971131879 ) ) ;
#8392 = ORIENTED_EDGE ( 'NONE', *, *, #3539, .F. ) ;
#8393 = FACE_OUTER_BOUND ( 'NONE', #13, .T. ) ;
#8394 = CARTESIAN_POINT ( 'NONE',  ( 3.761968395621567929, 9.082195121928899439, -42.81875000000003695 ) ) ;
#8395 = DIRECTION ( 'NONE',  ( -0.4977714890723173857, 0.000000000000000000, -0.8673082178019114741 ) ) ;
#8396 = CARTESIAN_POINT ( 'NONE',  ( -13.28847849144286464, 9.175666826238666474, -2.074295303753768138 ) ) ;
#8397 = ADVANCED_FACE ( 'NONE', ( #6203 ), #535, .T. ) ;
#8398 = CARTESIAN_POINT ( 'NONE',  ( 11.32730072485187378, 7.344539351718236908, -36.25794255094039897 ) ) ;
#8399 = AXIS2_PLACEMENT_3D ( 'NONE', #4732, #172, #4292 ) ;
#8400 = CARTESIAN_POINT ( 'NONE',  ( 3.761968395621567485, 9.082195121928897663, -43.00625000409681320 ) ) ;
#8401 = CARTESIAN_POINT ( 'NONE',  ( 3.649999999999999911, 2.245892547147644969, 3.889999999999999680 ) ) ;
#8402 = PRODUCT_CONTEXT ( 'NONE', #363, 'mechanical' ) ;
#8403 = CARTESIAN_POINT ( 'NONE',  ( -1.431567062964442021E-13, 8.270296309428900372, -41.88125000204840376 ) ) ;
#8404 = DIRECTION ( 'NONE',  ( -3.430248998885765387E-15, 1.000000000000000000, 0.000000000000000000 ) ) ;
#8405 = DIRECTION ( 'NONE',  ( -5.261985308428900079E-16, 1.318389841742373897E-13, 1.000000000000000000 ) ) ;
#8406 = CARTESIAN_POINT ( 'NONE',  ( 9.082195121928752002, 0.000000000000000000, -43.10000000000000142 ) ) ;
#8407 = VECTOR ( 'NONE', #3386, 1000.000000000000114 ) ;
#8408 = CARTESIAN_POINT ( 'NONE',  ( -3.761968395621876127, -9.082195121928899439, -45.06875000000003695 ) ) ;
#8409 = ORIENTED_EDGE ( 'NONE', *, *, #4066, .F. ) ;
#8410 = CARTESIAN_POINT ( 'NONE',  ( -1.593321217975164933E-13, -8.270296309428900372, -46.00625000204840376 ) ) ;
#8411 = CARTESIAN_POINT ( 'NONE',  ( -9.673302176857898883E-14, 0.000000000000000000, -28.19999999999999929 ) ) ;
#8412 = EDGE_CURVE ( 'NONE', #1760, #5618, #5934, .T. ) ;
#8413 = CARTESIAN_POINT ( 'NONE',  ( -9.082195121929080628, 1.112248118530191819E-15, -51.53750000409679899 ) ) ;
#8414 = CARTESIAN_POINT ( 'NONE',  ( -11.00000000000000000, 5.641960108450210676, 1.347111479062087813E-15 ) ) ;
#8415 = CARTESIAN_POINT ( 'NONE',  ( -14.66654327554758908, 0.1123382364200744832, -10.97123668527985352 ) ) ;
#8416 = CARTESIAN_POINT ( 'NONE',  ( 1.619203873109634984, 12.89876656185789905, -36.60000000000000142 ) ) ;
#8417 = AXIS2_PLACEMENT_3D ( 'NONE', #3198, #3914, #1928 ) ;
#8418 = CARTESIAN_POINT ( 'NONE',  ( -16.99339220770723813, 26.29412520053136149, -2.591484502534687095 ) ) ;
#8419 = ORIENTED_EDGE ( 'NONE', *, *, #1664, .T. ) ;
#8420 =( GEOMETRIC_REPRESENTATION_CONTEXT ( 3 ) GLOBAL_UNCERTAINTY_ASSIGNED_CONTEXT ( ( #5794 ) ) GLOBAL_UNIT_ASSIGNED_CONTEXT ( ( #3761, #1811, #7012 ) ) REPRESENTATION_CONTEXT ( 'NONE', 'WORKASPACE' ) );
#8421 = NEXT_ASSEMBLY_USAGE_OCCURRENCE ( 'NAUO1', ' ', ' ', #5688, #6467, $ ) ;
#8422 = NEXT_ASSEMBLY_USAGE_OCCURRENCE ( 'NAUO2', ' ', ' ', #5688, #8336, $ ) ;
#8423 = NEXT_ASSEMBLY_USAGE_OCCURRENCE ( 'NAUO3', ' ', ' ', #5688, #2310, $ ) ;
ENDSEC;
END-ISO-10303-21;
