page,exact_claim,claim_type,risk_level,why_evidence_is_needed,suggested_evidence,action,manual_verification
about.html,"Made in Ningbo, delivered worldwide.",business_metric,medium,带数字的商业或技术陈述需要可追溯依据,内部记录、规格书或带日期的统计说明,保留前先建立证据索引；无法证明时弱化并说明口径,需要人工验证
about.html,"Our factory covers 3,200 square meters with 28 CNC machines, 6 seal testing stations, and a dedicated R&D lab.",business_metric,medium,带数字的商业或技术陈述需要可追溯依据,内部记录、规格书或带日期的统计说明,保留前先建立证据索引；无法证明时弱化并说明口径,需要人工验证
about.html,"1.5× rated pressure, 30 minutes, zero leakage pass.",business_metric,medium,带数字的商业或技术陈述需要可追溯依据,内部记录、规格书或带日期的统计说明,保留前先建立证据索引；无法证明时弱化并说明口径,需要人工验证
about.html,Delivered first multi-channel (6-passage) rotary joint for wind turbine application.,business_metric,medium,带数字的商业或技术陈述需要可追溯依据,内部记录、规格书或带日期的统计说明,保留前先建立证据索引；无法证明时弱化并说明口径,需要人工验证
about.html,"200,000 Units Milestone",business_metric,high,企业规模、认证或绝对性能陈述会直接影响采购信任,证书、出货记录、客户/国家统计口径、测试报告,保留前先建立证据索引；无法证明时弱化并说明口径,需要人工验证
about.html,"Cumulative production exceeded 200,000 units.",certification,high,企业规模、认证或绝对性能陈述会直接影响采购信任,证书、出货记录、客户/国家统计口径、测试报告,保留前先建立证据索引；无法证明时弱化并说明口径,需要人工验证
about.html,Production Manager ISO 9001 Lead Auditor,certification,high,企业规模、认证或绝对性能陈述会直接影响采购信任,证书、出货记录、客户/国家统计口径、测试报告,保留前先建立证据索引；无法证明时弱化并说明口径,需要人工验证
about.html,Tell us your requirements and we'll provide a quote within 24 hours.,business_metric,medium,带数字的商业或技术陈述需要可追溯依据,内部记录、规格书或带日期的统计说明,保留前先建立证据索引；无法证明时弱化并说明口径,需要人工验证
application-automation-rotary-tables.html,The challenge is not just transferring air — it is keeping 4–8 independent channels from cross-contaminating while sharing a 30–50 mm diameter body.,technical_parameter,medium,带数字的商业或技术陈述需要可追溯依据,内部记录、规格书或带日期的统计说明,保留前先建立证据索引；无法证明时弱化并说明口径,需要人工验证
application-automation-rotary-tables.html,"Machine builders specify exactly the channels needed today, with no room for the sensor or gripper the customer adds 12 months later.",business_metric,medium,带数字的商业或技术陈述需要可追溯依据,内部记录、规格书或带日期的统计说明,保留前先建立证据索引；无法证明时弱化并说明口径,需要人工验证
application-automation-rotary-tables.html,"Indexing tables (60–120 RPM, stop-start) can use FKM seals; continuous rotation stations need PTFE",technical_parameter,medium,工程参数需要型号、测试条件和最大/连续值定义,规格书、图纸、试验条件和批准人,保留前先建立证据索引；无法证明时弱化并说明口径,需要人工验证
application-automation-rotary-tables.html,Pressure: 0.3–0.8 MPa (clamping / actuation) / -0.04 to -0.08 MPa (vacuum) — derate 30% for continuous duty,technical_parameter,medium,工程参数需要型号、测试条件和最大/连续值定义,规格书、图纸、试验条件和批准人,保留前先建立证据索引；无法证明时弱化并说明口径,需要人工验证
application-automation-rotary-tables.html,Bore: 6–16 mm depending on flow demand and station count,technical_parameter,medium,带数字的商业或技术陈述需要可追溯依据,内部记录、规格书或带日期的统计说明,保留前先建立证据索引；无法证明时弱化并说明口径,需要人工验证
application-automation-rotary-tables.html,"Clamping: 1 channel (clamp air, 0.3–0.6 MPa)",technical_parameter,medium,工程参数需要型号、测试条件和最大/连续值定义,规格书、图纸、试验条件和批准人,保留前先建立证据索引；无法证明时弱化并说明口径,需要人工验证
application-automation-rotary-tables.html,"Unclamping: 1 channel (release air, 0.2–0.4 MPa)",technical_parameter,medium,工程参数需要型号、测试条件和最大/连续值定义,规格书、图纸、试验条件和批准人,保留前先建立证据索引；无法证明时弱化并说明口径,需要人工验证
application-automation-rotary-tables.html,"Vacuum pickup: 1 channel (-0.04 to -0.08 MPa, dedicated vacuum seal)",technical_parameter,medium,工程参数需要型号、测试条件和最大/连续值定义,规格书、图纸、试验条件和批准人,保留前先建立证据索引；无法证明时弱化并说明口径,需要人工验证
application-automation-rotary-tables.html,"Blow-off: 1 channel (0.2–0.3 MPa, often pulsed)",technical_parameter,medium,工程参数需要型号、测试条件和最大/连续值定义,规格书、图纸、试验条件和批准人,保留前先建立证据索引；无法证明时弱化并说明口径,需要人工验证
application-automation-rotary-tables.html,Sensor air: 1 channel (0.1–0.2 MPa for position verification),technical_parameter,medium,工程参数需要型号、测试条件和最大/连续值定义,规格书、图纸、试验条件和批准人,保留前先建立证据索引；无法证明时弱化并说明口径,需要人工验证
application-automation-rotary-tables.html,Adding a spare passage now is cheaper than replacing the entire joint in 18 months when the customer adds a new gripper or sensor.,business_metric,medium,带数字的商业或技术陈述需要可追溯依据,内部记录、规格书或带日期的统计说明,保留前先建立证据索引；无法证明时弱化并说明口径,需要人工验证
application-automation-rotary-tables.html,"Indexing tables (stop-start, 60–120 RPM): FKM seals are acceptable.",certification,high,企业规模、认证或绝对性能陈述会直接影响采购信任,证书、出货记录、客户/国家统计口径、测试报告,保留前先建立证据索引；无法证明时弱化并说明口径,需要人工验证
application-automation-rotary-tables.html,Typical seal life: 6–10 months continuous duty.,business_metric,medium,带数字的商业或技术陈述需要可追溯依据,内部记录、规格书或带日期的统计说明,保留前先建立证据索引；无法证明时弱化并说明口径,需要人工验证
application-automation-rotary-tables.html,Continuous rotation (100–500 RPM): PTFE composite seals are mandatory.,technical_parameter,medium,工程参数需要型号、测试条件和最大/连续值定义,规格书、图纸、试验条件和批准人,保留前先建立证据索引；无法证明时弱化并说明口径,需要人工验证
application-automation-rotary-tables.html,FKM overheats and hardens within 2–3 weeks under continuous friction.,business_metric,medium,带数字的商业或技术陈述需要可追溯依据,内部记录、规格书或带日期的统计说明,保留前先建立证据索引；无法证明时弱化并说明口径,需要人工验证
application-automation-rotary-tables.html,Best when space is limited and channel count is moderate.,certification,high,企业规模、认证或绝对性能陈述会直接影响采购信任,证书、出货记录、客户/国家统计口径、测试报告,保留前先建立证据索引；无法证明时弱化并说明口径,需要人工验证
application-automation-rotary-tables.html,Best when high channel counts (8+ air + 12+ electrical) are needed.,business_metric,medium,带数字的商业或技术陈述需要可追溯依据,内部记录、规格书或带日期的统计说明,保留前先建立证据索引；无法证明时弱化并说明口径,需要人工验证
application-automation-rotary-tables.html,A 30 mm bore rotary joint plus a 25 mm slip ring needs 60+ mm total radial space.,certification,high,企业规模、认证或绝对性能陈述会直接影响采购信任,证书、出货记录、客户/国家统计口径、测试报告,保留前先建立证据索引；无法证明时弱化并说明口径,需要人工验证
application-automation-rotary-tables.html,"Small indexing table (4–6 stations) Clamp, release, blow-off 2–3 passages, compact body, easy mounting, FKM seals acceptable BP-2P-0001 or BP-3P-0004",certification,high,企业规模、认证或绝对性能陈述会直接影响采购信任,证书、出货记录、客户/国家统计口径、测试报告,保留前先建立证据索引；无法证明时弱化并说明口径,需要人工验证
application-automation-rotary-tables.html,"Multi-station carousel (8–16 stations) Several independent air lines 4–8 passages, low leakage, flange mount, anti-rotation support BP-4P-30-0001 or BP-8P-0001",business_metric,medium,带数字的商业或技术陈述需要可追溯依据,内部记录、规格书或带日期的统计说明,保留前先建立证据索引；无法证明时弱化并说明口径,需要人工验证
application-automation-rotary-tables.html,"High-speed continuous rotary Continuous clamping and actuation PTFE seals, 100–500 RPM rated, low friction torque BP-2P-95-0001 (PTFE standard) or custom high-speed layout",technical_parameter,medium,工程参数需要型号、测试条件和最大/连续值定义,规格书、图纸、试验条件和批准人,保留前先建立证据索引；无法证明时弱化并说明口径,需要人工验证
application-automation-rotary-tables.html,"When the customer adds a sensor or a new gripper 12 months later, the entire rotary joint must be replaced — disassembling the table, re-routing hoses, and re-commissioning the machine.",certification,high,企业规模、认证或绝对性能陈述会直接影响采购信任,证书、出货记录、客户/国家统计口径、测试报告,保留前先建立证据索引；无法证明时弱化并说明口径,需要人工验证
application-automation-rotary-tables.html,FKM (fluoroelastomer) seals are rated for < 200 RPM and work well on indexing tables with dwell periods.,technical_parameter,medium,工程参数需要型号、测试条件和最大/连续值定义,规格书、图纸、试验条件和批准人,保留前先建立证据索引；无法证明时弱化并说明口径,需要人工验证
application-automation-rotary-tables.html,"But on continuous-rotation stations at 300–500 RPM, FKM overheats and hardens within 2–3 weeks.",technical_parameter,medium,工程参数需要型号、测试条件和最大/连续值定义,规格书、图纸、试验条件和批准人,保留前先建立证据索引；无法证明时弱化并说明口径,需要人工验证
application-automation-rotary-tables.html,Rule: Specify PTFE composite seals for any station above 200 RPM or with continuous rotation.,technical_parameter,medium,工程参数需要型号、测试条件和最大/连续值定义,规格书、图纸、试验条件和批准人,保留前先建立证据索引；无法证明时弱化并说明口径,需要人工验证
application-automation-rotary-tables.html,"Engineers specify a 40 mm bore rotary joint and a 35 mm slip ring, then discover they need 80 mm radial clearance — but the table hub only has 60 mm.",certification,high,企业规模、认证或绝对性能陈述会直接影响采购信任,证书、出货记录、客户/国家统计口径、测试报告,保留前先建立证据索引；无法证明时弱化并说明口径,需要人工验证
application-automation-rotary-tables.html,The result: a last-minute custom design that delays delivery by 4–6 weeks.,business_metric,medium,带数字的商业或技术陈述需要可追溯依据,内部记录、规格书或带日期的统计说明,保留前先建立证据索引；无法证明时弱化并说明口径,需要人工验证
application-automation-rotary-tables.html,"Through-bore options (e.g., 30 mm bore on BP-4P-30-0001 ) allow wiring, shafts, or coolant lines to pass through the center — keeping the machine envelope clean and organized.",certification,high,企业规模、认证或绝对性能陈述会直接影响采购信任,证书、出货记录、客户/国家统计口径、测试报告,保留前先建立证据索引；无法证明时弱化并说明口径,需要人工验证
application-automation-rotary-tables.html,But it must allow ±2 mm radial float for self-alignment.,technical_parameter,medium,带数字的商业或技术陈述需要可追溯依据,内部记录、规格书或带日期的统计说明,保留前先建立证据索引；无法证明时弱化并说明口径,需要人工验证
application-automation-rotary-tables.html,Indexing tables (FKM seals): Replace every 8–10 months on continuous-duty lines,certification,high,企业规模、认证或绝对性能陈述会直接影响采购信任,证书、出货记录、客户/国家统计口径、测试报告,保留前先建立证据索引；无法证明时弱化并说明口径,需要人工验证
application-automation-rotary-tables.html,Continuous rotation (PTFE seals): Replace every 10–12 months,certification,high,企业规模、认证或绝对性能陈述会直接影响采购信任,证书、出货记录、客户/国家统计口径、测试报告,保留前先建立证据索引；无法证明时弱化并说明口径,需要人工验证
application-automation-rotary-tables.html,"High-cycle lines (>200 RPM, 24/7): Replace every 6–8 months",certification,high,企业规模、认证或绝对性能陈述会直接影响采购信任,证书、出货记录、客户/国家统计口径、测试报告,保留前先建立证据索引；无法证明时弱化并说明口径,需要人工验证
application-automation-rotary-tables.html,Adding a spare passage now is cheaper than replacing the entire joint in 18 months.,business_metric,medium,带数字的商业或技术陈述需要可追溯依据,内部记录、规格书或带日期的统计说明,保留前先建立证据索引；无法证明时弱化并说明口径,需要人工验证
application-automation-rotary-tables.html,"When the customer adds a sensor or a new gripper 12 months later, the entire rotary joint must be replaced.",certification,high,企业规模、认证或绝对性能陈述会直接影响采购信任,证书、出货记录、客户/国家统计口径、测试报告,保留前先建立证据索引；无法证明时弱化并说明口径,需要人工验证
application-automation-rotary-tables.html,"Another common error is using FKM seals on continuous-rotation stations above 200 RPM, causing overheating and seal hardening within weeks.",technical_parameter,medium,工程参数需要型号、测试条件和最大/连续值定义,规格书、图纸、试验条件和批准人,保留前先建立证据索引；无法证明时弱化并说明口径,需要人工验证
application-bottle-filling-capping.html,"And it must be replaceable in under 10 minutes because a filling line stoppage costs $5,000–$15,000 per hour.",certification,high,企业规模、认证或绝对性能陈述会直接影响采购信任,证书、出货记录、客户/国家统计口径、测试报告,保留前先建立证据索引；无法证明时弱化并说明口径,需要人工验证
application-bottle-filling-capping.html,The most frequent challenge is not pressure or RPM — it is finding a compact layout that fits inside a 60–80 mm diameter carousel hub while handling 2–4 independent air functions.,technical_parameter,medium,带数字的商业或技术陈述需要可追溯依据,内部记录、规格书或带日期的统计说明,保留前先建立证据索引；无法证明时弱化并说明口径,需要人工验证
application-bottle-filling-capping.html,Washdown chemicals corrode AL6061 and degrade FKM seals in 3–6 months — specify 316SS + FDA PTFE for food lines,business_metric,medium,带数字的商业或技术陈述需要可追溯依据,内部记录、规格书或带日期的统计说明,保留前先建立证据索引；无法证明时弱化并说明口径,需要人工验证
application-bottle-filling-capping.html,Capping torque actuators need 6–10 mm bore; 3 mm bore cannot deliver consistent airflow for torque control,technical_parameter,medium,带数字的商业或技术陈述需要可追溯依据,内部记录、规格书或带日期的统计说明,保留前先建立证据索引；无法证明时弱化并说明口径,需要人工验证
application-bottle-filling-capping.html,"A filling line stoppage costs $5,000–$15,000/hour — design for < 10 minute joint replacement",certification,high,企业规模、认证或绝对性能陈述会直接影响采购信任,证书、出货记录、客户/国家统计口径、测试报告,保留前先建立证据索引；无法证明时弱化并说明口径,需要人工验证
application-bottle-filling-capping.html,Steam sterilization (>120°C) destroys standard seals; specify high-temp PTFE or specialized composites,technical_parameter,medium,工程参数需要型号、测试条件和最大/连续值定义,规格书、图纸、试验条件和批准人,保留前先建立证据索引；无法证明时弱化并说明口径,需要人工验证
application-bottle-filling-capping.html,Plan seal replacement every 6 months for food-grade lines regardless of visible wear (audit requirement),certification,high,企业规模、认证或绝对性能陈述会直接影响采购信任,证书、出货记录、客户/国家统计口径、测试报告,保留前先建立证据索引；无法证明时弱化并说明口径,需要人工验证
application-bottle-filling-capping.html,Pressure: 0.4–0.6 MPa (capping torque) / 0.2–0.4 MPa (gripper) / -0.04 to -0.08 MPa (vacuum hold-down),technical_parameter,medium,工程参数需要型号、测试条件和最大/连续值定义,规格书、图纸、试验条件和批准人,保留前先建立证据索引；无法证明时弱化并说明口径,需要人工验证
application-bottle-filling-capping.html,Bore: 6–10 mm for capping torque actuators; 4–6 mm for gripper circuits,technical_parameter,medium,带数字的商业或技术陈述需要可追溯依据,内部记录、规格书或带日期的统计说明,保留前先建立证据索引；无法证明时弱化并说明口径,需要人工验证
application-bottle-filling-capping.html,"Capping torque actuator: 0.4–0.6 MPa, needs stable pressure for repeatable torque",technical_parameter,medium,工程参数需要型号、测试条件和最大/连续值定义,规格书、图纸、试验条件和批准人,保留前先建立证据索引；无法证明时弱化并说明口径,需要人工验证
application-bottle-filling-capping.html,"Bottle gripper (clamp/unclamp): 0.2–0.4 MPa, 2 channels minimum",technical_parameter,medium,工程参数需要型号、测试条件和最大/连续值定义,规格书、图纸、试验条件和批准人,保留前先建立证据索引；无法证明时弱化并说明口径,需要人工验证
application-bottle-filling-capping.html,"Vacuum hold-down: -0.04 to -0.08 MPa, dedicated vacuum-rated seal",technical_parameter,medium,工程参数需要型号、测试条件和最大/连续值定义,规格书、图纸、试验条件和批准人,保留前先建立证据索引；无法证明时弱化并说明口径,需要人工验证
application-bottle-filling-capping.html,"Blow-off cleaning: 0.2–0.3 MPa, pulsed air — specify pulse-rated seal",technical_parameter,medium,工程参数需要型号、测试条件和最大/连续值定义,规格书、图纸、试验条件和批准人,保留前先建立证据索引；无法证明时弱化并说明口径,需要人工验证
application-bottle-filling-capping.html,Steam sterilization (pharmaceutical): 316SS + high-temp PTFE or specialized composite seals rated for >120°C,certification,high,企业规模、认证或绝对性能陈述会直接影响采购信任,证书、出货记录、客户/国家统计口径、测试报告,保留前先建立证据索引；无法证明时弱化并说明口径,需要人工验证
application-bottle-filling-capping.html,Design the rotary joint mounting for replacement in under 10 minutes:,certification,high,企业规模、认证或绝对性能陈述会直接影响采购信任,证书、出货记录、客户/国家统计口径、测试报告,保留前先建立证据索引；无法证明时弱化并说明口径,需要人工验证
application-bottle-filling-capping.html,"Capping head Torque support and pneumatic actuation Compact body, stable pressure, 6–10 mm bore BP-1P-0003 or BP-2P-0001 compact",technical_parameter,medium,带数字的商业或技术陈述需要可追溯依据,内部记录、规格书或带日期的统计说明,保留前先建立证据索引；无法证明时弱化并说明口径,需要人工验证
application-bottle-filling-capping.html,Chlorine-based cleaning agents corrode aluminum within 3–6 months.,business_metric,medium,带数字的商业或技术陈述需要可追溯依据,内部记录、规格书或带日期的统计说明,保留前先建立证据索引；无法证明时弱化并说明口径,需要人工验证
application-bottle-filling-capping.html,A 3 mm bore restricts airflow to ~15 L/min at 0.5 MPa.,technical_parameter,medium,工程参数需要型号、测试条件和最大/连续值定义,规格书、图纸、试验条件和批准人,保留前先建立证据索引；无法证明时弱化并说明口径,需要人工验证
application-bottle-filling-capping.html,Rule: Specify 6–10 mm bore for capping torque circuits.,technical_parameter,medium,带数字的商业或技术陈述需要可追溯依据,内部记录、规格书或带日期的统计说明,保留前先建立证据索引；无法证明时弱化并说明口径,需要人工验证
application-bottle-filling-capping.html,A 3 mm bore is only acceptable for small gripper circuits with low air demand.,certification,high,企业规模、认证或绝对性能陈述会直接影响采购信任,证书、出货记录、客户/国家统计口径、测试报告,保留前先建立证据索引；无法证明时弱化并说明口径,需要人工验证
application-bottle-filling-capping.html,Standard PTFE seals are rated for -20°C to +120°C.,technical_parameter,medium,工程参数需要型号、测试条件和最大/连续值定义,规格书、图纸、试验条件和批准人,保留前先建立证据索引；无法证明时弱化并说明口径,需要人工验证
application-bottle-filling-capping.html,Steam sterilization cycles at 121°C for 15–30 minutes exceed this limit.,certification,high,企业规模、认证或绝对性能陈述会直接影响采购信任,证书、出货记录、客户/国家统计口径、测试报告,保留前先建立证据索引；无法证明时弱化并说明口径,需要人工验证
application-bottle-filling-capping.html,"Rule: For steam sterilization applications, specify high-temperature PTFE composites or specialized seals rated for >150°C.",technical_parameter,medium,工程参数需要型号、测试条件和最大/连续值定义,规格书、图纸、试验条件和批准人,保留前先建立证据索引；无法证明时弱化并说明口径,需要人工验证
application-bottle-filling-capping.html,Design the rotary joint for replacement in under 10 minutes:,certification,high,企业规模、认证或绝对性能陈述会直接影响采购信任,证书、出货记录、客户/国家统计口径、测试报告,保留前先建立证据索引；无法证明时弱化并说明口径,需要人工验证
application-bottle-filling-capping.html,Food-grade FKM seals: Replace every 6 months (audit requirement),certification,high,企业规模、认证或绝对性能陈述会直接影响采购信任,证书、出货记录、客户/国家统计口径、测试报告,保留前先建立证据索引；无法证明时弱化并说明口径,需要人工验证
application-bottle-filling-capping.html,Food-grade PTFE seals: Replace every 10–12 months on continuous-duty lines,certification,high,企业规模、认证或绝对性能陈述会直接影响采购信任,证书、出货记录、客户/国家统计口径、测试报告,保留前先建立证据索引；无法证明时弱化并说明口径,需要人工验证
application-bottle-filling-capping.html,Steam sterilization lines: Replace every 6 months regardless of visible wear (thermal fatigue),certification,high,企业规模、认证或绝对性能陈述会直接影响采购信任,证书、出货记录、客户/国家统计口径、测试报告,保留前先建立证据索引；无法证明时弱化并说明口径,需要人工验证
application-bottle-filling-capping.html,"Stable pressure (0.2–0.6 MPa), clean air path, compact size for tight carousel envelopes, corrosion-resistant material (304/316 stainless steel or anodized AL6061), and easy maintenance access for fast seal replacement during line stoppages.",certification,high,企业规模、认证或绝对性能陈述会直接影响采购信任,证书、出货记录、客户/国家统计口径、测试报告,保留前先建立证据索引；无法证明时弱化并说明口径,需要人工验证
application-bottle-filling-capping.html,"Washdown chemicals (chlorine, caustic soda) corrode aluminum and degrade FKM within 3–6 months.",business_metric,medium,带数字的商业或技术陈述需要可追溯依据,内部记录、规格书或带日期的统计说明,保留前先建立证据索引；无法证明时弱化并说明口径,需要人工验证
application-bottle-filling-capping.html,Another common error is undersizing the bore for capping torque actuators — a 3 mm bore cannot deliver enough airflow for consistent torque control.,technical_parameter,medium,带数字的商业或技术陈述需要可追溯依据,内部记录、规格书或带日期的统计说明,保留前先建立证据索引；无法证明时弱化并说明口径,需要人工验证
application-cnc-pneumatic-clamping.html,Pressure: 0.4–0.8 MPa (clamping) — derate 30% for continuous machining duty,technical_parameter,medium,工程参数需要型号、测试条件和最大/连续值定义,规格书、图纸、试验条件和批准人,保留前先建立证据索引；无法证明时弱化并说明口径,需要人工验证
application-cnc-pneumatic-clamping.html,Bore: 6–10 mm for standard clamps; 16–30 mm for large fixture plates,technical_parameter,medium,带数字的商业或技术陈述需要可追溯依据,内部记录、规格书或带日期的统计说明,保留前先建立证据索引；无法证明时弱化并说明口径,需要人工验证
application-electronics-battery-test-fixtures.html,Pressure: 0.2–0.5 MPa (vacuum/gripper) — low-pressure precision control,technical_parameter,medium,工程参数需要型号、测试条件和最大/连续值定义,规格书、图纸、试验条件和批准人,保留前先建立证据索引；无法证明时弱化并说明口径,需要人工验证
application-electronics-battery-test-fixtures.html,Bore: 3–6 mm for small grippers; 6–10 mm for larger actuators,technical_parameter,medium,带数字的商业或技术陈述需要可追溯依据,内部记录、规格书或带日期的统计说明,保留前先建立证据索引；无法证明时弱化并说明口径,需要人工验证
application-laser-tube-cutting.html,Getting the specification right before production saves 3–6 weeks of rework.,business_metric,medium,带数字的商业或技术陈述需要可追溯依据,内部记录、规格书或带日期的统计说明,保留前先建立证据索引；无法证明时弱化并说明口径,需要人工验证
application-laser-tube-cutting.html,Assist gas requires 6–10 mm minimum bore; 3 mm is only acceptable for small clamp circuits,certification,high,企业规模、认证或绝对性能陈述会直接影响采购信任,证书、出货记录、客户/国家统计口径、测试报告,保留前先建立证据索引；无法证明时弱化并说明口径,需要人工验证
application-laser-tube-cutting.html,Derate pressure 30% for continuous duty: a 1.0 MPa joint should run at 0.7 MPa max (ISO 4414),certification,medium,工程参数需要型号、测试条件和最大/连续值定义,规格书、图纸、试验条件和批准人,保留前先建立证据索引；无法证明时弱化并说明口径,需要人工验证
application-laser-tube-cutting.html,FKM seals overheat above 200 RPM; specify PTFE for continuous rotating cutting heads,technical_parameter,medium,工程参数需要型号、测试条件和最大/连续值定义,规格书、图纸、试验条件和批准人,保留前先建立证据索引；无法证明时弱化并说明口径,需要人工验证
application-laser-tube-cutting.html,Pressure: 0.4–0.8 MPa (assist gas) / 0.2–0.5 MPa (clamping) — derate 30% for continuous duty,technical_parameter,medium,工程参数需要型号、测试条件和最大/连续值定义,规格书、图纸、试验条件和批准人,保留前先建立证据索引；无法证明时弱化并说明口径,需要人工验证
application-laser-tube-cutting.html,Bore: 6–10 mm typical for laser assist gas; 3 mm acceptable for small clamp circuits only,certification,high,企业规模、认证或绝对性能陈述会直接影响采购信任,证书、出货记录、客户/国家统计口径、测试报告,保留前先建立证据索引；无法证明时弱化并说明口径,需要人工验证
application-laser-tube-cutting.html,Reference: ISO 4414:2010 recommends that maximum working pressure in pneumatic systems should not exceed 80% of the component rated pressure for continuous duty.,certification,high,企业规模、认证或绝对性能陈述会直接影响采购信任,证书、出货记录、客户/国家统计口径、测试报告,保留前先建立证据索引；无法证明时弱化并说明口径,需要人工验证
application-laser-tube-cutting.html,"Cutting head rotation Assist gas and blow-off Clean flow path, low leakage, 6–10 mm bore Custom multi-passage air rotary union",technical_parameter,medium,带数字的商业或技术陈述需要可追溯依据,内部记录、规格书或带日期的统计说明,保留前先建立证据索引；无法证明时弱化并说明口径,需要人工验证
application-laser-tube-cutting.html,"Coolant support Cutting fluid or mist Water-compatible seals, stainless steel body BP-2P-130-0001 (SS body, 5 MPa rated)",technical_parameter,medium,工程参数需要型号、测试条件和最大/连续值定义,规格书、图纸、试验条件和批准人,保留前先建立证据索引；无法证明时弱化并说明口径,需要人工验证
application-laser-tube-cutting.html,A 3 mm bore restricts nitrogen flow to ~15 L/min at 0.6 MPa.,technical_parameter,medium,工程参数需要型号、测试条件和最大/连续值定义,规格书、图纸、试验条件和批准人,保留前先建立证据索引；无法证明时弱化并说明口径,需要人工验证
application-laser-tube-cutting.html,Rule: Specify 6–10 mm bore for assist gas; 3 mm is only for small clamp circuits.,technical_parameter,medium,带数字的商业或技术陈述需要可追溯依据,内部记录、规格书或带日期的统计说明,保留前先建立证据索引；无法证明时弱化并说明口径,需要人工验证
application-laser-tube-cutting.html,FKM (fluoroelastomer) seals are rated for < 200 RPM.,technical_parameter,medium,工程参数需要型号、测试条件和最大/连续值定义,规格书、图纸、试验条件和批准人,保留前先建立证据索引；无法证明时弱化并说明口径,需要人工验证
application-laser-tube-cutting.html,A continuous rotating cutting head at 300–500 RPM generates enough heat to harden FKM within 2–3 weeks.,technical_parameter,medium,工程参数需要型号、测试条件和最大/连续值定义,规格书、图纸、试验条件和批准人,保留前先建立证据索引；无法证明时弱化并说明口径,需要人工验证
application-laser-tube-cutting.html,Rule: Specify PTFE composite seals for any joint above 200 RPM.,technical_parameter,medium,工程参数需要型号、测试条件和最大/连续值定义,规格书、图纸、试验条件和批准人,保留前先建立证据索引；无法证明时弱化并说明口径,需要人工验证
application-laser-tube-cutting.html,The anti-rotation tab must allow ±2 mm radial float for self-alignment.,technical_parameter,medium,带数字的商业或技术陈述需要可追溯依据,内部记录、规格书或带日期的统计说明,保留前先建立证据索引；无法证明时弱化并说明口径,需要人工验证
application-laser-tube-cutting.html,Contaminants larger than the 0.02–0.05 mm seal gap embed in the PTFE and score the shaft.,technical_parameter,medium,带数字的商业或技术陈述需要可追溯依据,内部记录、规格书或带日期的统计说明,保留前先建立证据索引；无法证明时弱化并说明口径,需要人工验证
application-laser-tube-cutting.html,Always run the joint at 0.2 MPa and 50 RPM for 5 minutes before applying full assist gas pressure.,technical_parameter,medium,工程参数需要型号、测试条件和最大/连续值定义,规格书、图纸、试验条件和批准人,保留前先建立证据索引；无法证明时弱化并说明口径,需要人工验证
application-laser-tube-cutting.html,Assist gas lines typically run at 0.4–0.8 MPa (4–8 bar).,technical_parameter,medium,工程参数需要型号、测试条件和最大/连续值定义,规格书、图纸、试验条件和批准人,保留前先建立证据索引；无法证明时弱化并说明口径,需要人工验证
application-laser-tube-cutting.html,Pneumatic clamping runs at 0.2–0.5 MPa.,technical_parameter,medium,工程参数需要型号、测试条件和最大/连续值定义,规格书、图纸、试验条件和批准人,保留前先建立证据索引；无法证明时弱化并说明口径,需要人工验证
application-laser-tube-cutting.html,"For continuous duty, derate the rated pressure by 30% per ISO 4414 guidelines.",certification,medium,带数字的商业或技术陈述需要可追溯依据,内部记录、规格书或带日期的统计说明,保留前先建立证据索引；无法证明时弱化并说明口径,需要人工验证
application-laser-tube-cutting.html,RPM ranges from 60–300 for indexing chucks to 100–500 RPM for continuous rotating cutting heads.,technical_parameter,medium,工程参数需要型号、测试条件和最大/连续值定义,规格书、图纸、试验条件和批准人,保留前先建立证据索引；无法证明时弱化并说明口径,需要人工验证
application-laser-tube-cutting.html,A 3 mm bore restricts nitrogen flow to ~15 L/min at 0.6 MPa — insufficient for most fiber laser cutting.,technical_parameter,medium,工程参数需要型号、测试条件和最大/连续值定义,规格书、图纸、试验条件和批准人,保留前先建立证据索引；无法证明时弱化并说明口径,需要人工验证
application-laser-tube-cutting.html,Laser assist gas requires 6–10 mm minimum bore.,technical_parameter,medium,带数字的商业或技术陈述需要可追溯依据,内部记录、规格书或带日期的统计说明,保留前先建立证据索引；无法证明时弱化并说明口径,需要人工验证
application-laser-tube-cutting.html,"Another common error is using FKM seals above 200 RPM, which causes overheating and hardening within weeks.",technical_parameter,medium,工程参数需要型号、测试条件和最大/连续值定义,规格书、图纸、试验条件和批准人,保留前先建立证据索引；无法证明时弱化并说明口径,需要人工验证
application-packaging-machinery.html,Packaging machinery runs at 60–200 RPM for 16–24 hours per shift.,technical_parameter,medium,工程参数需要型号、测试条件和最大/连续值定义,规格书、图纸、试验条件和批准人,保留前先建立证据索引；无法证明时弱化并说明口径,需要人工验证
application-packaging-machinery.html,"A rotary joint on a rotary sealing head or indexing table rotates 172,800 times per day at 120 RPM continuous duty.",technical_parameter,medium,工程参数需要型号、测试条件和最大/连续值定义,规格书、图纸、试验条件和批准人,保留前先建立证据索引；无法证明时弱化并说明口径,需要人工验证
application-packaging-machinery.html,"Standard seals rated for 5,000 hours fail in 6–8 weeks under this load.",business_metric,medium,带数字的商业或技术陈述需要可追溯依据,内部记录、规格书或带日期的统计说明,保留前先建立证据索引；无法证明时弱化并说明口径,需要人工验证
application-packaging-machinery.html,"The most frequent request is not for a catalog model — it is for a compact layout that fits a specific machine envelope, handles both vacuum and compressed air on independent channels, and can be replaced in under 10 minutes without disassembling the turret.",certification,high,企业规模、认证或绝对性能陈述会直接影响采购信任,证书、出货记录、客户/国家统计口径、测试报告,保留前先建立证据索引；无法证明时弱化并说明口径,需要人工验证
application-packaging-machinery.html,"A 120 RPM packaging line generates 172,800 rotations per day — specify high-cycle PTFE seals, not standard FKM",technical_parameter,medium,工程参数需要型号、测试条件和最大/连续值定义,规格书、图纸、试验条件和批准人,保留前先建立证据索引；无法证明时弱化并说明口径,需要人工验证
application-packaging-machinery.html,Pressure: 0.3–0.6 MPa (clamp/actuation) / -0.04 to -0.08 MPa (vacuum) — 24/7 duty rated,technical_parameter,medium,工程参数需要型号、测试条件和最大/连续值定义,规格书、图纸、试验条件和批准人,保留前先建立证据索引；无法证明时弱化并说明口径,需要人工验证
application-packaging-machinery.html,Bore: 4–8 mm for small stations; 6–10 mm for larger actuators,technical_parameter,medium,带数字的商业或技术陈述需要可追溯依据,内部记录、规格书或带日期的统计说明,保留前先建立证据索引；无法证明时弱化并说明口径,需要人工验证
application-packaging-machinery.html,"A line running 120 RPM continuous generates 172,800 rotations per day.",technical_parameter,medium,工程参数需要型号、测试条件和最大/连续值定义,规格书、图纸、试验条件和批准人,保留前先建立证据索引；无法证明时弱化并说明口径,需要人工验证
application-packaging-machinery.html,"Standard FKM seals rated for 5,000 hours will fail in 6–8 weeks.",business_metric,medium,带数字的商业或技术陈述需要可追溯依据,内部记录、规格书或带日期的统计说明,保留前先建立证据索引；无法证明时弱化并说明口径,需要人工验证
application-packaging-machinery.html,Specify PTFE composite seals for any application above 200 RPM or continuous duty.,technical_parameter,medium,工程参数需要型号、测试条件和最大/连续值定义,规格书、图纸、试验条件和批准人,保留前先建立证据索引；无法证明时弱化并说明口径,需要人工验证
application-packaging-machinery.html,"Vacuum pickup: -0.04 to -0.08 MPa, requires dedicated vacuum-rated seal",technical_parameter,medium,工程参数需要型号、测试条件和最大/连续值定义,规格书、图纸、试验条件和批准人,保留前先建立证据索引；无法证明时弱化并说明口径,需要人工验证
application-packaging-machinery.html,"Sealing head actuation: 0.3–0.6 MPa, needs stable pressure for repeatable seal force",certification,high,企业规模、认证或绝对性能陈述会直接影响采购信任,证书、出货记录、客户/国家统计口径、测试报告,保留前先建立证据索引；无法证明时弱化并说明口径,需要人工验证
application-packaging-machinery.html,"Blow-off and cleaning air: 0.2–0.4 MPa, often pulsed — specify pulse-rated seal",technical_parameter,medium,工程参数需要型号、测试条件和最大/连续值定义,规格书、图纸、试验条件和批准人,保留前先建立证据索引；无法证明时弱化并说明口径,需要人工验证
application-packaging-machinery.html,"Pneumatic gripper control: 0.3–0.5 MPa, clamp + unclamp = 2 channels minimum",technical_parameter,medium,工程参数需要型号、测试条件和最大/连续值定义,规格书、图纸、试验条件和批准人,保留前先建立证据索引；无法证明时弱化并说明口径,需要人工验证
application-packaging-machinery.html,Many packaging stations have limited envelope space — often < 50 mm radial clearance around the rotation axis.,certification,high,企业规模、认证或绝对性能陈述会直接影响采购信任,证书、出货记录、客户/国家统计口径、测试报告,保留前先建立证据索引；无法证明时弱化并说明口径,需要人工验证
application-packaging-machinery.html,"A packaging line at 120 RPM runs 172,800 rotations per day.",technical_parameter,medium,工程参数需要型号、测试条件和最大/连续值定义,规格书、图纸、试验条件和批准人,保留前先建立证据索引；无法证明时弱化并说明口径,需要人工验证
application-packaging-machinery.html,"Standard FKM seals rated for 5,000 hours fail in 6–8 weeks.",business_metric,medium,带数字的商业或技术陈述需要可追溯依据,内部记录、规格书或带日期的统计说明,保留前先建立证据索引；无法证明时弱化并说明口径,需要人工验证
application-packaging-machinery.html,"Rule: For continuous-duty packaging lines, specify PTFE composite seals and plan replacement at 60% of rated life (typically every 10–12 months for PTFE, every 6–8 months for FKM).",certification,high,企业规模、认证或绝对性能陈述会直接影响采购信任,证书、出货记录、客户/国家统计口径、测试报告,保留前先建立证据索引；无法证明时弱化并说明口径,需要人工验证
application-packaging-machinery.html,The pressure differential (0.6 MPa air vs.,technical_parameter,medium,工程参数需要型号、测试条件和最大/连续值定义,规格书、图纸、试验条件和批准人,保留前先建立证据索引；无法证明时弱化并说明口径,需要人工验证
application-packaging-machinery.html,-0.08 MPa vacuum) causes the seal lip to deform and extrude.,technical_parameter,medium,工程参数需要型号、测试条件和最大/连续值定义,规格书、图纸、试验条件和批准人,保留前先建立证据索引；无法证明时弱化并说明口径,需要人工验证
application-packaging-machinery.html,"Within 2 weeks, the vacuum side leaks air and the compressed air side loses pressure.",business_metric,medium,带数字的商业或技术陈述需要可追溯依据,内部记录、规格书或带日期的统计说明,保留前先建立证据索引；无法证明时弱化并说明口径,需要人工验证
application-packaging-machinery.html,Design the rotary joint mounting so it can be replaced in under 10 minutes.,certification,high,企业规模、认证或绝对性能陈述会直接影响采购信任,证书、出货记录、客户/国家统计口径、测试报告,保留前先建立证据索引；无法证明时弱化并说明口径,需要人工验证
application-packaging-machinery.html,Moisture causes AL6061 bodies to corrode internally within 6–12 months.,business_metric,medium,带数字的商业或技术陈述需要可追溯依据,内部记录、规格书或带日期的统计说明,保留前先建立证据索引；无法证明时弱化并说明口径,需要人工验证
application-packaging-machinery.html,FKM seals: Replace every 6–8 months on continuous-duty lines,certification,high,企业规模、认证或绝对性能陈述会直接影响采购信任,证书、出货记录、客户/国家统计口径、测试报告,保留前先建立证据索引；无法证明时弱化并说明口径,需要人工验证
application-packaging-machinery.html,PTFE seals: Replace every 10–12 months on continuous-duty lines,certification,high,企业规模、认证或绝对性能陈述会直接影响采购信任,证书、出货记录、客户/国家统计口径、测试报告,保留前先建立证据索引；无法证明时弱化并说明口径,需要人工验证
application-packaging-machinery.html,Food-grade lines: Replace every 6 months regardless of visible wear (audit requirement),certification,high,企业规模、认证或绝对性能陈述会直接影响采购信任,证书、出货记录、客户/国家统计口径、测试报告,保留前先建立证据索引；无法证明时弱化并说明口径,需要人工验证
application-packaging-machinery.html,"Each channel must have its own seal ring, and the vacuum side typically operates at -0.04 to -0.08 MPa while the air side runs at 0.3–0.6 MPa.",technical_parameter,medium,工程参数需要型号、测试条件和最大/连续值定义,规格书、图纸、试验条件和批准人,保留前先建立证据索引；无法证明时弱化并说明口径,需要人工验证
application-packaging-machinery.html,"A packaging line running 24/7 at 120 RPM generates 172,800 rotations per day.",technical_parameter,medium,工程参数需要型号、测试条件和最大/连续值定义,规格书、图纸、试验条件和批准人,保留前先建立证据索引；无法证明时弱化并说明口径,需要人工验证
application-packaging-machinery.html,"Standard duty seals rated for 5,000 hours will fail in 6–8 weeks under this load.",business_metric,medium,带数字的商业或技术陈述需要可追溯依据,内部记录、规格书或带日期的统计说明,保留前先建立证据索引；无法证明时弱化并说明口径,需要人工验证
application-pneumatic-tools-hose-anti-twist.html,"Over an 8-hour shift, that is 15–20 minutes of lost productivity per station.",business_metric,medium,带数字的商业或技术陈述需要可追溯依据,内部记录、规格书或带日期的统计说明,保留前先建立证据索引；无法证明时弱化并说明口径,需要人工验证
application-pneumatic-tools-hose-anti-twist.html,"Weight is critical — a 0.3 kg swivel on a 1.2 kg gun increases effective weight by 25%, raising the risk of repetitive strain injury over 6 months.",business_metric,medium,带数字的商业或技术陈述需要可追溯依据,内部记录、规格书或带日期的统计说明,保留前先建立证据索引；无法证明时弱化并说明口径,需要人工验证
application-pneumatic-tools-hose-anti-twist.html,Thread matching matters — a G1/4 swivel on an NPT1/4 tool needs an adapter that adds 15 mm length and a leak point.,technical_parameter,medium,带数字的商业或技术陈述需要可追溯依据,内部记录、规格书或带日期的统计说明,保留前先建立证据索引；无法证明时弱化并说明口径,需要人工验证
application-pneumatic-tools-hose-anti-twist.html,Weight is the #1 constraint for handheld tools — specify under 0.15 kg for 8-hour shift use to prevent repetitive strain,business_metric,medium,带数字的商业或技术陈述需要可追溯依据,内部记录、规格书或带日期的统计说明,保留前先建立证据索引；无法证明时弱化并说明口径,需要人工验证
application-pneumatic-tools-hose-anti-twist.html,Thread mismatch (G1/4 swivel on NPT1/4 tool) creates a leak point and adds 15 mm length — always match thread standard,technical_parameter,medium,带数字的商业或技术陈述需要可追溯依据,内部记录、规格书或带日期的统计说明,保留前先建立证据索引；无法证明时弱化并说明口径,需要人工验证
application-pneumatic-tools-hose-anti-twist.html,"A swivel at the tool inlet eliminates hose coil memory, saving 15–20 minutes of lost productivity per shift",business_metric,medium,带数字的商业或技术陈述需要可追溯依据,内部记录、规格书或带日期的统计说明,保留前先建立证据索引；无法证明时弱化并说明口径,需要人工验证
application-pneumatic-tools-hose-anti-twist.html,Pressure rating must be 20% above tool maximum working pressure to handle startup spikes — 1.0 MPa rated for 0.8 MPa tool,technical_parameter,medium,工程参数需要型号、测试条件和最大/连续值定义,规格书、图纸、试验条件和批准人,保留前先建立证据索引；无法证明时弱化并说明口径,需要人工验证
application-pneumatic-tools-hose-anti-twist.html,Pressure: 0.5–0.8 MPa (standard assembly tools) / 0.3–0.5 MPa (precision micro-tools) — rated 20% above maximum,technical_parameter,medium,工程参数需要型号、测试条件和最大/连续值定义,规格书、图纸、试验条件和批准人,保留前先建立证据索引；无法证明时弱化并说明口径,需要人工验证
application-pneumatic-tools-hose-anti-twist.html,Media: dry filtered air or oil-fog lubricated — specify for seal compatibility (ISO 8573-1 Class 1.2.1 or 1.4.1),certification,medium,带数字的商业或技术陈述需要可追溯依据,内部记录、规格书或带日期的统计说明,保留前先建立证据索引；无法证明时弱化并说明口径,需要人工验证
application-pneumatic-tools-hose-anti-twist.html,Bore: 6–10 mm for standard tools; 3–6 mm for precision micro-tools,technical_parameter,medium,带数字的商业或技术陈述需要可追溯依据,内部记录、规格书或带日期的统计说明,保留前先建立证据索引；无法证明时弱化并说明口径,需要人工验证
application-pneumatic-tools-hose-anti-twist.html,Weight: <0.15 kg for handheld 8-hour shift use; <0.3 kg for occasional-use maintenance tools,certification,high,企业规模、认证或绝对性能陈述会直接影响采购信任,证书、出货记录、客户/国家统计口径、测试报告,保留前先建立证据索引；无法证明时弱化并说明口径,需要人工验证
application-pneumatic-tools-hose-anti-twist.html,"Adapters add 10–20 mm length, create a stress concentration point, and are the first fitting to crack under repeated side load.",certification,high,企业规模、认证或绝对性能陈述会直接影响采购信任,证书、出货记录、客户/国家统计口径、测试报告,保留前先建立证据索引；无法证明时弱化并说明口径,需要人工验证
application-pneumatic-tools-hose-anti-twist.html,Dry air (ISO 8573-1 Class 1.2.1): Use standard FKM or NBR seals.,certification,medium,带数字的商业或技术陈述需要可追溯依据,内部记录、规格书或带日期的统计说明,保留前先建立证据索引；无法证明时弱化并说明口径,需要人工验证
application-pneumatic-tools-hose-anti-twist.html,Seal life: 8–12 months on 8-hour shift duty.,business_metric,medium,带数字的商业或技术陈述需要可追溯依据,内部记录、规格书或带日期的统计说明,保留前先建立证据索引；无法证明时弱化并说明口径,需要人工验证
application-pneumatic-tools-hose-anti-twist.html,Oil-fog lubricated (ISO 8573-1 Class 1.4.1): Use oil-compatible FKM or specialized NBR compounds.,certification,medium,带数字的商业或技术陈述需要可追溯依据,内部记录、规格书或带日期的统计说明,保留前先建立证据索引；无法证明时弱化并说明口径,需要人工验证
application-pneumatic-tools-hose-anti-twist.html,"The oil film reduces friction by 30–50%, extending seal life to 12–18 months.",certification,high,企业规模、认证或绝对性能陈述会直接影响采购信任,证书、出货记录、客户/国家统计口径、测试报告,保留前先建立证据索引；无法证明时弱化并说明口径,需要人工验证
application-pneumatic-tools-hose-anti-twist.html,OSHA guidelines and ISO 11228-1 (Ergonomics — Manual handling) suggest that tools over 1.5 kg with awkward wrist angles increase the risk of musculoskeletal disorders.,certification,medium,带数字的商业或技术陈述需要可追溯依据,内部记录、规格书或带日期的统计说明,保留前先建立证据索引；无法证明时弱化并说明口径,需要人工验证
application-pneumatic-tools-hose-anti-twist.html,"8-hour shift, high-frequency use: Swivel under 0.15 kg.",business_metric,medium,带数字的商业或技术陈述需要可追溯依据,内部记录、规格书或带日期的统计说明,保留前先建立证据索引；无法证明时弱化并说明口径,需要人工验证
application-pneumatic-tools-hose-anti-twist.html,Begapunk BP-1P-0003 at 0.08 kg is ideal.,business_metric,medium,带数字的商业或技术陈述需要可追溯依据,内部记录、规格书或带日期的统计说明,保留前先建立证据索引；无法证明时弱化并说明口径,需要人工验证
application-pneumatic-tools-hose-anti-twist.html,"4-hour shift, medium frequency: Swivel under 0.25 kg acceptable.",certification,high,企业规模、认证或绝对性能陈述会直接影响采购信任,证书、出货记录、客户/国家统计口径、测试报告,保留前先建立证据索引；无法证明时弱化并说明口径,需要人工验证
application-pneumatic-tools-hose-anti-twist.html,Maintenance or occasional use: Up to 0.4 kg acceptable.,certification,high,企业规模、认证或绝对性能陈述会直接影响采购信任,证书、出货记录、客户/国家统计口径、测试报告,保留前先建立证据索引；无法证明时弱化并说明口径,需要人工验证
application-pneumatic-tools-hose-anti-twist.html,A swivel mounted 50 mm from the grip adds more lever-arm torque than one mounted 20 mm away.,technical_parameter,medium,带数字的商业或技术陈述需要可追溯依据,内部记录、规格书或带日期的统计说明,保留前先建立证据索引；无法证明时弱化并说明口径,需要人工验证
application-pneumatic-tools-hose-anti-twist.html,"Assembly tightening gun (1–3 kg) Compressed air supply, anti-twist Weight <0.15 kg, thread match, low friction, G1/4 or NPT1/4 BP-1P-0003 (0.08 kg, 1.0 MPa)",technical_parameter,medium,工程参数需要型号、测试条件和最大/连续值定义,规格书、图纸、试验条件和批准人,保留前先建立证据索引；无法证明时弱化并说明口径,需要人工验证
application-pneumatic-tools-hose-anti-twist.html,"Pneumatic grinder or sander (2–5 kg) High-flow air supply, hose strain relief Flow capacity 400–800 L/min, thread match, vibration resistance BP-1P-0003 with 10 mm bore or BP-1P-0006",certification,high,企业规模、认证或绝对性能陈述会直接影响采购信任,证书、出货记录、客户/国家统计口径、测试报告,保留前先建立证据索引；无法证明时弱化并说明口径,需要人工验证
application-pneumatic-tools-hose-anti-twist.html,"Precision micro-tool (0.5–1.5 kg) Low-pressure air, delicate handling Weight <0.1 kg, G1/8 or M12×1.0, minimal friction torque BP-1P-0003 with G1/8 option or custom micro-swivel",business_metric,medium,带数字的商业或技术陈述需要可追溯依据,内部记录、规格书或带日期的统计说明,保留前先建立证据索引；无法证明时弱化并说明口径,需要人工验证
application-pneumatic-tools-hose-anti-twist.html,The adapter adds 15 mm length and creates a stress concentration.,certification,high,企业规模、认证或绝对性能陈述会直接影响采购信任,证书、出货记录、客户/国家统计口径、测试报告,保留前先建立证据索引；无法证明时弱化并说明口径,需要人工验证
application-pneumatic-tools-hose-anti-twist.html,"Within 3 weeks of daily use, the adapter cracks under side load from the twisting hose.",business_metric,medium,带数字的商业或技术陈述需要可追溯依据,内部记录、规格书或带日期的统计说明,保留前先建立证据索引；无法证明时弱化并说明口径,需要人工验证
application-pneumatic-tools-hose-anti-twist.html,"Within 4 weeks, the oil swells the seal, increasing friction torque from 0.02 N·m to 0.08 N·m.",business_metric,medium,带数字的商业或技术陈述需要可追溯依据,内部记录、规格书或带日期的统计说明,保留前先建立证据索引；无法证明时弱化并说明口径,需要人工验证
application-pneumatic-tools-hose-anti-twist.html,"An engineer specifies a 1.0 MPa rated swivel for a 0.6 MPa tool, which is correct for pressure.",technical_parameter,medium,工程参数需要型号、测试条件和最大/连续值定义,规格书、图纸、试验条件和批准人,保留前先建立证据索引；无法证明时弱化并说明口径,需要人工验证
application-pneumatic-tools-hose-anti-twist.html,But the selected model weighs 0.35 kg.,business_metric,medium,带数字的商业或技术陈述需要可追溯依据,内部记录、规格书或带日期的统计说明,保留前先建立证据索引；无法证明时弱化并说明口径,需要人工验证
application-pneumatic-tools-hose-anti-twist.html,"On a 1.2 kg tightening gun, that is a 29% weight increase.",business_metric,medium,带数字的商业或技术陈述需要可追溯依据,内部记录、规格书或带日期的统计说明,保留前先建立证据索引；无法证明时弱化并说明口径,需要人工验证
application-pneumatic-tools-hose-anti-twist.html,"After 6 months of 8-hour shifts, three operators report wrist pain.",business_metric,medium,带数字的商业或技术陈述需要可追溯依据,内部记录、规格书或带日期的统计说明,保留前先建立证据索引；无法证明时弱化并说明口径,需要人工验证
application-pneumatic-tools-hose-anti-twist.html,"The swivel is replaced with a 0.08 kg model, and the complaints stop.",certification,high,企业规模、认证或绝对性能陈述会直接影响采购信任,证书、出货记录、客户/国家统计口径、测试报告,保留前先建立证据索引；无法证明时弱化并说明口径,需要人工验证
application-pneumatic-tools-hose-anti-twist.html,"For handheld tools, specify under 0.15 kg.",business_metric,medium,带数字的商业或技术陈述需要可追溯依据,内部记录、规格书或带日期的统计说明,保留前先建立证据索引；无法证明时弱化并说明口径,需要人工验证
application-pneumatic-tools-hose-anti-twist.html,Mount the swivel as close to the tool body as possible — within 20–30 mm of the grip.,technical_parameter,medium,带数字的商业或技术陈述需要可追溯依据,内部记录、规格书或带日期的统计说明,保留前先建立证据索引；无法证明时弱化并说明口径,需要人工验证
application-pneumatic-tools-hose-anti-twist.html,Avoid mounting the swivel at the end of a 50 mm extension — the extra length amplifies side load from the hose and increases the risk of fitting fatigue.,technical_parameter,medium,带数字的商业或技术陈述需要可追溯依据,内部记录、规格书或带日期的统计说明,保留前先建立证据索引；无法证明时弱化并说明口径,需要人工验证
application-pneumatic-tools-hose-anti-twist.html,"Best practice: Use a short, rigid nipple (20–30 mm) between the tool inlet and the swivel.",certification,high,企业规模、认证或绝对性能陈述会直接影响采购信任,证书、出货记录、客户/国家统计口径、测试报告,保留前先建立证据索引；无法证明时弱化并说明口径,需要人工验证
application-pneumatic-tools-hose-anti-twist.html,"8-hour shift, 400–600 cycles/day: Replace every 8–10 months",certification,high,企业规模、认证或绝对性能陈述会直接影响采购信任,证书、出货记录、客户/国家统计口径、测试报告,保留前先建立证据索引；无法证明时弱化并说明口径,需要人工验证
application-pneumatic-tools-hose-anti-twist.html,"High-frequency line (2 shifts, 1,000+ cycles/day): Replace every 5–6 months",certification,high,企业规模、认证或绝对性能陈述会直接影响采购信任,证书、出货记录、客户/国家统计口径、测试报告,保留前先建立证据索引；无法证明时弱化并说明口径,需要人工验证
application-pneumatic-tools-hose-anti-twist.html,"Maintenance or occasional use: Inspect every 12 months, replace every 18–24 months",certification,high,企业规模、认证或绝对性能陈述会直接影响采购信任,证书、出货记录、客户/国家统计口径、测试报告,保留前先建立证据索引；无法证明时弱化并说明口径,需要人工验证
application-pneumatic-tools-hose-anti-twist.html,Match the tool's rated supply pressure — typically 0.5–0.8 MPa for standard assembly tools and 0.3–0.5 MPa for precision micro-tools.,technical_parameter,medium,工程参数需要型号、测试条件和最大/连续值定义,规格书、图纸、试验条件和批准人,保留前先建立证据索引；无法证明时弱化并说明口径,需要人工验证
application-pneumatic-tools-hose-anti-twist.html,"Begapunk BP-1P-0003 is rated for 1.0 MPa, providing a 25% safety margin on a 0.8 MPa tool.",technical_parameter,medium,工程参数需要型号、测试条件和最大/连续值定义,规格书、图纸、试验条件和批准人,保留前先建立证据索引；无法证明时弱化并说明口径,需要人工验证
application-pneumatic-tools-hose-anti-twist.html,"For handheld tools used 8 hours per shift, the swivel should weigh under 0.15 kg to minimize operator fatigue and repetitive strain.",business_metric,medium,带数字的商业或技术陈述需要可追溯依据,内部记录、规格书或带日期的统计说明,保留前先建立证据索引；无法证明时弱化并说明口径,需要人工验证
application-pneumatic-tools-hose-anti-twist.html,A 0.3 kg swivel on a 1.2 kg tightening gun increases effective weight by 25% — enough to raise the risk of wrist strain over a 6-month period.,business_metric,medium,带数字的商业或技术陈述需要可追溯依据,内部记录、规格书或带日期的统计说明,保留前先建立证据索引；无法证明时弱化并说明口径,需要人工验证
application-pneumatic-tools-hose-anti-twist.html,"Begapunk BP-1P-0003 weighs 0.08 kg, adding negligible load to the tool.",business_metric,medium,带数字的商业或技术陈述需要可追溯依据,内部记录、规格书或带日期的统计说明,保留前先建立证据索引；无法证明时弱化并说明口径,需要人工验证
application-pneumatic-tools-hose-anti-twist.html,"Engineers specify a G1/4 swivel for a tool with NPT1/4 inlet, then use a thread adapter that adds 15 mm length and creates a leak point.",technical_parameter,medium,带数字的商业或技术陈述需要可追溯依据,内部记录、规格书或带日期的统计说明,保留前先建立证据索引；无法证明时弱化并说明口径,需要人工验证
application-robot-end-of-arm-tooling.html,"If air hoses are routed externally, they twist, kink, and fatigue within 2–4 weeks.",business_metric,medium,带数字的商业或技术陈述需要可追溯依据,内部记录、规格书或带日期的统计说明,保留前先建立证据索引；无法证明时弱化并说明口径,需要人工验证
application-robot-end-of-arm-tooling.html,Weight is critical — a 0.5 kg rotary joint on a 5 kg payload robot consumes 10% of the capacity.,business_metric,medium,带数字的商业或技术陈述需要可追溯依据,内部记录、规格书或带日期的统计说明,保留前先建立证据索引；无法证明时弱化并说明口径,需要人工验证
application-robot-end-of-arm-tooling.html,Envelope is tight — the wrist may have only 40 mm radial clearance.,certification,high,企业规模、认证或绝对性能陈述会直接影响采购信任,证书、出货记录、客户/国家统计口径、测试报告,保留前先建立证据索引；无法证明时弱化并说明口径,需要人工验证
application-robot-end-of-arm-tooling.html,Weight is the #1 constraint — a 0.5 kg joint on a 5 kg robot eats 10% of payload; specify under 0.2 kg for small robots,business_metric,medium,带数字的商业或技术陈述需要可追溯依据,内部记录、规格书或带日期的统计说明,保留前先建立证据索引；无法证明时弱化并说明口径,需要人工验证
application-robot-end-of-arm-tooling.html,Pressure: 0.4–0.7 MPa (gripper actuation) / -0.05 to -0.08 MPa (vacuum) — derate 20% for continuous duty,technical_parameter,medium,工程参数需要型号、测试条件和最大/连续值定义,规格书、图纸、试验条件和批准人,保留前先建立证据索引；无法证明时弱化并说明口径,需要人工验证
application-robot-end-of-arm-tooling.html,"Media: dry filtered air, vacuum — oil-free for clean assembly (ISO 8573-1 Class 1.2.1 or better)",certification,medium,带数字的商业或技术陈述需要可追溯依据,内部记录、规格书或带日期的统计说明,保留前先建立证据索引；无法证明时弱化并说明口径,需要人工验证
application-robot-end-of-arm-tooling.html,Mounting: compact flange or threaded — must fit within wrist envelope (typically 30–50 mm radial clearance),certification,high,企业规模、认证或绝对性能陈述会直接影响采购信任,证书、出货记录、客户/国家统计口径、测试报告,保留前先建立证据索引；无法证明时弱化并说明口径,需要人工验证
application-robot-end-of-arm-tooling.html,Bore: 4–8 mm for standard grippers; 3–6 mm for micro-parts and precision vacuum,technical_parameter,medium,带数字的商业或技术陈述需要可追溯依据,内部记录、规格书或带日期的统计说明,保留前先建立证据索引；无法证明时弱化并说明口径,需要人工验证
application-robot-end-of-arm-tooling.html,Weight: <0.2 kg for small robots (5–10 kg payload); <0.5 kg for medium robots (20–50 kg payload),business_metric,medium,带数字的商业或技术陈述需要可追溯依据,内部记录、规格书或带日期的统计说明,保留前先建立证据索引；无法证明时弱化并说明口径,需要人工验证
application-robot-end-of-arm-tooling.html,Rotation angle: tested for ±360° oscillation at 30 cycles/minute to simulate real robot wrist motion,business_metric,medium,带数字的商业或技术陈述需要可追溯依据,内部记录、规格书或带日期的统计说明,保留前先建立证据索引；无法证明时弱化并说明口径,需要人工验证
application-robot-end-of-arm-tooling.html,Small robots (5–10 kg payload): Rotary joint must weigh <0.2 kg.,business_metric,medium,带数字的商业或技术陈述需要可追溯依据,内部记录、规格书或带日期的统计说明,保留前先建立证据索引；无法证明时弱化并说明口径,需要人工验证
application-robot-end-of-arm-tooling.html,A 0.5 kg joint consumes 5–10% of payload.,business_metric,medium,带数字的商业或技术陈述需要可追溯依据,内部记录、规格书或带日期的统计说明,保留前先建立证据索引；无法证明时弱化并说明口径,需要人工验证
application-robot-end-of-arm-tooling.html,"Medium robots (20–50 kg payload): Joint under 0.5 kg is acceptable, but lighter is better.",certification,high,企业规模、认证或绝对性能陈述会直接影响采购信任,证书、出货记录、客户/国家统计口径、测试报告,保留前先建立证据索引；无法证明时弱化并说明口径,需要人工验证
application-robot-end-of-arm-tooling.html,"Material choice: Aluminum-body joints (e.g., BP-2P-0001 at 0.12 kg) save 40–60% weight vs.",certification,high,企业规模、认证或绝对性能陈述会直接影响采购信任,证书、出货记录、客户/国家统计口径、测试报告,保留前先建立证据索引；无法证明时弱化并说明口径,需要人工验证
application-robot-end-of-arm-tooling.html,"Vacuum channel: -0.05 to -0.08 MPa, dedicated seal material (FKM or PTFE depending on duty cycle)",technical_parameter,medium,工程参数需要型号、测试条件和最大/连续值定义,规格书、图纸、试验条件和批准人,保留前先建立证据索引；无法证明时弱化并说明口径,需要人工验证
application-robot-end-of-arm-tooling.html,"Gripper channel: 0.4–0.7 MPa, independent seal assembly",technical_parameter,medium,工程参数需要型号、测试条件和最大/连续值定义,规格书、图纸、试验条件和批准人,保留前先建立证据索引；无法证明时弱化并说明口径,需要人工验证
application-robot-end-of-arm-tooling.html,"Blow-off channel: 0.2–0.3 MPa, often pulsed — must not back-feed into vacuum",technical_parameter,medium,工程参数需要型号、测试条件和最大/连续值定义,规格书、图纸、试验条件和批准人,保留前先建立证据索引；无法证明时弱化并说明口径,需要人工验证
application-robot-end-of-arm-tooling.html,Leak tolerance: Even a 0.01 MPa leak from the gripper channel into the vacuum channel reduces holding force by 15–20%.,certification,high,企业规模、认证或绝对性能陈述会直接影响采购信任,证书、出货记录、客户/国家统计口径、测试报告,保留前先建立证据索引；无法证明时弱化并说明口径,需要人工验证
application-robot-end-of-arm-tooling.html,"Testing: Begapunk joints are tested for ±360° oscillation at 30 cycles/minute for 500,000 cycles to simulate real robot motion",business_metric,medium,带数字的商业或技术陈述需要可追溯依据,内部记录、规格书或带日期的统计说明,保留前先建立证据索引；无法证明时弱化并说明口径,需要人工验证
application-robot-end-of-arm-tooling.html,Reference: ISO 9283 (Manipulating industrial robots — Performance criteria and related test methods) specifies that wrist repeatability should not be degraded by EOAT accessories.,certification,high,企业规模、认证或绝对性能陈述会直接影响采购信任,证书、出货记录、客户/国家统计口径、测试报告,保留前先建立证据索引；无法证明时弱化并说明口径,需要人工验证
application-robot-end-of-arm-tooling.html,A high-friction rotary joint can introduce 0.1–0.3 mm position error at the tool center point.,certification,high,企业规模、认证或绝对性能陈述会直接影响采购信任,证书、出货记录、客户/国家统计口径、测试报告,保留前先建立证据索引；无法证明时弱化并说明口径,需要人工验证
application-robot-end-of-arm-tooling.html,"Small 6-axis robot (5–10 kg payload) Single gripper or vacuum cup Weight <0.2 kg, compact envelope, low friction torque, 2 passages BP-2P-0001 (0.12 kg, 2 passages)",technical_parameter,medium,带数字的商业或技术陈述需要可追溯依据,内部记录、规格书或带日期的统计说明,保留前先建立证据索引；无法证明时弱化并说明口径,需要人工验证
application-robot-end-of-arm-tooling.html,"Medium robot (20–50 kg payload) with dual gripper Clamp + release + vacuum + blow-off 3–4 passages, weight <0.5 kg, independent vacuum seal, flange mount BP-3P-0004 or BP-4P-30-0001",business_metric,medium,带数字的商业或技术陈述需要可追溯依据,内部记录、规格书或带日期的统计说明,保留前先建立证据索引；无法证明时弱化并说明口径,需要人工验证
application-robot-end-of-arm-tooling.html,"Clean assembly (electronics, medical, food) Oil-free gripper and vacuum Oil-free air compatibility, stainless or anodized aluminum body, ISO 8573-1 Class 1.2.1 BP-2P-0001 with oil-free seal option or custom cleanroom design",certification,medium,带数字的商业或技术陈述需要可追溯依据,内部记录、规格书或带日期的统计说明,保留前先建立证据索引；无法证明时弱化并说明口径,需要人工验证
application-robot-end-of-arm-tooling.html,"Engineers select a rotary joint based on pressure (0.6 MPa) and passage count (3), then discover it weighs 0.8 kg.",technical_parameter,medium,工程参数需要型号、测试条件和最大/连续值定义,规格书、图纸、试验条件和批准人,保留前先建立证据索引；无法证明时弱化并说明口径,需要人工验证
application-robot-end-of-arm-tooling.html,"On a 5 kg payload robot, that is 16% of capacity gone — meaning the gripper can only handle 4.2 kg instead of 5 kg.",business_metric,medium,带数字的商业或技术陈述需要可追溯依据,内部记录、规格书或带日期的统计说明,保留前先建立证据索引；无法证明时弱化并说明口径,需要人工验证
application-robot-end-of-arm-tooling.html,"For small robots, specify under 0.2 kg.",business_metric,medium,带数字的商业或技术陈述需要可追溯依据,内部记录、规格书或带日期的统计说明,保留前先建立证据索引；无法证明时弱化并说明口径,需要人工验证
application-robot-end-of-arm-tooling.html,"For medium robots, under 0.5 kg.",business_metric,medium,带数字的商业或技术陈述需要可追溯依据,内部记录、规格书或带日期的统计说明,保留前先建立证据索引；无法证明时弱化并说明口径,需要人工验证
application-robot-end-of-arm-tooling.html,Begapunk BP-2P-0001 weighs 0.12 kg — suitable for most small-to-medium wrists.,business_metric,medium,带数字的商业或技术陈述需要可追溯依据,内部记录、规格书或带日期的统计说明,保留前先建立证据索引；无法证明时弱化并说明口径,需要人工验证
application-robot-end-of-arm-tooling.html,"The result: when blow-off pulses at 0.3 MPa, it back-feeds into the vacuum line, momentarily destroying holding force.",certification,high,企业规模、认证或绝对性能陈述会直接影响采购信任,证书、出货记录、客户/国家统计口径、测试报告,保留前先建立证据索引；无法证明时弱化并说明口径,需要人工验证
application-robot-end-of-arm-tooling.html,"Within 3 months, the joint leaks and the gripper loses force.",certification,high,企业规模、认证或绝对性能陈述会直接影响采购信任,证书、出货记录、客户/国家统计口径、测试报告,保留前先建立证据索引；无法证明时弱化并说明口径,需要人工验证
application-robot-end-of-arm-tooling.html,"Rule: Specify the actual rotation pattern — oscillation angle, cycle rate, and dwell time — not just ""360° rotation."" Begapunk tests joints for ±360° oscillation at 30 cycles/minute to match real robot motion profiles.",business_metric,medium,带数字的商业或技术陈述需要可追溯依据,内部记录、规格书或带日期的统计说明,保留前先建立证据索引；无法证明时弱化并说明口径,需要人工验证
application-robot-end-of-arm-tooling.html,Robot wrists have 30–50 mm radial clearance.,certification,high,企业规模、认证或绝对性能陈述会直接影响采购信任,证书、出货记录、客户/国家统计口径、测试报告,保留前先建立证据索引；无法证明时弱化并说明口径,需要人工验证
application-robot-end-of-arm-tooling.html,Best practice: Use a flange mount with the air ports facing away from the wrist servo.,certification,high,企业规模、认证或绝对性能陈述会直接影响采购信任,证书、出货记录、客户/国家统计口径、测试报告,保留前先建立证据索引；无法证明时弱化并说明口径,需要人工验证
application-robot-end-of-arm-tooling.html,"Design tip: Use a flexible anti-rotation link (e.g., a short chain or spring-loaded pin) that allows ±3 mm radial float while preventing rotation.",technical_parameter,medium,带数字的商业或技术陈述需要可追溯依据,内部记录、规格书或带日期的统计说明,保留前先建立证据索引；无法证明时弱化并说明口径,需要人工验证
application-robot-end-of-arm-tooling.html,"Standard duty (8-hour shift, 30 cycles/min): Replace every 10–12 months",certification,high,企业规模、认证或绝对性能陈述会直接影响采购信任,证书、出货记录、客户/国家统计口径、测试报告,保留前先建立证据索引；无法证明时弱化并说明口径,需要人工验证
application-robot-end-of-arm-tooling.html,"High-cycle lines (24/7, 60 cycles/min): Replace every 6–8 months",certification,high,企业规模、认证或绝对性能陈述会直接影响采购信任,证书、出货记录、客户/国家统计口径、测试报告,保留前先建立证据索引；无法证明时弱化并说明口径,需要人工验证
application-robot-end-of-arm-tooling.html,"Clean assembly (electronics, medical): Replace every 8–10 months regardless of visible wear",certification,high,企业规模、认证或绝对性能陈述会直接影响采购信任,证书、出货记录、客户/国家统计口径、测试报告,保留前先建立证据索引；无法证明时弱化并说明口径,需要人工验证
application-robot-end-of-arm-tooling.html,"On a 6-axis robot with ±270° wrist rotation, external hoses fatigue and fail within 2–4 weeks.",business_metric,medium,带数字的商业或技术陈述需要可追溯依据,内部记录、规格书或带日期的统计说明,保留前先建立证据索引；无法证明时弱化并说明口径,需要人工验证
application-robot-end-of-arm-tooling.html,Positive pressure (0.4–0.7 MPa for grippers) and vacuum (-0.05 to -0.08 MPa for suction cups) cannot share a channel — even a small leak between them destroys gripper force and vacuum holding power.,certification,high,企业规模、认证或绝对性能陈述会直接影响采购信任,证书、出货记录、客户/国家统计口径、测试报告,保留前先建立证据索引；无法证明时弱化并说明口径,需要人工验证
application-robot-end-of-arm-tooling.html,"For small robots (5–10 kg payload), the rotary union should weigh under 0.2 kg.",business_metric,medium,带数字的商业或技术陈述需要可追溯依据,内部记录、规格书或带日期的统计说明,保留前先建立证据索引；无法证明时弱化并说明口径,需要人工验证
application-robot-end-of-arm-tooling.html,"For medium robots (20–50 kg payload), under 0.5 kg is acceptable.",certification,high,企业规模、认证或绝对性能陈述会直接影响采购信任,证书、出货记录、客户/国家统计口径、测试报告,保留前先建立证据索引；无法证明时弱化并说明口径,需要人工验证
application-robot-end-of-arm-tooling.html,Begapunk BP-2P-0001 weighs 0.12 kg — suitable for most small-to-medium robot wrists.,business_metric,medium,带数字的商业或技术陈述需要可追溯依据,内部记录、规格书或带日期的统计说明,保留前先建立证据索引；无法证明时弱化并说明口径,需要人工验证
application-robot-end-of-arm-tooling.html,Begapunk joints are tested for ±360° oscillation at 30 cycles/minute to simulate real robot wrist motion.,business_metric,medium,带数字的商业或技术陈述需要可追溯依据,内部记录、规格书或带日期的统计说明,保留前先建立证据索引；无法证明时弱化并说明口径,需要人工验证
application-robot-end-of-arm-tooling.html,"Engineers select a rotary joint based on pressure and passage count, then discover it weighs 0.8 kg — consuming 16% of a 5 kg robot's payload.",business_metric,medium,带数字的商业或技术陈述需要可追溯依据,内部记录、规格书或带日期的统计说明,保留前先建立证据索引；无法证明时弱化并说明口径,需要人工验证
application-steel-dusty-environments.html,Pressure: 0.4–1.0 MPa (actuation) — heavy-duty rated for shock loads,technical_parameter,medium,工程参数需要型号、测试条件和最大/连续值定义,规格书、图纸、试验条件和批准人,保留前先建立证据索引；无法证明时弱化并说明口径,需要人工验证
application-steel-dusty-environments.html,Bore: 8–16 mm for large actuators; 6–10 mm for standard cylinders,technical_parameter,medium,带数字的商业或技术陈述需要可追溯依据,内部记录、规格书或带日期的统计说明,保留前先建立证据索引；无法证明时弱化并说明口径,需要人工验证
application-textile-printing-converting.html,Pressure: 0.2–0.6 MPa (blow-off) / -0.04 to -0.08 MPa (vacuum) / 0.1–0.4 MPa (water),technical_parameter,medium,工程参数需要型号、测试条件和最大/连续值定义,规格书、图纸、试验条件和批准人,保留前先建立证据索引；无法证明时弱化并说明口径,需要人工验证
application-textile-printing-converting.html,Bore: 10–30 mm (roller shafts) — through-bore must match shaft diameter,technical_parameter,medium,带数字的商业或技术陈述需要可追溯依据,内部记录、规格书或带日期的统计说明,保留前先建立证据索引；无法证明时弱化并说明口径,需要人工验证
application-textile-printing-converting.html,Seal: PTFE skeleton oil seal for >500 RPM roller applications,technical_parameter,medium,工程参数需要型号、测试条件和最大/连续值定义,规格书、图纸、试验条件和批准人,保留前先建立证据索引；无法证明时弱化并说明口径,需要人工验证
application-vacuum-packaging-machines.html,Pressure: -0.06 to -0.09 MPa (vacuum) / 0.3–0.6 MPa (positive air) — low leakage critical,technical_parameter,medium,工程参数需要型号、测试条件和最大/连续值定义,规格书、图纸、试验条件和批准人,保留前先建立证据索引；无法证明时弱化并说明口径,需要人工验证
application-vacuum-packaging-machines.html,Bore: 6–10 mm for vacuum; 4–8 mm for clamp/release air,technical_parameter,medium,带数字的商业或技术陈述需要可追溯依据,内部记录、规格书或带日期的统计说明,保留前先建立证据索引；无法证明时弱化并说明口径,需要人工验证
application-welding-positioners.html,Pressure: 0.4–0.8 MPa (clamping) — derate 30% for continuous welding duty,technical_parameter,medium,工程参数需要型号、测试条件和最大/连续值定义,规格书、图纸、试验条件和批准人,保留前先建立证据索引；无法证明时弱化并说明口径,需要人工验证
application-welding-positioners.html,Bore: 8–16 mm for large clamps; 6–10 mm for standard fixtures,technical_parameter,medium,带数字的商业或技术陈述需要可追溯依据,内部记录、规格书或带日期的统计说明,保留前先建立证据索引；无法证明时弱化并说明口径,需要人工验证
applications.html,"Typical requirement: 2–4 independent air passages at 0.3–0.6 MPa, 60–120 RPM indexing speed, with flange mount for anti-rotation stability.",technical_parameter,medium,工程参数需要型号、测试条件和最大/连续值定义,规格书、图纸、试验条件和批准人,保留前先建立证据索引；无法证明时弱化并说明口径,需要人工验证
applications.html,"Typical requirement: 1–3 passages at 0.4–0.8 MPa, compact threaded mount for tight turret envelopes, with quick-disconnect fittings for fast maintenance changeout.",certification,high,企业规模、认证或绝对性能陈述会直接影响采购信任,证书、出货记录、客户/国家统计口径、测试报告,保留前先建立证据索引；无法证明时弱化并说明口径,需要人工验证
applications.html,"Typical requirement: 2–4 passages at 0.4–1.0 MPa assist gas pressure, 100–500 RPM continuous rotation, with clean flow paths to prevent gas contamination.",technical_parameter,medium,工程参数需要型号、测试条件和最大/连续值定义,规格书、图纸、试验条件和批准人,保留前先建立证据索引；无法证明时弱化并说明口径,需要人工验证
applications.html,"Typical requirement: 2–3 passages at 0.3–0.6 MPa, flange mount for rigid fixture integration, with through-bore options for coolant or wiring passage.",technical_parameter,medium,工程参数需要型号、测试条件和最大/连续值定义,规格书、图纸、试验条件和批准人,保留前先建立证据索引；无法证明时弱化并说明口径,需要人工验证
applications.html,"Rotary filling turrets and capping heads in beverage and pharmaceutical lines rotate at 60–200 RPM while controlling pneumatic torque, vacuum hold-down, and bottle gripper actuation.",certification,high,企业规模、认证或绝对性能陈述会直接影响采购信任,证书、出货记录、客户/国家统计口径、测试报告,保留前先建立证据索引；无法证明时弱化并说明口径,需要人工验证
applications.html,"Typical requirement: 1–3 passages at 0.2–0.5 MPa, compact threaded mount for tight turret envelopes, with FDA-compatible seal options for food-grade applications.",technical_parameter,medium,工程参数需要型号、测试条件和最大/连续值定义,规格书、图纸、试验条件和批准人,保留前先建立证据索引；无法证明时弱化并说明口径,需要人工验证
applications.html,"Typical requirement: 2–3 passages at 0.3–0.6 MPa, ultra-compact threaded mount (often M5 or G1/8), lightweight AL6061 body, with integrated electrical slip ring options for combined pneumatic-electric EOAT designs.",technical_parameter,medium,工程参数需要型号、测试条件和最大/连续值定义,规格书、图纸、试验条件和批准人,保留前先建立证据索引；无法证明时弱化并说明口径,需要人工验证
applications.html,"Typical requirement: Single passage at 0.4–0.8 MPa, threaded mount (G1/4 or G1/8), compact body for handheld tool integration, with 360° free rotation and low torque drag so the operator does not feel resistance.",certification,high,企业规模、认证或绝对性能陈述会直接影响采购信任,证书、出货记录、客户/国家统计口径、测试报告,保留前先建立证据索引；无法证明时弱化并说明口径,需要人工验证
applications.html,Each channel must be mechanically isolated with zero leakage tolerance.,certification,high,企业规模、认证或绝对性能陈述会直接影响采购信任,证书、出货记录、客户/国家统计口径、测试报告,保留前先建立证据索引；无法证明时弱化并说明口径,需要人工验证
applications.html,"Typical requirement: 2–3 passages (vacuum + release air + clamp), 0.05–0.1 MPa vacuum side / 0.4–0.6 MPa air side, 60–120 RPM turret speed, with flange mount for rigid turret integration and food-grade seal options.",technical_parameter,medium,工程参数需要型号、测试条件和最大/连续值定义,规格书、图纸、试验条件和批准人,保留前先建立证据索引；无法证明时弱化并说明口径,需要人工验证
applications.html,"Typical requirement: 2–4 passages at 0.4–0.8 MPa, 5–60 RPM slow rotation, flange mount with IP65 dust protection, 45# steel or 304 SS body for weld spatter resistance, with heavy-duty anti-rotation bracket for vibration isolation.",certification,high,企业规模、认证或绝对性能陈述会直接影响采购信任,证书、出货记录、客户/国家统计口径、测试报告,保留前先建立证据索引；无法证明时弱化并说明口径,需要人工验证
applications.html,"Typical requirement: 1–2 passages at 0.2–0.5 MPa, 100–500 RPM continuous rotation, through-bore for shaft passage, with 10-micron filtration and PTFE seals for fiber resistance.",certification,high,企业规模、认证或绝对性能陈述会直接影响采购信任,证书、出货记录、客户/国家统计口径、测试报告,保留前先建立证据索引；无法证明时弱化并说明口径,需要人工验证
applications.html,Compact size is critical — test fixtures often have <50 mm clearance around the rotation axis.,certification,high,企业规模、认证或绝对性能陈述会直接影响采购信任,证书、出货记录、客户/国家统计口径、测试报告,保留前先建立证据索引；无法证明时弱化并说明口径,需要人工验证
applications.html,"Typical requirement: 2–3 passages at 0.1–0.4 MPa, 60–300 RPM, ultra-compact threaded mount (M5 or G1/8), with oil-free PTFE seals and optional integrated electrical circuits for signal transfer alongside pneumatic lines.",technical_parameter,medium,工程参数需要型号、测试条件和最大/连续值定义,规格书、图纸、试验条件和批准人,保留前先建立证据索引；无法证明时弱化并说明口径,需要人工验证
applications.html,Standard joints fail within 2–3 months from dust ingress into bearings and seal faces.,certification,high,企业规模、认证或绝对性能陈述会直接影响采购信任,证书、出货记录、客户/国家统计口径、测试报告,保留前先建立证据索引；无法证明时弱化并说明口径,需要人工验证
applications.html,"Typical requirement: 2–4 passages at 0.4–1.0 MPa, 10–100 RPM, flange mount with IP65 dust protection, 45# steel or 304 SS body for impact resistance, with sealed bearings and external dust shields.",certification,high,企业规模、认证或绝对性能陈述会直接影响采购信任,证书、出货记录、客户/国家统计口径、测试报告,保留前先建立证据索引；无法证明时弱化并说明口径,需要人工验证
applications.html,"The best model depends on machine function, installation constraints, and operating conditions.",business_metric,medium,带数字的商业或技术陈述需要可追溯依据,内部记录、规格书或带日期的统计说明,保留前先建立证据索引；无法证明时弱化并说明口径,需要人工验证
blog-rotary-joint-leaking.html,Check system pressure at the joint inlet (not at the compressor) — continuous pressure should not exceed 0.7 MPa for 1.0 MPa rated models,certification,high,企业规模、认证或绝对性能陈述会直接影响采购信任,证书、出货记录、客户/国家统计口径、测试报告,保留前先建立证据索引；无法证明时弱化并说明口径,需要人工验证
blog-rotary-joint-leaking.html,"seal material : FKM seals for < 200 RPM, PTFE for 300–600 RPM, specialized composites for > 600 RPM",technical_parameter,medium,工程参数需要型号、测试条件和最大/连续值定义,规格书、图纸、试验条件和批准人,保留前先建立证据索引；无法证明时弱化并说明口径,需要人工验证
blog-rotary-joint-leaking.html,"It applies to general-purpose models rated up to 1.0 MPa, including multi-channel configurations like BP-2P series and higher-pressure variants such as BP-2P-130 (5.0 MPa rated) and BP-2P-95 (10.0 MPa rated).",technical_parameter,medium,工程参数需要型号、测试条件和最大/连续值定义,规格书、图纸、试验条件和批准人,保留前先建立证据索引；无法证明时弱化并说明口径,需要人工验证
blog-rotary-joint-leaking.html,Continuous operating pressure should not exceed 0.7 MPa for standard models (1.0 MPa rated / 1.5 MPa test).,certification,high,企业规模、认证或绝对性能陈述会直接影响采购信任,证书、出货记录、客户/国家统计口径、测试报告,保留前先建立证据索引；无法证明时弱化并说明口径,需要人工验证
blog-rotary-joint-leaking.html,"If your system runs at 0.9 MPa continuously, the seal lip experiences accelerated wear regardless of seal material quality.",certification,high,企业规模、认证或绝对性能陈述会直接影响采购信任,证书、出货记录、客户/国家统计口径、测试报告,保留前先建立证据索引；无法证明时弱化并说明口径,需要人工验证
blog-rotary-joint-leaking.html,Reference: ISO 4414:2010 recommends maintaining pneumatic system pressure within 80% of component rated pressure for optimal seal life.,certification,high,企业规模、认证或绝对性能陈述会直接影响采购信任,证书、出货记录、客户/国家统计口径、测试报告,保留前先建立证据索引；无法证明时弱化并说明口径,需要人工验证
blog-rotary-joint-leaking.html,"FKM (Fluorocarbon) < 200 RPM General automation, indexing tables",technical_parameter,medium,工程参数需要型号、测试条件和最大/连续值定义,规格书、图纸、试验条件和批准人,保留前先建立证据索引；无法证明时弱化并说明口径,需要人工验证
blog-rotary-joint-leaking.html,"PTFE 300–600 RPM Continuous rotation, packaging lines",technical_parameter,medium,工程参数需要型号、测试条件和最大/连续值定义,规格书、图纸、试验条件和批准人,保留前先建立证据索引；无法证明时弱化并说明口径,需要人工验证
blog-rotary-joint-leaking.html,Specialized composites > 600 RPM High-speed spindles (custom order),technical_parameter,medium,工程参数需要型号、测试条件和最大/连续值定义,规格书、图纸、试验条件和批准人,保留前先建立证据索引；无法证明时弱化并说明口径,需要人工验证
blog-rotary-joint-leaking.html,Running an FKM-sealed joint at 500 RPM generates excessive heat at the seal interface.,certification,high,企业规模、认证或绝对性能陈述会直接影响采购信任,证书、出货记录、客户/国家统计口径、测试报告,保留前先建立证据索引；无法证明时弱化并说明口径,需要人工验证
blog-rotary-joint-leaking.html,"If your application runs above 200 RPM, verify whether your joint uses PTFE seals.",technical_parameter,medium,工程参数需要型号、测试条件和最大/连续值定义,规格书、图纸、试验条件和批准人,保留前先建立证据索引；无法证明时弱化并说明口径,需要人工验证
blog-rotary-joint-leaking.html,"For continuous-duty applications above 200 RPM, specify PTFE seal configuration at order.",technical_parameter,medium,工程参数需要型号、测试条件和最大/连续值定义,规格书、图纸、试验条件和批准人,保留前先建立证据索引；无法证明时弱化并说明口径,需要人工验证
blog-rotary-joint-leaking.html,Filter element: replace if pressure drop exceeds 0.05 MPa across the filter,certification,high,企业规模、认证或绝对性能陈述会直接影响采购信任,证书、出货记录、客户/国家统计口径、测试报告,保留前先建立证据索引；无法证明时弱化并说明口径,需要人工验证
blog-rotary-joint-leaking.html,Continuous pressure > 0.7 MPa?,technical_parameter,medium,工程参数需要型号、测试条件和最大/连续值定义,规格书、图纸、试验条件和批准人,保留前先建立证据索引；无法证明时弱化并说明口径,需要人工验证
blog-rotary-joint-leaking.html,Shaft bearing play exceeds 0.3 mm radial runout,certification,high,企业规模、认证或绝对性能陈述会直接影响采购信任,证书、出货记录、客户/国家统计口径、测试报告,保留前先建立证据索引；无法证明时弱化并说明口径,需要人工验证
blog-rotary-joint-leaking.html,What reads 0.6 MPa at the compressor may be 0.8 MPa at the joint if the regulator is mislocated.,technical_parameter,medium,工程参数需要型号、测试条件和最大/连续值定义,规格书、图纸、试验条件和批准人,保留前先建立证据索引；无法证明时弱化并说明口径,需要人工验证
blog-rotary-joint-leaking.html,"For general pneumatic system design guidance, refer to ISO 4414:2010 Pneumatic fluid power — General rules and safety requirements for systems and their components .",certification,high,企业规模、认证或绝对性能陈述会直接影响采购信任,证书、出货记录、客户/国家统计口径、测试报告,保留前先建立证据索引；无法证明时弱化并说明口径,需要人工验证
blog-rotary-joint-materials.html,"AL6061 Dry air, water, water-based coolant, hydraulic oil (ISO VG 32) 1.0 MPa Weak acids OK.",certification,medium,工程参数需要型号、测试条件和最大/连续值定义,规格书、图纸、试验条件和批准人,保留前先建立证据索引；无法证明时弱化并说明口径,需要人工验证
blog-rotary-joint-materials.html,"304 SS Steam, food-grade water, seawater (short-term), mild chemicals 1.5 MPa Excellent general resistance.",certification,high,企业规模、认证或绝对性能陈述会直接影响采购信任,证书、出货记录、客户/国家统计口径、测试报告,保留前先建立证据索引；无法证明时弱化并说明口径,需要人工验证
blog-rotary-joint-materials.html,"316 SS Aggressive chemicals, seawater (continuous), food/pharma, urea 1.5 MPa Superior chloride resistance.",certification,high,企业规模、认证或绝对性能陈述会直接影响采购信任,证书、出货记录、客户/国家统计口径、测试报告,保留前先建立证据索引；无法证明时弱化并说明口径,需要人工验证
blog-rotary-joint-materials.html,"Brass Water, low-pressure air, non-ammonia environments 0.8 MPa Good in neutral water.",technical_parameter,medium,工程参数需要型号、测试条件和最大/连续值定义,规格书、图纸、试验条件和批准人,保留前先建立证据索引；无法证明时弱化并说明口径,需要人工验证
blog-rotary-joint-materials.html,"If your compressed air is dried to a dew point of -20°C or lower, and the machine runs in a standard factory environment, AL6061 is the correct material.",technical_parameter,medium,工程参数需要型号、测试条件和最大/连续值定义,规格书、图纸、试验条件和批准人,保留前先建立证据索引；无法证明时弱化并说明口径,需要人工验证
blog-rotary-joint-materials.html,Even intermittently wet air will cause internal bore corrosion within 6–12 months.,business_metric,medium,带数字的商业或技术陈述需要可追溯依据,内部记录、规格书或带日期的统计说明,保留前先建立证据索引；无法证明时弱化并说明口径,需要人工验证
blog-rotary-joint-materials.html,304 stainless steel shows crevice corrosion within 3–6 months of seawater exposure.,certification,high,企业规模、认证或绝对性能陈述会直接影响采购信任,证书、出货记录、客户/国家统计口径、测试报告,保留前先建立证据索引；无法证明时弱化并说明口径,需要人工验证
blog-rotary-joint-materials.html,"In a coastal factory with salt-laden air, the timeline shortens to 2–3 months.",business_metric,medium,带数字的商业或技术陈述需要可追溯依据,内部记录、规格书或带日期的统计说明,保留前先建立证据索引；无法证明时弱化并说明口径,需要人工验证
blog-rotary-joint-materials.html,We have test records showing 304 SS housings with visible corrosion after 90 days of marine exposure.,business_metric,medium,带数字的商业或技术陈述需要可追溯依据,内部记录、规格书或带日期的统计说明,保留前先建立证据索引；无法证明时弱化并说明口径,需要人工验证
blog-rotary-joint-materials.html,Standard PTFE is inert but not FDA-certified.,certification,high,企业规模、认证或绝对性能陈述会直接影响采购信任,证书、出货记录、客户/国家统计口径、测试报告,保留前先建立证据索引；无法证明时弱化并说明口径,需要人工验证
blog-rotary-joint-materials.html,"A six-axis robot with three rotary joints on the wrist sees 660 g of added load with aluminum, versus 1.9 kg with stainless steel.",business_metric,medium,带数字的商业或技术陈述需要可追溯依据,内部记录、规格书或带日期的统计说明,保留前先建立证据索引；无法证明时弱化并说明口径,需要人工验证
blog-rotary-joint-materials.html,Material Relative Housing Cost Seal Replacement (every 2 years) 6-Year Total Cost Failure Mode,certification,high,企业规模、认证或绝对性能陈述会直接影响采购信任,证书、出货记录、客户/国家统计口径、测试报告,保留前先建立证据索引；无法证明时弱化并说明口径,需要人工验证
blog-rotary-joint-materials.html,AL6061 Low Every 3 months Highest total cost 24,business_metric,medium,带数字的商业或技术陈述需要可追溯依据,内部记录、规格书或带日期的统计说明,保留前先建立证据索引；无法证明时弱化并说明口径,需要人工验证
blog-rotary-joint-materials.html,304 SS 3× baseline Every 12 months Moderate total cost 6,business_metric,medium,带数字的商业或技术陈述需要可追溯依据,内部记录、规格书或带日期的统计说明,保留前先建立证据索引；无法证明时弱化并说明口径,需要人工验证
blog-rotary-joint-materials.html,316 SS 4× baseline Every 24 months Lowest total cost 3,business_metric,medium,带数字的商业或技术陈述需要可追溯依据,内部记录、规格书或带日期的统计说明,保留前先建立证据索引；无法证明时弱化并说明口径,需要人工验证
blog-rotary-joint-materials.html,AL6061 for dry air Air dew point > +10°C 304 SS,technical_parameter,medium,工程参数需要型号、测试条件和最大/连续值定义,规格书、图纸、试验条件和批准人,保留前先建立证据索引；无法证明时弱化并说明口径,需要人工验证
blog-rotary-joint-materials.html,Aluminum for weight >600 RPM continuous 304 SS (fatigue limit),technical_parameter,medium,工程参数需要型号、测试条件和最大/连续值定义,规格书、图纸、试验条件和批准人,保留前先建立证据索引；无法证明时弱化并说明口径,需要人工验证
blog-rotary-joint-materials.html,"Dry air, clean coolant, normal factory → AL6061, lowest cost, best performance",certification,high,企业规模、认证或绝对性能陈述会直接影响采购信任,证书、出货记录、客户/国家统计口径、测试报告,保留前先建立证据索引；无法证明时弱化并说明口径,需要人工验证
blog-rotary-joint-materials.html,316 SS and custom configurations ship in 3 weeks.,business_metric,medium,带数字的商业或技术陈述需要可追溯依据,内部记录、规格书或带日期的统计说明,保留前先建立证据索引；无法证明时弱化并说明口径,需要人工验证
blog-rotary-joint-materials.html,"AL6061 aluminum: BP-2P-0001 (2-in-2-out, flange, 1 MPa), BP-1P-0003 (1-in-1-out, threaded, 1 MPa), BP-3P-0004 (3-in-3-out, flange, 1 MPa)",technical_parameter,medium,工程参数需要型号、测试条件和最大/连续值定义,规格书、图纸、试验条件和批准人,保留前先建立证据索引；无法证明时弱化并说明口径,需要人工验证
blog-rotary-joint-materials.html,"304 SS + AL6061 hybrid: BP-2P-130-0001 (2-in-2-out heavy duty, 5 MPa)",technical_parameter,medium,工程参数需要型号、测试条件和最大/连续值定义,规格书、图纸、试验条件和批准人,保留前先建立证据索引；无法证明时弱化并说明口径,需要人工验证
blog-rotary-joint-materials.html,"Dust-proof / harsh environment: BP-2P-50-0001 (IP65 rated, 1 MPa)",technical_parameter,medium,工程参数需要型号、测试条件和最大/连续值定义,规格书、图纸、试验条件和批准人,保留前先建立证据索引；无法证明时弱化并说明口径,需要人工验证
blog-rotary-joint-selection.html,A joint rated for 1.0 MPa gets run at 1.2 MPa.,technical_parameter,medium,工程参数需要型号、测试条件和最大/连续值定义,规格书、图纸、试验条件和批准人,保留前先建立证据索引；无法证明时弱化并说明口径,需要人工验证
blog-rotary-joint-selection.html,"A Glyd Ring seal gets used in a 1,000 RPM application when the spec sheet said 500 RPM max.",technical_parameter,medium,工程参数需要型号、测试条件和最大/连续值定义,规格书、图纸、试验条件和批准人,保留前先建立证据索引；无法证明时弱化并说明口径,需要人工验证
blog-rotary-joint-selection.html,It is cheaper to specify a 3-channel joint now than to replace a 2-channel joint in 18 months.,certification,high,企业规模、认证或绝对性能陈述会直接影响采购信任,证书、出货记录、客户/国家统计口径、测试报告,保留前先建立证据索引；无法证明时弱化并说明口径,需要人工验证
blog-rotary-joint-selection.html,"Single channel: BP-1P-0003 — threaded mount, compact, rated 1.0 MPa",technical_parameter,medium,工程参数需要型号、测试条件和最大/连续值定义,规格书、图纸、试验条件和批准人,保留前先建立证据索引；无法证明时弱化并说明口径,需要人工验证
blog-rotary-joint-selection.html,"Dual channel: BP-2P-0001 — flange mount, 1.0 MPa, AL6061 body",technical_parameter,medium,工程参数需要型号、测试条件和最大/连续值定义,规格书、图纸、试验条件和批准人,保留前先建立证据索引；无法证明时弱化并说明口径,需要人工验证
blog-rotary-joint-selection.html,"Operating Pressure: The ""Max 1.0 MPa"" Spec Is Misleading",technical_parameter,medium,工程参数需要型号、测试条件和最大/连续值定义,规格书、图纸、试验条件和批准人,保留前先建立证据索引；无法证明时弱化并说明口径,需要人工验证
blog-rotary-joint-selection.html,"When a datasheet lists ""Maximum pressure: 1.0 MPa,"" that figure is usually the burst-test pressure or the static test pressure — not the pressure at which the joint should operate 24/7.",technical_parameter,medium,工程参数需要型号、测试条件和最大/连续值定义,规格书、图纸、试验条件和批准人,保留前先建立证据索引；无法证明时弱化并说明口径,需要人工验证
blog-rotary-joint-selection.html,"At Begapunk, every joint is pressure-tested at 1.5× the rated specification before shipment.",business_metric,medium,带数字的商业或技术陈述需要可追溯依据,内部记录、规格书或带日期的统计说明,保留前先建立证据索引；无法证明时弱化并说明口径,需要人工验证
blog-rotary-joint-selection.html,A joint rated for 1.0 MPa is tested at 1.5 MPa for 30 minutes.,technical_parameter,medium,工程参数需要型号、测试条件和最大/连续值定义,规格书、图纸、试验条件和批准人,保留前先建立证据索引；无法证明时弱化并说明口径,需要人工验证
blog-rotary-joint-selection.html,But that does not mean you should run it at 1.0 MPa continuously.,technical_parameter,medium,工程参数需要型号、测试条件和最大/连续值定义,规格书、图纸、试验条件和批准人,保留前先建立证据索引；无法证明时弱化并说明口径,需要人工验证
blog-rotary-joint-selection.html,A 1.0 MPa joint should be used at 0.7 MPa or below for round-the-clock duty.,technical_parameter,medium,工程参数需要型号、测试条件和最大/连续值定义,规格书、图纸、试验条件和批准人,保留前先建立证据索引；无法证明时弱化并说明口径,需要人工验证
blog-rotary-joint-selection.html,Common mistake: Buying a 1.0 MPa joint for an application that runs at 0.9 MPa continuously.,technical_parameter,medium,工程参数需要型号、测试条件和最大/连续值定义,规格书、图纸、试验条件和批准人,保留前先建立证据索引；无法证明时弱化并说明口径,需要人工验证
blog-rotary-joint-selection.html,Standard pneumatic clamping 0.3–0.6 MPa BP-1P-0003 / BP-2P-0001,technical_parameter,medium,工程参数需要型号、测试条件和最大/连续值定义,规格书、图纸、试验条件和批准人,保留前先建立证据索引；无法证明时弱化并说明口径,需要人工验证
blog-rotary-joint-selection.html,High-pressure coolant delivery 0.5–2.0 MPa BP-2P-130-0001 (5.0 MPa rated),technical_parameter,medium,工程参数需要型号、测试条件和最大/连续值定义,规格书、图纸、试验条件和批准人,保留前先建立证据索引；无法证明时弱化并说明口径,需要人工验证
blog-rotary-joint-selection.html,Hydraulic rotary transfer 5.0–10.0 MPa BP-2P-95-0001 (10.0 MPa rated),technical_parameter,medium,工程参数需要型号、测试条件和最大/连续值定义,规格书、图纸、试验条件和批准人,保留前先建立证据索引；无法证明时弱化并说明口径,需要人工验证
blog-rotary-joint-selection.html,Standard duty (1.0 MPa): BP-2P-0001,technical_parameter,medium,工程参数需要型号、测试条件和最大/连续值定义,规格书、图纸、试验条件和批准人,保留前先建立证据索引；无法证明时弱化并说明口径,需要人工验证
blog-rotary-joint-selection.html,Heavy duty (5.0 MPa): BP-2P-130-0001,technical_parameter,medium,工程参数需要型号、测试条件和最大/连续值定义,规格书、图纸、试验条件和批准人,保留前先建立证据索引；无法证明时弱化并说明口径,需要人工验证
blog-rotary-joint-selection.html,Extreme duty (10.0 MPa): BP-2P-95-0001,technical_parameter,medium,工程参数需要型号、测试条件和最大/连续值定义,规格书、图纸、试验条件和批准人,保留前先建立证据索引；无法证明时弱化并说明口径,需要人工验证
blog-rotary-joint-selection.html,< 200 RPM FKM (fluoroelastomer / Viton) 200 RPM,technical_parameter,medium,工程参数需要型号、测试条件和最大/连续值定义,规格书、图纸、试验条件和批准人,保留前先建立证据索引；无法证明时弱化并说明口径,需要人工验证
blog-rotary-joint-selection.html,200–500 RPM Glyd Ring (PTFE composite) 500 RPM,technical_parameter,medium,工程参数需要型号、测试条件和最大/连续值定义,规格书、图纸、试验条件和批准人,保留前先建立证据索引；无法证明时弱化并说明口径,需要人工验证
blog-rotary-joint-selection.html,"500–2,000 RPM PTFE skeleton oil seal 2,000 RPM",technical_parameter,medium,工程参数需要型号、测试条件和最大/连续值定义,规格书、图纸、试验条件和批准人,保留前先建立证据索引；无法证明时弱化并说明口径,需要人工验证
blog-rotary-joint-selection.html,"> 2,000 RPM Custom ceramic or balanced design Custom",certification,high,企业规模、认证或绝对性能陈述会直接影响采购信任,证书、出货记录、客户/国家统计口径、测试报告,保留前先建立证据索引；无法证明时弱化并说明口径,需要人工验证
blog-rotary-joint-selection.html,Common mistake: Installing a standard FKM-sealed joint on a 400 RPM indexing table.,technical_parameter,medium,工程参数需要型号、测试条件和最大/连续值定义,规格书、图纸、试验条件和批准人,保留前先建立证据索引；无法证明时弱化并说明口径,需要人工验证
blog-rotary-joint-selection.html,We do not offer FKM on any joint rated above 200 RPM.,technical_parameter,medium,工程参数需要型号、测试条件和最大/连续值定义,规格书、图纸、试验条件和批准人,保留前先建立证据索引；无法证明时弱化并说明口径,需要人工验证
blog-rotary-joint-selection.html,A 1-second indexing cycle = 60 RPM,technical_parameter,medium,工程参数需要型号、测试条件和最大/连续值定义,规格书、图纸、试验条件和批准人,保留前先建立证据索引；无法证明时弱化并说明口径,需要人工验证
blog-rotary-joint-selection.html,A 0.5-second cycle = 120 RPM,technical_parameter,medium,工程参数需要型号、测试条件和最大/连续值定义,规格书、图纸、试验条件和批准人,保留前先建立证据索引；无法证明时弱化并说明口径,需要人工验证
blog-rotary-joint-selection.html,A continuous rotating shaft at 300 RPM = 300 RPM,technical_parameter,medium,工程参数需要型号、测试条件和最大/连续值定义,规格书、图纸、试验条件和批准人,保留前先建立证据索引；无法证明时弱化并说明口径,需要人工验证
blog-rotary-joint-selection.html,Most pneumatic rotary applications run well below 200 RPM.,technical_parameter,medium,工程参数需要型号、测试条件和最大/连续值定义,规格书、图纸、试验条件和批准人,保留前先建立证据索引；无法证明时弱化并说明口径,需要人工验证
blog-rotary-joint-selection.html,Do not overspend on a high-speed seal if your machine never breaks 100 RPM.,technical_parameter,medium,工程参数需要型号、测试条件和最大/连续值定义,规格书、图纸、试验条件和批准人,保留前先建立证据索引；无法证明时弱化并说明口径,需要人工验证
blog-rotary-joint-selection.html,Critical point: Moist air in an aluminum body causes internal bore corrosion within 6–12 months.,business_metric,medium,带数字的商业或技术陈述需要可追溯依据,内部记录、规格书或带日期的统计说明,保留前先建立证据索引；无法证明时弱化并说明口径,需要人工验证
blog-rotary-joint-selection.html,The joint leaks in 3 months.,business_metric,medium,带数字的商业或技术陈述需要可追溯依据,内部记录、规格书或带日期的统计说明,保留前先建立证据索引；无法证明时弱化并说明口径,需要人工验证
blog-rotary-joint-selection.html,Mount Type Best For Limitations,business_metric,medium,带数字的商业或技术陈述需要可追溯依据,内部记录、规格书或带日期的统计说明,保留前先建立证据索引；无法证明时弱化并说明口径,需要人工验证
blog-rotary-joint-selection.html,Bore Diameter Typical Flow (air at 0.5 MPa) Suitable For,technical_parameter,medium,工程参数需要型号、测试条件和最大/连续值定义,规格书、图纸、试验条件和批准人,保留前先建立证据索引；无法证明时弱化并说明口径,需要人工验证
blog-rotary-joint-selection.html,3 mm ~15 L/min Miniature grippers only,technical_parameter,medium,带数字的商业或技术陈述需要可追溯依据,内部记录、规格书或带日期的统计说明,保留前先建立证据索引；无法证明时弱化并说明口径,需要人工验证
blog-rotary-joint-selection.html,6 mm ~60 L/min Standard pneumatic cylinders,technical_parameter,medium,带数字的商业或技术陈述需要可追溯依据,内部记录、规格书或带日期的统计说明,保留前先建立证据索引；无法证明时弱化并说明口径,需要人工验证
blog-rotary-joint-selection.html,"10 mm ~150 L/min Large actuators, multiple cylinders",technical_parameter,medium,带数字的商业或技术陈述需要可追溯依据,内部记录、规格书或带日期的统计说明,保留前先建立证据索引；无法证明时弱化并说明口径,需要人工验证
blog-rotary-joint-selection.html,"Common mistake: Buying a compact joint with a 3 mm bore to save space, then trying to run a 40 mm bore pneumatic cylinder through it.",certification,high,企业规模、认证或绝对性能陈述会直接影响采购信任,证书、出货记录、客户/国家统计口径、测试报告,保留前先建立证据索引；无法证明时弱化并说明口径,需要人工验证
blog-rotary-joint-selection.html,General pneumatic clamping Dry air 0.1–0.6 MPa < 200 RPM BP-1P-0003 / BP-2P-0001,technical_parameter,medium,工程参数需要型号、测试条件和最大/连续值定义,规格书、图纸、试验条件和批准人,保留前先建立证据索引；无法证明时弱化并说明口径,需要人工验证
blog-rotary-joint-selection.html,High-pressure coolant system Water / emulsion 0.5–2.0 MPa < 200 RPM BP-2P-130-0001,technical_parameter,medium,工程参数需要型号、测试条件和最大/连续值定义,规格书、图纸、试验条件和批准人,保留前先建立证据索引；无法证明时弱化并说明口径,需要人工验证
blog-rotary-joint-selection.html,High-speed rotary indexing Air 0.1–0.8 MPa 200–500 RPM BP-2P-95-0001,technical_parameter,medium,工程参数需要型号、测试条件和最大/连续值定义,规格书、图纸、试验条件和批准人,保留前先建立证据索引；无法证明时弱化并说明口径,需要人工验证
blog-rotary-joint-selection.html,Food / pharmaceutical (custom) Water / steam 0.1–1.0 MPa < 200 RPM BP-3P-FDA — contact for spec,certification,high,企业规模、认证或绝对性能陈述会直接影响采购信任,证书、出货记录、客户/国家统计口径、测试报告,保留前先建立证据索引；无法证明时弱化并说明口径,需要人工验证
blog-rotary-joint-selection.html,Dust-heavy environment Air / water 0.1–1.0 MPa < 200 RPM BP-2P-50-0001 (IP65 dust-proof),technical_parameter,medium,工程参数需要型号、测试条件和最大/连续值定义,规格书、图纸、试验条件和批准人,保留前先建立证据索引；无法证明时弱化并说明口径,需要人工验证
blog-rotary-joint-selection.html,"Send us your operating conditions — pressure, RPM, media type, and channel count — and our engineers will return a spec recommendation within 24 hours.",technical_parameter,medium,带数字的商业或技术陈述需要可追溯依据,内部记录、规格书或带日期的统计说明,保留前先建立证据索引；无法证明时弱化并说明口径,需要人工验证
blog-rotary-union-seal-types.html,"The right seal makes the joint disappear into the background of the machine — reliable, quiet, and maintenance-free for years.",certification,high,企业规模、认证或绝对性能陈述会直接影响采购信任,证书、出货记录、客户/国家统计口径、测试报告,保留前先建立证据索引；无法证明时弱化并说明口径,需要人工验证
blog-rotary-union-seal-types.html,**Max Pressure** 0.3–1.0 MPa 1.0–5.0 MPa 5.0–10.0 MPa,technical_parameter,medium,工程参数需要型号、测试条件和最大/连续值定义,规格书、图纸、试验条件和批准人,保留前先建立证据索引；无法证明时弱化并说明口径,需要人工验证
blog-rotary-union-seal-types.html,"**Max RPM** < 200 RPM < 500 RPM < 2,000 RPM",technical_parameter,medium,工程参数需要型号、测试条件和最大/连续值定义,规格书、图纸、试验条件和批准人,保留前先建立证据索引；无法证明时弱化并说明口径,需要人工验证
blog-rotary-union-seal-types.html,**Leakage Class** ISO 17799 Class 2 ISO 17799 Class 1 ISO 17799 Class 0,certification,medium,带数字的商业或技术陈述需要可追溯依据,内部记录、规格书或带日期的统计说明,保留前先建立证据索引；无法证明时弱化并说明口径,需要人工验证
blog-rotary-union-seal-types.html,**Temp Range** -20°C to +200°C -40°C to +150°C -200°C to +260°C,technical_parameter,medium,工程参数需要型号、测试条件和最大/连续值定义,规格书、图纸、试验条件和批准人,保留前先建立证据索引；无法证明时弱化并说明口径,需要人工验证
blog-rotary-union-seal-types.html,**Typical Life** 6–12 months 12–24 months 24–48 months,business_metric,medium,带数字的商业或技术陈述需要可追溯依据,内部记录、规格书或带日期的统计说明,保留前先建立证据索引；无法证明时弱化并说明口径,需要人工验证
blog-rotary-union-seal-types.html,"Key insight: There is no ""best"" seal.",business_metric,medium,带数字的商业或技术陈述需要可追溯依据,内部记录、规格书或带日期的统计说明,保留前先建立证据索引；无法证明时弱化并说明口径,需要人工验证
blog-rotary-union-seal-types.html,"At pressures above 1.0 MPa, the elastomer extrudes into the clearance gap between shaft and housing.",certification,high,企业规模、认证或绝对性能陈述会直接影响采购信任,证书、出货记录、客户/国家统计口径、测试报告,保留前先建立证据索引；无法证明时弱化并说明口径,需要人工验证
blog-rotary-union-seal-types.html,"BP-1P-0003 (1-in-1-out, threaded): FKM O-ring, 1.0 MPa max, 500 RPM max — but derate to 0.7 MPa and 200 RPM for continuous duty",technical_parameter,medium,工程参数需要型号、测试条件和最大/连续值定义,规格书、图纸、试验条件和批准人,保留前先建立证据索引；无法证明时弱化并说明口径,需要人工验证
blog-rotary-union-seal-types.html,"BP-2P-0001 (2-in-2-out, flange): FKM O-ring + Glyd Ring backup, 1.0 MPa max, 200 RPM max continuous",technical_parameter,medium,工程参数需要型号、测试条件和最大/连续值定义,规格书、图纸、试验条件和批准人,保留前先建立证据索引；无法证明时弱化并说明口径,需要人工验证
blog-rotary-union-seal-types.html,Critical point: An FKM O-ring in moist compressed air will harden and crack within 6–10 months.,business_metric,medium,带数字的商业或技术陈述需要可追溯依据,内部记录、规格书或带日期的统计说明,保留前先建立证据索引；无法证明时弱化并说明口径,需要人工验证
blog-rotary-union-seal-types.html,"If your air dryer is not maintaining a dew point below +10°C, switch to a lip seal or specify a stainless steel body with Glyd Ring.",technical_parameter,medium,工程参数需要型号、测试条件和最大/连续值定义,规格书、图纸、试验条件和批准人,保留前先建立证据索引；无法证明时弱化并说明口径,需要人工验证
blog-rotary-union-seal-types.html,Low-pressure pneumatic clamping (0.3–0.6 MPa),technical_parameter,medium,工程参数需要型号、测试条件和最大/连续值定义,规格书、图纸、试验条件和批准人,保留前先建立证据索引；无法证明时弱化并说明口径,需要人工验证
blog-rotary-union-seal-types.html,Intermittent rotation ( < 100 RPM average),technical_parameter,medium,工程参数需要型号、测试条件和最大/连续值定义,规格书、图纸、试验条件和批准人,保留前先建立证据索引；无法证明时弱化并说明口径,需要人工验证
blog-rotary-union-seal-types.html,Continuous duty above 0.7 MPa,technical_parameter,medium,工程参数需要型号、测试条件和最大/连续值定义,规格书、图纸、试验条件和批准人,保留前先建立证据索引；无法证明时弱化并说明口径,需要人工验证
blog-rotary-union-seal-types.html,RPM above 200 for more than 30 minutes per cycle,technical_parameter,medium,带数字的商业或技术陈述需要可追溯依据,内部记录、规格书或带日期的统计说明,保留前先建立证据索引；无法证明时弱化并说明口径,需要人工验证
blog-rotary-union-seal-types.html,This is enough for 1.0–5.0 MPa if the lip geometry is correct.,technical_parameter,medium,工程参数需要型号、测试条件和最大/连续值定义,规格书、图纸、试验条件和批准人,保留前先建立证据索引；无法证明时弱化并说明口径,需要人工验证
blog-rotary-union-seal-types.html,"Above 5.0 MPa, the lip inverts or the spring compresses beyond its elastic limit.",technical_parameter,medium,工程参数需要型号、测试条件和最大/连续值定义,规格书、图纸、试验条件和批准人,保留前先建立证据索引；无法证明时弱化并说明口径,需要人工验证
blog-rotary-union-seal-types.html,A PTFE lip seal at 500 RPM stays below 80°C.,technical_parameter,medium,工程参数需要型号、测试条件和最大/连续值定义,规格书、图纸、试验条件和批准人,保留前先建立证据索引；无法证明时弱化并说明口径,需要人工验证
blog-rotary-union-seal-types.html,An FKM lip seal at the same speed reaches 120°C and degrades.,technical_parameter,medium,工程参数需要型号、测试条件和最大/连续值定义,规格书、图纸、试验条件和批准人,保留前先建立证据索引；无法证明时弱化并说明口径,需要人工验证
blog-rotary-union-seal-types.html,"BP-2P-130-0001 (2-in-2-out, heavy duty): PTFE lip seal + FKM O-ring backup, 5.0 MPa max, 80 RPM max continuous",technical_parameter,medium,工程参数需要型号、测试条件和最大/连续值定义,规格书、图纸、试验条件和批准人,保留前先建立证据索引；无法证明时弱化并说明口径,需要人工验证
blog-rotary-union-seal-types.html,"BP-2P-50-0001 (2-in-2-out, dust-proof): PTFE lip seal, 1.0 MPa max, 100 RPM max, IP65 rated",technical_parameter,medium,工程参数需要型号、测试条件和最大/连续值定义,规格书、图纸、试验条件和批准人,保留前先建立证据索引；无法证明时弱化并说明口径,需要人工验证
blog-rotary-union-seal-types.html,Food-grade water (with FDA-certified PTFE),certification,high,企业规模、认证或绝对性能陈述会直接影响采购信任,证书、出货记录、客户/国家统计口径、测试报告,保留前先建立证据索引；无法证明时弱化并说明口径,需要人工验证
blog-rotary-union-seal-types.html,"Over 2–3 years, the lip wear increases clearance.",certification,high,企业规模、认证或绝对性能陈述会直接影响采购信任,证书、出货记录、客户/国家统计口径、测试报告,保留前先建立证据索引；无法证明时弱化并说明口径,需要人工验证
blog-rotary-union-seal-types.html,Medium-pressure pneumatic or hydraulic systems (1.0–3.0 MPa),technical_parameter,medium,工程参数需要型号、测试条件和最大/连续值定义,规格书、图纸、试验条件和批准人,保留前先建立证据索引；无法证明时弱化并说明口径,需要人工验证
blog-rotary-union-seal-types.html,Continuous rotation at 100–500 RPM,technical_parameter,medium,工程参数需要型号、测试条件和最大/连续值定义,规格书、图纸、试验条件和批准人,保留前先建立证据索引；无法证明时弱化并说明口径,需要人工验证
blog-rotary-union-seal-types.html,Applications needing 12–24 month seal life,business_metric,medium,带数字的商业或技术陈述需要可追溯依据,内部记录、规格书或带日期的统计说明,保留前先建立证据索引；无法证明时弱化并说明口径,需要人工验证
blog-rotary-union-seal-types.html,Pressure above 5.0 MPa without custom spring design,technical_parameter,medium,工程参数需要型号、测试条件和最大/连续值定义,规格书、图纸、试验条件和批准人,保留前先建立证据索引；无法证明时弱化并说明口径,需要人工验证
blog-rotary-union-seal-types.html,5.0 MPa continuous with standard spring rate,technical_parameter,medium,工程参数需要型号、测试条件和最大/连续值定义,规格书、图纸、试验条件和批准人,保留前先建立证据索引；无法证明时弱化并说明口径,需要人工验证
blog-rotary-union-seal-types.html,10.0 MPa continuous with high-load spring (BP-2P-95-0001),technical_parameter,medium,工程参数需要型号、测试条件和最大/连续值定义,规格书、图纸、试验条件和批准人,保留前先建立证据索引；无法证明时弱化并说明口径,需要人工验证
blog-rotary-union-seal-types.html,"2,000 RPM max with PTFE running surface",certification,high,企业规模、认证或绝对性能陈述会直接影响采购信任,证书、出货记录、客户/国家统计口径、测试报告,保留前先建立证据索引；无法证明时弱化并说明口径,需要人工验证
blog-rotary-union-seal-types.html,"At 10.0 MPa and 200 RPM, the seal surface temperature stays below 60°C because PTFE friction is so low.",certification,high,企业规模、认证或绝对性能陈述会直接影响采购信任,证书、出货记录、客户/国家统计口径、测试报告,保留前先建立证据索引；无法证明时弱化并说明口径,需要人工验证
blog-rotary-union-seal-types.html,An FKM O-ring at the same conditions would exceed 150°C and fail in hours.,certification,high,企业规模、认证或绝对性能陈述会直接影响采购信任,证书、出货记录、客户/国家统计口径、测试报告,保留前先建立证据索引；无法证明时弱化并说明口径,需要人工验证
blog-rotary-union-seal-types.html,"BP-2P-95-0001 (2-in-4-out, extreme duty): Spring-energized carbon-filled PTFE, 10.0 MPa max, 200 RPM max, tested at 12.0 MPa",technical_parameter,medium,工程参数需要型号、测试条件和最大/连续值定义,规格书、图纸、试验条件和批准人,保留前先建立证据索引；无法证明时弱化并说明口径,需要人工验证
blog-rotary-union-seal-types.html,Seal Type Friction Coefficient Typical Leakage (ml/min) Torque at 0.5 MPa,technical_parameter,medium,工程参数需要型号、测试条件和最大/连续值定义,规格书、图纸、试验条件和批准人,保留前先建立证据索引；无法证明时弱化并说明口径,需要人工验证
blog-rotary-union-seal-types.html,High-pressure hydraulic or pneumatic (5.0–10.0 MPa),technical_parameter,medium,工程参数需要型号、测试条件和最大/连续值定义,规格书、图纸、试验条件和批准人,保留前先建立证据索引；无法证明时弱化并说明口径,需要人工验证
blog-rotary-union-seal-types.html,"High-speed continuous rotation (500–2,000 RPM)",technical_parameter,medium,工程参数需要型号、测试条件和最大/连续值定义,规格书、图纸、试验条件和批准人,保留前先建立证据索引；无法证明时弱化并说明口径,需要人工验证
blog-rotary-union-seal-types.html,Long service intervals (24–48 months),certification,high,企业规模、认证或绝对性能陈述会直接影响采购信任,证书、出货记录、客户/国家统计口径、测试报告,保留前先建立证据索引；无法证明时弱化并说明口径,需要人工验证
blog-rotary-union-seal-types.html,Very slow speed ( < 10 RPM) where the spring does not seat properly,technical_parameter,medium,工程参数需要型号、测试条件和最大/连续值定义,规格书、图纸、试验条件和批准人,保留前先建立证据索引；无法证明时弱化并说明口径,需要人工验证
blog-rotary-union-seal-types.html,< 1.0 MPa → O-ring or lip seal,technical_parameter,medium,工程参数需要型号、测试条件和最大/连续值定义,规格书、图纸、试验条件和批准人,保留前先建立证据索引；无法证明时弱化并说明口径,需要人工验证
blog-rotary-union-seal-types.html,1.0–5.0 MPa → Lip seal or spring-energized PTFE,technical_parameter,medium,工程参数需要型号、测试条件和最大/连续值定义,规格书、图纸、试验条件和批准人,保留前先建立证据索引；无法证明时弱化并说明口径,需要人工验证
blog-rotary-union-seal-types.html,> 5.0 MPa → Spring-energized PTFE only,technical_parameter,medium,工程参数需要型号、测试条件和最大/连续值定义,规格书、图纸、试验条件和批准人,保留前先建立证据索引；无法证明时弱化并说明口径,需要人工验证
blog-rotary-union-seal-types.html,< 200 RPM → Any seal type,technical_parameter,medium,工程参数需要型号、测试条件和最大/连续值定义,规格书、图纸、试验条件和批准人,保留前先建立证据索引；无法证明时弱化并说明口径,需要人工验证
blog-rotary-union-seal-types.html,200–500 RPM → Lip seal or spring-energized PTFE,technical_parameter,medium,工程参数需要型号、测试条件和最大/连续值定义,规格书、图纸、试验条件和批准人,保留前先建立证据索引；无法证明时弱化并说明口径,需要人工验证
blog-rotary-union-seal-types.html,> 500 RPM → Spring-energized PTFE only,technical_parameter,medium,工程参数需要型号、测试条件和最大/连续值定义,规格书、图纸、试验条件和批准人,保留前先建立证据索引；无法证明时弱化并说明口径,需要人工验证
blog-rotary-union-seal-types.html,18–24 month replacement → Lip seal,certification,high,企业规模、认证或绝对性能陈述会直接影响采购信任,证书、出货记录、客户/国家统计口径、测试报告,保留前先建立证据索引；无法证明时弱化并说明口径,需要人工验证
blog-rotary-union-seal-types.html,3–4 year replacement or inaccessible location → Spring-energized PTFE,certification,high,企业规模、认证或绝对性能陈述会直接影响采购信任,证书、出货记录、客户/国家统计口径、测试报告,保留前先建立证据索引；无法证明时弱化并说明口径,需要人工验证
blog-rotary-union-seal-types.html,Model Seal Type Pressure RPM Best For,technical_parameter,medium,带数字的商业或技术陈述需要可追溯依据,内部记录、规格书或带日期的统计说明,保留前先建立证据索引；无法证明时弱化并说明口径,需要人工验证
blog-rotary-union-seal-types.html,"BP-1P-0003 FKM O-ring 1.0 MPa 500 Pneumatic tools, small tables",technical_parameter,medium,工程参数需要型号、测试条件和最大/连续值定义,规格书、图纸、试验条件和批准人,保留前先建立证据索引；无法证明时弱化并说明口径,需要人工验证
blog-rotary-union-seal-types.html,"BP-2P-0001 FKM O-ring + Glyd Ring 1.0 MPa 200 General automation, clamping",technical_parameter,medium,工程参数需要型号、测试条件和最大/连续值定义,规格书、图纸、试验条件和批准人,保留前先建立证据索引；无法证明时弱化并说明口径,需要人工验证
blog-rotary-union-seal-types.html,"BP-2P-130-0001 PTFE lip seal 5.0 MPa 80 Hydraulic clamping, coolant",technical_parameter,medium,工程参数需要型号、测试条件和最大/连续值定义,规格书、图纸、试验条件和批准人,保留前先建立证据索引；无法证明时弱化并说明口径,需要人工验证
blog-rotary-union-seal-types.html,"BP-2P-95-0001 Spring-energized PTFE 10.0 MPa 200 High-pressure, high-speed",technical_parameter,medium,工程参数需要型号、测试条件和最大/连续值定义,规格书、图纸、试验条件和批准人,保留前先建立证据索引；无法证明时弱化并说明口径,需要人工验证
blog-rotary-union-seal-types.html,"BP-2P-50-0001 PTFE lip seal 1.0 MPa 100 Dusty environments, IP65",technical_parameter,medium,工程参数需要型号、测试条件和最大/连续值定义,规格书、图纸、试验条件和批准人,保留前先建立证据索引；无法证明时弱化并说明口径,需要人工验证
blog-rotary-union-seal-types.html,"Lip seals cover the broad middle ground: medium pressure, moderate speed, wet or oily environments, 12–24 month life.",business_metric,medium,带数字的商业或技术陈述需要可追溯依据,内部记录、规格书或带日期的统计说明,保留前先建立证据索引；无法证明时弱化并说明口径,需要人工验证
blog-rotary-union-seal-types.html,"We do not offer FKM O-rings on 10.0 MPa joints, and we do not ship spring-energized PTFE on 0.5 MPa pneumatic tools.",technical_parameter,medium,工程参数需要型号、测试条件和最大/连续值定义,规格书、图纸、试验条件和批准人,保留前先建立证据索引；无法证明时弱化并说明口径,需要人工验证
blog-rotary-union-seal-types.html,"Our engineers will specify the correct seal family, material grade, and spring rate — and ship the joint pre-assembled and tested.",business_metric,medium,带数字的商业或技术陈述需要可追溯依据,内部记录、规格书或带日期的统计说明,保留前先建立证据索引；无法证明时弱化并说明口径,需要人工验证
blog-rotary-union-seal-types.html,"Technical Note: All pressure, RPM, and leakage data in this article are based on Begapunk BP-series rotary joints tested in our Ningbo facility under ISO 17799 conditions.",certification,medium,带数字的商业或技术陈述需要可追溯依据,内部记录、规格书或带日期的统计说明,保留前先建立证据索引；无法证明时弱化并说明口径,需要人工验证
blog-seal-replacement.html,Apply 0.2–0.3 MPa test pressure (compressed air or nitrogen).,technical_parameter,medium,工程参数需要型号、测试条件和最大/连续值定义,规格书、图纸、试验条件和批准人,保留前先建立证据索引；无法证明时弱化并说明口径,需要人工验证
blog-seal-replacement.html,If no leak: Gradually increase pressure in 0.2 MPa steps up to operating pressure.,technical_parameter,medium,工程参数需要型号、测试条件和最大/连续值定义,规格书、图纸、试验条件和批准人,保留前先建立证据索引；无法证明时弱化并说明口径,需要人工验证
blog-seal-replacement.html,A 0.05 mm gap is enough to leak at 0.6 MPa.,technical_parameter,medium,工程参数需要型号、测试条件和最大/连续值定义,规格书、图纸、试验条件和批准人,保留前先建立证据索引；无法证明时弱化并说明口径,需要人工验证
blog-seal-replacement.html,Correct method: Always start at 0.2–0.3 MPa.,technical_parameter,medium,工程参数需要型号、测试条件和最大/连续值定义,规格书、图纸、试验条件和批准人,保留前先建立证据索引；无法证明时弱化并说明口径,需要人工验证
blog-seal-replacement.html,"BP-2P-0001 — 2-in-2-out, AL6061 body, FKM + Glyd Ring seal, max 1 MPa.",technical_parameter,medium,工程参数需要型号、测试条件和最大/连续值定义,规格书、图纸、试验条件和批准人,保留前先建立证据索引；无法证明时弱化并说明口径,需要人工验证
blog-seal-replacement.html,"BP-2P-130-0001 — Heavy duty, 304 SS + AL6061, Glyd Ring seal, max 5 MPa.",technical_parameter,medium,工程参数需要型号、测试条件和最大/连续值定义,规格书、图纸、试验条件和批准人,保留前先建立证据索引；无法证明时弱化并说明口径,需要人工验证
blog-threaded-vs-flange.html,The joint appears tight at 0.3 MPa and leaks at 0.6 MPa.,technical_parameter,medium,工程参数需要型号、测试条件和最大/连续值定义,规格书、图纸、试验条件和批准人,保留前先建立证据索引；无法证明时弱化并说明口径,需要人工验证
blog-threaded-vs-flange.html,Insert a 0.05 mm feeler gauge between the flange face and the plate.,certification,high,企业规模、认证或绝对性能陈述会直接影响采购信任,证书、出货记录、客户/国家统计口径、测试报告,保留前先建立证据索引；无法证明时弱化并说明口径,需要人工验证
blog-threaded-vs-flange.html,A flange face with 0.08 mm warp will compress the O-ring unevenly.,certification,high,企业规模、认证或绝对性能陈述会直接影响采购信任,证书、出货记录、客户/国家统计口径、测试报告,保留前先建立证据索引；无法证明时弱化并说明口径,需要人工验证
blog-threaded-vs-flange.html,The rotating shaft of the joint must align with the machine shaft within 0.1 mm radial runout .,technical_parameter,medium,带数字的商业或技术陈述需要可追溯依据,内部记录、规格书或带日期的统计说明,保留前先建立证据索引；无法证明时弱化并说明口径,需要人工验证
blog-threaded-vs-flange.html,More than 0.1 mm creates a cyclic side load on the seal lip with every rotation.,technical_parameter,medium,带数字的商业或技术陈述需要可追溯依据,内部记录、规格书或带日期的统计说明,保留前先建立证据索引；无法证明时弱化并说明口径,需要人工验证
blog-threaded-vs-flange.html,"At 200 RPM, that is 1,200 loading cycles per minute.",technical_parameter,medium,工程参数需要型号、测试条件和最大/连续值定义,规格书、图纸、试验条件和批准人,保留前先建立证据索引；无法证明时弱化并说明口径,需要人工验证
blog-threaded-vs-flange.html,"If TIR > 0.1 mm, correct the shaft alignment before installing the joint",technical_parameter,medium,带数字的商业或技术陈述需要可追溯依据,内部记录、规格书或带日期的统计说明,保留前先建立证据索引；无法证明时弱化并说明口径,需要人工验证
blog-threaded-vs-flange.html,Do not cover the first thread — the leading thread must engage cleanly to guide the rest of the fitting.,business_metric,medium,带数字的商业或技术陈述需要可追溯依据,内部记录、规格书或带日期的统计说明,保留前先建立证据索引；无法证明时弱化并说明口径,需要人工验证
blog-threaded-vs-flange.html,"For a standard 2.0 mm CS O-ring, this means the gland depth should compress the ring to 1.6–1.7 mm.",technical_parameter,medium,带数字的商业或技术陈述需要可追溯依据,内部记录、规格书或带日期的统计说明,保留前先建立证据索引；无法证明时弱化并说明口径,需要人工验证
blog-threaded-vs-flange.html,Any scratch deeper than 0.02 mm will channel under pressure.,technical_parameter,medium,带数字的商业或技术陈述需要可追溯依据,内部记录、规格书或带日期的统计说明,保留前先建立证据索引；无法证明时弱化并说明口径,需要人工验证
blog-threaded-vs-flange.html,"After 6–12 months, the bore wears oval.",business_metric,medium,带数字的商业或技术陈述需要可追溯依据,内部记录、规格书或带日期的统计说明,保留前先建立证据索引；无法证明时弱化并说明口径,需要人工验证
blog-threaded-vs-flange.html,"Check with a feeler gauge: if the bracket rocks more than 0.5 mm on the pin, replace it.",certification,high,企业规模、认证或绝对性能陈述会直接影响采购信任,证书、出货记录、客户/国家统计口径、测试报告,保留前先建立证据索引；无法证明时弱化并说明口径,需要人工验证
blog-threaded-vs-flange.html,Pressurize to 0.3 MPa (50% of typical operating pressure),technical_parameter,medium,工程参数需要型号、测试条件和最大/连续值定义,规格书、图纸、试验条件和批准人,保留前先建立证据索引；无法证明时弱化并说明口径,需要人工验证
blog-threaded-vs-flange.html,Hold for 5 minutes,business_metric,medium,带数字的商业或技术陈述需要可追溯依据,内部记录、规格书或带日期的统计说明,保留前先建立证据索引；无法证明时弱化并说明口径,需要人工验证
blog-threaded-vs-flange.html,"Rotate at 20% of rated RPM (e.g., 40 RPM if rated 200 RPM)",technical_parameter,medium,工程参数需要型号、测试条件和最大/连续值定义,规格书、图纸、试验条件和批准人,保留前先建立证据索引；无法证明时弱化并说明口径,需要人工验证
blog-threaded-vs-flange.html,Pressurize to 0.5 MPa,technical_parameter,medium,工程参数需要型号、测试条件和最大/连续值定义,规格书、图纸、试验条件和批准人,保留前先建立证据索引；无法证明时弱化并说明口径,需要人工验证
blog-threaded-vs-flange.html,Run for 10 minutes,business_metric,medium,带数字的商业或技术陈述需要可追溯依据,内部记录、规格书或带日期的统计说明,保留前先建立证据索引；无法证明时弱化并说明口径,需要人工验证
blog-threaded-vs-flange.html,Monitor for 30 minutes,business_metric,medium,带数字的商业或技术陈述需要可追溯依据,内部记录、规格书或带日期的统计说明,保留前先建立证据索引；无法证明时弱化并说明口径,需要人工验证
blog-threaded-vs-flange.html,A thread connection with marginal torque may hold at 0.5 MPa but blow out at 0.8 MPa.,technical_parameter,medium,工程参数需要型号、测试条件和最大/连续值定义,规格书、图纸、试验条件和批准人,保留前先建立证据索引；无法证明时弱化并说明口径,需要人工验证
blog-threaded-vs-flange.html,"Flange bolt sequence wrong O-ring extruded on one side, dry on other 1–48 hours",certification,high,企业规模、认证或绝对性能陈述会直接影响采购信任,证书、出货记录、客户/国家统计口径、测试报告,保留前先建立证据索引；无法证明时弱化并说明口径,需要人工验证
blog-threaded-vs-flange.html,"Anti-rotation bracket loose Housing shifts, hoses twist 2–4 weeks",business_metric,medium,带数字的商业或技术陈述需要可追溯依据,内部记录、规格书或带日期的统计说明,保留前先建立证据索引；无法证明时弱化并说明口径,需要人工验证
blog-threaded-vs-flange.html,Misaligned shaft (>0.1 mm TIR) Seal lip wear on one side only 1–2 weeks,technical_parameter,medium,带数字的商业或技术陈述需要可追溯依据,内部记录、规格书或带日期的统计说明,保留前先建立证据索引；无法证明时弱化并说明口径,需要人工验证
blog-threaded-vs-flange.html,"A correctly installed Begapunk joint with a standard seal will run 6–24 months before the first seal replacement, depending on duty cycle.",certification,high,企业规模、认证或绝对性能陈述会直接影响采购信任,证书、出货记录、客户/国家统计口径、测试报告,保留前先建立证据索引；无法证明时弱化并说明口径,需要人工验证
blog-threaded-vs-flange.html,These steps add 15 minutes to the install and save hours of rework.,business_metric,medium,带数字的商业或技术陈述需要可追溯依据,内部记录、规格书或带日期的统计说明,保留前先建立证据索引；无法证明时弱化并说明口径,需要人工验证
blog.html,Get the latest rotary joint technical articles and application guides delivered to your inbox.,business_metric,medium,带数字的商业或技术陈述需要可追溯依据,内部记录、规格书或带日期的统计说明,保留前先建立证据索引；无法证明时弱化并说明口径,需要人工验证
BP-1P-0003.html,Compact 0.08 kg aluminum body or 0.45 kg steel body.,technical_parameter,medium,带数字的商业或技术陈述需要可追溯依据,内部记录、规格书或带日期的统计说明,保留前先建立证据索引；无法证明时弱化并说明口径,需要人工验证
BP-1P-0003.html,PTFE composite seal rated for 1 MPa and 500 RPM.,technical_parameter,medium,工程参数需要型号、测试条件和最大/连续值定义,规格书、图纸、试验条件和批准人,保留前先建立证据索引；无法证明时弱化并说明口径,需要人工验证
BP-1P-0003.html,Ships in 7 days from Ningbo.,business_metric,medium,带数字的商业或技术陈述需要可追溯依据,内部记录、规格书或带日期的统计说明,保留前先建立证据索引；无法证明时弱化并说明口径,需要人工验证
BP-1P-0003.html,Lightest in class: Aluminum body at 0.08 kg — ideal for handheld pneumatic tools where every gram matters,business_metric,medium,带数字的商业或技术陈述需要可追溯依据,内部记录、规格书或带日期的统计说明,保留前先建立证据索引；无法证明时弱化并说明口径,需要人工验证
BP-1P-0003.html,"Upgrade path is clear: When you need 2+ passages, move to BP-2P-0001 (flange) or BP-2P-0002 (threaded, 1.5 MPa)",technical_parameter,medium,工程参数需要型号、测试条件和最大/连续值定义,规格书、图纸、试验条件和批准人,保留前先建立证据索引；无法证明时弱化并说明口径,需要人工验证
BP-1P-0003.html,Max Pressure 1 MPa (10 bar / 145 psi) — derate to 0.7 MPa for continuous water duty,technical_parameter,medium,工程参数需要型号、测试条件和最大/连续值定义,规格书、图纸、试验条件和批准人,保留前先建立证据索引；无法证明时弱化并说明口径,需要人工验证
BP-1P-0003.html,Max Speed 500 RPM — derate to 300 RPM for continuous water or coolant,technical_parameter,medium,工程参数需要型号、测试条件和最大/连续值定义,规格书、图纸、试验条件和批准人,保留前先建立证据索引；无法证明时弱化并说明口径,需要人工验证
BP-1P-0003.html,Operating Temperature -20°C to +120°C,technical_parameter,medium,工程参数需要型号、测试条件和最大/连续值定义,规格书、图纸、试验条件和批准人,保留前先建立证据索引；无法证明时弱化并说明口径,需要人工验证
BP-1P-0003.html,0.08 kg (aluminum) / 0.45 kg (steel),business_metric,medium,带数字的商业或技术陈述需要可追溯依据,内部记录、规格书或带日期的统计说明,保留前先建立证据索引；无法证明时弱化并说明口径,需要人工验证
BP-1P-0003.html,"Certifications ISO 9001:2015, CE, RoHS",certification,high,企业规模、认证或绝对性能陈述会直接影响采购信任,证书、出货记录、客户/国家统计口径、测试报告,保留前先建立证据索引；无法证明时弱化并说明口径,需要人工验证
BP-1P-0003.html,"Yield strength 355 MPa, hardness 170–210 HB.",technical_parameter,medium,工程参数需要型号、测试条件和最大/连续值定义,规格书、图纸、试验条件和批准人,保留前先建立证据索引；无法证明时弱化并说明口径,需要人工验证
BP-1P-0003.html,"Self-lubricating, chemically inert, and rated for -200°C to +260°C.",technical_parameter,medium,工程参数需要型号、测试条件和最大/连续值定义,规格书、图纸、试验条件和批准人,保留前先建立证据索引；无法证明时弱化并说明口径,需要人工验证
BP-1P-0003.html,The 0.08 kg aluminum body adds negligible load compared to the 0.45 kg steel version.,technical_parameter,medium,带数字的商业或技术陈述需要可追溯依据,内部记录、规格书或带日期的统计说明,保留前先建立证据索引；无法证明时弱化并说明口径,需要人工验证
BP-1P-0003.html,Below are the machine types where this model performs best — and the conditions where you should consider upgrading to a multi-passage joint.,business_metric,medium,带数字的商业或技术陈述需要可追溯依据,内部记录、规格书或带日期的统计说明,保留前先建立证据索引；无法证明时弱化并说明口径,需要人工验证
BP-1P-0003.html,High-pressure hydraulic systems above 1 MPa — use BP-2P-0002 (1.5 MPa) or custom high-pressure design,technical_parameter,medium,工程参数需要型号、测试条件和最大/连续值定义,规格书、图纸、试验条件和批准人,保留前先建立证据索引；无法证明时弱化并说明口径,需要人工验证
BP-1P-0003.html,Proper installation extends seal life from 6 months to 12+ months.,business_metric,medium,带数字的商业或技术陈述需要可追溯依据,内部记录、规格书或带日期的统计说明,保留前先建立证据索引；无法证明时弱化并说明口径,需要人工验证
BP-1P-0003.html,Do not use NPT or metric adapters — they add 10–20 mm length and create a stress concentration that cracks under side load.,certification,high,企业规模、认证或绝对性能陈述会直接影响采购信任,证书、出货记录、客户/国家统计口径、测试报告,保留前先建立证据索引；无法证明时弱化并说明口径,需要人工验证
BP-1P-0003.html,"Use a torque wrench — ""finger tight plus a quarter turn"" is not precise enough for a 0.45 kg steel body.",business_metric,medium,带数字的商业或技术陈述需要可追溯依据,内部记录、规格书或带日期的统计说明,保留前先建立证据索引；无法证明时弱化并说明口径,需要人工验证
BP-1P-0003.html,Run at low pressure (0.2 MPa) and low speed (50–100 RPM) for 5 minutes without load.,technical_parameter,medium,工程参数需要型号、测试条件和最大/连续值定义,规格书、图纸、试验条件和批准人,保留前先建立证据索引；无法证明时弱化并说明口径,需要人工验证
BP-1P-0003.html,"If dry, gradually increase to operating pressure and speed over 10 minutes.",business_metric,medium,带数字的商业或技术陈述需要可追溯依据,内部记录、规格书或带日期的统计说明,保留前先建立证据索引；无法证明时弱化并说明口径,需要人工验证
BP-1P-0003.html,"Air duty, 8-hour shift: Inspect every 6 months, replace seal every 10–12 months",certification,high,企业规模、认证或绝对性能陈述会直接影响采购信任,证书、出货记录、客户/国家统计口径、测试报告,保留前先建立证据索引；无法证明时弱化并说明口径,需要人工验证
BP-1P-0003.html,"Water or coolant duty: Inspect every 4 months for corrosion, replace seal every 8–10 months",certification,high,企业规模、认证或绝对性能陈述会直接影响采购信任,证书、出货记录、客户/国家统计口径、测试报告,保留前先建立证据索引；无法证明时弱化并说明口径,需要人工验证
BP-1P-0003.html,"High-cycle handheld tools (1,000+ cycles/day): Replace seal every 6–8 months",certification,high,企业规模、认证或绝对性能陈述会直接影响采购信任,证书、出货记录、客户/国家统计口径、测试报告,保留前先建立证据索引；无法证明时弱化并说明口径,需要人工验证
BP-1P-0003.html,"45# steel material traceability, hardness test report, and RoHS compliance certificate.",certification,high,企业规模、认证或绝对性能陈述会直接影响采购信任,证书、出货记录、客户/国家统计口径、测试报告,保留前先建立证据索引；无法证明时弱化并说明口径,需要人工验证
BP-1P-0003.html,"Single air line, handheld tool, weight critical ✅ Perfect — 0.08 kg aluminum — —",business_metric,medium,带数字的商业或技术陈述需要可追溯依据,内部记录、规格书或带日期的统计说明,保留前先建立证据索引；无法证明时弱化并说明口径,需要人工验证
BP-1P-0003.html,"Single air line, stationary machine, rigidity critical ✅ Good — 0.45 kg steel — —",business_metric,medium,带数字的商业或技术陈述需要可追溯依据,内部记录、规格书或带日期的统计说明,保留前先建立证据索引；无法证明时弱化并说明口径,需要人工验证
BP-1P-0003.html,"Pressure >1.0 MPa (e.g., 1.2 MPa hydraulic) ❌ Over pressure rating BP-2P-0002 1.5 MPa rated, same threaded mount, dual passage",technical_parameter,medium,工程参数需要型号、测试条件和最大/连续值定义,规格书、图纸、试验条件和批准人,保留前先建立证据索引；无法证明时弱化并说明口径,需要人工验证
BP-1P-0003.html,"Within 48 hours, air leaks at 0.3 MPa.",technical_parameter,medium,工程参数需要型号、测试条件和最大/连续值定义,规格书、图纸、试验条件和批准人,保留前先建立证据索引；无法证明时弱化并说明口径,需要人工验证
BP-1P-0003.html,"The result: when the clamp line pressurizes at 0.6 MPa, the T-fitting leaks 0.15 MPa into the unclamp line — the fixture releases prematurely, dropping the workpiece.",certification,high,企业规模、认证或绝对性能陈述会直接影响采购信任,证书、出货记录、客户/国家统计口径、测试报告,保留前先建立证据索引；无法证明时弱化并说明口径,需要人工验证
BP-1P-0003.html,A maintenance team installs BP-1P-0003 on a labeling machine and immediately runs it at 0.8 MPa and 300 RPM.,certification,high,企业规模、认证或绝对性能陈述会直接影响采购信任,证书、出货记录、客户/国家统计口径、测试报告,保留前先建立证据索引；无法证明时弱化并说明口径,需要人工验证
BP-1P-0003.html,"Within 2 weeks, vacuum drops from -0.07 MPa to -0.04 MPa, and labels fall off.",technical_parameter,medium,工程参数需要型号、测试条件和最大/连续值定义,规格书、图纸、试验条件和批准人,保留前先建立证据索引；无法证明时弱化并说明口径,需要人工验证
BP-1P-0003.html,Rule: Run at 0.2 MPa and 50–100 RPM for 5 minutes before full operation.,technical_parameter,medium,工程参数需要型号、测试条件和最大/连续值定义,规格书、图纸、试验条件和批准人,保留前先建立证据索引；无法证明时弱化并说明口径,需要人工验证
BP-1P-0003.html,This beds the seal and extends life from 6 months to 12+ months.,business_metric,medium,带数字的商业或技术陈述需要可追溯依据,内部记录、规格书或带日期的统计说明,保留前先建立证据索引；无法证明时弱化并说明口径,需要人工验证
BP-1P-0003.html,"Dual passage, flange mount, 1.0 MPa.",technical_parameter,medium,工程参数需要型号、测试条件和最大/连续值定义,规格书、图纸、试验条件和批准人,保留前先建立证据索引；无法证明时弱化并说明口径,需要人工验证
BP-1P-0003.html,"Dual passage, threaded mount, 1.5 MPa.",technical_parameter,medium,工程参数需要型号、测试条件和最大/连续值定义,规格书、图纸、试验条件和批准人,保留前先建立证据索引；无法证明时弱化并说明口径,需要人工验证
BP-1P-0003.html,"The steel body (0.45 kg, 45# steel) provides higher rigidity and thread strength for stationary mounting on machine frames.",business_metric,medium,带数字的商业或技术陈述需要可追溯依据,内部记录、规格书或带日期的统计说明,保留前先建立证据索引；无法证明时弱化并说明口径,需要人工验证
BP-1P-0003.html,"The aluminum body (0.08 kg, 6061-T6) reduces weight by 82% for handheld tools and robot EOAT where every gram matters.",certification,high,企业规模、认证或绝对性能陈述会直接影响采购信任,证书、出货记录、客户/国家统计口径、测试报告,保留前先建立证据索引；无法证明时弱化并说明口径,需要人工验证
BP-1P-0003.html,"For continuous water duty, derate pressure to 0.7 MPa and speed to 300 RPM to reduce seal wear.",certification,high,企业规模、认证或绝对性能陈述会直接影响采购信任,证书、出货记录、客户/国家统计口径、测试报告,保留前先建立证据索引；无法证明时弱化并说明口径,需要人工验证
BP-1P-0003.html,BP-1P-0003 uses BSP parallel (G) threads per ISO 228-1 — G1/4 (standard) or G1/8 (optional).,certification,medium,带数字的商业或技术陈述需要可追溯依据,内部记录、规格书或带日期的统计说明,保留前先建立证据索引；无法证明时弱化并说明口径,需要人工验证
BP-1P-0003.html,"Download the 2D PDF drawing for exact thread dimensions, pitch (1.337 mm for G1/4, 0.907 mm for G1/8), and tolerances.",certification,high,企业规模、认证或绝对性能陈述会直接影响采购信任,证书、出货记录、客户/国家统计口径、测试报告,保留前先建立证据索引；无法证明时弱化并说明口径,需要人工验证
BP-1P-0003.html,"We do not post 3D files publicly to protect our designs, but every qualified inquiry receives the file within 24 hours.",certification,high,企业规模、认证或绝对性能陈述会直接影响采购信任,证书、出货记录、客户/国家统计口径、测试报告,保留前先建立证据索引；无法证明时弱化并说明口径,需要人工验证
BP-1P-0003.html,(2) Your pressure requirement exceeds 1.0 MPa — BP-2P-0002 handles 1.5 MPa.,certification,high,企业规模、认证或绝对性能陈述会直接影响采购信任,证书、出货记录、客户/国家统计口径、测试报告,保留前先建立证据索引；无法证明时弱化并说明口径,需要人工验证
BP-1P-0003.html,Typical custom lead time: 10–14 days.,business_metric,medium,带数字的商业或技术陈述需要可追溯依据,内部记录、规格书或带日期的统计说明,保留前先建立证据索引；无法证明时弱化并说明口径,需要人工验证
BP-1P-0003.html,"Technical Note: All pressure ratings, speed ratings, and material specifications referenced on this page are based on Begapunk BP-series standard pneumatic rotary joints tested under controlled laboratory conditions.",certification,high,企业规模、认证或绝对性能陈述会直接影响采购信任,证书、出货记录、客户/国家统计口径、测试报告,保留前先建立证据索引；无法证明时弱化并说明口径,需要人工验证
BP-1P-0006.html,BP-1P-0006 · 1-in-6-out (4mm) Rotary Joint,technical_parameter,medium,带数字的商业或技术陈述需要可追溯依据,内部记录、规格书或带日期的统计说明,保留前先建立证据索引；无法证明时弱化并说明口径,需要人工验证
BP-1P-0006.html,"Single-inlet, six-outlet G1/8 threaded rotary joint with 4mm orifice for pneumatic and light fluid applications.",certification,high,企业规模、认证或绝对性能陈述会直接影响采购信任,证书、出货记录、客户/国家统计口径、测试报告,保留前先建立证据索引；无法证明时弱化并说明口径,需要人工验证
BP-1P-0006.html,"Ø39 × 50 mm, 265 g.",technical_parameter,medium,带数字的商业或技术陈述需要可追溯依据,内部记录、规格书或带日期的统计说明,保留前先建立证据索引；无法证明时弱化并说明口径,需要人工验证
BP-1P-0006.html,Ships in 7 days.,business_metric,medium,带数字的商业或技术陈述需要可追溯依据,内部记录、规格书或带日期的统计说明,保留前先建立证据索引；无法证明时弱化并说明口径,需要人工验证
BP-1P-0006.html,"Compact Ø39 × 50 mm envelope: Fits inside small machine frames, 3D printer rotary bases, and desktop automation cells where space is limited",certification,high,企业规模、认证或绝对性能陈述会直接影响采购信任,证书、出货记录、客户/国家统计口径、测试报告,保留前先建立证据索引；无法证明时弱化并说明口径,需要人工验证
BP-1P-0006.html,The 4mm orifice provides balanced flow across all six outlets when supplied from a common inlet.,certification,high,企业规模、认证或绝对性能陈述会直接影响采购信任,证书、出货记录、客户/国家统计口径、测试报告,保留前先建立证据索引；无法证明时弱化并说明口径,需要人工验证
BP-1P-0006.html,"The AL6061 body keeps weight at 265 g, while the deep-groove ball bearing supports smooth rotation up to 300 RPM.",technical_parameter,medium,工程参数需要型号、测试条件和最大/连续值定义,规格书、图纸、试验条件和批准人,保留前先建立证据索引；无法证明时弱化并说明口径,需要人工验证
BP-1P-0006.html,Orifice Size 4 mm,certification,high,企业规模、认证或绝对性能陈述会直接影响采购信任,证书、出货记录、客户/国家统计口径、测试报告,保留前先建立证据索引；无法证明时弱化并说明口径,需要人工验证
BP-1P-0006.html,Max Pressure 1 MPa (10 bar / 145 psi) — derate to 0.7 MPa for continuous water duty,technical_parameter,medium,工程参数需要型号、测试条件和最大/连续值定义,规格书、图纸、试验条件和批准人,保留前先建立证据索引；无法证明时弱化并说明口径,需要人工验证
BP-1P-0006.html,Max Speed 300 RPM — derate to 200 RPM for continuous water or coolant,technical_parameter,medium,工程参数需要型号、测试条件和最大/连续值定义,规格书、图纸、试验条件和批准人,保留前先建立证据索引；无法证明时弱化并说明口径,需要人工验证
BP-1P-0006.html,Leakage Zero (100% pressure tested),business_metric,medium,带数字的商业或技术陈述需要可追溯依据,内部记录、规格书或带日期的统计说明,保留前先建立证据索引；无法证明时弱化并说明口径,需要人工验证
BP-1P-0006.html,Operating Temperature -20°C to +80°C,technical_parameter,medium,工程参数需要型号、测试条件和最大/连续值定义,规格书、图纸、试验条件和批准人,保留前先建立证据索引；无法证明时弱化并说明口径,需要人工验证
BP-1P-0006.html,0.265 kg (265 g),business_metric,medium,带数字的商业或技术陈述需要可追溯依据,内部记录、规格书或带日期的统计说明,保留前先建立证据索引；无法证明时弱化并说明口径,需要人工验证
BP-1P-0006.html,Dimensions Ø39 × 50 mm,technical_parameter,medium,带数字的商业或技术陈述需要可追溯依据,内部记录、规格书或带日期的统计说明,保留前先建立证据索引；无法证明时弱化并说明口径,需要人工验证
BP-1P-0006.html,"Service Life ≥8,000 hours (rated conditions)",certification,high,企业规模、认证或绝对性能陈述会直接影响采购信任,证书、出货记录、客户/国家统计口径、测试报告,保留前先建立证据索引；无法证明时弱化并说明口径,需要人工验证
BP-1P-0006.html,"Certifications ISO 9001:2015, CE, RoHS",certification,high,企业规模、认证或绝对性能陈述会直接影响采购信任,证书、出货记录、客户/国家统计口径、测试报告,保留前先建立证据索引；无法证明时弱化并说明口径,需要人工验证
BP-1P-0006.html,AL6061 aluminum body: 6061-T6 aluminum alloy with yield strength 276 MPa and density 2.70 g/cm³.,technical_parameter,medium,工程参数需要型号、测试条件和最大/连续值定义,规格书、图纸、试验条件和批准人,保留前先建立证据索引；无法证明时弱化并说明口径,需要人工验证
BP-1P-0006.html,"Self-lubricating, chemically inert, and rated for -200°C to +260°C.",technical_parameter,medium,工程参数需要型号、测试条件和最大/连续值定义,规格书、图纸、试验条件和批准人,保留前先建立证据索引；无法证明时弱化并说明口径,需要人工验证
BP-1P-0006.html,Deep groove ball bearing: Standard single-row deep groove ball bearing (ISO 608 or equivalent) with steel races and rubber seals.,certification,high,企业规模、认证或绝对性能陈述会直接影响采购信任,证书、出货记录、客户/国家统计口径、测试报告,保留前先建立证据索引；无法证明时弱化并说明口径,需要人工验证
BP-1P-0006.html,The bearing supports radial loads from the rotating manifold and maintains concentricity of the 4mm orifice passages.,certification,high,企业规模、认证或绝对性能陈述会直接影响采购信任,证书、出货记录、客户/国家统计口径、测试报告,保留前先建立证据索引；无法证明时弱化并说明口径,需要人工验证
BP-1P-0006.html,Replace bearing if axial play exceeds 0.05 mm.,certification,high,企业规模、认证或绝对性能陈述会直接影响采购信任,证书、出货记录、客户/国家统计口径、测试报告,保留前先建立证据索引；无法证明时弱化并说明口径,需要人工验证
BP-1P-0006.html,Below are the machine types where this model performs best — and the conditions where you should consider a multi-inlet design.,business_metric,medium,带数字的商业或技术陈述需要可追溯依据,内部记录、规格书或带日期的统计说明,保留前先建立证据索引；无法证明时弱化并说明口径,需要人工验证
BP-1P-0006.html,High-pressure hydraulic systems above 1 MPa — use BP-2P-0002 (1.5 MPa rated) or custom high-pressure design,technical_parameter,medium,工程参数需要型号、测试条件和最大/连续值定义,规格书、图纸、试验条件和批准人,保留前先建立证据索引；无法证明时弱化并说明口径,需要人工验证
BP-1P-0006.html,"Continuous rotation above 300 RPM — the deep-groove bearing and 4mm orifice are rated for 300 RPM max; for higher speeds, contact Begapunk for custom bearing specification",certification,high,企业规模、认证或绝对性能陈述会直接影响采购信任,证书、出货记录、客户/国家统计口径、测试报告,保留前先建立证据索引；无法证明时弱化并说明口径,需要人工验证
BP-1P-0006.html,Proper installation extends seal life from 6 months to 12+ months.,business_metric,medium,带数字的商业或技术陈述需要可追溯依据,内部记录、规格书或带日期的统计说明,保留前先建立证据索引；无法证明时弱化并说明口径,需要人工验证
BP-1P-0006.html,"Download the 2D drawing for exact dimensions, pitch (0.907 mm for G1/8), M4 hole pattern, and tolerances.",certification,high,企业规模、认证或绝对性能陈述会直接影响采购信任,证书、出货记录、客户/国家统计口径、测试报告,保留前先建立证据索引；无法证明时弱化并说明口径,需要人工验证
BP-1P-0006.html,Run at low pressure (0.2 MPa) and low speed (50–100 RPM) for 5 minutes without load.,technical_parameter,medium,工程参数需要型号、测试条件和最大/连续值定义,规格书、图纸、试验条件和批准人,保留前先建立证据索引；无法证明时弱化并说明口径,需要人工验证
BP-1P-0006.html,"If dry, gradually increase to operating pressure and speed over 10 minutes.",business_metric,medium,带数字的商业或技术陈述需要可追溯依据,内部记录、规格书或带日期的统计说明,保留前先建立证据索引；无法证明时弱化并说明口径,需要人工验证
BP-1P-0006.html,"Air duty, 8-hour shift: Inspect every 6 months, replace seal every 10–12 months",certification,high,企业规模、认证或绝对性能陈述会直接影响采购信任,证书、出货记录、客户/国家统计口径、测试报告,保留前先建立证据索引；无法证明时弱化并说明口径,需要人工验证
BP-1P-0006.html,"Water or coolant duty: Inspect every 4 months for corrosion, replace seal every 8–10 months",certification,high,企业规模、认证或绝对性能陈述会直接影响采购信任,证书、出货记录、客户/国家统计口径、测试报告,保留前先建立证据索引；无法证明时弱化并说明口径,需要人工验证
BP-1P-0006.html,"High-cycle automation (1,000+ cycles/day): Replace seal every 6–8 months",certification,high,企业规模、认证或绝对性能陈述会直接影响采购信任,证书、出货记录、客户/国家统计口径、测试报告,保留前先建立证据索引；无法证明时弱化并说明口径,需要人工验证
BP-1P-0006.html,"AL6061 material traceability, hardness test report, and RoHS compliance certificate.",certification,high,企业规模、认证或绝对性能陈述会直接影响采购信任,证书、出货记录、客户/国家统计口径、测试报告,保留前先建立证据索引；无法证明时弱化并说明口径,需要人工验证
BP-1P-0006.html,"Pressure >1.0 MPa (e.g., 1.2 MPa hydraulic) ❌ Over pressure rating BP-2P-0002 1.5 MPa rated, dual passage",technical_parameter,medium,工程参数需要型号、测试条件和最大/连续值定义,规格书、图纸、试验条件和批准人,保留前先建立证据索引；无法证明时弱化并说明口径,需要人工验证
BP-1P-0006.html,"Within 48 hours, air leaks at 0.3 MPa from the seal interface.",certification,high,企业规模、认证或绝对性能陈述会直接影响采购信任,证书、出货记录、客户/国家统计口径、测试报告,保留前先建立证据索引；无法证明时弱化并说明口径,需要人工验证
BP-1P-0006.html,A maintenance team installs BP-1P-0006 on a dispensing rotary head and immediately runs it at 0.8 MPa and 200 RPM.,certification,high,企业规模、认证或绝对性能陈述会直接影响采购信任,证书、出货记录、客户/国家统计口径、测试报告,保留前先建立证据索引；无法证明时弱化并说明口径,需要人工验证
BP-1P-0006.html,"Within 2 weeks, flow drops 15% across all six outlets, and dispensing volume becomes inconsistent.",business_metric,medium,带数字的商业或技术陈述需要可追溯依据,内部记录、规格书或带日期的统计说明,保留前先建立证据索引；无法证明时弱化并说明口径,需要人工验证
BP-1P-0006.html,Rule: Run at 0.2 MPa and 50–100 RPM for 5 minutes before full operation.,technical_parameter,medium,工程参数需要型号、测试条件和最大/连续值定义,规格书、图纸、试验条件和批准人,保留前先建立证据索引；无法证明时弱化并说明口径,需要人工验证
BP-1P-0006.html,This beds the seal and extends life from 6 months to 12+ months.,business_metric,medium,带数字的商业或技术陈述需要可追溯依据,内部记录、规格书或带日期的统计说明,保留前先建立证据索引；无法证明时弱化并说明口径,需要人工验证
BP-1P-0006.html,"Single passage, threaded mount, 500 RPM.",technical_parameter,medium,工程参数需要型号、测试条件和最大/连续值定义,规格书、图纸、试验条件和批准人,保留前先建立证据索引；无法证明时弱化并说明口径,需要人工验证
BP-1P-0006.html,"Dual passage, flange mount, 1.0 MPa.",technical_parameter,medium,工程参数需要型号、测试条件和最大/连续值定义,规格书、图纸、试验条件和批准人,保留前先建立证据索引；无法证明时弱化并说明口径,需要人工验证
BP-1P-0006.html,"Dual passage, threaded mount, 1.5 MPa.",technical_parameter,medium,工程参数需要型号、测试条件和最大/连续值定义,规格书、图纸、试验条件和批准人,保留前先建立证据索引；无法证明时弱化并说明口径,需要人工验证
BP-1P-0006.html,"Triple passage, same 4mm orifice.",certification,high,企业规模、认证或绝对性能陈述会直接影响采购信任,证书、出货记录、客户/国家统计口径、测试报告,保留前先建立证据索引；无法证明时弱化并说明口径,需要人工验证
BP-1P-0006.html,All versions are manufactured to the same ISO 9001:2015 quality system and undergo 100% pressure testing before shipment.,certification,high,企业规模、认证或绝对性能陈述会直接影响采购信任,证书、出货记录、客户/国家统计口径、测试报告,保留前先建立证据索引；无法证明时弱化并说明口径,需要人工验证
BP-1P-0006.html,"For continuous water duty, derate pressure to 0.7 MPa and speed to 200 RPM to reduce seal wear.",certification,high,企业规模、认证或绝对性能陈述会直接影响采购信任,证书、出货记录、客户/国家统计口径、测试报告,保留前先建立证据索引；无法证明时弱化并说明口径,需要人工验证
BP-1P-0006.html,BP-1P-0006 uses BSP parallel (G) threads per ISO 228-1 — G1/8 (standard).,certification,medium,带数字的商业或技术陈述需要可追溯依据,内部记录、规格书或带日期的统计说明,保留前先建立证据索引；无法证明时弱化并说明口径,需要人工验证
BP-1P-0006.html,"Download the 2D PDF drawing for exact thread dimensions, pitch (0.907 mm for G1/8), M4 hole pattern, and tolerances.",certification,high,企业规模、认证或绝对性能陈述会直接影响采购信任,证书、出货记录、客户/国家统计口径、测试报告,保留前先建立证据索引；无法证明时弱化并说明口径,需要人工验证
BP-1P-0006.html,"We do not post 3D files publicly to protect our designs, but every qualified inquiry receives the file within 24 hours.",certification,high,企业规模、认证或绝对性能陈述会直接影响采购信任,证书、出货记录、客户/国家统计口径、测试报告,保留前先建立证据索引；无法证明时弱化并说明口径,需要人工验证
BP-1P-0006.html,(2) Your pressure requirement exceeds 1.0 MPa — BP-2P-0002 handles 1.5 MPa.,certification,high,企业规模、认证或绝对性能陈述会直接影响采购信任,证书、出货记录、客户/国家统计口径、测试报告,保留前先建立证据索引；无法证明时弱化并说明口径,需要人工验证
BP-1P-0006.html,Typical custom lead time: 10–14 days.,business_metric,medium,带数字的商业或技术陈述需要可追溯依据,内部记录、规格书或带日期的统计说明,保留前先建立证据索引；无法证明时弱化并说明口径,需要人工验证
BP-1P-0006.html,"Technical Note: All pressure ratings, speed ratings, and material specifications referenced on this page are based on Begapunk BP-series standard pneumatic rotary joints tested under controlled laboratory conditions.",certification,high,企业规模、认证或绝对性能陈述会直接影响采购信任,证书、出货记录、客户/国家统计口径、测试报告,保留前先建立证据索引；无法证明时弱化并说明口径,需要人工验证
BP-2P-0001.html,Ships in 7 days.,business_metric,medium,带数字的商业或技术陈述需要可追溯依据,内部记录、规格书或带日期的统计说明,保留前先建立证据索引；无法证明时弱化并说明口径,需要人工验证
BP-2P-0001.html,Hybrid AL6061 + 45# steel construction: Lightweight aluminum body (0.85 kg total) with high-strength steel shaft for rigidity and thread durability,business_metric,medium,带数字的商业或技术陈述需要可追溯依据,内部记录、规格书或带日期的统计说明,保留前先建立证据索引；无法证明时弱化并说明口径,需要人工验证
BP-2P-0001.html,"1 MPa rating covers 90% of pneumatic applications: Air, water, coolant, and light hydraulic oil (ISO VG 32) with one seal compound",certification,medium,工程参数需要型号、测试条件和最大/连续值定义,规格书、图纸、试验条件和批准人,保留前先建立证据索引；无法证明时弱化并说明口径,需要人工验证
BP-2P-0001.html,Max Pressure 1 MPa (10 bar / 145 psi) — derate to 0.7 MPa for continuous water duty,technical_parameter,medium,工程参数需要型号、测试条件和最大/连续值定义,规格书、图纸、试验条件和批准人,保留前先建立证据索引；无法证明时弱化并说明口径,需要人工验证
BP-2P-0001.html,Max Speed 200 RPM — derate to 150 RPM for continuous water or coolant,technical_parameter,medium,工程参数需要型号、测试条件和最大/连续值定义,规格书、图纸、试验条件和批准人,保留前先建立证据索引；无法证明时弱化并说明口径,需要人工验证
BP-2P-0001.html,Operating Temperature -20°C to +80°C,technical_parameter,medium,工程参数需要型号、测试条件和最大/连续值定义,规格书、图纸、试验条件和批准人,保留前先建立证据索引；无法证明时弱化并说明口径,需要人工验证
BP-2P-0001.html,"Certifications ISO 9001:2015, CE, RoHS",certification,high,企业规模、认证或绝对性能陈述会直接影响采购信任,证书、出货记录、客户/国家统计口径、测试报告,保留前先建立证据索引；无法证明时弱化并说明口径,需要人工验证
BP-2P-0001.html,AL6061 aluminum body: 6061-T6 aluminum alloy with yield strength 276 MPa and excellent machinability.,certification,high,企业规模、认证或绝对性能陈述会直接影响采购信任,证书、出货记录、客户/国家统计口径、测试报告,保留前先建立证据索引；无法证明时弱化并说明口径,需要人工验证
BP-2P-0001.html,The aluminum housing reduces overall weight to 0.85 kg while maintaining sufficient rigidity for flange-mounted applications.,certification,high,企业规模、认证或绝对性能陈述会直接影响采购信任,证书、出货记录、客户/国家统计口径、测试报告,保留前先建立证据索引；无法证明时弱化并说明口径,需要人工验证
BP-2P-0001.html,45# steel shaft: Chinese standard carbon steel (equivalent to AISI 1045) with yield strength 355 MPa and hardness 170–210 HB.,technical_parameter,medium,工程参数需要型号、测试条件和最大/连续值定义,规格书、图纸、试验条件和批准人,保留前先建立证据索引；无法证明时弱化并说明口径,需要人工验证
BP-2P-0001.html,"Self-lubricating, chemically inert, and rated for -200°C to +260°C.",technical_parameter,medium,工程参数需要型号、测试条件和最大/连续值定义,规格书、图纸、试验条件和批准人,保留前先建立证据索引；无法证明时弱化并说明口径,需要人工验证
BP-2P-0001.html,Below are the machine types where this model performs best — and the conditions where you should consider upgrading to a multi-passage or higher-pressure joint.,business_metric,medium,带数字的商业或技术陈述需要可追溯依据,内部记录、规格书或带日期的统计说明,保留前先建立证据索引；无法证明时弱化并说明口径,需要人工验证
BP-2P-0001.html,"Single-passage applications where weight is critical — at 0.85 kg, BP-2P-0001 is heavier than necessary; use BP-1P-0003 (0.08 kg aluminum) for handheld tools",certification,high,企业规模、认证或绝对性能陈述会直接影响采购信任,证书、出货记录、客户/国家统计口径、测试报告,保留前先建立证据索引；无法证明时弱化并说明口径,需要人工验证
BP-2P-0001.html,High-pressure hydraulic systems above 1 MPa — use BP-2P-0002 (1.5 MPa rated) or custom high-pressure design,technical_parameter,medium,工程参数需要型号、测试条件和最大/连续值定义,规格书、图纸、试验条件和批准人,保留前先建立证据索引；无法证明时弱化并说明口径,需要人工验证
BP-2P-0001.html,"Continuous rotation above 200 RPM — the flange-mounted bearing assembly is rated for 200 RPM max; for higher speeds, specify a high-speed bearing option",technical_parameter,medium,工程参数需要型号、测试条件和最大/连续值定义,规格书、图纸、试验条件和批准人,保留前先建立证据索引；无法证明时弱化并说明口径,需要人工验证
BP-2P-0001.html,Proper installation extends seal life from 6 months to 12+ months.,business_metric,medium,带数字的商业或技术陈述需要可追溯依据,内部记录、规格书或带日期的统计说明,保留前先建立证据索引；无法证明时弱化并说明口径,需要人工验证
BP-2P-0001.html,Misalignment >0.05 mm will overload the bearing and cause seal eccentric wear.,certification,high,企业规模、认证或绝对性能陈述会直接影响采购信任,证书、出货记录、客户/国家统计口径、测试报告,保留前先建立证据索引；无法证明时弱化并说明口径,需要人工验证
BP-2P-0001.html,Run at low pressure (0.2 MPa) and low speed (50–100 RPM) for 5 minutes without load on both passages.,technical_parameter,medium,工程参数需要型号、测试条件和最大/连续值定义,规格书、图纸、试验条件和批准人,保留前先建立证据索引；无法证明时弱化并说明口径,需要人工验证
BP-2P-0001.html,"If dry, gradually increase to operating pressure and speed over 10 minutes.",business_metric,medium,带数字的商业或技术陈述需要可追溯依据,内部记录、规格书或带日期的统计说明,保留前先建立证据索引；无法证明时弱化并说明口径,需要人工验证
BP-2P-0001.html,"Air duty, 8-hour shift: Inspect every 6 months, replace seal every 10–12 months",certification,high,企业规模、认证或绝对性能陈述会直接影响采购信任,证书、出货记录、客户/国家统计口径、测试报告,保留前先建立证据索引；无法证明时弱化并说明口径,需要人工验证
BP-2P-0001.html,"Water or coolant duty: Inspect every 4 months for corrosion, replace seal every 8–10 months",certification,high,企业规模、认证或绝对性能陈述会直接影响采购信任,证书、出货记录、客户/国家统计口径、测试报告,保留前先建立证据索引；无法证明时弱化并说明口径,需要人工验证
BP-2P-0001.html,High-cycle welding positioners (500+ cycles/day): Replace seal every 6–8 months,certification,high,企业规模、认证或绝对性能陈述会直接影响采购信任,证书、出货记录、客户/国家统计口径、测试报告,保留前先建立证据索引；无法证明时弱化并说明口径,需要人工验证
BP-2P-0001.html,"AL6061 + 45# steel material traceability, hardness test report, and RoHS compliance certificate.",certification,high,企业规模、认证或绝对性能陈述会直接影响采购信任,证书、出货记录、客户/国家统计口径、测试报告,保留前先建立证据索引；无法证明时弱化并说明口径,需要人工验证
BP-2P-0001.html,"Single air line, weight critical, handheld tool ❌ Too heavy and complex BP-1P-0003 0.08 kg aluminum, single passage, threaded mount",business_metric,medium,带数字的商业或技术陈述需要可追溯依据,内部记录、规格书或带日期的统计说明,保留前先建立证据索引；无法证明时弱化并说明口径,需要人工验证
BP-2P-0001.html,"Pressure >1.0 MPa (e.g., 1.2 MPa hydraulic) ❌ Over pressure rating BP-2P-0002 1.5 MPa rated, threaded mount, dual passage",technical_parameter,medium,工程参数需要型号、测试条件和最大/连续值定义,规格书、图纸、试验条件和批准人,保留前先建立证据索引；无法证明时弱化并说明口径,需要人工验证
BP-2P-0001.html,"When the shaft is offset by even 0.1 mm, the flange bolts create a bending moment that loads the bearing unevenly.",technical_parameter,medium,带数字的商业或技术陈述需要可追溯依据,内部记录、规格书或带日期的统计说明,保留前先建立证据索引；无法证明时弱化并说明口径,需要人工验证
BP-2P-0001.html,"Within 3 months, the bearing develops axial play and the seal leaks.",business_metric,medium,带数字的商业或技术陈述需要可追溯依据,内部记录、规格书或带日期的统计说明,保留前先建立证据索引；无法证明时弱化并说明口径,需要人工验证
BP-2P-0001.html,Rule: Align the shaft independently to <0.05 mm runout before bolting the flange.,technical_parameter,medium,带数字的商业或技术陈述需要可追溯依据,内部记录、规格书或带日期的统计说明,保留前先建立证据索引；无法证明时弱化并说明口径,需要人工验证
BP-2P-0001.html,"Within 6 weeks, the PTFE seal develops micro-cracks from cyclic stress, and both passages leak.",business_metric,medium,带数字的商业或技术陈述需要可追溯依据,内部记录、规格书或带日期的统计说明,保留前先建立证据索引；无法证明时弱化并说明口径,需要人工验证
BP-2P-0001.html,Rule: Use flexible hoses with a minimum 50 mm bend radius.,technical_parameter,medium,带数字的商业或技术陈述需要可追溯依据,内部记录、规格书或带日期的统计说明,保留前先建立证据索引；无法证明时弱化并说明口径,需要人工验证
BP-2P-0001.html,A maintenance team installs BP-2P-0001 on a welding positioner and immediately runs it at 0.8 MPa and 150 RPM on both passages.,certification,high,企业规模、认证或绝对性能陈述会直接影响采购信任,证书、出货记录、客户/国家统计口径、测试报告,保留前先建立证据索引；无法证明时弱化并说明口径,需要人工验证
BP-2P-0001.html,"Within 2 weeks, clamp pressure drops from 0.6 MPa to 0.4 MPa, and fixtures release during welding.",technical_parameter,medium,工程参数需要型号、测试条件和最大/连续值定义,规格书、图纸、试验条件和批准人,保留前先建立证据索引；无法证明时弱化并说明口径,需要人工验证
BP-2P-0001.html,Rule: Run at 0.2 MPa and 50–100 RPM for 5 minutes on both passages before full operation.,technical_parameter,medium,工程参数需要型号、测试条件和最大/连续值定义,规格书、图纸、试验条件和批准人,保留前先建立证据索引；无法证明时弱化并说明口径,需要人工验证
BP-2P-0001.html,This beds the seals and extends life from 6 months to 12+ months.,business_metric,medium,带数字的商业或技术陈述需要可追溯依据,内部记录、规格书或带日期的统计说明,保留前先建立证据索引；无法证明时弱化并说明口径,需要人工验证
BP-2P-0001.html,"Single passage, threaded mount, 500 RPM.",technical_parameter,medium,工程参数需要型号、测试条件和最大/连续值定义,规格书、图纸、试验条件和批准人,保留前先建立证据索引；无法证明时弱化并说明口径,需要人工验证
BP-2P-0001.html,"Dual passage, threaded mount, 1.5 MPa.",technical_parameter,medium,工程参数需要型号、测试条件和最大/连续值定义,规格书、图纸、试验条件和批准人,保留前先建立证据索引；无法证明时弱化并说明口径,需要人工验证
BP-2P-0001.html,All versions are manufactured to the same ISO 9001:2015 quality system and undergo 100% pressure testing before shipment.,certification,high,企业规模、认证或绝对性能陈述会直接影响采购信任,证书、出货记录、客户/国家统计口径、测试报告,保留前先建立证据索引；无法证明时弱化并说明口径,需要人工验证
BP-2P-0001.html,"For continuous water duty, derate pressure to 0.7 MPa and speed to 150 RPM to reduce seal wear.",certification,high,企业规模、认证或绝对性能陈述会直接影响采购信任,证书、出货记录、客户/国家统计口径、测试报告,保留前先建立证据索引；无法证明时弱化并说明口径,需要人工验证
BP-2P-0001.html,The flange face is machined to a flatness of 0.02 mm to ensure gasket sealing.,certification,high,企业规模、认证或绝对性能陈述会直接影响采购信任,证书、出货记录、客户/国家统计口径、测试报告,保留前先建立证据索引；无法证明时弱化并说明口径,需要人工验证
BP-2P-0001.html,"Custom flange patterns, including metric and imperial bolt circles, are available as custom orders with 10–14 day lead time.",business_metric,medium,带数字的商业或技术陈述需要可追溯依据,内部记录、规格书或带日期的统计说明,保留前先建立证据索引；无法证明时弱化并说明口径,需要人工验证
BP-2P-0001.html,"We do not post 3D files publicly to protect our designs, but every qualified inquiry receives the file within 24 hours.",certification,high,企业规模、认证或绝对性能陈述会直接影响采购信任,证书、出货记录、客户/国家统计口径、测试报告,保留前先建立证据索引；无法证明时弱化并说明口径,需要人工验证
BP-2P-0001.html,(2) Your pressure requirement exceeds 1.0 MPa — BP-2P-0002 handles 1.5 MPa in a threaded mount.,certification,high,企业规模、认证或绝对性能陈述会直接影响采购信任,证书、出货记录、客户/国家统计口径、测试报告,保留前先建立证据索引；无法证明时弱化并说明口径,需要人工验证
BP-2P-0001.html,Typical custom lead time: 10–14 days.,business_metric,medium,带数字的商业或技术陈述需要可追溯依据,内部记录、规格书或带日期的统计说明,保留前先建立证据索引；无法证明时弱化并说明口径,需要人工验证
BP-2P-0001.html,"Technical Note: All pressure ratings, speed ratings, and material specifications referenced on this page are based on Begapunk BP-series standard pneumatic rotary joints tested under controlled laboratory conditions.",certification,high,企业规模、认证或绝对性能陈述会直接影响采购信任,证书、出货记录、客户/国家统计口径、测试报告,保留前先建立证据索引；无法证明时弱化并说明口径,需要人工验证
BP-2P-0002.html,BP-2P-0002 · 2-in-3-out (4mm) Rotary Joint,technical_parameter,medium,带数字的商业或技术陈述需要可追溯依据,内部记录、规格书或带日期的统计说明,保留前先建立证据索引；无法证明时弱化并说明口径,需要人工验证
BP-2P-0002.html,"Dual-inlet, triple-outlet G1/8 threaded rotary joint with 4mm orifice for pneumatic and light fluid applications.",certification,high,企业规模、认证或绝对性能陈述会直接影响采购信任,证书、出货记录、客户/国家统计口径、测试报告,保留前先建立证据索引；无法证明时弱化并说明口径,需要人工验证
BP-2P-0002.html,"Ø64 × 61.2 mm, 220 g.",technical_parameter,medium,带数字的商业或技术陈述需要可追溯依据,内部记录、规格书或带日期的统计说明,保留前先建立证据索引；无法证明时弱化并说明口径,需要人工验证
BP-2P-0002.html,Ships in 7 days.,business_metric,medium,带数字的商业或技术陈述需要可追溯依据,内部记录、规格书或带日期的统计说明,保留前先建立证据索引；无法证明时弱化并说明口径,需要人工验证
BP-2P-0002.html,"Compact Ø64 × 61.2 mm at 220 g: Fits inside small CNC machine envelopes, robot EOAT arms, and desktop automation cells where larger flange mounts won't fit",certification,high,企业规模、认证或绝对性能陈述会直接影响采购信任,证书、出货记录、客户/国家统计口径、测试报告,保留前先建立证据索引；无法证明时弱化并说明口径,需要人工验证
BP-2P-0002.html,G1/8 thread with 4mm orifice: Standard pneumatic fittings and balanced flow across all three outlets — no custom adapters needed,certification,high,企业规模、认证或绝对性能陈述会直接影响采购信任,证书、出货记录、客户/国家统计口径、测试报告,保留前先建立证据索引；无法证明时弱化并说明口径,需要人工验证
BP-2P-0002.html,"300 RPM rating — higher than flange alternatives: The threaded-mount bearing arrangement allows 50% higher speed than flange-mounted BP-2P-0001, ideal for high-cycle indexing tables",technical_parameter,medium,工程参数需要型号、测试条件和最大/连续值定义,规格书、图纸、试验条件和批准人,保留前先建立证据索引；无法证明时弱化并说明口径,需要人工验证
BP-2P-0002.html,"Clear upgrade path: When you need 3 independent inlets, move to BP-3P-0007 (3-in-3-out, 4mm orifice) or BP-3P-0004 (flange mount)",certification,high,企业规模、认证或绝对性能陈述会直接影响采购信任,证书、出货记录、客户/国家统计口径、测试报告,保留前先建立证据索引；无法证明时弱化并说明口径,需要人工验证
BP-2P-0002.html,The 4mm orifice provides balanced flow across all three outlets when supplied from two inlets.,certification,high,企业规模、认证或绝对性能陈述会直接影响采购信任,证书、出货记录、客户/国家统计口径、测试报告,保留前先建立证据索引；无法证明时弱化并说明口径,需要人工验证
BP-2P-0002.html,"The AL6061 body keeps weight at 220 g, while the deep-groove ball bearing supports smooth rotation up to 300 RPM.",technical_parameter,medium,工程参数需要型号、测试条件和最大/连续值定义,规格书、图纸、试验条件和批准人,保留前先建立证据索引；无法证明时弱化并说明口径,需要人工验证
BP-2P-0002.html,Orifice Size 4 mm,certification,high,企业规模、认证或绝对性能陈述会直接影响采购信任,证书、出货记录、客户/国家统计口径、测试报告,保留前先建立证据索引；无法证明时弱化并说明口径,需要人工验证
BP-2P-0002.html,Max Pressure 1 MPa (10 bar / 145 psi) — derate to 0.7 MPa for continuous water duty,technical_parameter,medium,工程参数需要型号、测试条件和最大/连续值定义,规格书、图纸、试验条件和批准人,保留前先建立证据索引；无法证明时弱化并说明口径,需要人工验证
BP-2P-0002.html,Max Speed 300 RPM — derate to 200 RPM for continuous water or coolant,technical_parameter,medium,工程参数需要型号、测试条件和最大/连续值定义,规格书、图纸、试验条件和批准人,保留前先建立证据索引；无法证明时弱化并说明口径,需要人工验证
BP-2P-0002.html,Leakage Zero (100% pressure tested),business_metric,medium,带数字的商业或技术陈述需要可追溯依据,内部记录、规格书或带日期的统计说明,保留前先建立证据索引；无法证明时弱化并说明口径,需要人工验证
BP-2P-0002.html,Operating Temperature -20°C to +80°C,technical_parameter,medium,工程参数需要型号、测试条件和最大/连续值定义,规格书、图纸、试验条件和批准人,保留前先建立证据索引；无法证明时弱化并说明口径,需要人工验证
BP-2P-0002.html,0.22 kg (220 g),business_metric,medium,带数字的商业或技术陈述需要可追溯依据,内部记录、规格书或带日期的统计说明,保留前先建立证据索引；无法证明时弱化并说明口径,需要人工验证
BP-2P-0002.html,Dimensions Ø64 × 61.2 mm,technical_parameter,medium,带数字的商业或技术陈述需要可追溯依据,内部记录、规格书或带日期的统计说明,保留前先建立证据索引；无法证明时弱化并说明口径,需要人工验证
BP-2P-0002.html,"Service Life ≥8,000 hours (rated conditions)",certification,high,企业规模、认证或绝对性能陈述会直接影响采购信任,证书、出货记录、客户/国家统计口径、测试报告,保留前先建立证据索引；无法证明时弱化并说明口径,需要人工验证
BP-2P-0002.html,"Certifications ISO 9001:2015, CE, RoHS",certification,high,企业规模、认证或绝对性能陈述会直接影响采购信任,证书、出货记录、客户/国家统计口径、测试报告,保留前先建立证据索引；无法证明时弱化并说明口径,需要人工验证
BP-2P-0002.html,AL6061 aluminum body: 6061-T6 aluminum alloy with yield strength 276 MPa and density 2.70 g/cm³.,technical_parameter,medium,工程参数需要型号、测试条件和最大/连续值定义,规格书、图纸、试验条件和批准人,保留前先建立证据索引；无法证明时弱化并说明口径,需要人工验证
BP-2P-0002.html,"Self-lubricating, chemically inert, and rated for -200°C to +260°C.",technical_parameter,medium,工程参数需要型号、测试条件和最大/连续值定义,规格书、图纸、试验条件和批准人,保留前先建立证据索引；无法证明时弱化并说明口径,需要人工验证
BP-2P-0002.html,The bearing supports radial loads from the rotating manifold and maintains concentricity of the 4mm orifice passages.,certification,high,企业规模、认证或绝对性能陈述会直接影响采购信任,证书、出货记录、客户/国家统计口径、测试报告,保留前先建立证据索引；无法证明时弱化并说明口径,需要人工验证
BP-2P-0002.html,Replace bearing if axial play exceeds 0.05 mm.,certification,high,企业规模、认证或绝对性能陈述会直接影响采购信任,证书、出货记录、客户/国家统计口径、测试报告,保留前先建立证据索引；无法证明时弱化并说明口径,需要人工验证
BP-2P-0002.html,Below are the machine types where this model performs best.,business_metric,medium,带数字的商业或技术陈述需要可追溯依据,内部记录、规格书或带日期的统计说明,保留前先建立证据索引；无法证明时弱化并说明口径,需要人工验证
BP-2P-0002.html,High-pressure hydraulic systems above 1 MPa — use a custom high-pressure design or contact Begapunk for 1.5 MPa options,technical_parameter,medium,工程参数需要型号、测试条件和最大/连续值定义,规格书、图纸、试验条件和批准人,保留前先建立证据索引；无法证明时弱化并说明口径,需要人工验证
BP-2P-0002.html,Proper installation extends seal life from 6 months to 12+ months.,business_metric,medium,带数字的商业或技术陈述需要可追溯依据,内部记录、规格书或带日期的统计说明,保留前先建立证据索引；无法证明时弱化并说明口径,需要人工验证
BP-2P-0002.html,"Download the 2D drawing for exact dimensions, pitch (0.907 mm for G1/8), M6/M8 hole patterns, and tolerances.",certification,high,企业规模、认证或绝对性能陈述会直接影响采购信任,证书、出货记录、客户/国家统计口径、测试报告,保留前先建立证据索引；无法证明时弱化并说明口径,需要人工验证
BP-2P-0002.html,Run at low pressure (0.2 MPa) and low speed (50–100 RPM) for 5 minutes without load on both inlets.,technical_parameter,medium,工程参数需要型号、测试条件和最大/连续值定义,规格书、图纸、试验条件和批准人,保留前先建立证据索引；无法证明时弱化并说明口径,需要人工验证
BP-2P-0002.html,"If dry, gradually increase to operating pressure and speed over 10 minutes.",business_metric,medium,带数字的商业或技术陈述需要可追溯依据,内部记录、规格书或带日期的统计说明,保留前先建立证据索引；无法证明时弱化并说明口径,需要人工验证
BP-2P-0002.html,"Air duty, 8-hour shift: Inspect every 6 months, replace seal every 10–12 months",certification,high,企业规模、认证或绝对性能陈述会直接影响采购信任,证书、出货记录、客户/国家统计口径、测试报告,保留前先建立证据索引；无法证明时弱化并说明口径,需要人工验证
BP-2P-0002.html,"Water or coolant duty: Inspect every 4 months for corrosion, replace seal every 8–10 months",certification,high,企业规模、认证或绝对性能陈述会直接影响采购信任,证书、出货记录、客户/国家统计口径、测试报告,保留前先建立证据索引；无法证明时弱化并说明口径,需要人工验证
BP-2P-0002.html,"High-cycle CNC/robot (1,000+ cycles/day): Replace seal every 6–8 months",certification,high,企业规模、认证或绝对性能陈述会直接影响采购信任,证书、出货记录、客户/国家统计口径、测试报告,保留前先建立证据索引；无法证明时弱化并说明口径,需要人工验证
BP-2P-0002.html,"AL6061 material traceability, hardness test report, and RoHS compliance certificate.",certification,high,企业规模、认证或绝对性能陈述会直接影响采购信任,证书、出货记录、客户/国家统计口径、测试报告,保留前先建立证据索引；无法证明时弱化并说明口径,需要人工验证
BP-2P-0002.html,"Small CNC/robot cell, threaded mount preferred ✅ Good — G1/8, 300 RPM — —",certification,high,企业规模、认证或绝对性能陈述会直接影响采购信任,证书、出货记录、客户/国家统计口径、测试报告,保留前先建立证据索引；无法证明时弱化并说明口径,需要人工验证
BP-2P-0002.html,"Need 3 independent inlet pressures ❌ Only 2 inlets BP-3P-0007 3 independent inlets, same 4mm orifice",certification,high,企业规模、认证或绝对性能陈述会直接影响采购信任,证书、出货记录、客户/国家统计口径、测试报告,保留前先建立证据索引；无法证明时弱化并说明口径,需要人工验证
BP-2P-0002.html,"Pressure >1.0 MPa (e.g., 1.2 MPa hydraulic) ❌ Over pressure rating Custom high-pressure 1.5 MPa rated custom design available",technical_parameter,medium,工程参数需要型号、测试条件和最大/连续值定义,规格书、图纸、试验条件和批准人,保留前先建立证据索引；无法证明时弱化并说明口径,需要人工验证
BP-2P-0002.html,"Within 48 hours, air leaks at 0.3 MPa from the seal interface.",certification,high,企业规模、认证或绝对性能陈述会直接影响采购信任,证书、出货记录、客户/国家统计口径、测试报告,保留前先建立证据索引；无法证明时弱化并说明口径,需要人工验证
BP-2P-0002.html,A maintenance team installs BP-2P-0002 on a CNC 4th-axis fixture and immediately runs it at 0.8 MPa and 250 RPM on both inlets.,certification,high,企业规模、认证或绝对性能陈述会直接影响采购信任,证书、出货记录、客户/国家统计口径、测试报告,保留前先建立证据索引；无法证明时弱化并说明口径,需要人工验证
BP-2P-0002.html,"Within 2 weeks, clamp pressure drops from 0.6 MPa to 0.4 MPa, and fixtures release during cutting.",technical_parameter,medium,工程参数需要型号、测试条件和最大/连续值定义,规格书、图纸、试验条件和批准人,保留前先建立证据索引；无法证明时弱化并说明口径,需要人工验证
BP-2P-0002.html,Rule: Run at 0.2 MPa and 50–100 RPM for 5 minutes on both inlets before full operation.,technical_parameter,medium,工程参数需要型号、测试条件和最大/连续值定义,规格书、图纸、试验条件和批准人,保留前先建立证据索引；无法证明时弱化并说明口径,需要人工验证
BP-2P-0002.html,This beds the seals and extends life from 6 months to 12+ months.,business_metric,medium,带数字的商业或技术陈述需要可追溯依据,内部记录、规格书或带日期的统计说明,保留前先建立证据索引；无法证明时弱化并说明口径,需要人工验证
BP-2P-0002.html,"Dual passage, flange mount, 200 RPM.",technical_parameter,medium,工程参数需要型号、测试条件和最大/连续值定义,规格书、图纸、试验条件和批准人,保留前先建立证据索引；无法证明时弱化并说明口径,需要人工验证
BP-2P-0002.html,"Triple passage, same 4mm orifice.",certification,high,企业规模、认证或绝对性能陈述会直接影响采购信任,证书、出货记录、客户/国家统计口径、测试报告,保留前先建立证据索引；无法证明时弱化并说明口径,需要人工验证
BP-2P-0002.html,"Compact M5 threaded, 200 RPM.",technical_parameter,medium,工程参数需要型号、测试条件和最大/连续值定义,规格书、图纸、试验条件和批准人,保留前先建立证据索引；无法证明时弱化并说明口径,需要人工验证
BP-2P-0002.html,"Single passage, threaded mount, 500 RPM.",technical_parameter,medium,工程参数需要型号、测试条件和最大/连续值定义,规格书、图纸、试验条件和批准人,保留前先建立证据索引；无法证明时弱化并说明口径,需要人工验证
BP-2P-0002.html,All versions are manufactured to the same ISO 9001:2015 quality system and undergo 100% pressure testing before shipment.,certification,high,企业规模、认证或绝对性能陈述会直接影响采购信任,证书、出货记录、客户/国家统计口径、测试报告,保留前先建立证据索引；无法证明时弱化并说明口径,需要人工验证
BP-2P-0002.html,"For continuous water duty, derate pressure to 0.7 MPa and speed to 200 RPM to reduce seal wear.",certification,high,企业规模、认证或绝对性能陈述会直接影响采购信任,证书、出货记录、客户/国家统计口径、测试报告,保留前先建立证据索引；无法证明时弱化并说明口径,需要人工验证
BP-2P-0002.html,BP-2P-0002 uses BSP parallel (G) threads per ISO 228-1 — G1/8 (standard).,certification,medium,带数字的商业或技术陈述需要可追溯依据,内部记录、规格书或带日期的统计说明,保留前先建立证据索引；无法证明时弱化并说明口径,需要人工验证
BP-2P-0002.html,"Download the 2D PDF drawing for exact thread dimensions, pitch (0.907 mm for G1/8), M6/M8 hole patterns, and tolerances.",certification,high,企业规模、认证或绝对性能陈述会直接影响采购信任,证书、出货记录、客户/国家统计口径、测试报告,保留前先建立证据索引；无法证明时弱化并说明口径,需要人工验证
BP-2P-0002.html,"We do not post 3D files publicly to protect our designs, but every qualified inquiry receives the file within 24 hours.",certification,high,企业规模、认证或绝对性能陈述会直接影响采购信任,证书、出货记录、客户/国家统计口径、测试报告,保留前先建立证据索引；无法证明时弱化并说明口径,需要人工验证
BP-2P-0002.html,(2) Your pressure requirement exceeds 1.0 MPa — contact Begapunk for custom high-pressure designs.,certification,high,企业规模、认证或绝对性能陈述会直接影响采购信任,证书、出货记录、客户/国家统计口径、测试报告,保留前先建立证据索引；无法证明时弱化并说明口径,需要人工验证
BP-2P-0002.html,Typical custom lead time: 10–14 days.,business_metric,medium,带数字的商业或技术陈述需要可追溯依据,内部记录、规格书或带日期的统计说明,保留前先建立证据索引；无法证明时弱化并说明口径,需要人工验证
BP-2P-0002.html,"Technical Note: All pressure ratings, speed ratings, and material specifications referenced on this page are based on Begapunk BP-series standard pneumatic rotary joints tested under controlled laboratory conditions.",certification,high,企业规模、认证或绝对性能陈述会直接影响采购信任,证书、出货记录、客户/国家统计口径、测试报告,保留前先建立证据索引；无法证明时弱化并说明口径,需要人工验证
BP-2P-08-0001.html,Ships in 7 days.,business_metric,medium,带数字的商业或技术陈述需要可追溯依据,内部记录、规格书或带日期的统计说明,保留前先建立证据索引；无法证明时弱化并说明口径,需要人工验证
BP-2P-08-0001.html,200 RPM rating for small indexing: Sufficient speed for miniature two-station assembly turntables and electronic test rotary fixtures,technical_parameter,medium,工程参数需要型号、测试条件和最大/连续值定义,规格书、图纸、试验条件和批准人,保留前先建立证据索引；无法证明时弱化并说明口径,需要人工验证
BP-2P-08-0001.html,Max Pressure 1 MPa (10 bar / 145 psi) — derate to 0.7 MPa for continuous water duty,technical_parameter,medium,工程参数需要型号、测试条件和最大/连续值定义,规格书、图纸、试验条件和批准人,保留前先建立证据索引；无法证明时弱化并说明口径,需要人工验证
BP-2P-08-0001.html,Max Speed 200 RPM — derate to 150 RPM for continuous water or coolant,technical_parameter,medium,工程参数需要型号、测试条件和最大/连续值定义,规格书、图纸、试验条件和批准人,保留前先建立证据索引；无法证明时弱化并说明口径,需要人工验证
BP-2P-08-0001.html,Operating Temperature -20°C to +80°C,technical_parameter,medium,工程参数需要型号、测试条件和最大/连续值定义,规格书、图纸、试验条件和批准人,保留前先建立证据索引；无法证明时弱化并说明口径,需要人工验证
BP-2P-08-0001.html,0.28 kg (280 g),business_metric,medium,带数字的商业或技术陈述需要可追溯依据,内部记录、规格书或带日期的统计说明,保留前先建立证据索引；无法证明时弱化并说明口径,需要人工验证
BP-2P-08-0001.html,"Certifications ISO 9001:2015, CE, RoHS",certification,high,企业规模、认证或绝对性能陈述会直接影响采购信任,证书、出货记录、客户/国家统计口径、测试报告,保留前先建立证据索引；无法证明时弱化并说明口径,需要人工验证
BP-2P-08-0001.html,AL6061 aluminum body: 6061-T6 aluminum alloy with yield strength 276 MPa and density 2.70 g/cm³.,technical_parameter,medium,工程参数需要型号、测试条件和最大/连续值定义,规格书、图纸、试验条件和批准人,保留前先建立证据索引；无法证明时弱化并说明口径,需要人工验证
BP-2P-08-0001.html,"Self-lubricating, chemically inert, and rated for -200°C to +260°C.",technical_parameter,medium,工程参数需要型号、测试条件和最大/连续值定义,规格书、图纸、试验条件和批准人,保留前先建立证据索引；无法证明时弱化并说明口径,需要人工验证
BP-2P-08-0001.html,M5 thread note: M5 × 0.8 metric fine thread provides a compact connection for 4 mm and 6 mm pneumatic tubing push-to-connect fittings.,technical_parameter,medium,带数字的商业或技术陈述需要可追溯依据,内部记录、规格书或带日期的统计说明,保留前先建立证据索引；无法证明时弱化并说明口径,需要人工验证
BP-2P-08-0001.html,"For higher flow, upgrade to BP-2P-0002 (G1/8, 4mm orifice).",certification,high,企业规模、认证或绝对性能陈述会直接影响采购信任,证书、出货记录、客户/国家统计口径、测试报告,保留前先建立证据索引；无法证明时弱化并说明口径,需要人工验证
BP-2P-08-0001.html,Below are the machine types where this model performs best.,business_metric,medium,带数字的商业或技术陈述需要可追溯依据,内部记录、规格书或带日期的统计说明,保留前先建立证据索引；无法证明时弱化并说明口径,需要人工验证
BP-2P-08-0001.html,High-pressure hydraulic systems above 1 MPa — use a custom high-pressure design or contact Begapunk for 1.5 MPa options,technical_parameter,medium,工程参数需要型号、测试条件和最大/连续值定义,规格书、图纸、试验条件和批准人,保留前先建立证据索引；无法证明时弱化并说明口径,需要人工验证
BP-2P-08-0001.html,"Continuous rotation above 200 RPM — the M5 threaded bearing assembly is rated for 200 RPM max; for higher speeds, specify a high-speed bearing option",technical_parameter,medium,工程参数需要型号、测试条件和最大/连续值定义,规格书、图纸、试验条件和批准人,保留前先建立证据索引；无法证明时弱化并说明口径,需要人工验证
BP-2P-08-0001.html,Proper installation extends seal life from 6 months to 12+ months.,business_metric,medium,带数字的商业或技术陈述需要可追溯依据,内部记录、规格书或带日期的统计说明,保留前先建立证据索引；无法证明时弱化并说明口径,需要人工验证
BP-2P-08-0001.html,"Download the 2D drawing for exact thread dimensions, pitch (0.8 mm), and tolerances.",certification,high,企业规模、认证或绝对性能陈述会直接影响采购信任,证书、出货记录、客户/国家统计口径、测试报告,保留前先建立证据索引；无法证明时弱化并说明口径,需要人工验证
BP-2P-08-0001.html,Use 4 mm or 6 mm pneumatic tubing with M5 push-to-connect fittings.,technical_parameter,medium,带数字的商业或技术陈述需要可追溯依据,内部记录、规格书或带日期的统计说明,保留前先建立证据索引；无法证明时弱化并说明口径,需要人工验证
BP-2P-08-0001.html,Run at low pressure (0.2 MPa) and low speed (50–100 RPM) for 5 minutes without load on both passages.,technical_parameter,medium,工程参数需要型号、测试条件和最大/连续值定义,规格书、图纸、试验条件和批准人,保留前先建立证据索引；无法证明时弱化并说明口径,需要人工验证
BP-2P-08-0001.html,"If dry, gradually increase to operating pressure and speed over 10 minutes.",business_metric,medium,带数字的商业或技术陈述需要可追溯依据,内部记录、规格书或带日期的统计说明,保留前先建立证据索引；无法证明时弱化并说明口径,需要人工验证
BP-2P-08-0001.html,"Air duty, 8-hour shift: Inspect every 6 months, replace seal every 10–12 months",certification,high,企业规模、认证或绝对性能陈述会直接影响采购信任,证书、出货记录、客户/国家统计口径、测试报告,保留前先建立证据索引；无法证明时弱化并说明口径,需要人工验证
BP-2P-08-0001.html,"Water or coolant duty: Inspect every 4 months for corrosion, replace seal every 8–10 months",certification,high,企业规模、认证或绝对性能陈述会直接影响采购信任,证书、出货记录、客户/国家统计口径、测试报告,保留前先建立证据索引；无法证明时弱化并说明口径,需要人工验证
BP-2P-08-0001.html,"High-cycle micro automation (1,000+ cycles/day): Replace seal every 6–8 months",certification,high,企业规模、认证或绝对性能陈述会直接影响采购信任,证书、出货记录、客户/国家统计口径、测试报告,保留前先建立证据索引；无法证明时弱化并说明口径,需要人工验证
BP-2P-08-0001.html,"AL6061 material traceability, hardness test report, and RoHS compliance certificate.",certification,high,企业规模、认证或绝对性能陈述会直接影响采购信任,证书、出货记录、客户/国家统计口径、测试报告,保留前先建立证据索引；无法证明时弱化并说明口径,需要人工验证
BP-2P-08-0001.html,"Small electronic turntable, low weight, low speed ✅ Good — 200 RPM, 280 g — —",technical_parameter,medium,工程参数需要型号、测试条件和最大/连续值定义,规格书、图纸、试验条件和批准人,保留前先建立证据索引；无法证明时弱化并说明口径,需要人工验证
BP-2P-08-0001.html,"Need G1/8 or larger thread for higher flow ❌ M5 is too small BP-2P-0002 G1/8 thread, 4mm orifice, 300 RPM",certification,high,企业规模、认证或绝对性能陈述会直接影响采购信任,证书、出货记录、客户/国家统计口径、测试报告,保留前先建立证据索引；无法证明时弱化并说明口径,需要人工验证
BP-2P-08-0001.html,"Pressure >1.0 MPa (e.g., 1.2 MPa hydraulic) ❌ Over pressure rating Custom high-pressure 1.5 MPa rated custom design available",technical_parameter,medium,工程参数需要型号、测试条件和最大/连续值定义,规格书、图纸、试验条件和批准人,保留前先建立证据索引；无法证明时弱化并说明口径,需要人工验证
BP-2P-08-0001.html,"Need flange mount rigidity for heavy machine frame ❌ Threaded mount only BP-2P-0001 Flange mount, AL6061 + steel, 200 RPM",technical_parameter,medium,工程参数需要型号、测试条件和最大/连续值定义,规格书、图纸、试验条件和批准人,保留前先建立证据索引；无法证明时弱化并说明口径,需要人工验证
BP-2P-08-0001.html,"A machine builder connects both M5 ports with rigid 6 mm copper tube to ""save space"" in a compact electronic fixture.",certification,high,企业规模、认证或绝对性能陈述会直接影响采购信任,证书、出货记录、客户/国家统计口径、测试报告,保留前先建立证据索引；无法证明时弱化并说明口径,需要人工验证
BP-2P-08-0001.html,"Within 4 weeks, one M5 port cracks and the thread tears out of the housing.",business_metric,medium,带数字的商业或技术陈述需要可追溯依据,内部记录、规格书或带日期的统计说明,保留前先建立证据索引；无法证明时弱化并说明口径,需要人工验证
BP-2P-08-0001.html,A maintenance team installs BP-2P-08-0001 on a micro dispensing head and immediately runs it at 0.8 MPa and 150 RPM.,certification,high,企业规模、认证或绝对性能陈述会直接影响采购信任,证书、出货记录、客户/国家统计口径、测试报告,保留前先建立证据索引；无法证明时弱化并说明口径,需要人工验证
BP-2P-08-0001.html,"Within 2 weeks, dispensing air pressure drops from 0.5 MPa to 0.3 MPa, and adhesive volume becomes inconsistent.",technical_parameter,medium,工程参数需要型号、测试条件和最大/连续值定义,规格书、图纸、试验条件和批准人,保留前先建立证据索引；无法证明时弱化并说明口径,需要人工验证
BP-2P-08-0001.html,Rule: Run at 0.2 MPa and 50–100 RPM for 5 minutes on both passages before full operation.,technical_parameter,medium,工程参数需要型号、测试条件和最大/连续值定义,规格书、图纸、试验条件和批准人,保留前先建立证据索引；无法证明时弱化并说明口径,需要人工验证
BP-2P-08-0001.html,This beds the seals and extends life from 6 months to 12+ months.,business_metric,medium,带数字的商业或技术陈述需要可追溯依据,内部记录、规格书或带日期的统计说明,保留前先建立证据索引；无法证明时弱化并说明口径,需要人工验证
BP-2P-08-0001.html,"Dual passage, flange mount, 200 RPM.",technical_parameter,medium,工程参数需要型号、测试条件和最大/连续值定义,规格书、图纸、试验条件和批准人,保留前先建立证据索引；无法证明时弱化并说明口径,需要人工验证
BP-2P-08-0001.html,"Dual passage, threaded mount, 1.5 MPa.",technical_parameter,medium,工程参数需要型号、测试条件和最大/连续值定义,规格书、图纸、试验条件和批准人,保留前先建立证据索引；无法证明时弱化并说明口径,需要人工验证
BP-2P-08-0001.html,All versions are manufactured to the same ISO 9001:2015 quality system and undergo 100% pressure testing before shipment.,certification,high,企业规模、认证或绝对性能陈述会直接影响采购信任,证书、出货记录、客户/国家统计口径、测试报告,保留前先建立证据索引；无法证明时弱化并说明口径,需要人工验证
BP-2P-08-0001.html,"For continuous water duty, derate pressure to 0.7 MPa and speed to 150 RPM to reduce seal wear.",certification,high,企业规模、认证或绝对性能陈述会直接影响采购信任,证书、出货记录、客户/国家统计口径、测试报告,保留前先建立证据索引；无法证明时弱化并说明口径,需要人工验证
BP-2P-08-0001.html,BP-2P-08-0001 uses M5 × 0.8 metric fine thread per ISO 261/ISO 965.,certification,medium,带数字的商业或技术陈述需要可追溯依据,内部记录、规格书或带日期的统计说明,保留前先建立证据索引；无法证明时弱化并说明口径,需要人工验证
BP-2P-08-0001.html,The fine pitch (0.8 mm) provides more thread engagement in the short depth typical of miniature pneumatic fittings.,technical_parameter,medium,带数字的商业或技术陈述需要可追溯依据,内部记录、规格书或带日期的统计说明,保留前先建立证据索引；无法证明时弱化并说明口径,需要人工验证
BP-2P-08-0001.html,"We do not post 3D files publicly to protect our designs, but every qualified inquiry receives the file within 24 hours.",certification,high,企业规模、认证或绝对性能陈述会直接影响采购信任,证书、出货记录、客户/国家统计口径、测试报告,保留前先建立证据索引；无法证明时弱化并说明口径,需要人工验证
BP-2P-08-0001.html,Common triggers: (1) You need G1/8 or larger fittings for higher air flow — BP-2P-0002 provides G1/8 with 4mm orifice and 300 RPM.,certification,high,企业规模、认证或绝对性能陈述会直接影响采购信任,证书、出货记录、客户/国家统计口径、测试报告,保留前先建立证据索引；无法证明时弱化并说明口径,需要人工验证
BP-2P-08-0001.html,(2) Your pressure requirement exceeds 1.0 MPa — contact Begapunk for custom high-pressure designs.,certification,high,企业规模、认证或绝对性能陈述会直接影响采购信任,证书、出货记录、客户/国家统计口径、测试报告,保留前先建立证据索引；无法证明时弱化并说明口径,需要人工验证
BP-2P-08-0001.html,Typical custom lead time: 10–14 days.,business_metric,medium,带数字的商业或技术陈述需要可追溯依据,内部记录、规格书或带日期的统计说明,保留前先建立证据索引；无法证明时弱化并说明口径,需要人工验证
BP-2P-08-0001.html,"Technical Note: All pressure ratings, speed ratings, and material specifications referenced on this page are based on Begapunk BP-series standard pneumatic rotary joints tested under controlled laboratory conditions.",certification,high,企业规模、认证或绝对性能陈述会直接影响采购信任,证书、出货记录、客户/国家统计口径、测试报告,保留前先建立证据索引；无法证明时弱化并说明口径,需要人工验证
BP-2P-130-0001.html,"Max 5 MPa, ?230 mm outer diameter.",technical_parameter,medium,工程参数需要型号、测试条件和最大/连续值定义,规格书、图纸、试验条件和批准人,保留前先建立证据索引；无法证明时弱化并说明口径,需要人工验证
BP-2P-130-0001.html,Ships in 7 days.,business_metric,medium,带数字的商业或技术陈述需要可追溯依据,内部记录、规格书或带日期的统计说明,保留前先建立证据索引；无法证明时弱化并说明口径,需要人工验证
BP-2P-130-0001.html,"Heavy-duty 5 MPa rating: Handles high-pressure hydraulic and pneumatic systems that standard 1 MPa joints cannot, including welding positioners and hydraulic indexing tables",technical_parameter,medium,工程参数需要型号、测试条件和最大/连续值定义,规格书、图纸、试验条件和批准人,保留前先建立证据索引；无法证明时弱化并说明口径,需要人工验证
BP-2P-130-0001.html,AL6061 + 45# steel composite body: Aluminum housing reduces weight while steel shaft and flange provide the rigidity needed for 8.66 kg mass under 5 MPa,certification,high,企业规模、认证或绝对性能陈述会直接影响采购信任,证书、出货记录、客户/国家统计口径、测试报告,保留前先建立证据索引；无法证明时弱化并说明口径,需要人工验证
BP-2P-130-0001.html,Low-speed high-torque design: 80 RPM max with robust flange mount (8-M0 + 8-M10) for stable stationary mounting on large rotary tables and machining centers,certification,high,企业规模、认证或绝对性能陈述会直接影响采购信任,证书、出货记录、客户/国家统计口径、测试报告,保留前先建立证据索引；无法证明时弱化并说明口径,需要人工验证
BP-2P-130-0001.html,"PTFE composite seal proven at 5 MPa: Self-lubricating seal rated for high-pressure hydraulic oil, water, and coolant without degradation under rated conditions",technical_parameter,medium,工程参数需要型号、测试条件和最大/连续值定义,规格书、图纸、试验条件和批准人,保留前先建立证据索引；无法证明时弱化并说明口径,需要人工验证
BP-2P-130-0001.html,The PTFE composite seal is rated for 5 MPa continuous duty with low friction torque at 80 RPM.,technical_parameter,medium,工程参数需要型号、测试条件和最大/连续值定义,规格书、图纸、试验条件和批准人,保留前先建立证据索引；无法证明时弱化并说明口径,需要人工验证
BP-2P-130-0001.html,Max Pressure 5 MPa (50 bar / 725 psi) — derate to 4 MPa for continuous hydraulic oil duty above 60 RPM,technical_parameter,medium,工程参数需要型号、测试条件和最大/连续值定义,规格书、图纸、试验条件和批准人,保留前先建立证据索引；无法证明时弱化并说明口径,需要人工验证
BP-2P-130-0001.html,Max Speed 80 RPM — derate to 50 RPM for continuous water or coolant at 5 MPa,technical_parameter,medium,工程参数需要型号、测试条件和最大/连续值定义,规格书、图纸、试验条件和批准人,保留前先建立证据索引；无法证明时弱化并说明口径,需要人工验证
BP-2P-130-0001.html,Operating Temperature -20°C to +80°C,technical_parameter,medium,工程参数需要型号、测试条件和最大/连续值定义,规格书、图纸、试验条件和批准人,保留前先建立证据索引；无法证明时弱化并说明口径,需要人工验证
BP-2P-130-0001.html,"8.66 kg (8,655 g)",business_metric,medium,带数字的商业或技术陈述需要可追溯依据,内部记录、规格书或带日期的统计说明,保留前先建立证据索引；无法证明时弱化并说明口径,需要人工验证
BP-2P-130-0001.html,"Certifications ISO 9001:2015, CE, RoHS",certification,high,企业规模、认证或绝对性能陈述会直接影响采购信任,证书、出货记录、客户/国家统计口径、测试报告,保留前先建立证据索引；无法证明时弱化并说明口径,需要人工验证
BP-2P-130-0001.html,AL6061 aluminum body: 6061-T6 aluminum alloy with yield strength 276 MPa and excellent corrosion resistance when anodized.,certification,high,企业规模、认证或绝对性能陈述会直接影响采购信任,证书、出货记录、客户/国家统计口径、测试报告,保留前先建立证据索引；无法证明时弱化并说明口径,需要人工验证
BP-2P-130-0001.html,The aluminum housing reduces overall mass to 8.66 kg compared to an estimated 12+ kg for full steel construction.,certification,high,企业规模、认证或绝对性能陈述会直接影响采购信任,证书、出货记录、客户/国家统计口径、测试报告,保留前先建立证据索引；无法证明时弱化并说明口径,需要人工验证
BP-2P-130-0001.html,Anodizing thickness is 15–25 microns for corrosion protection in water and coolant environments.,business_metric,medium,带数字的商业或技术陈述需要可追溯依据,内部记录、规格书或带日期的统计说明,保留前先建立证据索引；无法证明时弱化并说明口径,需要人工验证
BP-2P-130-0001.html,45# steel shaft and flange: Chinese standard carbon steel (equivalent to AISI 1045) with yield strength 355 MPa and hardness 170–210 HB.,technical_parameter,medium,工程参数需要型号、测试条件和最大/连续值定义,规格书、图纸、试验条件和批准人,保留前先建立证据索引；无法证明时弱化并说明口径,需要人工验证
BP-2P-130-0001.html,The steel components provide the rigidity and thread strength needed for the 8-M0 + 8-M10 flange bolt pattern under 5 MPa load.,technical_parameter,medium,工程参数需要型号、测试条件和最大/连续值定义,规格书、图纸、试验条件和批准人,保留前先建立证据索引；无法证明时弱化并说明口径,需要人工验证
BP-2P-130-0001.html,"PTFE composite seal at 5 MPa: Polytetrafluoroethylene with glass fiber and graphite filler, structurally reinforced for high-pressure duty.",certification,high,企业规模、认证或绝对性能陈述会直接影响采购信任,证书、出货记录、客户/国家统计口径、测试报告,保留前先建立证据索引；无法证明时弱化并说明口径,需要人工验证
BP-2P-130-0001.html,The composite maintains a low friction coefficient (0.05–0.10 against steel) while resisting extrusion at 5 MPa.,technical_parameter,medium,工程参数需要型号、测试条件和最大/连续值定义,规格书、图纸、试验条件和批准人,保留前先建立证据索引；无法证明时弱化并说明口径,需要人工验证
BP-2P-130-0001.html,"For continuous hydraulic oil above 4 MPa, inspect seal every 3 months.",technical_parameter,medium,工程参数需要型号、测试条件和最大/连续值定义,规格书、图纸、试验条件和批准人,保留前先建立证据索引；无法证明时弱化并说明口径,需要人工验证
BP-2P-130-0001.html,Below are the machine types where this model performs best — and the conditions where you should consider upgrading to a higher-pressure or dust-proof joint.,business_metric,medium,带数字的商业或技术陈述需要可追溯依据,内部记录、规格书或带日期的统计说明,保留前先建立证据索引；无法证明时弱化并说明口径,需要人工验证
BP-2P-130-0001.html,Speeds above 80 RPM — centrifugal force at 5 MPa exceeds PTFE seal design limits; contact Begapunk for custom high-speed hydraulic joint,certification,high,企业规模、认证或绝对性能陈述会直接影响采购信任,证书、出货记录、客户/国家统计口径、测试报告,保留前先建立证据索引；无法证明时弱化并说明口径,需要人工验证
BP-2P-130-0001.html,Single-passage applications — the 8.66 kg mass and dual-passage cost are unnecessary; use BP-1P-0003 or BP-2P-0001,certification,high,企业规模、认证或绝对性能陈述会直接影响采购信任,证书、出货记录、客户/国家统计口径、测试报告,保留前先建立证据索引；无法证明时弱化并说明口径,需要人工验证
BP-2P-130-0001.html,Pressure above 5 MPa — the PTFE seal and AL6061 body are rated to 5 MPa max; use BP-2P-95-0001 (10 MPa) for higher pressure,technical_parameter,medium,工程参数需要型号、测试条件和最大/连续值定义,规格书、图纸、试验条件和批准人,保留前先建立证据索引；无法证明时弱化并说明口径,需要人工验证
BP-2P-130-0001.html,Proper installation is critical at 5 MPa — a small error in flange bolt torque or filtration becomes a major leak within hours.,technical_parameter,medium,工程参数需要型号、测试条件和最大/连续值定义,规格书、图纸、试验条件和批准人,保留前先建立证据索引；无法证明时弱化并说明口径,需要人工验证
BP-2P-130-0001.html,must match within 0.1 mm to prevent flange distortion under 5 MPa.,technical_parameter,medium,工程参数需要型号、测试条件和最大/连续值定义,规格书、图纸、试验条件和批准人,保留前先建立证据索引；无法证明时弱化并说明口径,需要人工验证
BP-2P-130-0001.html,Overtightening warps the AL6061 flange face; undertightening allows leakage at 5 MPa.,certification,high,企业规模、认证或绝对性能陈述会直接影响采购信任,证书、出货记录、客户/国家统计口径、测试报告,保留前先建立证据索引；无法证明时弱化并说明口径,需要人工验证
BP-2P-130-0001.html,Check flange flatness with a feeler gauge — gap must be <0.05 mm.,technical_parameter,medium,带数字的商业或技术陈述需要可追溯依据,内部记录、规格书或带日期的统计说明,保留前先建立证据索引；无法证明时弱化并说明口径,需要人工验证
BP-2P-130-0001.html,Never let the body rotate freely — the 8.66 kg mass creates destructive gyroscopic torque that will shear supply hoses and damage the flange.,business_metric,medium,带数字的商业或技术陈述需要可追溯依据,内部记录、规格书或带日期的统计说明,保留前先建立证据索引；无法证明时弱化并说明口径,需要人工验证
BP-2P-130-0001.html,The anti-rotation bracket must have >5 mm clearance from rotating parts.,certification,high,企业规模、认证或绝对性能陈述会直接影响采购信任,证书、出货记录、客户/国家统计口径、测试报告,保留前先建立证据索引；无法证明时弱化并说明口径,需要人工验证
BP-2P-130-0001.html,Use high-pressure flexible hoses (rated to 10 MPa minimum) to connect the stationary side.,technical_parameter,medium,工程参数需要型号、测试条件和最大/连续值定义,规格书、图纸、试验条件和批准人,保留前先建立证据索引；无法证明时弱化并说明口径,需要人工验证
BP-2P-130-0001.html,"Install a 25-micron filter upstream — at 5 MPa, even 40-micron particles embed in the PTFE seal and create leak paths.",technical_parameter,medium,工程参数需要型号、测试条件和最大/连续值定义,规格书、图纸、试验条件和批准人,保留前先建立证据索引；无法证明时弱化并说明口径,需要人工验证
BP-2P-130-0001.html,Run at 0.2 MPa and 20–30 RPM for 10 minutes without load.,technical_parameter,medium,工程参数需要型号、测试条件和最大/连续值定义,规格书、图纸、试验条件和批准人,保留前先建立证据索引；无法证明时弱化并说明口径,需要人工验证
BP-2P-130-0001.html,This beds the PTFE seal against the shaft at low stress before the 5 MPa operating pressure.,technical_parameter,medium,工程参数需要型号、测试条件和最大/连续值定义,规格书、图纸、试验条件和批准人,保留前先建立证据索引；无法证明时弱化并说明口径,需要人工验证
BP-2P-130-0001.html,Gradually increase pressure by 1 MPa every 5 minutes until reaching full operating pressure.,technical_parameter,medium,工程参数需要型号、测试条件和最大/连续值定义,规格书、图纸、试验条件和批准人,保留前先建立证据索引；无法证明时弱化并说明口径,需要人工验证
BP-2P-130-0001.html,Skipping the high-pressure run-in is the #1 cause of early seal failure — starting at 5 MPa immediately creates micro-scoring on the seal face.,certification,high,企业规模、认证或绝对性能陈述会直接影响采购信任,证书、出货记录、客户/国家统计口径、测试报告,保留前先建立证据索引；无法证明时弱化并说明口径,需要人工验证
BP-2P-130-0001.html,"Air duty, 8-hour shift: Inspect every 6 months, replace seal every 12–18 months",certification,high,企业规模、认证或绝对性能陈述会直接影响采购信任,证书、出货记录、客户/国家统计口径、测试报告,保留前先建立证据索引；无法证明时弱化并说明口径,需要人工验证
BP-2P-130-0001.html,"Water or coolant duty: Inspect every 4 months for corrosion at AL6061/steel interface, replace seal every 10–12 months",certification,high,企业规模、认证或绝对性能陈述会直接影响采购信任,证书、出货记录、客户/国家统计口径、测试报告,保留前先建立证据索引；无法证明时弱化并说明口径,需要人工验证
BP-2P-130-0001.html,"Hydraulic oil duty at 5 MPa: Inspect every 3 months, replace seal every 8–10 months",certification,high,企业规模、认证或绝对性能陈述会直接影响采购信任,证书、出货记录、客户/国家统计口径、测试报告,保留前先建立证据索引；无法证明时弱化并说明口径,需要人工验证
BP-2P-130-0001.html,"AL6061 + 45# steel material traceability, hardness test report, and RoHS compliance certificate.",certification,high,企业规模、认证或绝对性能陈述会直接影响采购信任,证书、出货记录、客户/国家统计口径、测试报告,保留前先建立证据索引；无法证明时弱化并说明口径,需要人工验证
BP-2P-130-0001.html,"Single air line, handheld tool, weight critical ❌ Overkill — 8.66 kg BP-1P-0003 0.08 kg aluminum, single passage, $15–$20 less",business_metric,medium,带数字的商业或技术陈述需要可追溯依据,内部记录、规格书或带日期的统计说明,保留前先建立证据索引；无法证明时弱化并说明口径,需要人工验证
BP-2P-130-0001.html,"Dual air lines, 1 MPa, general automation ⚠️ Over-specified BP-2P-0001 Same passages, 1 MPa, lighter and lower cost",technical_parameter,medium,工程参数需要型号、测试条件和最大/连续值定义,规格书、图纸、试验条件和批准人,保留前先建立证据索引；无法证明时弱化并说明口径,需要人工验证
BP-2P-130-0001.html,"Dual lines, 5 MPa hydraulic, ≤80 RPM ✅ Perfect — —",technical_parameter,medium,工程参数需要型号、测试条件和最大/连续值定义,规格书、图纸、试验条件和批准人,保留前先建立证据索引；无法证明时弱化并说明口径,需要人工验证
BP-2P-130-0001.html,"Pressure >5 MPa (e.g., 7–10 MPa hydraulic) ❌ Over pressure BP-2P-95-0001 10 MPa rated, full steel construction",technical_parameter,medium,工程参数需要型号、测试条件和最大/连续值定义,规格书、图纸、试验条件和批准人,保留前先建立证据索引；无法证明时弱化并说明口径,需要人工验证
BP-2P-130-0001.html,Speed >80 RPM at >2 MPa ❌ Over speed Custom high-speed hydraulic PTFE seal not rated for high-speed high-pressure combo,technical_parameter,medium,工程参数需要型号、测试条件和最大/连续值定义,规格书、图纸、试验条件和批准人,保留前先建立证据索引；无法证明时弱化并说明口径,需要人工验证
BP-2P-130-0001.html,"The AL6061 flange face warps by 0.1 mm, creating a leak path that sprays hydraulic oil at 5 MPa within hours.",certification,high,企业规模、认证或绝对性能陈述会直接影响采购信任,证书、出货记录、客户/国家统计口径、测试报告,保留前先建立证据索引；无法证明时弱化并说明口径,需要人工验证
BP-2P-130-0001.html,Mistake 2: Running above 80 RPM at 5 MPa,technical_parameter,medium,工程参数需要型号、测试条件和最大/连续值定义,规格书、图纸、试验条件和批准人,保留前先建立证据索引；无法证明时弱化并说明口径,需要人工验证
BP-2P-130-0001.html,A machine builder needs 120 RPM on a hydraulic indexing table and assumes the 5 MPa rating covers all speeds.,technical_parameter,medium,工程参数需要型号、测试条件和最大/连续值定义,规格书、图纸、试验条件和批准人,保留前先建立证据索引；无法证明时弱化并说明口径,需要人工验证
BP-2P-130-0001.html,"At 120 RPM and 5 MPa, centrifugal force lifts the PTFE seal lip from the shaft surface, causing immediate catastrophic leakage.",certification,high,企业规模、认证或绝对性能陈述会直接影响采购信任,证书、出货记录、客户/国家统计口径、测试报告,保留前先建立证据索引；无法证明时弱化并说明口径,需要人工验证
BP-2P-130-0001.html,Rule: Respect the 80 RPM limit at 5 MPa.,technical_parameter,medium,工程参数需要型号、测试条件和最大/连续值定义,规格书、图纸、试验条件和批准人,保留前先建立证据索引；无法证明时弱化并说明口径,需要人工验证
BP-2P-130-0001.html,A maintenance team installs BP-2P-130-0001 on a hydraulic press and immediately runs it at 5 MPa and 60 RPM.,certification,high,企业规模、认证或绝对性能陈述会直接影响采购信任,证书、出货记录、客户/国家统计口径、测试报告,保留前先建立证据索引；无法证明时弱化并说明口径,需要人工验证
BP-2P-130-0001.html,"Within 3 weeks, hydraulic oil leaks at 2 L/hour, contaminating the work area.",business_metric,medium,带数字的商业或技术陈述需要可追溯依据,内部记录、规格书或带日期的统计说明,保留前先建立证据索引；无法证明时弱化并说明口径,需要人工验证
BP-2P-130-0001.html,"Rule: Run at 0.2 MPa and 20–30 RPM for 10 minutes, then increase by 1 MPa every 5 minutes.",technical_parameter,medium,工程参数需要型号、测试条件和最大/连续值定义,规格书、图纸、试验条件和批准人,保留前先建立证据索引；无法证明时弱化并说明口径,需要人工验证
BP-2P-130-0001.html,This extends seal life from 3 months to 8–10 months.,business_metric,medium,带数字的商业或技术陈述需要可追溯依据,内部记录、规格书或带日期的统计说明,保留前先建立证据索引；无法证明时弱化并说明口径,需要人工验证
BP-2P-130-0001.html,"Dual passage, flange mount, 1.0 MPa.",technical_parameter,medium,工程参数需要型号、测试条件和最大/连续值定义,规格书、图纸、试验条件和批准人,保留前先建立证据索引；无法证明时弱化并说明口径,需要人工验证
BP-2P-130-0001.html,For general automation where 5 MPa is over-specified.,technical_parameter,medium,工程参数需要型号、测试条件和最大/连续值定义,规格书、图纸、试验条件和批准人,保留前先建立证据索引；无法证明时弱化并说明口径,需要人工验证
BP-2P-130-0001.html,"2-in-2-out, flange, 10 MPa.",technical_parameter,medium,工程参数需要型号、测试条件和最大/连续值定义,规格书、图纸、试验条件和批准人,保留前先建立证据索引；无法证明时弱化并说明口径,需要人工验证
BP-2P-130-0001.html,For hydraulic systems exceeding 5 MPa.,certification,high,企业规模、认证或绝对性能陈述会直接影响采购信任,证书、出货记录、客户/国家统计口径、测试报告,保留前先建立证据索引；无法证明时弱化并说明口径,需要人工验证
BP-2P-130-0001.html,"Triple passage, flange mount, 1.0 MPa.",technical_parameter,medium,工程参数需要型号、测试条件和最大/连续值定义,规格书、图纸、试验条件和批准人,保留前先建立证据索引；无法证明时弱化并说明口径,需要人工验证
BP-2P-130-0001.html,The aluminum housing reduces overall mass to 8.66 kg while the steel components provide the rigidity needed for 5 MPa pressure.,certification,high,企业规模、认证或绝对性能陈述会直接影响采购信任,证书、出货记录、客户/国家统计口径、测试报告,保留前先建立证据索引；无法证明时弱化并说明口径,需要人工验证
BP-2P-130-0001.html,All versions are manufactured under ISO 9001:2015 quality management and carry CE and RoHS certifications.,certification,high,企业规模、认证或绝对性能陈述会直接影响采购信任,证书、出货记录、客户/国家统计口径、测试报告,保留前先建立证据索引；无法证明时弱化并说明口径,需要人工验证
BP-2P-130-0001.html,"For continuous water duty at 5 MPa, derate speed to 50 RPM to reduce seal wear.",certification,high,企业规模、认证或绝对性能陈述会直接影响采购信任,证书、出货记录、客户/国家统计口径、测试报告,保留前先建立证据索引；无法证明时弱化并说明口径,需要人工验证
BP-2P-130-0001.html,Ensure your equipment mating flange matches within 0.1 mm flatness before ordering.,technical_parameter,medium,带数字的商业或技术陈述需要可追溯依据,内部记录、规格书或带日期的统计说明,保留前先建立证据索引；无法证明时弱化并说明口径,需要人工验证
BP-2P-130-0001.html,"We do not post 3D files publicly to protect our designs, but every qualified inquiry receives the file within 24 hours.",certification,high,企业规模、认证或绝对性能陈述会直接影响采购信任,证书、出货记录、客户/国家统计口径、测试报告,保留前先建立证据索引；无法证明时弱化并说明口径,需要人工验证
BP-2P-130-0001.html,Upgrade when your application exceeds the 5 MPa pressure limit or 80 RPM speed limit.,certification,high,企业规模、认证或绝对性能陈述会直接影响采购信任,证书、出货记录、客户/国家统计口径、测试报告,保留前先建立证据索引；无法证明时弱化并说明口径,需要人工验证
BP-2P-130-0001.html,Common triggers: (1) Your hydraulic system pressure rises above 5 MPa — BP-2P-95-0001 is rated to 10 MPa with full steel construction.,technical_parameter,medium,工程参数需要型号、测试条件和最大/连续值定义,规格书、图纸、试验条件和批准人,保留前先建立证据索引；无法证明时弱化并说明口径,需要人工验证
BP-2P-130-0001.html,(2) You need rotation above 80 RPM at high pressure — contact us for a custom high-speed hydraulic seal design.,technical_parameter,medium,工程参数需要型号、测试条件和最大/连续值定义,规格书、图纸、试验条件和批准人,保留前先建立证据索引；无法证明时弱化并说明口径,需要人工验证
BP-2P-130-0001.html,Typical custom lead time: 10–14 days.,business_metric,medium,带数字的商业或技术陈述需要可追溯依据,内部记录、规格书或带日期的统计说明,保留前先建立证据索引；无法证明时弱化并说明口径,需要人工验证
BP-2P-130-0001.html,"Technical Note: All pressure ratings, speed ratings, and material specifications referenced on this page are based on Begapunk BP-series standard pneumatic rotary joints tested under controlled laboratory conditions.",certification,high,企业规模、认证或绝对性能陈述会直接影响采购信任,证书、出货记录、客户/国家统计口径、测试报告,保留前先建立证据索引；无法证明时弱化并说明口径,需要人工验证
BP-2P-130-0001.html,"For applications outside standard ratings — including high-pressure hydraulic above 5 MPa, continuous water immersion, food-grade, or cleanroom environments — consult Begapunk factory engineering before specification.",technical_parameter,medium,工程参数需要型号、测试条件和最大/连续值定义,规格书、图纸、试验条件和批准人,保留前先建立证据索引；无法证明时弱化并说明口径,需要人工验证
BP-2P-16-0001.html,BP-2P-16-0001 · 2-in-2-out (16mm Bore) Rotary Joint,technical_parameter,medium,带数字的商业或技术陈述需要可追溯依据,内部记录、规格书或带日期的统计说明,保留前先建立证据索引；无法证明时弱化并说明口径,需要人工验证
BP-2P-16-0001.html,Dual-passage flange-mount rotary joint with 16mm central bore.,certification,high,企业规模、认证或绝对性能陈述会直接影响采购信任,证书、出货记录、客户/国家统计口径、测试报告,保留前先建立证据索引；无法证明时弱化并说明口径,需要人工验证
BP-2P-16-0001.html,Ships in 7 days.,business_metric,medium,带数字的商业或技术陈述需要可追溯依据,内部记录、规格书或带日期的统计说明,保留前先建立证据索引；无法证明时弱化并说明口径,需要人工验证
BP-2P-16-0001.html,"16mm bore for cable and pipe pass-through: The central bore allows routing of cables, small pipes, or a central vacuum line alongside the two pneumatic passages — a feature single-bore joints cannot offer",certification,high,企业规模、认证或绝对性能陈述会直接影响采购信任,证书、出货记录、客户/国家统计口径、测试报告,保留前先建立证据索引；无法证明时弱化并说明口径,需要人工验证
BP-2P-16-0001.html,4-M5 flange fits compact rotary tables: The small bolt circle diameter matches the mounting patterns of 200–400 mm diameter indexing tables common in CNC and packaging machinery,technical_parameter,medium,带数字的商业或技术陈述需要可追溯依据,内部记录、规格书或带日期的统计说明,保留前先建立证据索引；无法证明时弱化并说明口径,需要人工验证
BP-2P-16-0001.html,"AL6061 body at 0.45 kg minimizes inertia: The lightweight aluminum construction reduces the rotating mass on small and medium welding positioners, improving indexing accuracy and motor load",certification,high,企业规模、认证或绝对性能陈述会直接影响采购信任,证书、出货记录、客户/国家统计口径、测试报告,保留前先建立证据索引；无法证明时弱化并说明口径,需要人工验证
BP-2P-16-0001.html,200 RPM suits indexing and stop-start duty: The speed rating matches the cycle rates of pneumatic indexing tables (1–3 seconds per station) without seal overheating,technical_parameter,medium,工程参数需要型号、测试条件和最大/连续值定义,规格书、图纸、试验条件和批准人,保留前先建立证据索引；无法证明时弱化并说明口径,需要人工验证
BP-2P-16-0001.html,"BP-2P-16-0001 is a dual-passage rotary joint with a 16mm central bore, designed for low-pressure pneumatic and light fluid transfer on compact rotary equipment.",certification,high,企业规模、认证或绝对性能陈述会直接影响采购信任,证书、出货记录、客户/国家统计口径、测试报告,保留前先建立证据索引；无法证明时弱化并说明口径,需要人工验证
BP-2P-16-0001.html,Number of Passages 2-in-2-out (16mm Bore),technical_parameter,medium,带数字的商业或技术陈述需要可追溯依据,内部记录、规格书或带日期的统计说明,保留前先建立证据索引；无法证明时弱化并说明口径,需要人工验证
BP-2P-16-0001.html,Max Pressure 1 MPa (10 bar / 145 psi) — derate to 0.7 MPa for continuous water duty,technical_parameter,medium,工程参数需要型号、测试条件和最大/连续值定义,规格书、图纸、试验条件和批准人,保留前先建立证据索引；无法证明时弱化并说明口径,需要人工验证
BP-2P-16-0001.html,Max Speed 200 RPM — derate to 150 RPM for continuous water or coolant,technical_parameter,medium,工程参数需要型号、测试条件和最大/连续值定义,规格书、图纸、试验条件和批准人,保留前先建立证据索引；无法证明时弱化并说明口径,需要人工验证
BP-2P-16-0001.html,Operating Temperature -20°C to +80°C,technical_parameter,medium,工程参数需要型号、测试条件和最大/连续值定义,规格书、图纸、试验条件和批准人,保留前先建立证据索引；无法证明时弱化并说明口径,需要人工验证
BP-2P-16-0001.html,"Certifications ISO 9001:2015, CE, RoHS",certification,high,企业规模、认证或绝对性能陈述会直接影响采购信任,证书、出货记录、客户/国家统计口径、测试报告,保留前先建立证据索引；无法证明时弱化并说明口径,需要人工验证
BP-2P-16-0001.html,AL6061 aluminum body: 6061-T6 aluminum alloy with yield strength 276 MPa and hardness 95 HB.,technical_parameter,medium,工程参数需要型号、测试条件和最大/连续值定义,规格书、图纸、试验条件和批准人,保留前先建立证据索引；无法证明时弱化并说明口径,需要人工验证
BP-2P-16-0001.html,"At 0.45 kg, it adds minimal rotating inertia to small indexing tables.",business_metric,medium,带数字的商业或技术陈述需要可追溯依据,内部记录、规格书或带日期的统计说明,保留前先建立证据索引；无法证明时弱化并说明口径,需要人工验证
BP-2P-16-0001.html,"Self-lubricating, chemically inert, and rated for -200°C to +260°C.",technical_parameter,medium,工程参数需要型号、测试条件和最大/连续值定义,规格书、图纸、试验条件和批准人,保留前先建立证据索引；无法证明时弱化并说明口径,需要人工验证
BP-2P-16-0001.html,The composite structure provides structural integrity while maintaining the low friction coefficient (0.05–0.10 against aluminum) that makes PTFE ideal for rotary seals at 200 RPM.,technical_parameter,medium,工程参数需要型号、测试条件和最大/连续值定义,规格书、图纸、试验条件和批准人,保留前先建立证据索引；无法证明时弱化并说明口径,需要人工验证
BP-2P-16-0001.html,"16mm bore utility: The through-bore allows routing of 4–6 mm pneumatic tubing, sensor cables, or a central vacuum line.",certification,high,企业规模、认证或绝对性能陈述会直接影响采购信任,证书、出货记录、客户/国家统计口径、测试报告,保留前先建立证据索引；无法证明时弱化并说明口径,需要人工验证
BP-2P-16-0001.html,BP-2P-16-0001 is designed for dual-air-line applications on compact rotary equipment where a 16mm through-bore adds routing flexibility.,technical_parameter,medium,带数字的商业或技术陈述需要可追溯依据,内部记录、规格书或带日期的统计说明,保留前先建立证据索引；无法证明时弱化并说明口径,需要人工验证
BP-2P-16-0001.html,Below are the machine types where this model performs best — and the conditions where you should consider upgrading to a larger-bore or higher-speed joint.,business_metric,medium,带数字的商业或技术陈述需要可追溯依据,内部记录、规格书或带日期的统计说明,保留前先建立证据索引；无法证明时弱化并说明口径,需要人工验证
BP-2P-16-0001.html,High-pressure hydraulic systems above 1 MPa — use BP-2P-95-0001 (10 MPa rated) for hydraulic clamping,technical_parameter,medium,工程参数需要型号、测试条件和最大/连续值定义,规格书、图纸、试验条件和批准人,保留前先建立证据索引；无法证明时弱化并说明口径,需要人工验证
BP-2P-16-0001.html,Continuous speed above 200 RPM — the PTFE seal generates excess heat above 200 RPM; use BP-2P-0001 for 500 RPM duty,certification,high,企业规模、认证或绝对性能陈述会直接影响采购信任,证书、出货记录、客户/国家统计口径、测试报告,保留前先建立证据索引；无法证明时弱化并说明口径,需要人工验证
BP-2P-16-0001.html,Proper installation extends seal life from 6 months to 12+ months.,business_metric,medium,带数字的商业或技术陈述需要可追溯依据,内部记录、规格书或带日期的统计说明,保留前先建立证据索引；无法证明时弱化并说明口径,需要人工验证
BP-2P-16-0001.html,BP-2P-16-0001 uses a compact flange pattern designed for 200–400 mm diameter rotary tables.,technical_parameter,medium,带数字的商业或技术陈述需要可追溯依据,内部记录、规格书或带日期的统计说明,保留前先建立证据索引；无法证明时弱化并说明口径,需要人工验证
BP-2P-16-0001.html,"Use a torque wrench — ""snug plus a quarter turn"" is not precise enough for a 0.45 kg aluminum body.",business_metric,medium,带数字的商业或技术陈述需要可追溯依据,内部记录、规格书或带日期的统计说明,保留前先建立证据索引；无法证明时弱化并说明口径,需要人工验证
BP-2P-16-0001.html,The anti-rotation arm should have 2–3 mm of clearance to allow for axial float during thermal expansion.,certification,high,企业规模、认证或绝对性能陈述会直接影响采购信任,证书、出货记录、客户/国家统计口径、测试报告,保留前先建立证据索引；无法证明时弱化并说明口径,需要人工验证
BP-2P-16-0001.html,Run at low pressure (0.2 MPa) and low speed (50–100 RPM) for 5 minutes without load.,technical_parameter,medium,工程参数需要型号、测试条件和最大/连续值定义,规格书、图纸、试验条件和批准人,保留前先建立证据索引；无法证明时弱化并说明口径,需要人工验证
BP-2P-16-0001.html,"If dry, gradually increase to operating pressure and speed over 10 minutes.",business_metric,medium,带数字的商业或技术陈述需要可追溯依据,内部记录、规格书或带日期的统计说明,保留前先建立证据索引；无法证明时弱化并说明口径,需要人工验证
BP-2P-16-0001.html,"Air duty, 8-hour shift: Inspect every 6 months, replace seal every 10–12 months",certification,high,企业规模、认证或绝对性能陈述会直接影响采购信任,证书、出货记录、客户/国家统计口径、测试报告,保留前先建立证据索引；无法证明时弱化并说明口径,需要人工验证
BP-2P-16-0001.html,"Water or coolant duty: Inspect every 4 months for corrosion, replace seal every 8–10 months",certification,high,企业规模、认证或绝对性能陈述会直接影响采购信任,证书、出货记录、客户/国家统计口径、测试报告,保留前先建立证据索引；无法证明时弱化并说明口径,需要人工验证
BP-2P-16-0001.html,"High-cycle indexing tables (1,000+ cycles/day): Replace seal every 6–8 months",certification,high,企业规模、认证或绝对性能陈述会直接影响采购信任,证书、出货记录、客户/国家统计口径、测试报告,保留前先建立证据索引；无法证明时弱化并说明口径,需要人工验证
BP-2P-16-0001.html,"Includes AL6061 body variant, 4-M5 flange pattern, and 16mm bore geometry.",technical_parameter,medium,带数字的商业或技术陈述需要可追溯依据,内部记录、规格书或带日期的统计说明,保留前先建立证据索引；无法证明时弱化并说明口径,需要人工验证
BP-2P-16-0001.html,"AL6061 aluminum material traceability, hardness test report, and RoHS compliance certificate.",certification,high,企业规模、认证或绝对性能陈述会直接影响采购信任,证书、出货记录、客户/国家统计口径、测试报告,保留前先建立证据索引；无法证明时弱化并说明口径,需要人工验证
BP-2P-16-0001.html,"Dual air lines, 16mm bore, compact table (<400 mm dia) ✅ Perfect — 4-M5 flange, 0.45 kg — —",technical_parameter,medium,带数字的商业或技术陈述需要可追溯依据,内部记录、规格书或带日期的统计说明,保留前先建立证据索引；无法证明时弱化并说明口径,需要人工验证
BP-2P-16-0001.html,"Larger bore (>16 mm) for bigger cables or pipes ❌ Bore too small BP-2P-30-0001 30mm bore, Ø76 mm body, deep groove ball bearing for radial loads",technical_parameter,medium,带数字的商业或技术陈述需要可追溯依据,内部记录、规格书或带日期的统计说明,保留前先建立证据索引；无法证明时弱化并说明口径,需要人工验证
BP-2P-16-0001.html,"Pressure >1.0 MPa (e.g., 1.2 MPa hydraulic) ❌ Over pressure rating BP-2P-95-0001 10 MPa rated, heavy-duty composite body",technical_parameter,medium,工程参数需要型号、测试条件和最大/连续值定义,规格书、图纸、试验条件和批准人,保留前先建立证据索引；无法证明时弱化并说明口径,需要人工验证
BP-2P-16-0001.html,Speed >200 RPM continuous ❌ Over speed rating BP-2P-0001 500 RPM rated for high-speed rotary tables,technical_parameter,medium,工程参数需要型号、测试条件和最大/连续值定义,规格书、图纸、试验条件和批准人,保留前先建立证据索引；无法证明时弱化并说明口径,需要人工验证
BP-2P-16-0001.html,"The result: an inter-passage leak where clamp air (0.6 MPa) bleeds into the unclamp line, causing the fixture to release mid-cycle.",technical_parameter,medium,工程参数需要型号、测试条件和最大/连续值定义,规格书、图纸、试验条件和批准人,保留前先建立证据索引；无法证明时弱化并说明口径,需要人工验证
BP-2P-16-0001.html,"A machine builder connects the stationary side with rigid steel tubing to ""make it neat."" Thermal expansion and table vibration transfer directly to the 0.45 kg aluminum body.",business_metric,medium,带数字的商业或技术陈述需要可追溯依据,内部记录、规格书或带日期的统计说明,保留前先建立证据索引；无法证明时弱化并说明口径,需要人工验证
BP-2P-16-0001.html,"Within 3 months, micro-cracks appear at the flange-to-body fillet, and the joint leaks at 0.4 MPa.",technical_parameter,medium,工程参数需要型号、测试条件和最大/连续值定义,规格书、图纸、试验条件和批准人,保留前先建立证据索引；无法证明时弱化并说明口径,需要人工验证
BP-2P-16-0001.html,Rule: Always use flexible pneumatic hose (minimum 6 mm bend radius) between the supply and the rotary joint.,technical_parameter,medium,带数字的商业或技术陈述需要可追溯依据,内部记录、规格书或带日期的统计说明,保留前先建立证据索引；无法证明时弱化并说明口径,需要人工验证
BP-2P-16-0001.html,A maintenance team installs BP-2P-16-0001 on a packaging rotary table and immediately runs it at 0.8 MPa and 180 RPM.,certification,high,企业规模、认证或绝对性能陈述会直接影响采购信任,证书、出货记录、客户/国家统计口径、测试报告,保留前先建立证据索引；无法证明时弱化并说明口径,需要人工验证
BP-2P-16-0001.html,"Within 2 weeks, vacuum drops from -0.07 MPa to -0.04 MPa, and labels fall off.",technical_parameter,medium,工程参数需要型号、测试条件和最大/连续值定义,规格书、图纸、试验条件和批准人,保留前先建立证据索引；无法证明时弱化并说明口径,需要人工验证
BP-2P-16-0001.html,Rule: Run at 0.2 MPa and 50–100 RPM for 5 minutes before full operation.,technical_parameter,medium,工程参数需要型号、测试条件和最大/连续值定义,规格书、图纸、试验条件和批准人,保留前先建立证据索引；无法证明时弱化并说明口径,需要人工验证
BP-2P-16-0001.html,This beds the seal and extends life from 6 months to 12+ months.,business_metric,medium,带数字的商业或技术陈述需要可追溯依据,内部记录、规格书或带日期的统计说明,保留前先建立证据索引；无法证明时弱化并说明口径,需要人工验证
BP-2P-16-0001.html,Other rotary joints commonly purchased with BP-2P-16-0001 — or the models you upgrade to when your application outgrows a 16mm bore or 200 RPM.,technical_parameter,medium,工程参数需要型号、测试条件和最大/连续值定义,规格书、图纸、试验条件和批准人,保留前先建立证据索引；无法证明时弱化并说明口径,需要人工验证
BP-2P-16-0001.html,"Dual passage, flange mount, 1.0 MPa, 500 RPM.",technical_parameter,medium,工程参数需要型号、测试条件和最大/连续值定义,规格书、图纸、试验条件和批准人,保留前先建立证据索引；无法证明时弱化并说明口径,需要人工验证
BP-2P-16-0001.html,"Larger 30mm bore, Ø76 mm body, deep groove ball bearing.",technical_parameter,medium,带数字的商业或技术陈述需要可追溯依据,内部记录、规格书或带日期的统计说明,保留前先建立证据索引；无法证明时弱化并说明口径,需要人工验证
BP-2P-16-0001.html,All versions are ISO9001 certified.,certification,high,企业规模、认证或绝对性能陈述会直接影响采购信任,证书、出货记录、客户/国家统计口径、测试报告,保留前先建立证据索引；无法证明时弱化并说明口径,需要人工验证
BP-2P-16-0001.html,"The export version includes English-language documentation, CE marking, and RoHS compliance certificate.",certification,high,企业规模、认证或绝对性能陈述会直接影响采购信任,证书、出货记录、客户/国家统计口径、测试报告,保留前先建立证据索引；无法证明时弱化并说明口径,需要人工验证
BP-2P-16-0001.html,"For continuous water duty, derate pressure to 0.7 MPa and speed to 150 RPM to reduce seal wear.",certification,high,企业规模、认证或绝对性能陈述会直接影响采购信任,证书、出货记录、客户/国家统计口径、测试报告,保留前先建立证据索引；无法证明时弱化并说明口径,需要人工验证
BP-2P-16-0001.html,The compact pattern is designed for 200–400 mm diameter rotary tables.,technical_parameter,medium,带数字的商业或技术陈述需要可追溯依据,内部记录、规格书或带日期的统计说明,保留前先建立证据索引；无法证明时弱化并说明口径,需要人工验证
BP-2P-16-0001.html,"Custom flange patterns (e.g., 3-M6 or 6-M4) are available as special orders with 5–7 day additional lead time.",business_metric,medium,带数字的商业或技术陈述需要可追溯依据,内部记录、规格书或带日期的统计说明,保留前先建立证据索引；无法证明时弱化并说明口径,需要人工验证
BP-2P-16-0001.html,"The file includes the AL6061 body variant, 4-M5 flange pattern, 16mm bore geometry, and anti-rotation bracket mounting hole pattern.",technical_parameter,medium,带数字的商业或技术陈述需要可追溯依据,内部记录、规格书或带日期的统计说明,保留前先建立证据索引；无法证明时弱化并说明口径,需要人工验证
BP-2P-16-0001.html,"We do not post 3D files publicly to protect our designs, but every qualified inquiry receives the file within 24 hours.",certification,high,企业规模、认证或绝对性能陈述会直接影响采购信任,证书、出货记录、客户/国家统计口径、测试报告,保留前先建立证据索引；无法证明时弱化并说明口径,需要人工验证
BP-2P-16-0001.html,"Upgrade when your application exceeds the 16mm bore, 200 RPM, or 1 MPa limits.",certification,high,企业规模、认证或绝对性能陈述会直接影响采购信任,证书、出货记录、客户/国家统计口径、测试报告,保留前先建立证据索引；无法证明时弱化并说明口径,需要人工验证
BP-2P-16-0001.html,Common triggers: (1) You need to route cables or pipes larger than 16 mm — BP-2P-30-0001 offers a 30mm bore.,technical_parameter,medium,带数字的商业或技术陈述需要可追溯依据,内部记录、规格书或带日期的统计说明,保留前先建立证据索引；无法证明时弱化并说明口径,需要人工验证
BP-2P-16-0001.html,(2) Your table speed exceeds 200 RPM continuous — BP-2P-0001 handles 500 RPM.,certification,high,企业规模、认证或绝对性能陈述会直接影响采购信任,证书、出货记录、客户/国家统计口径、测试报告,保留前先建立证据索引；无法证明时弱化并说明口径,需要人工验证
BP-2P-16-0001.html,(3) Your pressure requirement exceeds 1.0 MPa — BP-2P-95-0001 handles 10 MPa.,certification,high,企业规模、认证或绝对性能陈述会直接影响采购信任,证书、出货记录、客户/国家统计口径、测试报告,保留前先建立证据索引；无法证明时弱化并说明口径,需要人工验证
BP-2P-16-0001.html,Typical custom lead time: 10–14 days.,business_metric,medium,带数字的商业或技术陈述需要可追溯依据,内部记录、规格书或带日期的统计说明,保留前先建立证据索引；无法证明时弱化并说明口径,需要人工验证
BP-2P-16-0001.html,"Technical Note: All pressure ratings, speed ratings, and material specifications referenced on this page are based on Begapunk BP-series standard pneumatic rotary joints tested under controlled laboratory conditions.",certification,high,企业规模、认证或绝对性能陈述会直接影响采购信任,证书、出货记录、客户/国家统计口径、测试报告,保留前先建立证据索引；无法证明时弱化并说明口径,需要人工验证
BP-2P-30-0001.html,"Max 150 RPM, Ø76 mm outer diameter, 1230 g.",technical_parameter,medium,工程参数需要型号、测试条件和最大/连续值定义,规格书、图纸、试验条件和批准人,保留前先建立证据索引；无法证明时弱化并说明口径,需要人工验证
BP-2P-30-0001.html,Ships in 7 days.,business_metric,medium,带数字的商业或技术陈述需要可追溯依据,内部记录、规格书或带日期的统计说明,保留前先建立证据索引；无法证明时弱化并说明口径,需要人工验证
BP-2P-30-0001.html,Ø76 × 70 mm compact envelope: Fits medium automation stations where space is limited but a 30mm bore is required for cable routing,certification,high,企业规模、认证或绝对性能陈述会直接影响采购信任,证书、出货记录、客户/国家统计口径、测试报告,保留前先建立证据索引；无法证明时弱化并说明口径,需要人工验证
BP-2P-30-0001.html,"Zero leakage from 100% pressure testing: Every unit is tested at 1.0 MPa before shipment — no drip, no bubble, no pressure decay",technical_parameter,medium,工程参数需要型号、测试条件和最大/连续值定义,规格书、图纸、试验条件和批准人,保留前先建立证据索引；无法证明时弱化并说明口径,需要人工验证
BP-2P-30-0001.html,"BP-2P-30-0001 is a dual-passage rotary joint with a 30mm central bore, designed for medium-duty pneumatic and fluid transfer on automation rotary equipment.",certification,high,企业规模、认证或绝对性能陈述会直接影响采购信任,证书、出货记录、客户/国家统计口径、测试报告,保留前先建立证据索引；无法证明时弱化并说明口径,需要人工验证
BP-2P-30-0001.html,"The PTFE composite seal provides chemical resistance across air, water, and coolant media with zero leakage guaranteed from 100% pressure testing.",certification,high,企业规模、认证或绝对性能陈述会直接影响采购信任,证书、出货记录、客户/国家统计口径、测试报告,保留前先建立证据索引；无法证明时弱化并说明口径,需要人工验证
BP-2P-30-0001.html,Max Pressure 1 MPa (10 bar / 145 psi) — derate to 0.7 MPa for continuous water duty,technical_parameter,medium,工程参数需要型号、测试条件和最大/连续值定义,规格书、图纸、试验条件和批准人,保留前先建立证据索引；无法证明时弱化并说明口径,需要人工验证
BP-2P-30-0001.html,Max Speed 150 RPM — derate to 100 RPM for continuous water or coolant,technical_parameter,medium,工程参数需要型号、测试条件和最大/连续值定义,规格书、图纸、试验条件和批准人,保留前先建立证据索引；无法证明时弱化并说明口径,需要人工验证
BP-2P-30-0001.html,Leakage Zero (100% pressure tested),business_metric,medium,带数字的商业或技术陈述需要可追溯依据,内部记录、规格书或带日期的统计说明,保留前先建立证据索引；无法证明时弱化并说明口径,需要人工验证
BP-2P-30-0001.html,Operating Temperature -20°C to +80°C,technical_parameter,medium,工程参数需要型号、测试条件和最大/连续值定义,规格书、图纸、试验条件和批准人,保留前先建立证据索引；无法证明时弱化并说明口径,需要人工验证
BP-2P-30-0001.html,1.23 kg (1230 g),business_metric,medium,带数字的商业或技术陈述需要可追溯依据,内部记录、规格书或带日期的统计说明,保留前先建立证据索引；无法证明时弱化并说明口径,需要人工验证
BP-2P-30-0001.html,Dimensions Ø76 × 70 mm,technical_parameter,medium,带数字的商业或技术陈述需要可追溯依据,内部记录、规格书或带日期的统计说明,保留前先建立证据索引；无法证明时弱化并说明口径,需要人工验证
BP-2P-30-0001.html,"Service Life ≥8,000 hours (rated conditions)",certification,high,企业规模、认证或绝对性能陈述会直接影响采购信任,证书、出货记录、客户/国家统计口径、测试报告,保留前先建立证据索引；无法证明时弱化并说明口径,需要人工验证
BP-2P-30-0001.html,"Certifications ISO 9001:2015, CE, RoHS",certification,high,企业规模、认证或绝对性能陈述会直接影响采购信任,证书、出货记录、客户/国家统计口径、测试报告,保留前先建立证据索引；无法证明时弱化并说明口径,需要人工验证
BP-2P-30-0001.html,AL6061 aluminum body: 6061-T6 aluminum alloy with yield strength 276 MPa and hardness 95 HB.,technical_parameter,medium,工程参数需要型号、测试条件和最大/连续值定义,规格书、图纸、试验条件和批准人,保留前先建立证据索引；无法证明时弱化并说明口径,需要人工验证
BP-2P-30-0001.html,"At 1.23 kg, it provides enough mass for stability on medium rotary tables while keeping inertia manageable.",business_metric,medium,带数字的商业或技术陈述需要可追溯依据,内部记录、规格书或带日期的统计说明,保留前先建立证据索引；无法证明时弱化并说明口径,需要人工验证
BP-2P-30-0001.html,"Self-lubricating, chemically inert, and rated for -200°C to +260°C.",technical_parameter,medium,工程参数需要型号、测试条件和最大/连续值定义,规格书、图纸、试验条件和批准人,保留前先建立证据索引；无法证明时弱化并说明口径,需要人工验证
BP-2P-30-0001.html,The composite structure provides structural integrity while maintaining the low friction coefficient (0.05–0.10 against aluminum) that makes PTFE ideal for rotary seals at 150 RPM.,technical_parameter,medium,工程参数需要型号、测试条件和最大/连续值定义,规格书、图纸、试验条件和批准人,保留前先建立证据索引；无法证明时弱化并说明口径,需要人工验证
BP-2P-30-0001.html,"Bearing life is rated at ≥8,000 hours under rated load.",business_metric,medium,带数字的商业或技术陈述需要可追溯依据,内部记录、规格书或带日期的统计说明,保留前先建立证据索引；无法证明时弱化并说明口径,需要人工验证
BP-2P-30-0001.html,BP-2P-30-0001 is designed for dual-air-line applications on medium rotary equipment where a 30mm through-bore and ball-bearing support are required.,technical_parameter,medium,带数字的商业或技术陈述需要可追溯依据,内部记录、规格书或带日期的统计说明,保留前先建立证据索引；无法证明时弱化并说明口径,需要人工验证
BP-2P-30-0001.html,Below are the machine types where this model performs best — and the conditions where you should consider upgrading to a higher-capacity joint.,business_metric,medium,带数字的商业或技术陈述需要可追溯依据,内部记录、规格书或带日期的统计说明,保留前先建立证据索引；无法证明时弱化并说明口径,需要人工验证
BP-2P-30-0001.html,Continuous speed above 150 RPM — the PTFE seal generates excess heat above 150 RPM with fluid media; derate or use BP-2P-0001 for 500 RPM air duty,certification,high,企业规模、认证或绝对性能陈述会直接影响采购信任,证书、出货记录、客户/国家统计口径、测试报告,保留前先建立证据索引；无法证明时弱化并说明口径,需要人工验证
BP-2P-30-0001.html,Pressures above 1.0 MPa — use BP-2P-95-0001 (10 MPa rated) for high-pressure hydraulic clamping or injection molding,technical_parameter,medium,工程参数需要型号、测试条件和最大/连续值定义,规格书、图纸、试验条件和批准人,保留前先建立证据索引；无法证明时弱化并说明口径,需要人工验证
BP-2P-30-0001.html,"4+ independent passage applications — use BP-4P-30-0001 (4-in-4-out, same 30mm bore) or BP-8P-0001 for 8 passages",technical_parameter,medium,带数字的商业或技术陈述需要可追溯依据,内部记录、规格书或带日期的统计说明,保留前先建立证据索引；无法证明时弱化并说明口径,需要人工验证
BP-2P-30-0001.html,High-temperature applications above 80°C — the standard FKM O-ring softens above 80°C; specify PTFE-coated spring-energized seal for 120°C or 150°C duty,technical_parameter,medium,工程参数需要型号、测试条件和最大/连续值定义,规格书、图纸、试验条件和批准人,保留前先建立证据索引；无法证明时弱化并说明口径,需要人工验证
BP-2P-30-0001.html,Proper installation extends seal life from 6 months to 12+ months and protects the deep groove ball bearing from premature failure.,business_metric,medium,带数字的商业或技术陈述需要可追溯依据,内部记录、规格书或带日期的统计说明,保留前先建立证据索引；无法证明时弱化并说明口径,需要人工验证
BP-2P-30-0001.html,Check flatness with a feeler gauge: the mating flange must be flat within 0.05 mm to prevent seal distortion.,technical_parameter,medium,带数字的商业或技术陈述需要可追溯依据,内部记录、规格书或带日期的统计说明,保留前先建立证据索引；无法证明时弱化并说明口径,需要人工验证
BP-2P-30-0001.html,The anti-rotation arm should have 2–3 mm of clearance to allow for axial float during thermal expansion.,certification,high,企业规模、认证或绝对性能陈述会直接影响采购信任,证书、出货记录、客户/国家统计口径、测试报告,保留前先建立证据索引；无法证明时弱化并说明口径,需要人工验证
BP-2P-30-0001.html,"A rigid anti-rotation bracket that clamps the body tightly will transfer vibration to the bearing, reducing bearing life from 8,000 hours to 4,000 hours.",business_metric,medium,带数字的商业或技术陈述需要可追溯依据,内部记录、规格书或带日期的统计说明,保留前先建立证据索引；无法证明时弱化并说明口径,需要人工验证
BP-2P-30-0001.html,Run at low pressure (0.2 MPa) and low speed (30–50 RPM) for 5 minutes without load.,technical_parameter,medium,工程参数需要型号、测试条件和最大/连续值定义,规格书、图纸、试验条件和批准人,保留前先建立证据索引；无法证明时弱化并说明口径,需要人工验证
BP-2P-30-0001.html,"If dry, gradually increase to operating pressure and speed over 10 minutes.",business_metric,medium,带数字的商业或技术陈述需要可追溯依据,内部记录、规格书或带日期的统计说明,保留前先建立证据索引；无法证明时弱化并说明口径,需要人工验证
BP-2P-30-0001.html,"Air duty, 8-hour shift: Inspect every 6 months, replace seal every 10–12 months, check bearing noise annually",certification,high,企业规模、认证或绝对性能陈述会直接影响采购信任,证书、出货记录、客户/国家统计口径、测试报告,保留前先建立证据索引；无法证明时弱化并说明口径,需要人工验证
BP-2P-30-0001.html,"Water or coolant duty: Inspect every 4 months for corrosion and seal wear, replace seal every 8–10 months",certification,high,企业规模、认证或绝对性能陈述会直接影响采购信任,证书、出货记录、客户/国家统计口径、测试报告,保留前先建立证据索引；无法证明时弱化并说明口径,需要人工验证
BP-2P-30-0001.html,"High-cycle indexing tables (1,000+ cycles/day): Replace seal every 6–8 months, inspect bearing every 6 months",certification,high,企业规模、认证或绝对性能陈述会直接影响采购信任,证书、出货记录、客户/国家统计口径、测试报告,保留前先建立证据索引；无法证明时弱化并说明口径,需要人工验证
BP-2P-30-0001.html,"Full dimensions, tolerances, thread specs, flange bolt pattern, 30mm bore geometry, shaft finish requirements, and seal groove details.",certification,high,企业规模、认证或绝对性能陈述会直接影响采购信任,证书、出货记录、客户/国家统计口径、测试报告,保留前先建立证据索引；无法证明时弱化并说明口径,需要人工验证
BP-2P-30-0001.html,"Includes AL6061 body variant, flange mount geometry, 30mm bore, deep groove bearing housing, and M5 connection details.",technical_parameter,medium,带数字的商业或技术陈述需要可追溯依据,内部记录、规格书或带日期的统计说明,保留前先建立证据索引；无法证明时弱化并说明口径,需要人工验证
BP-2P-30-0001.html,"AL6061 aluminum material traceability, hardness test report, bearing specification sheet, and RoHS compliance certificate.",certification,high,企业规模、认证或绝对性能陈述会直接影响采购信任,证书、出货记录、客户/国家统计口径、测试报告,保留前先建立证据索引；无法证明时弱化并说明口径,需要人工验证
BP-2P-30-0001.html,"Dual air lines, 30mm bore, medium table (400–800 mm dia), radial loads ≤5 N·m ✅ Perfect — ball bearing, 1.23 kg — —",technical_parameter,medium,带数字的商业或技术陈述需要可追溯依据,内部记录、规格书或带日期的统计说明,保留前先建立证据索引；无法证明时弱化并说明口径,需要人工验证
BP-2P-30-0001.html,"Dual air lines, smaller bore (16 mm), lower cost ✅ Good — but BP-2P-16-0001 is cheaper and lighter BP-2P-16-0001 0.45 kg vs 1.23 kg, lower inertia for small tables",technical_parameter,medium,带数字的商业或技术陈述需要可追溯依据,内部记录、规格书或带日期的统计说明,保留前先建立证据索引；无法证明时弱化并说明口径,需要人工验证
BP-2P-30-0001.html,"4+ independent air functions, same 30mm bore ❌ Too few passages BP-4P-30-0001 4 passages with independent seals, same Ø76 mm envelope",technical_parameter,medium,带数字的商业或技术陈述需要可追溯依据,内部记录、规格书或带日期的统计说明,保留前先建立证据索引；无法证明时弱化并说明口径,需要人工验证
BP-2P-30-0001.html,"Pressure >1.0 MPa (e.g., 2–10 MPa hydraulic) ❌ Over pressure rating BP-2P-95-0001 10 MPa rated, AL6061 + 45# steel composite body",technical_parameter,medium,工程参数需要型号、测试条件和最大/连续值定义,规格书、图纸、试验条件和批准人,保留前先建立证据索引；无法证明时弱化并说明口径,需要人工验证
BP-2P-30-0001.html,Speed >150 RPM continuous with fluid media ❌ Over speed rating BP-2P-0001 500 RPM rated for high-speed rotary tables,technical_parameter,medium,工程参数需要型号、测试条件和最大/连续值定义,规格书、图纸、试验条件和批准人,保留前先建立证据索引；无法证明时弱化并说明口径,需要人工验证
BP-2P-30-0001.html,A machine builder mounts a 3 kg pneumatic grinder on a 200 mm arm attached to the rotating flange.,technical_parameter,medium,带数字的商业或技术陈述需要可追溯依据,内部记录、规格书或带日期的统计说明,保留前先建立证据索引；无法证明时弱化并说明口径,需要人工验证
BP-2P-30-0001.html,"Within 4 months, the bearing develops play, the seal wobbles, and both passages leak.",business_metric,medium,带数字的商业或技术陈述需要可追溯依据,内部记录、规格书或带日期的统计说明,保留前先建立证据索引；无法证明时弱化并说明口径,需要人工验证
BP-2P-30-0001.html,A builder connects the stationary side with rigid steel tubing and mounts the joint on a hand-machined flange with 0.15 mm warp.,technical_parameter,medium,带数字的商业或技术陈述需要可追溯依据,内部记录、规格书或带日期的统计说明,保留前先建立证据索引；无法证明时弱化并说明口径,需要人工验证
BP-2P-30-0001.html,"The rigid pipe prevents the joint from self-aligning, and the warped flange creates a 0.15 mm gap at one edge.",technical_parameter,medium,带数字的商业或技术陈述需要可追溯依据,内部记录、规格书或带日期的统计说明,保留前先建立证据索引；无法证明时弱化并说明口径,需要人工验证
BP-2P-30-0001.html,"After 2 weeks, air leaks at 0.3 MPa from the high side of the flange.",technical_parameter,medium,工程参数需要型号、测试条件和最大/连续值定义,规格书、图纸、试验条件和批准人,保留前先建立证据索引；无法证明时弱化并说明口径,需要人工验证
BP-2P-30-0001.html,Rule: Always use flexible hose (minimum 8 mm bend radius) and ensure the mating flange is flat within 0.05 mm.,technical_parameter,medium,带数字的商业或技术陈述需要可追溯依据,内部记录、规格书或带日期的统计说明,保留前先建立证据索引；无法证明时弱化并说明口径,需要人工验证
BP-2P-30-0001.html,"Within 6 weeks, the seal leaks and the bearing growls.",business_metric,medium,带数字的商业或技术陈述需要可追溯依据,内部记录、规格书或带日期的统计说明,保留前先建立证据索引；无法证明时弱化并说明口径,需要人工验证
BP-2P-30-0001.html,Rule: Run at 0.2 MPa and 30–50 RPM for 5 minutes without load before full operation.,technical_parameter,medium,工程参数需要型号、测试条件和最大/连续值定义,规格书、图纸、试验条件和批准人,保留前先建立证据索引；无法证明时弱化并说明口径,需要人工验证
BP-2P-30-0001.html,"This beds the seal and distributes bearing grease, extending life from 6 months to 12+ months.",business_metric,medium,带数字的商业或技术陈述需要可追溯依据,内部记录、规格书或带日期的统计说明,保留前先建立证据索引；无法证明时弱化并说明口径,需要人工验证
BP-2P-30-0001.html,Other rotary joints commonly purchased with BP-2P-30-0001 — or the models you upgrade to when your application outgrows a 30mm bore or 150 RPM.,technical_parameter,medium,工程参数需要型号、测试条件和最大/连续值定义,规格书、图纸、试验条件和批准人,保留前先建立证据索引；无法证明时弱化并说明口径,需要人工验证
BP-2P-30-0001.html,"16mm bore, flange mount, 200 RPM.",technical_parameter,medium,工程参数需要型号、测试条件和最大/连续值定义,规格书、图纸、试验条件和批准人,保留前先建立证据索引；无法证明时弱化并说明口径,需要人工验证
BP-2P-30-0001.html,Lighter and lower cost when 30mm bore is not needed.,technical_parameter,medium,带数字的商业或技术陈述需要可追溯依据,内部记录、规格书或带日期的统计说明,保留前先建立证据索引；无法证明时弱化并说明口径,需要人工验证
BP-2P-30-0001.html,"4 passages, same 30mm bore and Ø76 mm envelope.",technical_parameter,medium,带数字的商业或技术陈述需要可追溯依据,内部记录、规格书或带日期的统计说明,保留前先建立证据索引；无法证明时弱化并说明口径,需要人工验证
BP-2P-30-0001.html,All versions are ISO9001 certified.,certification,high,企业规模、认证或绝对性能陈述会直接影响采购信任,证书、出货记录、客户/国家统计口径、测试报告,保留前先建立证据索引；无法证明时弱化并说明口径,需要人工验证
BP-2P-30-0001.html,"The export version includes English-language documentation, CE marking, and RoHS compliance certificate.",certification,high,企业规模、认证或绝对性能陈述会直接影响采购信任,证书、出货记录、客户/国家统计口径、测试报告,保留前先建立证据索引；无法证明时弱化并说明口径,需要人工验证
BP-2P-30-0001.html,"For continuous water duty, derate pressure to 0.7 MPa and speed to 100 RPM to reduce seal wear.",certification,high,企业规模、认证或绝对性能陈述会直接影响采购信任,证书、出货记录、客户/国家统计口径、测试报告,保留前先建立证据索引；无法证明时弱化并说明口径,需要人工验证
BP-2P-30-0001.html,The Ø76 mm outer diameter requires approximately 90 mm clearance for hose routing.,certification,high,企业规模、认证或绝对性能陈述会直接影响采购信任,证书、出货记录、客户/国家统计口径、测试报告,保留前先建立证据索引；无法证明时弱化并说明口径,需要人工验证
BP-2P-30-0001.html,Custom flange patterns are available as special orders with 5–7 day additional lead time.,business_metric,medium,带数字的商业或技术陈述需要可追溯依据,内部记录、规格书或带日期的统计说明,保留前先建立证据索引；无法证明时弱化并说明口径,需要人工验证
BP-2P-30-0001.html,"The file includes the AL6061 body variant, flange mount geometry, 30mm bore, deep groove bearing housing, M5 connection details, and anti-rotation bracket mounting hole pattern.",technical_parameter,medium,带数字的商业或技术陈述需要可追溯依据,内部记录、规格书或带日期的统计说明,保留前先建立证据索引；无法证明时弱化并说明口径,需要人工验证
BP-2P-30-0001.html,"We do not post 3D files publicly to protect our designs, but every qualified inquiry receives the file within 24 hours.",certification,high,企业规模、认证或绝对性能陈述会直接影响采购信任,证书、出货记录、客户/国家统计口径、测试报告,保留前先建立证据索引；无法证明时弱化并说明口径,需要人工验证
BP-2P-30-0001.html,"Upgrade when your application exceeds the 30mm bore, 150 RPM, 1 MPa, or 5 N·m radial load limits.",certification,high,企业规模、认证或绝对性能陈述会直接影响采购信任,证书、出货记录、客户/国家统计口径、测试报告,保留前先建立证据索引；无法证明时弱化并说明口径,需要人工验证
BP-2P-30-0001.html,Common triggers: (1) You need to route cables or pipes larger than 30 mm — contact Begapunk for custom bore sizes up to 50 mm.,technical_parameter,medium,带数字的商业或技术陈述需要可追溯依据,内部记录、规格书或带日期的统计说明,保留前先建立证据索引；无法证明时弱化并说明口径,需要人工验证
BP-2P-30-0001.html,(2) Your table speed exceeds 150 RPM continuous — BP-2P-0001 handles 500 RPM.,certification,high,企业规模、认证或绝对性能陈述会直接影响采购信任,证书、出货记录、客户/国家统计口径、测试报告,保留前先建立证据索引；无法证明时弱化并说明口径,需要人工验证
BP-2P-30-0001.html,(3) Your pressure requirement exceeds 1.0 MPa — BP-2P-95-0001 handles 10 MPa.,certification,high,企业规模、认证或绝对性能陈述会直接影响采购信任,证书、出货记录、客户/国家统计口径、测试报告,保留前先建立证据索引；无法证明时弱化并说明口径,需要人工验证
BP-2P-30-0001.html,(5) You need 4+ independent air functions — BP-4P-30-0001 provides 4 passages with the same 30mm bore.,technical_parameter,medium,带数字的商业或技术陈述需要可追溯依据,内部记录、规格书或带日期的统计说明,保留前先建立证据索引；无法证明时弱化并说明口径,需要人工验证
BP-2P-30-0001.html,Typical custom lead time: 10–14 days.,business_metric,medium,带数字的商业或技术陈述需要可追溯依据,内部记录、规格书或带日期的统计说明,保留前先建立证据索引；无法证明时弱化并说明口径,需要人工验证
BP-2P-30-0001.html,"Technical Note: All pressure ratings, speed ratings, and material specifications referenced on this page are based on Begapunk BP-series standard pneumatic rotary joints tested under controlled laboratory conditions.",certification,high,企业规模、认证或绝对性能陈述会直接影响采购信任,证书、出货记录、客户/国家统计口径、测试报告,保留前先建立证据索引；无法证明时弱化并说明口径,需要人工验证
BP-2P-50-0001.html,"Max 100 RPM, 4.26 kg.",technical_parameter,medium,工程参数需要型号、测试条件和最大/连续值定义,规格书、图纸、试验条件和批准人,保留前先建立证据索引；无法证明时弱化并说明口径,需要人工验证
BP-2P-50-0001.html,Ships in 7 days.,business_metric,medium,带数字的商业或技术陈述需要可追溯依据,内部记录、规格书或带日期的统计说明,保留前先建立证据索引；无法证明时弱化并说明口径,需要人工验证
BP-2P-50-0001.html,"6-M5 flange pattern distributes load on heavy rotary tables: The six-bolt pattern spreads clamping force across the 4.26 kg body, preventing flange warp under the vibration of large welding positioners and stamping rotary tables",certification,high,企业规模、认证或绝对性能陈述会直接影响采购信任,证书、出货记录、客户/国家统计口径、测试报告,保留前先建立证据索引；无法证明时弱化并说明口径,需要人工验证
BP-2P-50-0001.html,4.26 kg mass provides stability for large equipment: The substantial body mass dampens vibration on heavy-duty indexing tables (>800 mm diameter) where lightweight joints oscillate and loosen,technical_parameter,medium,带数字的商业或技术陈述需要可追溯依据,内部记录、规格书或带日期的统计说明,保留前先建立证据索引；无法证明时弱化并说明口径,需要人工验证
BP-2P-50-0001.html,100 RPM rating matches slow-speed heavy industry: Steel mill and foundry rotary tables typically index at 5–30 RPM; the 100 RPM rating provides 3× margin without seal overheating,technical_parameter,medium,工程参数需要型号、测试条件和最大/连续值定义,规格书、图纸、试验条件和批准人,保留前先建立证据索引；无法证明时弱化并说明口径,需要人工验证
BP-2P-50-0001.html,"Same 1 MPa rating as standard series with environmental protection: You do not sacrifice pressure or media compatibility for dust protection — air, water, coolant, and light oil all pass through the protected seal",certification,high,企业规模、认证或绝对性能陈述会直接影响采购信任,证书、出货记录、客户/国家统计口径、测试报告,保留前先建立证据索引；无法证明时弱化并说明口径,需要人工验证
BP-2P-50-0001.html,The 6-M5 flange pattern and 4.26 kg mass provide stability on large rotary equipment subject to vibration and shock.,business_metric,medium,带数字的商业或技术陈述需要可追溯依据,内部记录、规格书或带日期的统计说明,保留前先建立证据索引；无法证明时弱化并说明口径,需要人工验证
BP-2P-50-0001.html,Max Pressure 1 MPa (10 bar / 145 psi) — derate to 0.7 MPa for continuous water duty,technical_parameter,medium,工程参数需要型号、测试条件和最大/连续值定义,规格书、图纸、试验条件和批准人,保留前先建立证据索引；无法证明时弱化并说明口径,需要人工验证
BP-2P-50-0001.html,Max Speed 100 RPM — derate to 60 RPM for continuous water or coolant in dusty environments,technical_parameter,medium,工程参数需要型号、测试条件和最大/连续值定义,规格书、图纸、试验条件和批准人,保留前先建立证据索引；无法证明时弱化并说明口径,需要人工验证
BP-2P-50-0001.html,Operating Temperature -20°C to +80°C,technical_parameter,medium,工程参数需要型号、测试条件和最大/连续值定义,规格书、图纸、试验条件和批准人,保留前先建立证据索引；无法证明时弱化并说明口径,需要人工验证
BP-2P-50-0001.html,"4.26 kg (4,260 g)",business_metric,medium,带数字的商业或技术陈述需要可追溯依据,内部记录、规格书或带日期的统计说明,保留前先建立证据索引；无法证明时弱化并说明口径,需要人工验证
BP-2P-50-0001.html,"Certifications ISO 9001:2015, CE, RoHS",certification,high,企业规模、认证或绝对性能陈述会直接影响采购信任,证书、出货记录、客户/国家统计口径、测试报告,保留前先建立证据索引；无法证明时弱化并说明口径,需要人工验证
BP-2P-50-0001.html,AL6061 aluminum body: 6061-T6 aluminum alloy with yield strength 276 MPa and hardness 95 HB.,technical_parameter,medium,工程参数需要型号、测试条件和最大/连续值定义,规格书、图纸、试验条件和批准人,保留前先建立证据索引；无法证明时弱化并说明口径,需要人工验证
BP-2P-50-0001.html,"At 4.26 kg, the mass dampens vibration on heavy rotary tables and resists the loosening forces from stamping press vibration.",certification,high,企业规模、认证或绝对性能陈述会直接影响采购信任,证书、出货记录、客户/国家统计口径、测试报告,保留前先建立证据索引；无法证明时弱化并说明口径,需要人工验证
BP-2P-50-0001.html,"When to choose dust-proof over standard: If your environment generates >50 mg/m³ of airborne particulate (steel mill rolling line, foundry sand casting, stone cutting, or ceramic grinding), the dust-proof structure pays for itself in 3–6 months by eliminating seal replacements.",certification,high,企业规模、认证或绝对性能陈述会直接影响采购信任,证书、出货记录、客户/国家统计口径、测试报告,保留前先建立证据索引；无法证明时弱化并说明口径,需要人工验证
BP-2P-50-0001.html,Below are the machine types where this model performs best — and the conditions where you should consider upgrading to a higher-pressure or stainless-steel joint.,business_metric,medium,带数字的商业或技术陈述需要可追溯依据,内部记录、规格书或带日期的统计说明,保留前先建立证据索引；无法证明时弱化并说明口径,需要人工验证
BP-2P-50-0001.html,Continuous speed above 100 RPM — the dust seal adds friction; above 100 RPM the seal temperature rises and dust particles bake onto the seal face,certification,high,企业规模、认证或绝对性能陈述会直接影响采购信任,证书、出货记录、客户/国家统计口径、测试报告,保留前先建立证据索引；无法证明时弱化并说明口径,需要人工验证
BP-2P-50-0001.html,Pressures above 1.0 MPa — use BP-2P-95-0001 (10 MPa rated) or BP-2P-130-0001 (5 MPa rated) for high-pressure hydraulic clamping,technical_parameter,medium,工程参数需要型号、测试条件和最大/连续值定义,规格书、图纸、试验条件和批准人,保留前先建立证据索引；无法证明时弱化并说明口径,需要人工验证
BP-2P-50-0001.html,Proper installation extends seal life from 2–3 months to 8+ months in dusty environments.,business_metric,medium,带数字的商业或技术陈述需要可追溯依据,内部记录、规格书或带日期的统计说明,保留前先建立证据索引；无法证明时弱化并说明口径,需要人工验证
BP-2P-50-0001.html,BP-2P-50-0001 uses a six-bolt pattern to distribute the 4.26 kg mass across large rotary tables.,business_metric,medium,带数字的商业或技术陈述需要可追溯依据,内部记录、规格书或带日期的统计说明,保留前先建立证据索引；无法证明时弱化并说明口径,需要人工验证
BP-2P-50-0001.html,Check mating flange flatness with a feeler gauge: must be within 0.05 mm to prevent dust ingress at the gasket edge.,technical_parameter,medium,带数字的商业或技术陈述需要可追溯依据,内部记录、规格书或带日期的统计说明,保留前先建立证据索引；无法证明时弱化并说明口径,需要人工验证
BP-2P-50-0001.html,Leave 5–10 mm clearance between the bracket and the shroud for particle shedding.,certification,high,企业规模、认证或绝对性能陈述会直接影响采购信任,证书、出货记录、客户/国家统计口径、测试报告,保留前先建立证据索引；无法证明时弱化并说明口径,需要人工验证
BP-2P-50-0001.html,Run at low pressure (0.2 MPa) and low speed (10–20 RPM) for 10 minutes without load.,technical_parameter,medium,工程参数需要型号、测试条件和最大/连续值定义,规格书、图纸、试验条件和批准人,保留前先建立证据索引；无法证明时弱化并说明口径,需要人工验证
BP-2P-50-0001.html,"If dry, gradually increase to operating pressure and speed over 15 minutes.",business_metric,medium,带数字的商业或技术陈述需要可追溯依据,内部记录、规格书或带日期的统计说明,保留前先建立证据索引；无法证明时弱化并说明口径,需要人工验证
BP-2P-50-0001.html,"Air duty in dusty environments, 8-hour shift: Inspect dust seal and shroud every 1 month, blow out labyrinth with compressed air (0.3 MPa max), replace PTFE seal every 6–8 months",certification,high,企业规模、认证或绝对性能陈述会直接影响采购信任,证书、出货记录、客户/国家统计口径、测试报告,保留前先建立证据索引；无法证明时弱化并说明口径,需要人工验证
BP-2P-50-0001.html,"Water or coolant duty in dusty environments: Inspect every 2 weeks for sludge buildup in labyrinth, replace seal every 4–6 months",certification,high,企业规模、认证或绝对性能陈述会直接影响采购信任,证书、出货记录、客户/国家统计口径、测试报告,保留前先建立证据索引；无法证明时弱化并说明口径,需要人工验证
BP-2P-50-0001.html,"Heavy-duty foundry/steel mill (24-hour operation): Inspect dust seal weekly, replace seal every 3–4 months",certification,high,企业规模、认证或绝对性能陈述会直接影响采购信任,证书、出货记录、客户/国家统计口径、测试报告,保留前先建立证据索引；无法证明时弱化并说明口径,需要人工验证
BP-2P-50-0001.html,"AL6061 aluminum material traceability, anodizing thickness report, hardness test, and RoHS compliance certificate.",certification,high,企业规模、认证或绝对性能陈述会直接影响采购信任,证书、出货记录、客户/国家统计口径、测试报告,保留前先建立证据索引；无法证明时弱化并说明口径,需要人工验证
BP-2P-50-0001.html,"Dual air lines, dusty environment, slow speed (<100 RPM), heavy table ✅ Perfect — IP65, 4.26 kg, 6-M5 — —",technical_parameter,medium,工程参数需要型号、测试条件和最大/连续值定义,规格书、图纸、试验条件和批准人,保留前先建立证据索引；无法证明时弱化并说明口径,需要人工验证
BP-2P-50-0001.html,"Dual air lines, clean environment, speed >100 RPM ✅ Good — but BP-2P-0001 is cheaper and faster BP-2P-0001 500 RPM rated, no dust seal friction penalty, lower cost",technical_parameter,medium,工程参数需要型号、测试条件和最大/连续值定义,规格书、图纸、试验条件和批准人,保留前先建立证据索引；无法证明时弱化并说明口径,需要人工验证
BP-2P-50-0001.html,"Pressure >1.0 MPa in dusty environment ❌ Over pressure rating BP-2P-130-0001 5 MPa rated, heavy-duty, can be fitted with dust seal option",technical_parameter,medium,工程参数需要型号、测试条件和最大/连续值定义,规格书、图纸、试验条件和批准人,保留前先建立证据索引；无法证明时弱化并说明口径,需要人工验证
BP-2P-50-0001.html,A maintenance team runs the joint for 8 months without inspecting the labyrinth.,certification,high,企业规模、认证或绝对性能陈述会直接影响采购信任,证书、出货记录、客户/国家统计口径、测试报告,保留前先建立证据索引；无法证明时弱化并说明口径,需要人工验证
BP-2P-50-0001.html,"When the shroud is finally removed, the dust has worn a groove 0.3 mm deep into the aluminum body.",technical_parameter,medium,带数字的商业或技术陈述需要可追溯依据,内部记录、规格书或带日期的统计说明,保留前先建立证据索引；无法证明时弱化并说明口径,需要人工验证
BP-2P-50-0001.html,Rule: Blow out the labyrinth with compressed air (0.3 MPa max) every month in heavy dust.,technical_parameter,medium,工程参数需要型号、测试条件和最大/连续值定义,规格书、图纸、试验条件和批准人,保留前先建立证据索引；无法证明时弱化并说明口径,需要人工验证
BP-2P-50-0001.html,Inspect the shroud for dents every 3 months.,business_metric,medium,带数字的商业或技术陈述需要可追溯依据,内部记录、规格书或带日期的统计说明,保留前先建立证据索引；无法证明时弱化并说明口径,需要人工验证
BP-2P-50-0001.html,"The AL6061 flange warps by 0.08 mm, misaligning the labyrinth dust seal.",technical_parameter,medium,带数字的商业或技术陈述需要可追溯依据,内部记录、规格书或带日期的统计说明,保留前先建立证据索引；无法证明时弱化并说明口径,需要人工验证
BP-2P-50-0001.html,"Within 3 weeks, the PTFE seal is scored by metal chips and both passages leak.",business_metric,medium,带数字的商业或技术陈述需要可追溯依据,内部记录、规格书或带日期的统计说明,保留前先建立证据索引；无法证明时弱化并说明口径,需要人工验证
BP-2P-50-0001.html,"High-pressure water (5–10 MPa from the wash wand) forces past the labyrinth and shroud, contaminating the PTFE seal with water and foundry sand.",certification,high,企业规模、认证或绝对性能陈述会直接影响采购信任,证书、出货记录、客户/国家统计口径、测试报告,保留前先建立证据索引；无法证明时弱化并说明口径,需要人工验证
BP-2P-50-0001.html,The seal fails within 2 days.,business_metric,medium,带数字的商业或技术陈述需要可追溯依据,内部记录、规格书或带日期的统计说明,保留前先建立证据索引；无法证明时弱化并说明口径,需要人工验证
BP-2P-50-0001.html,"Dual passage, flange mount, 1.0 MPa, 500 RPM.",technical_parameter,medium,工程参数需要型号、测试条件和最大/连续值定义,规格书、图纸、试验条件和批准人,保留前先建立证据索引；无法证明时弱化并说明口径,需要人工验证
BP-2P-50-0001.html,"2-in-2-out, flange, 5 MPa.",technical_parameter,medium,工程参数需要型号、测试条件和最大/连续值定义,规格书、图纸、试验条件和批准人,保留前先建立证据索引；无法证明时弱化并说明口径,需要人工验证
BP-2P-50-0001.html,"2-in-4-out, flange, 10 MPa.",technical_parameter,medium,工程参数需要型号、测试条件和最大/连续值定义,规格书、图纸、试验条件和批准人,保留前先建立证据索引；无法证明时弱化并说明口径,需要人工验证
BP-2P-50-0001.html,All versions are ISO9001 certified.,certification,high,企业规模、认证或绝对性能陈述会直接影响采购信任,证书、出货记录、客户/国家统计口径、测试报告,保留前先建立证据索引；无法证明时弱化并说明口径,需要人工验证
BP-2P-50-0001.html,"The export version includes English-language documentation, CE marking, and RoHS compliance certificate.",certification,high,企业规模、认证或绝对性能陈述会直接影响采购信任,证书、出货记录、客户/国家统计口径、测试报告,保留前先建立证据索引；无法证明时弱化并说明口径,需要人工验证
BP-2P-50-0001.html,The 6-M5 flange pattern and 4.26 kg mass are standard across all versions.,business_metric,medium,带数字的商业或技术陈述需要可追溯依据,内部记录、规格书或带日期的统计说明,保留前先建立证据索引；无法证明时弱化并说明口径,需要人工验证
BP-2P-50-0001.html,"For continuous water duty in dusty environments, derate pressure to 0.7 MPa and speed to 60 RPM to reduce seal wear and prevent sludge buildup in the labyrinth.",certification,high,企业规模、认证或绝对性能陈述会直接影响采购信任,证书、出货记录、客户/国家统计口径、测试报告,保留前先建立证据索引；无法证明时弱化并说明口径,需要人工验证
BP-2P-50-0001.html,The six-bolt pattern is designed for heavy tables where four bolts would create uneven clamping on the 4.26 kg body.,business_metric,medium,带数字的商业或技术陈述需要可追溯依据,内部记录、规格书或带日期的统计说明,保留前先建立证据索引；无法证明时弱化并说明口径,需要人工验证
BP-2P-50-0001.html,"Custom flange patterns (e.g., 8-M5 or 4-M6) are available as special orders with 5–7 day additional lead time.",business_metric,medium,带数字的商业或技术陈述需要可追溯依据,内部记录、规格书或带日期的统计说明,保留前先建立证据索引；无法证明时弱化并说明口径,需要人工验证
BP-2P-50-0001.html,"We do not post 3D files publicly to protect our designs, but every qualified inquiry receives the file within 24 hours.",certification,high,企业规模、认证或绝对性能陈述会直接影响采购信任,证书、出货记录、客户/国家统计口径、测试报告,保留前先建立证据索引；无法证明时弱化并说明口径,需要人工验证
BP-2P-50-0001.html,Upgrade when your application exceeds the dust-proof 1 MPa / 100 RPM envelope or needs additional passages.,certification,high,企业规模、认证或绝对性能陈述会直接影响采购信任,证书、出货记录、客户/国家统计口径、测试报告,保留前先建立证据索引；无法证明时弱化并说明口径,需要人工验证
BP-2P-50-0001.html,Common triggers: (1) Your pressure requirement exceeds 1.0 MPa — BP-2P-130-0001 handles 5 MPa and BP-2P-95-0001 handles 10 MPa.,certification,high,企业规模、认证或绝对性能陈述会直接影响采购信任,证书、出货记录、客户/国家统计口径、测试报告,保留前先建立证据索引；无法证明时弱化并说明口径,需要人工验证
BP-2P-50-0001.html,(2) Your speed exceeds 100 RPM — BP-2P-0001 handles 500 RPM in clean environments.,certification,high,企业规模、认证或绝对性能陈述会直接影响采购信任,证书、出货记录、客户/国家统计口径、测试报告,保留前先建立证据索引；无法证明时弱化并说明口径,需要人工验证
BP-2P-50-0001.html,Typical custom lead time: 10–14 days.,business_metric,medium,带数字的商业或技术陈述需要可追溯依据,内部记录、规格书或带日期的统计说明,保留前先建立证据索引；无法证明时弱化并说明口径,需要人工验证
BP-2P-50-0001.html,"Technical Note: All pressure ratings, speed ratings, and material specifications referenced on this page are based on Begapunk BP-series standard pneumatic rotary joints tested under controlled laboratory conditions.",certification,high,企业规模、认证或绝对性能陈述会直接影响采购信任,证书、出货记录、客户/国家统计口径、测试报告,保留前先建立证据索引；无法证明时弱化并说明口径,需要人工验证
BP-2P-95-0001.html,"Max 10 MPa, 162 mm outer diameter, 4.26 kg.",technical_parameter,medium,工程参数需要型号、测试条件和最大/连续值定义,规格书、图纸、试验条件和批准人,保留前先建立证据索引；无法证明时弱化并说明口径,需要人工验证
BP-2P-95-0001.html,Ships in 7 days.,business_metric,medium,带数字的商业或技术陈述需要可追溯依据,内部记录、规格书或带日期的统计说明,保留前先建立证据索引；无法证明时弱化并说明口径,需要人工验证
BP-2P-95-0001.html,"10 MPa rating handles high-pressure hydraulic clamping: At 100 bar, this joint operates where standard 1 MPa joints would explode — designed for hydraulic rotary tables, injection molding units, and large stamping presses",technical_parameter,medium,工程参数需要型号、测试条件和最大/连续值定义,规格书、图纸、试验条件和批准人,保留前先建立证据索引；无法证明时弱化并说明口径,需要人工验证
BP-2P-95-0001.html,AL6061 + 45# steel composite body balances weight and strength: The aluminum housing keeps weight at 4.26 kg while the steel shaft and flange provide the yield strength needed for 10 MPa reaction forces,certification,high,企业规模、认证或绝对性能陈述会直接影响采购信任,证书、出货记录、客户/国家统计口径、测试报告,保留前先建立证据索引；无法证明时弱化并说明口径,需要人工验证
BP-2P-95-0001.html,8-M5 + 2-M10 flange secures against 10 MPa reaction forces: The ten-bolt pattern prevents flange lift and gasket blowout under hydraulic shock loads common in stamping and molding,certification,high,企业规模、认证或绝对性能陈述会直接影响采购信任,证书、出货记录、客户/国家统计口径、测试报告,保留前先建立证据索引；无法证明时弱化并说明口径,需要人工验证
BP-2P-95-0001.html,"200 RPM suits high-speed rotary tables even at 10 MPa: Unlike slow heavy-duty joints limited to 50 RPM, BP-2P-95-0001 maintains 200 RPM for fast-indexing hydraulic tables",technical_parameter,medium,工程参数需要型号、测试条件和最大/连续值定义,规格书、图纸、试验条件和批准人,保留前先建立证据索引；无法证明时弱化并说明口径,需要人工验证
BP-2P-95-0001.html,The composite body combines AL6061 aluminum (housing) with 45# steel (shaft and flange) to achieve the strength-to-weight ratio required for 10 MPa operation.,technical_parameter,medium,工程参数需要型号、测试条件和最大/连续值定义,规格书、图纸、试验条件和批准人,保留前先建立证据索引；无法证明时弱化并说明口径,需要人工验证
BP-2P-95-0001.html,Every unit is pressure-tested at 12 MPa (20% over rating) before shipment.,technical_parameter,medium,工程参数需要型号、测试条件和最大/连续值定义,规格书、图纸、试验条件和批准人,保留前先建立证据索引；无法证明时弱化并说明口径,需要人工验证
BP-2P-95-0001.html,"Max Pressure 10 MPa (100 bar / 1,450 psi) — tested at 12 MPa",technical_parameter,medium,工程参数需要型号、测试条件和最大/连续值定义,规格书、图纸、试验条件和批准人,保留前先建立证据索引；无法证明时弱化并说明口径,需要人工验证
BP-2P-95-0001.html,Max Speed 200 RPM — derate to 150 RPM for continuous hydraulic oil duty,technical_parameter,medium,工程参数需要型号、测试条件和最大/连续值定义,规格书、图纸、试验条件和批准人,保留前先建立证据索引；无法证明时弱化并说明口径,需要人工验证
BP-2P-95-0001.html,Operating Temperature -20°C to +80°C,technical_parameter,medium,工程参数需要型号、测试条件和最大/连续值定义,规格书、图纸、试验条件和批准人,保留前先建立证据索引；无法证明时弱化并说明口径,需要人工验证
BP-2P-95-0001.html,"4.26 kg (4,260 g)",business_metric,medium,带数字的商业或技术陈述需要可追溯依据,内部记录、规格书或带日期的统计说明,保留前先建立证据索引；无法证明时弱化并说明口径,需要人工验证
BP-2P-95-0001.html,Outer Diameter 162 mm,technical_parameter,medium,带数字的商业或技术陈述需要可追溯依据,内部记录、规格书或带日期的统计说明,保留前先建立证据索引；无法证明时弱化并说明口径,需要人工验证
BP-2P-95-0001.html,"Certifications ISO 9001:2015, CE, RoHS",certification,high,企业规模、认证或绝对性能陈述会直接影响采购信任,证书、出货记录、客户/国家统计口径、测试报告,保留前先建立证据索引；无法证明时弱化并说明口径,需要人工验证
BP-2P-95-0001.html,"AL6061 + 45# steel composite body: The housing is AL6061-T6 aluminum (yield 276 MPa) to minimize weight, while the shaft and high-stress flange areas use 45# steel (yield 355 MPa, hardness 170–210 HB) to withstand the 10 MPa hoop stress.",technical_parameter,medium,工程参数需要型号、测试条件和最大/连续值定义,规格书、图纸、试验条件和批准人,保留前先建立证据索引；无法证明时弱化并说明口径,需要人工验证
BP-2P-95-0001.html,"This hybrid construction keeps the joint at 4.26 kg — a full steel body would exceed 8 kg, creating excessive inertia on rotary tables.",certification,high,企业规模、认证或绝对性能陈述会直接影响采购信任,证书、出货记录、客户/国家统计口径、测试报告,保留前先建立证据索引；无法证明时弱化并说明口径,需要人工验证
BP-2P-95-0001.html,The added fillers increase compressive strength and reduce cold flow under 10 MPa load.,certification,high,企业规模、认证或绝对性能陈述会直接影响采购信任,证书、出货记录、客户/国家统计口径、测试报告,保留前先建立证据索引；无法证明时弱化并说明口径,需要人工验证
BP-2P-95-0001.html,"For continuous hydraulic oil above 80°C, specify a PTFE spring-energized seal without FKM.",technical_parameter,medium,工程参数需要型号、测试条件和最大/连续值定义,规格书、图纸、试验条件和批准人,保留前先建立证据索引；无法证明时弱化并说明口径,需要人工验证
BP-2P-95-0001.html,"The 2-M10 bolts carry 70% of the flange separating force under 10 MPa, while the 8-M5 bolts distribute the remaining 30% and prevent flange rocking.",certification,high,企业规模、认证或绝对性能陈述会直接影响采购信任,证书、出货记录、客户/国家统计口径、测试报告,保留前先建立证据索引；无法证明时弱化并说明口径,需要人工验证
BP-2P-95-0001.html,Below are the machine types where this model performs best — and the conditions where you should consider a custom design.,business_metric,medium,带数字的商业或技术陈述需要可追溯依据,内部记录、规格书或带日期的统计说明,保留前先建立证据索引；无法证明时弱化并说明口径,需要人工验证
BP-2P-95-0001.html,"Speeds above 200 RPM at maximum pressure — the PTFE seal friction torque rises with both speed and pressure; at 10 MPa and 200 RPM, seal temperature exceeds 80°C.",certification,high,企业规模、认证或绝对性能陈述会直接影响采购信任,证书、出货记录、客户/国家统计口径、测试报告,保留前先建立证据索引；无法证明时弱化并说明口径,需要人工验证
BP-2P-95-0001.html,Derate to 150 RPM for continuous 10 MPa duty,technical_parameter,medium,工程参数需要型号、测试条件和最大/连续值定义,规格书、图纸、试验条件和批准人,保留前先建立证据索引；无法证明时弱化并说明口径,需要人工验证
BP-2P-95-0001.html,"Media with particles >40 micron unfiltered — at 10 MPa, a single 50-micron particle can score the PTFE seal and create a leak path within hours.",technical_parameter,medium,工程参数需要型号、测试条件和最大/连续值定义,规格书、图纸、试验条件和批准人,保留前先建立证据索引；无法证明时弱化并说明口径,需要人工验证
BP-2P-95-0001.html,Proper installation is critical at 10 MPa — a small error that causes a 0.1 MPa leak on a standard joint will cause a catastrophic 5 MPa spray on BP-2P-95-0001.,technical_parameter,medium,工程参数需要型号、测试条件和最大/连续值定义,规格书、图纸、试验条件和批准人,保留前先建立证据索引；无法证明时弱化并说明口径,需要人工验证
BP-2P-95-0001.html,BP-2P-95-0001 uses a ten-bolt pattern to prevent flange lift under 10 MPa.,technical_parameter,medium,工程参数需要型号、测试条件和最大/连续值定义,规格书、图纸、试验条件和批准人,保留前先建立证据索引；无法证明时弱化并说明口径,需要人工验证
BP-2P-95-0001.html,Check mating flange flatness with a dial indicator: must be within 0.03 mm to prevent gasket blowout at 10 MPa.,technical_parameter,medium,工程参数需要型号、测试条件和最大/连续值定义,规格书、图纸、试验条件和批准人,保留前先建立证据索引；无法证明时弱化并说明口径,需要人工验证
BP-2P-95-0001.html,"After tightening, perform a 0.5 MPa air test before applying hydraulic pressure to verify flange integrity.",technical_parameter,medium,工程参数需要型号、测试条件和最大/连续值定义,规格书、图纸、试验条件和批准人,保留前先建立证据索引；无法证明时弱化并说明口径,需要人工验证
BP-2P-95-0001.html,"Never let the stationary body rotate with the shaft — at 10 MPa, a twisted hose can whip with lethal force.",certification,high,企业规模、认证或绝对性能陈述会直接影响采购信任,证书、出货记录、客户/国家统计口径、测试报告,保留前先建立证据索引；无法证明时弱化并说明口径,需要人工验证
BP-2P-95-0001.html,Leave 1–2 mm axial clearance to prevent thermal expansion from binding the shaft.,certification,high,企业规模、认证或绝对性能陈述会直接影响采购信任,证书、出货记录、客户/国家统计口径、测试报告,保留前先建立证据索引；无法证明时弱化并说明口径,需要人工验证
BP-2P-95-0001.html,Use flexible high-pressure hoses rated for ≥15 MPa working pressure (1.5× safety factor).,technical_parameter,medium,工程参数需要型号、测试条件和最大/连续值定义,规格书、图纸、试验条件和批准人,保留前先建立证据索引；无法证明时弱化并说明口径,需要人工验证
BP-2P-95-0001.html,"For hydraulic oil, add a pressure relief valve set to 11 MPa to protect the joint from pressure spikes during valve switching.",technical_parameter,medium,工程参数需要型号、测试条件和最大/连续值定义,规格书、图纸、试验条件和批准人,保留前先建立证据索引；无法证明时弱化并说明口径,需要人工验证
BP-2P-95-0001.html,Run at low pressure (1.0 MPa) and low speed (20–30 RPM) for 15 minutes without load.,technical_parameter,medium,工程参数需要型号、测试条件和最大/连续值定义,规格书、图纸、试验条件和批准人,保留前先建立证据索引；无法证明时弱化并说明口径,需要人工验证
BP-2P-95-0001.html,"If dry, gradually increase to 50% operating pressure for 10 minutes, then 100% pressure for 5 minutes before full speed.",business_metric,medium,带数字的商业或技术陈述需要可追溯依据,内部记录、规格书或带日期的统计说明,保留前先建立证据索引；无法证明时弱化并说明口径,需要人工验证
BP-2P-95-0001.html,"Skipping the run-in at 10 MPa is dangerous — an unseated seal can blow out within minutes of full-pressure application, causing injury and equipment damage.",technical_parameter,medium,工程参数需要型号、测试条件和最大/连续值定义,规格书、图纸、试验条件和批准人,保留前先建立证据索引；无法证明时弱化并说明口径,需要人工验证
BP-2P-95-0001.html,"Air duty, 8-hour shift: Inspect every 6 months, replace seal every 10–12 months",certification,high,企业规模、认证或绝对性能陈述会直接影响采购信任,证书、出货记录、客户/国家统计口径、测试报告,保留前先建立证据索引；无法证明时弱化并说明口径,需要人工验证
BP-2P-95-0001.html,"Water or coolant duty: Inspect every 3 months for corrosion, replace seal every 6–8 months",certification,high,企业规模、认证或绝对性能陈述会直接影响采购信任,证书、出货记录、客户/国家统计口径、测试报告,保留前先建立证据索引；无法证明时弱化并说明口径,需要人工验证
BP-2P-95-0001.html,"Hydraulic oil duty (10 MPa, 24-hour operation): Inspect filter differential monthly, replace seal every 4–6 months, inspect flange bolts every 3 months for loosening from vibration",certification,high,企业规模、认证或绝对性能陈述会直接影响采购信任,证书、出货记录、客户/国家统计口径、测试报告,保留前先建立证据索引；无法证明时弱化并说明口径,需要人工验证
BP-2P-95-0001.html,"Full dimensions, tolerances, thread specs, flange bolt patterns (8-M5 + 2-M10 P.C.D.s), 162 mm OD, shaft finish requirements, seal groove details, and port layout.",certification,high,企业规模、认证或绝对性能陈述会直接影响采购信任,证书、出货记录、客户/国家统计口径、测试报告,保留前先建立证据索引；无法证明时弱化并说明口径,需要人工验证
BP-2P-95-0001.html,"AL6061 + 45# steel material traceability, hardness test report, nickel plating thickness report, and RoHS compliance certificate.",certification,high,企业规模、认证或绝对性能陈述会直接影响采购信任,证书、出货记录、客户/国家统计口径、测试报告,保留前先建立证据索引；无法证明时弱化并说明口径,需要人工验证
BP-2P-95-0001.html,"2-in-4-out distribution, 5–10 MPa hydraulic, heavy rotary table ✅ Perfect — 10 MPa, 200 RPM, 162 mm OD — —",technical_parameter,medium,工程参数需要型号、测试条件和最大/连续值定义,规格书、图纸、试验条件和批准人,保留前先建立证据索引；无法证明时弱化并说明口径,需要人工验证
BP-2P-95-0001.html,"2-in-2-out, 1 MPa, clean environment, cost sensitive ❌ Over-specified and over-priced BP-2P-0001 1 MPa rated, no steel components, 60% lower cost",certification,high,企业规模、认证或绝对性能陈述会直接影响采购信任,证书、出货记录、客户/国家统计口径、测试报告,保留前先建立证据索引；无法证明时弱化并说明口径,需要人工验证
BP-2P-95-0001.html,"2-in-4-out, 3–5 MPa, dust-proof required ⚠ Works but no dust seal BP-2P-130-0001 5 MPa rated, can be fitted with dust seal option",technical_parameter,medium,工程参数需要型号、测试条件和最大/连续值定义,规格书、图纸、试验条件和批准人,保留前先建立证据索引；无法证明时弱化并说明口径,需要人工验证
BP-2P-95-0001.html,"Continuous water immersion, 10 MPa ❌ 45# steel shaft will rust Custom stainless shaft 316 stainless shaft with passivation and PTFE seal",technical_parameter,medium,工程参数需要型号、测试条件和最大/连续值定义,规格书、图纸、试验条件和批准人,保留前先建立证据索引；无法证明时弱化并说明口径,需要人工验证
BP-2P-95-0001.html,Speed >200 RPM at 10 MPa ❌ Over speed rating Custom high-speed hydraulic Special low-friction seal and bearing for 500 RPM at 10 MPa,technical_parameter,medium,工程参数需要型号、测试条件和最大/连续值定义,规格书、图纸、试验条件和批准人,保留前先建立证据索引；无法证明时弱化并说明口径,需要人工验证
BP-2P-95-0001.html,"A technician torques all ten bolts to 4 N·m ""to be safe"" — the M10 bolts are undertorqued by 70%, and the flange lifts under 8 MPa hydraulic pressure.",technical_parameter,medium,工程参数需要型号、测试条件和最大/连续值定义,规格书、图纸、试验条件和批准人,保留前先建立证据索引；无法证明时弱化并说明口径,需要人工验证
BP-2P-95-0001.html,"Hydraulic oil sprays at 100 bar, creating a safety hazard.",technical_parameter,medium,工程参数需要型号、测试条件和最大/连续值定义,规格书、图纸、试验条件和批准人,保留前先建立证据索引；无法证明时弱化并说明口径,需要人工验证
BP-2P-95-0001.html,Mistake 2: Running at 10 MPa without 25-micron filtration,technical_parameter,medium,工程参数需要型号、测试条件和最大/连续值定义,规格书、图纸、试验条件和批准人,保留前先建立证据索引；无法证明时弱化并说明口径,需要人工验证
BP-2P-95-0001.html,A hydraulic system builder installs BP-2P-95-0001 on a 10 MPa rotary table but uses the machine's standard 100-micron return filter.,technical_parameter,medium,工程参数需要型号、测试条件和最大/连续值定义,规格书、图纸、试验条件和批准人,保留前先建立证据索引；无法证明时弱化并说明口径,需要人工验证
BP-2P-95-0001.html,"Within 48 hours, the seal leaks at 6 MPa.",technical_parameter,medium,工程参数需要型号、测试条件和最大/连续值定义,规格书、图纸、试验条件和批准人,保留前先建立证据索引；无法证明时弱化并说明口径,需要人工验证
BP-2P-95-0001.html,"Rule: At 10 MPa, always use 25-micron absolute filtration on the supply line.",technical_parameter,medium,工程参数需要型号、测试条件和最大/连续值定义,规格书、图纸、试验条件和批准人,保留前先建立证据索引；无法证明时弱化并说明口径,需要人工验证
BP-2P-95-0001.html,The cost of a $40 filter element is negligible compared to a $200 seal kit and 4 hours of downtime.,technical_parameter,medium,带数字的商业或技术陈述需要可追溯依据,内部记录、规格书或带日期的统计说明,保留前先建立证据索引；无法证明时弱化并说明口径,需要人工验证
BP-2P-95-0001.html,"The result: when outlet 1 pressurizes at 8 MPa, hydraulic oil backflows through the internal manifold into outlet 2, which is at 2 MPa.",technical_parameter,medium,工程参数需要型号、测试条件和最大/连续值定义,规格书、图纸、试验条件和批准人,保留前先建立证据索引；无法证明时弱化并说明口径,需要人工验证
BP-2P-95-0001.html,Other rotary joints commonly purchased with BP-2P-95-0001 — or the models you downgrade to when 10 MPa is not required.,technical_parameter,medium,工程参数需要型号、测试条件和最大/连续值定义,规格书、图纸、试验条件和批准人,保留前先建立证据索引；无法证明时弱化并说明口径,需要人工验证
BP-2P-95-0001.html,"Dual passage, flange mount, 1.0 MPa, 500 RPM.",technical_parameter,medium,工程参数需要型号、测试条件和最大/连续值定义,规格书、图纸、试验条件和批准人,保留前先建立证据索引；无法证明时弱化并说明口径,需要人工验证
BP-2P-95-0001.html,"Triple passage, flange mount, 1.0 MPa.",technical_parameter,medium,工程参数需要型号、测试条件和最大/连续值定义,规格书、图纸、试验条件和批准人,保留前先建立证据索引；无法证明时弱化并说明口径,需要人工验证
BP-2P-95-0001.html,"8 passages, flange mount, 1.0 MPa.",technical_parameter,medium,工程参数需要型号、测试条件和最大/连续值定义,规格书、图纸、试验条件和批准人,保留前先建立证据索引；无法证明时弱化并说明口径,需要人工验证
BP-2P-95-0001.html,"2-in-2-out, flange, dust-proof, 1.0 MPa.",technical_parameter,medium,工程参数需要型号、测试条件和最大/连续值定义,规格书、图纸、试验条件和批准人,保留前先建立证据索引；无法证明时弱化并说明口径,需要人工验证
BP-2P-95-0001.html,"2-in-2-out, flange, 5 MPa.",technical_parameter,medium,工程参数需要型号、测试条件和最大/连续值定义,规格书、图纸、试验条件和批准人,保留前先建立证据索引；无法证明时弱化并说明口径,需要人工验证
BP-2P-95-0001.html,Mid-range heavy duty for applications where 10 MPa is not required.,technical_parameter,medium,工程参数需要型号、测试条件和最大/连续值定义,规格书、图纸、试验条件和批准人,保留前先建立证据索引；无法证明时弱化并说明口径,需要人工验证
BP-2P-95-0001.html,"4-in-4-out independent, stainless steel body, FDA seal, or 20 MPa rating.",technical_parameter,medium,工程参数需要型号、测试条件和最大/连续值定义,规格书、图纸、试验条件和批准人,保留前先建立证据索引；无法证明时弱化并说明口径,需要人工验证
BP-2P-95-0001.html,All versions are ISO9001 certified.,certification,high,企业规模、认证或绝对性能陈述会直接影响采购信任,证书、出货记录、客户/国家统计口径、测试报告,保留前先建立证据索引；无法证明时弱化并说明口径,需要人工验证
BP-2P-95-0001.html,"The export version includes English-language documentation, CE marking, and RoHS compliance certificate.",certification,high,企业规模、认证或绝对性能陈述会直接影响采购信任,证书、出货记录、客户/国家统计口径、测试报告,保留前先建立证据索引；无法证明时弱化并说明口径,需要人工验证
BP-2P-95-0001.html,"Both versions have identical pressure (10 MPa), speed (200 RPM), and temperature (-20°C to +80°C) ratings.",technical_parameter,medium,工程参数需要型号、测试条件和最大/连续值定义,规格书、图纸、试验条件和批准人,保留前先建立证据索引；无法证明时弱化并说明口径,需要人工验证
BP-2P-95-0001.html,The 8-M5 + 2-M10 flange pattern and 162 mm outer diameter are standard across all versions.,technical_parameter,medium,带数字的商业或技术陈述需要可追溯依据,内部记录、规格书或带日期的统计说明,保留前先建立证据索引；无法证明时弱化并说明口径,需要人工验证
BP-2P-95-0001.html,Every unit is pressure-tested at 12 MPa before shipment regardless of version.,technical_parameter,medium,工程参数需要型号、测试条件和最大/连续值定义,规格书、图纸、试验条件和批准人,保留前先建立证据索引；无法证明时弱化并说明口径,需要人工验证
BP-2P-95-0001.html,"For continuous water duty, derate pressure to 7 MPa and speed to 150 RPM to reduce seal wear.",certification,high,企业规模、认证或绝对性能陈述会直接影响采购信任,证书、出货记录、客户/国家统计口径、测试报告,保留前先建立证据索引；无法证明时弱化并说明口径,需要人工验证
BP-2P-95-0001.html,"At 10 MPa with water, the seal experiences higher friction than with hydraulic oil, accelerating wear.",certification,high,企业规模、认证或绝对性能陈述会直接影响采购信任,证书、出货记录、客户/国家统计口径、测试报告,保留前先建立证据索引；无法证明时弱化并说明口径,需要人工验证
BP-2P-95-0001.html,Do not use with media containing particles >25 micron without filtration.,business_metric,medium,带数字的商业或技术陈述需要可追溯依据,内部记录、规格书或带日期的统计说明,保留前先建立证据索引；无法证明时弱化并说明口径,需要人工验证
BP-2P-95-0001.html,The 2-M10 bolts are critical — they carry 70% of the flange separating force at 10 MPa.,certification,high,企业规模、认证或绝对性能陈述会直接影响采购信任,证书、出货记录、客户/国家统计口径、测试报告,保留前先建立证据索引；无法证明时弱化并说明口径,需要人工验证
BP-2P-95-0001.html,Custom flange patterns are available as special orders with 7–10 day additional lead time.,business_metric,medium,带数字的商业或技术陈述需要可追溯依据,内部记录、规格书或带日期的统计说明,保留前先建立证据索引；无法证明时弱化并说明口径,需要人工验证
BP-2P-95-0001.html,"The file includes the AL6061 + 45# steel composite body, 8-M5 + 2-M10 flange pattern, 2-in-4-out port geometry, 162 mm outer diameter, and anti-rotation bracket mounting hole pattern.",technical_parameter,medium,带数字的商业或技术陈述需要可追溯依据,内部记录、规格书或带日期的统计说明,保留前先建立证据索引；无法证明时弱化并说明口径,需要人工验证
BP-2P-95-0001.html,"We do not post 3D files publicly to protect our designs, but every qualified inquiry receives the file within 24 hours.",certification,high,企业规模、认证或绝对性能陈述会直接影响采购信任,证书、出货记录、客户/国家统计口径、测试报告,保留前先建立证据索引；无法证明时弱化并说明口径,需要人工验证
BP-2P-95-0001.html,"Upgrade to a custom design when your application exceeds the 2-in-4-out, 10 MPa, 200 RPM envelope.",certification,high,企业规模、认证或绝对性能陈述会直接影响采购信任,证书、出货记录、客户/国家统计口径、测试报告,保留前先建立证据索引；无法证明时弱化并说明口径,需要人工验证
BP-2P-95-0001.html,(2) Your pressure requirement exceeds 10 MPa — Begapunk designs custom joints up to 30 MPa with reinforced steel bodies and spring-energized seals.,certification,high,企业规模、认证或绝对性能陈述会直接影响采购信任,证书、出货记录、客户/国家统计口径、测试报告,保留前先建立证据索引；无法证明时弱化并说明口径,需要人工验证
BP-2P-95-0001.html,(3) Your speed exceeds 200 RPM at 10 MPa — specify a low-friction seal and high-speed bearing variant.,certification,high,企业规模、认证或绝对性能陈述会直接影响采购信任,证书、出货记录、客户/国家统计口径、测试报告,保留前先建立证据索引；无法证明时弱化并说明口径,需要人工验证
BP-2P-95-0001.html,Custom lead time is typically 14–21 days with free 3D STEP files.,business_metric,medium,带数字的商业或技术陈述需要可追溯依据,内部记录、规格书或带日期的统计说明,保留前先建立证据索引；无法证明时弱化并说明口径,需要人工验证
BP-2P-95-0001.html,Typical custom lead time: 10–14 days.,business_metric,medium,带数字的商业或技术陈述需要可追溯依据,内部记录、规格书或带日期的统计说明,保留前先建立证据索引；无法证明时弱化并说明口径,需要人工验证
BP-2P-95-0001.html,"Technical Note: All pressure ratings, speed ratings, and material specifications referenced on this page are based on Begapunk BP-series standard pneumatic rotary joints tested under controlled laboratory conditions.",certification,high,企业规模、认证或绝对性能陈述会直接影响采购信任,证书、出货记录、客户/国家统计口径、测试报告,保留前先建立证据索引；无法证明时弱化并说明口径,需要人工验证
BP-2P-95-0001.html,"For applications outside standard ratings — including high-pressure hydraulic above 10 MPa, continuous water immersion, food-grade, or cleanroom environments — consult Begapunk factory engineering before specification.",technical_parameter,medium,工程参数需要型号、测试条件和最大/连续值定义,规格书、图纸、试验条件和批准人,保留前先建立证据索引；无法证明时弱化并说明口径,需要人工验证
BP-3P-0004.html,Ships in 7 days.,business_metric,medium,带数字的商业或技术陈述需要可追溯依据,内部记录、规格书或带日期的统计说明,保留前先建立证据索引；无法证明时弱化并说明口径,需要人工验证
BP-3P-0004.html,Triple passage in a 0.45 kg package: Three independent air/fluid channels in a compact AL6061 body for multi-function rotary tables and packaging machinery,technical_parameter,medium,带数字的商业或技术陈述需要可追溯依据,内部记录、规格书或带日期的统计说明,保留前先建立证据索引；无法证明时弱化并说明口径,需要人工验证
BP-3P-0004.html,"1 MPa / 200 RPM sweet spot: Ideal for pneumatic clamping, vacuum, and coolant functions on automation rotary tables and assembly turntables",technical_parameter,medium,工程参数需要型号、测试条件和最大/连续值定义,规格书、图纸、试验条件和批准人,保留前先建立证据索引；无法证明时弱化并说明口径,需要人工验证
BP-3P-0004.html,"The AL6061 body at 0.45 kg is among the lightest 3-passage joints in its class, making it ideal for compact rotary tables and packaging machinery.",technical_parameter,medium,带数字的商业或技术陈述需要可追溯依据,内部记录、规格书或带日期的统计说明,保留前先建立证据索引；无法证明时弱化并说明口径,需要人工验证
BP-3P-0004.html,Max Pressure 1 MPa (10 bar / 145 psi) — derate to 0.7 MPa for continuous water or coolant duty,technical_parameter,medium,工程参数需要型号、测试条件和最大/连续值定义,规格书、图纸、试验条件和批准人,保留前先建立证据索引；无法证明时弱化并说明口径,需要人工验证
BP-3P-0004.html,Max Speed 200 RPM — derate to 150 RPM for continuous water or coolant,technical_parameter,medium,工程参数需要型号、测试条件和最大/连续值定义,规格书、图纸、试验条件和批准人,保留前先建立证据索引；无法证明时弱化并说明口径,需要人工验证
BP-3P-0004.html,Operating Temperature -20°C to +80°C,technical_parameter,medium,工程参数需要型号、测试条件和最大/连续值定义,规格书、图纸、试验条件和批准人,保留前先建立证据索引；无法证明时弱化并说明口径,需要人工验证
BP-3P-0004.html,"Certifications ISO 9001:2015, CE, RoHS",certification,high,企业规模、认证或绝对性能陈述会直接影响采购信任,证书、出货记录、客户/国家统计口径、测试报告,保留前先建立证据索引；无法证明时弱化并说明口径,需要人工验证
BP-3P-0004.html,AL6061 aluminum body: 6061-T6 aluminum alloy with yield strength 276 MPa and excellent corrosion resistance when anodized.,certification,high,企业规模、认证或绝对性能陈述会直接影响采购信任,证书、出货记录、客户/国家统计口径、测试报告,保留前先建立证据索引；无法证明时弱化并说明口径,需要人工验证
BP-3P-0004.html,"At 0.45 kg, this is among the lightest 3-passage rotary joints available, making it ideal for compact rotary tables and packaging machinery where weight and envelope size matter.",technical_parameter,medium,带数字的商业或技术陈述需要可追溯依据,内部记录、规格书或带日期的统计说明,保留前先建立证据索引；无法证明时弱化并说明口径,需要人工验证
BP-3P-0004.html,Anodizing thickness is 15–25 microns for corrosion protection in water and coolant environments.,business_metric,medium,带数字的商业或技术陈述需要可追溯依据,内部记录、规格书或带日期的统计说明,保留前先建立证据索引；无法证明时弱化并说明口径,需要人工验证
BP-3P-0004.html,"Self-lubricating, chemically inert, and rated for -200°C to +260°C.",technical_parameter,medium,工程参数需要型号、测试条件和最大/连续值定义,规格书、图纸、试验条件和批准人,保留前先建立证据索引；无法证明时弱化并说明口径,需要人工验证
BP-3P-0004.html,Below are the machine types where this model performs best — and the conditions where you should consider upgrading to a higher-passage or dust-proof joint.,business_metric,medium,带数字的商业或技术陈述需要可追溯依据,内部记录、规格书或带日期的统计说明,保留前先建立证据索引；无法证明时弱化并说明口径,需要人工验证
BP-3P-0004.html,Pressure above 1 MPa — the PTFE seal and AL6061 body are rated to 1 MPa max; use BP-2P-0002 (1.5 MPa) or BP-2P-130-0001 (5 MPa) for higher pressure,technical_parameter,medium,工程参数需要型号、测试条件和最大/连续值定义,规格书、图纸、试验条件和批准人,保留前先建立证据索引；无法证明时弱化并说明口径,需要人工验证
BP-3P-0004.html,Speed above 200 RPM — centrifugal force exceeds PTFE seal limits at 1 MPa; derate pressure or use a custom high-speed design,certification,high,企业规模、认证或绝对性能陈述会直接影响采购信任,证书、出货记录、客户/国家统计口径、测试报告,保留前先建立证据索引；无法证明时弱化并说明口径,需要人工验证
BP-3P-0004.html,Proper installation extends seal life from 6 months to 12+ months.,business_metric,medium,带数字的商业或技术陈述需要可追溯依据,内部记录、规格书或带日期的统计说明,保留前先建立证据索引；无法证明时弱化并说明口径,需要人工验证
BP-3P-0004.html,must align within 0.1 mm to prevent flange distortion under pressure.,technical_parameter,medium,带数字的商业或技术陈述需要可追溯依据,内部记录、规格书或带日期的统计说明,保留前先建立证据索引；无法证明时弱化并说明口径,需要人工验证
BP-3P-0004.html,Undertightening allows the gasket to extrude under 1 MPa pressure.,technical_parameter,medium,工程参数需要型号、测试条件和最大/连续值定义,规格书、图纸、试验条件和批准人,保留前先建立证据索引；无法证明时弱化并说明口径,需要人工验证
BP-3P-0004.html,"Use a torque wrench — ""hand tight"" is not precise enough for a 0.45 kg aluminum flange.",business_metric,medium,带数字的商业或技术陈述需要可追溯依据,内部记录、规格书或带日期的统计说明,保留前先建立证据索引；无法证明时弱化并说明口径,需要人工验证
BP-3P-0004.html,The anti-rotation bracket must have >3 mm clearance from rotating parts.,certification,high,企业规模、认证或绝对性能陈述会直接影响采购信任,证书、出货记录、客户/国家统计口径、测试报告,保留前先建立证据索引；无法证明时弱化并说明口径,需要人工验证
BP-3P-0004.html,Run at low pressure (0.2 MPa) and low speed (50–100 RPM) for 5 minutes without load.,technical_parameter,medium,工程参数需要型号、测试条件和最大/连续值定义,规格书、图纸、试验条件和批准人,保留前先建立证据索引；无法证明时弱化并说明口径,需要人工验证
BP-3P-0004.html,"If dry, gradually increase to operating pressure and speed over 10 minutes.",business_metric,medium,带数字的商业或技术陈述需要可追溯依据,内部记录、规格书或带日期的统计说明,保留前先建立证据索引；无法证明时弱化并说明口径,需要人工验证
BP-3P-0004.html,"Air duty, 8-hour shift: Inspect every 6 months, replace seal every 10–12 months",certification,high,企业规模、认证或绝对性能陈述会直接影响采购信任,证书、出货记录、客户/国家统计口径、测试报告,保留前先建立证据索引；无法证明时弱化并说明口径,需要人工验证
BP-3P-0004.html,"Water or coolant duty: Inspect every 4 months for corrosion, replace seal every 8–10 months",certification,high,企业规模、认证或绝对性能陈述会直接影响采购信任,证书、出货记录、客户/国家统计口径、测试报告,保留前先建立证据索引；无法证明时弱化并说明口径,需要人工验证
BP-3P-0004.html,"High-cycle applications (1,000+ cycles/day): Replace seal every 6–8 months",certification,high,企业规模、认证或绝对性能陈述会直接影响采购信任,证书、出货记录、客户/国家统计口径、测试报告,保留前先建立证据索引；无法证明时弱化并说明口径,需要人工验证
BP-3P-0004.html,"AL6061 material traceability, hardness test report, and RoHS compliance certificate.",certification,high,企业规模、认证或绝对性能陈述会直接影响采购信任,证书、出货记录、客户/国家统计口径、测试报告,保留前先建立证据索引；无法证明时弱化并说明口径,需要人工验证
BP-3P-0004.html,"Single air line, handheld tool, weight critical ❌ Overkill — 0.45 kg, 3 passages BP-1P-0003 0.08 kg aluminum, single passage, lower cost",business_metric,medium,带数字的商业或技术陈述需要可追溯依据,内部记录、规格书或带日期的统计说明,保留前先建立证据索引；无法证明时弱化并说明口径,需要人工验证
BP-3P-0004.html,"Dual air lines, 1 MPa, general automation ⚠️ Fewer passages needed BP-2P-0001 Same flange mount, 1 MPa, lower cost",technical_parameter,medium,工程参数需要型号、测试条件和最大/连续值定义,规格书、图纸、试验条件和批准人,保留前先建立证据索引；无法证明时弱化并说明口径,需要人工验证
BP-3P-0004.html,"Triple air lines, 1 MPa, ≤200 RPM, flange mount ✅ Perfect — —",technical_parameter,medium,工程参数需要型号、测试条件和最大/连续值定义,规格书、图纸、试验条件和批准人,保留前先建立证据索引；无法证明时弱化并说明口径,需要人工验证
BP-3P-0004.html,"Pressure >1.0 MPa (e.g., 1.5 MPa hydraulic) ❌ Over pressure BP-2P-0002 1.5 MPa rated, threaded mount, dual passage",technical_parameter,medium,工程参数需要型号、测试条件和最大/连续值定义,规格书、图纸、试验条件和批准人,保留前先建立证据索引；无法证明时弱化并说明口径,需要人工验证
BP-3P-0004.html,"The AL6061 flange face warps by 0.08 mm, creating a leak path that sprays air at 0.8 MPa within 48 hours.",certification,high,企业规模、认证或绝对性能陈述会直接影响采购信任,证书、出货记录、客户/国家统计口径、测试报告,保留前先建立证据索引；无法证明时弱化并说明口径,需要人工验证
BP-3P-0004.html,Mistake 2: Using it for hydraulic above 1 MPa,technical_parameter,medium,工程参数需要型号、测试条件和最大/连续值定义,规格书、图纸、试验条件和批准人,保留前先建立证据索引；无法证明时弱化并说明口径,需要人工验证
BP-3P-0004.html,A machine builder needs 1.2 MPa hydraulic oil for a compact rotary table.,technical_parameter,medium,工程参数需要型号、测试条件和最大/连续值定义,规格书、图纸、试验条件和批准人,保留前先建立证据索引；无法证明时弱化并说明口径,需要人工验证
BP-3P-0004.html,"To save $20, they buy BP-3P-0004 (1 MPa rated) and run it at 1.2 MPa.",technical_parameter,medium,工程参数需要型号、测试条件和最大/连续值定义,规格书、图纸、试验条件和批准人,保留前先建立证据索引；无法证明时弱化并说明口径,需要人工验证
BP-3P-0004.html,"The PTFE seal extrudes under the over-pressure within 72 hours, causing catastrophic leakage across all three passages.",business_metric,medium,带数字的商业或技术陈述需要可追溯依据,内部记录、规格书或带日期的统计说明,保留前先建立证据索引；无法证明时弱化并说明口径,需要人工验证
BP-3P-0004.html,The oil contaminates the work area and the machine stops for 4 hours.,business_metric,medium,带数字的商业或技术陈述需要可追溯依据,内部记录、规格书或带日期的统计说明,保留前先建立证据索引；无法证明时弱化并说明口径,需要人工验证
BP-3P-0004.html,Rule: Respect the 1 MPa limit.,technical_parameter,medium,工程参数需要型号、测试条件和最大/连续值定义,规格书、图纸、试验条件和批准人,保留前先建立证据索引；无法证明时弱化并说明口径,需要人工验证
BP-3P-0004.html,"For 1.5 MPa, use BP-2P-0002.",technical_parameter,medium,工程参数需要型号、测试条件和最大/连续值定义,规格书、图纸、试验条件和批准人,保留前先建立证据索引；无法证明时弱化并说明口径,需要人工验证
BP-3P-0004.html,"For 5 MPa, use BP-2P-130-0001.",technical_parameter,medium,工程参数需要型号、测试条件和最大/连续值定义,规格书、图纸、试验条件和批准人,保留前先建立证据索引；无法证明时弱化并说明口径,需要人工验证
BP-3P-0004.html,A maintenance team installs BP-3P-0004 on a packaging machine and immediately runs it at 0.8 MPa and 150 RPM.,certification,high,企业规模、认证或绝对性能陈述会直接影响采购信任,证书、出货记录、客户/国家统计口径、测试报告,保留前先建立证据索引；无法证明时弱化并说明口径,需要人工验证
BP-3P-0004.html,"Within 2 weeks, vacuum drops from -0.07 MPa to -0.04 MPa, and labels fall off.",technical_parameter,medium,工程参数需要型号、测试条件和最大/连续值定义,规格书、图纸、试验条件和批准人,保留前先建立证据索引；无法证明时弱化并说明口径,需要人工验证
BP-3P-0004.html,Rule: Run at 0.2 MPa and 50–100 RPM for 5 minutes before full operation.,technical_parameter,medium,工程参数需要型号、测试条件和最大/连续值定义,规格书、图纸、试验条件和批准人,保留前先建立证据索引；无法证明时弱化并说明口径,需要人工验证
BP-3P-0004.html,This beds the seal and extends life from 6 months to 12+ months.,business_metric,medium,带数字的商业或技术陈述需要可追溯依据,内部记录、规格书或带日期的统计说明,保留前先建立证据索引；无法证明时弱化并说明口径,需要人工验证
BP-3P-0004.html,"Dual passage, flange mount, 1.0 MPa.",technical_parameter,medium,工程参数需要型号、测试条件和最大/连续值定义,规格书、图纸、试验条件和批准人,保留前先建立证据索引；无法证明时弱化并说明口径,需要人工验证
BP-3P-0004.html,"Same 3 passages, G1/4 threaded mount, 6mm orifice.",certification,high,企业规模、认证或绝对性能陈述会直接影响采购信任,证书、出货记录、客户/国家统计口径、测试报告,保留前先建立证据索引；无法证明时弱化并说明口径,需要人工验证
BP-3P-0004.html,"Same 3 passages, G1/8 threaded mount, 4mm orifice.",certification,high,企业规模、认证或绝对性能陈述会直接影响采购信任,证书、出货记录、客户/国家统计口径、测试报告,保留前先建立证据索引；无法证明时弱化并说明口径,需要人工验证
BP-3P-0004.html,The 0.45 kg mass is among the lightest in the 3-passage category.,business_metric,medium,带数字的商业或技术陈述需要可追溯依据,内部记录、规格书或带日期的统计说明,保留前先建立证据索引；无法证明时弱化并说明口径,需要人工验证
BP-3P-0004.html,All versions are manufactured under ISO 9001:2015 quality management and carry CE and RoHS certifications.,certification,high,企业规模、认证或绝对性能陈述会直接影响采购信任,证书、出货记录、客户/国家统计口径、测试报告,保留前先建立证据索引；无法证明时弱化并说明口径,需要人工验证
BP-3P-0004.html,"For continuous water duty, derate pressure to 0.7 MPa and speed to 150 RPM to reduce seal wear.",certification,high,企业规模、认证或绝对性能陈述会直接影响采购信任,证书、出货记录、客户/国家统计口径、测试报告,保留前先建立证据索引；无法证明时弱化并说明口径,需要人工验证
BP-3P-0004.html,Ensure your equipment mating flange matches within 0.1 mm flatness before ordering.,technical_parameter,medium,带数字的商业或技术陈述需要可追溯依据,内部记录、规格书或带日期的统计说明,保留前先建立证据索引；无法证明时弱化并说明口径,需要人工验证
BP-3P-0004.html,"The file includes exact flange geometry, bolt hole patterns, port orientations, and the 0.45 kg AL6061 body envelope.",business_metric,medium,带数字的商业或技术陈述需要可追溯依据,内部记录、规格书或带日期的统计说明,保留前先建立证据索引；无法证明时弱化并说明口径,需要人工验证
BP-3P-0004.html,"We do not post 3D files publicly to protect our designs, but every qualified inquiry receives the file within 24 hours.",certification,high,企业规模、认证或绝对性能陈述会直接影响采购信任,证书、出货记录、客户/国家统计口径、测试报告,保留前先建立证据索引；无法证明时弱化并说明口径,需要人工验证
BP-3P-0004.html,"Upgrade when your application exceeds the 1 MPa pressure limit, 200 RPM speed limit, or 3-passage capacity.",certification,high,企业规模、认证或绝对性能陈述会直接影响采购信任,证书、出货记录、客户/国家统计口径、测试报告,保留前先建立证据索引；无法证明时弱化并说明口径,需要人工验证
BP-3P-0004.html,"Common triggers: (1) Your pressure requirement rises above 1.0 MPa — BP-2P-0002 handles 1.5 MPa, BP-2P-130-0001 handles 5 MPa.",technical_parameter,medium,工程参数需要型号、测试条件和最大/连续值定义,规格书、图纸、试验条件和批准人,保留前先建立证据索引；无法证明时弱化并说明口径,需要人工验证
BP-3P-0004.html,(2) You need rotation above 200 RPM — contact us for a custom high-speed seal design.,technical_parameter,medium,工程参数需要型号、测试条件和最大/连续值定义,规格书、图纸、试验条件和批准人,保留前先建立证据索引；无法证明时弱化并说明口径,需要人工验证
BP-3P-0004.html,Typical custom lead time: 10–14 days.,business_metric,medium,带数字的商业或技术陈述需要可追溯依据,内部记录、规格书或带日期的统计说明,保留前先建立证据索引；无法证明时弱化并说明口径,需要人工验证
BP-3P-0004.html,"Technical Note: All pressure ratings, speed ratings, and material specifications referenced on this page are based on Begapunk BP-series standard pneumatic rotary joints tested under controlled laboratory conditions.",certification,high,企业规模、认证或绝对性能陈述会直接影响采购信任,证书、出货记录、客户/国家统计口径、测试报告,保留前先建立证据索引；无法证明时弱化并说明口径,需要人工验证
BP-3P-0004.html,"For applications outside standard ratings — including high-pressure hydraulic above 1 MPa, continuous water immersion, food-grade, or cleanroom environments — consult Begapunk factory engineering before specification.",technical_parameter,medium,工程参数需要型号、测试条件和最大/连续值定义,规格书、图纸、试验条件和批准人,保留前先建立证据索引；无法证明时弱化并说明口径,需要人工验证
BP-3P-0006.html,Triple-passage G1/4 threaded rotary joint with 6mm orifice for pneumatic and light fluid applications.,certification,high,企业规模、认证或绝对性能陈述会直接影响采购信任,证书、出货记录、客户/国家统计口径、测试报告,保留前先建立证据索引；无法证明时弱化并说明口径,需要人工验证
BP-3P-0006.html,"?64 × 78 mm, 360 g.",technical_parameter,medium,带数字的商业或技术陈述需要可追溯依据,内部记录、规格书或带日期的统计说明,保留前先建立证据索引；无法证明时弱化并说明口径,需要人工验证
BP-3P-0006.html,Ships in 7 days.,business_metric,medium,带数字的商业或技术陈述需要可追溯依据,内部记录、规格书或带日期的统计说明,保留前先建立证据索引；无法证明时弱化并说明口径,需要人工验证
BP-3P-0006.html,"G1/4 threaded convenience: Direct connection to standard pneumatic fittings without adapters, saving 10–20 mm envelope space compared to flange-mounted alternatives",certification,high,企业规模、认证或绝对性能陈述会直接影响采购信任,证书、出货记录、客户/国家统计口径、测试报告,保留前先建立证据索引；无法证明时弱化并说明口径,需要人工验证
BP-3P-0006.html,"6mm orifice for higher flow: Larger passage than 4mm variants, reducing pressure drop on vacuum and high-flow air systems by up to 40%",certification,high,企业规模、认证或绝对性能陈述会直接影响采购信任,证书、出货记录、客户/国家统计口径、测试报告,保留前先建立证据索引；无法证明时弱化并说明口径,需要人工验证
BP-3P-0006.html,"Compact ?64 × 78 mm, 360 g: Fits small machine envelopes where flange-mounted joints are too large or require precision machining",technical_parameter,medium,带数字的商业或技术陈述需要可追溯依据,内部记录、规格书或带日期的统计说明,保留前先建立证据索引；无法证明时弱化并说明口径,需要人工验证
BP-3P-0006.html,"The 6mm orifice provides higher flow capacity than 4mm variants, while the ?64 × 78 mm envelope fits small machine frames.",certification,high,企业规模、认证或绝对性能陈述会直接影响采购信任,证书、出货记录、客户/国家统计口径、测试报告,保留前先建立证据索引；无法证明时弱化并说明口径,需要人工验证
BP-3P-0006.html,Max Pressure 1 MPa (10 bar / 145 psi) — derate to 0.7 MPa for continuous water or coolant duty,technical_parameter,medium,工程参数需要型号、测试条件和最大/连续值定义,规格书、图纸、试验条件和批准人,保留前先建立证据索引；无法证明时弱化并说明口径,需要人工验证
BP-3P-0006.html,Max Speed 200 RPM — derate to 150 RPM for continuous water or coolant,technical_parameter,medium,工程参数需要型号、测试条件和最大/连续值定义,规格书、图纸、试验条件和批准人,保留前先建立证据索引；无法证明时弱化并说明口径,需要人工验证
BP-3P-0006.html,Operating Temperature -20°C to +80°C,technical_parameter,medium,工程参数需要型号、测试条件和最大/连续值定义,规格书、图纸、试验条件和批准人,保留前先建立证据索引；无法证明时弱化并说明口径,需要人工验证
BP-3P-0006.html,0.36 kg (360 g),business_metric,medium,带数字的商业或技术陈述需要可追溯依据,内部记录、规格书或带日期的统计说明,保留前先建立证据索引；无法证明时弱化并说明口径,需要人工验证
BP-3P-0006.html,Dimensions ?64 × 78 mm,technical_parameter,medium,带数字的商业或技术陈述需要可追溯依据,内部记录、规格书或带日期的统计说明,保留前先建立证据索引；无法证明时弱化并说明口径,需要人工验证
BP-3P-0006.html,"Certifications ISO 9001:2015, CE, RoHS",certification,high,企业规模、认证或绝对性能陈述会直接影响采购信任,证书、出货记录、客户/国家统计口径、测试报告,保留前先建立证据索引；无法证明时弱化并说明口径,需要人工验证
BP-3P-0006.html,AL6061 aluminum body: 6061-T6 aluminum alloy with yield strength 276 MPa and excellent corrosion resistance when anodized.,certification,high,企业规模、认证或绝对性能陈述会直接影响采购信任,证书、出货记录、客户/国家统计口径、测试报告,保留前先建立证据索引；无法证明时弱化并说明口径,需要人工验证
BP-3P-0006.html,The 0.36 kg mass and ?64 × 78 mm envelope make this one of the most compact 3-passage threaded joints available.,technical_parameter,medium,带数字的商业或技术陈述需要可追溯依据,内部记录、规格书或带日期的统计说明,保留前先建立证据索引；无法证明时弱化并说明口径,需要人工验证
BP-3P-0006.html,Anodizing thickness is 15–25 microns for corrosion protection in water and coolant environments.,business_metric,medium,带数字的商业或技术陈述需要可追溯依据,内部记录、规格书或带日期的统计说明,保留前先建立证据索引；无法证明时弱化并说明口径,需要人工验证
BP-3P-0006.html,"Self-lubricating, chemically inert, and rated for -200°C to +260°C.",technical_parameter,medium,工程参数需要型号、测试条件和最大/连续值定义,规格书、图纸、试验条件和批准人,保留前先建立证据索引；无法证明时弱化并说明口径,需要人工验证
BP-3P-0006.html,G1/4 thread advantage: BSP parallel (BSPP) per ISO 228-1 with 1.337 mm pitch.,certification,medium,带数字的商业或技术陈述需要可追溯依据,内部记录、规格书或带日期的统计说明,保留前先建立证据索引；无法证明时弱化并说明口径,需要人工验证
BP-3P-0006.html,"The 6mm orifice provides 2.25× the flow area of a 4mm orifice, reducing pressure drop in vacuum and high-flow applications.",certification,high,企业规模、认证或绝对性能陈述会直接影响采购信任,证书、出货记录、客户/国家统计口径、测试报告,保留前先建立证据索引；无法证明时弱化并说明口径,需要人工验证
BP-3P-0006.html,"For even smaller envelopes, the G1/8 variant BP-3P-0007 offers a 4mm orifice in a ?78.9 × 63.9 mm body.",certification,high,企业规模、认证或绝对性能陈述会直接影响采购信任,证书、出货记录、客户/国家统计口径、测试报告,保留前先建立证据索引；无法证明时弱化并说明口径,需要人工验证
BP-3P-0006.html,The 6mm orifice and 0.36 kg mass make it ideal for mid-size automation equipment.,certification,high,企业规模、认证或绝对性能陈述会直接影响采购信任,证书、出货记录、客户/国家统计口径、测试报告,保留前先建立证据索引；无法证明时弱化并说明口径,需要人工验证
BP-3P-0006.html,Below are the machine types where this model performs best.,business_metric,medium,带数字的商业或技术陈述需要可追溯依据,内部记录、规格书或带日期的统计说明,保留前先建立证据索引；无法证明时弱化并说明口径,需要人工验证
BP-3P-0006.html,Pressure above 1 MPa — the PTFE seal and AL6061 body are rated to 1 MPa max; use BP-2P-0002 (1.5 MPa) or BP-2P-130-0001 (5 MPa) for higher pressure,technical_parameter,medium,工程参数需要型号、测试条件和最大/连续值定义,规格书、图纸、试验条件和批准人,保留前先建立证据索引；无法证明时弱化并说明口径,需要人工验证
BP-3P-0006.html,Speed above 200 RPM — centrifugal force exceeds PTFE seal limits at 1 MPa; derate pressure or use a custom high-speed design,certification,high,企业规模、认证或绝对性能陈述会直接影响采购信任,证书、出货记录、客户/国家统计口径、测试报告,保留前先建立证据索引；无法证明时弱化并说明口径,需要人工验证
BP-3P-0006.html,Proper installation extends seal life from 6 months to 12+ months.,business_metric,medium,带数字的商业或技术陈述需要可追溯依据,内部记录、规格书或带日期的统计说明,保留前先建立证据索引；无法证明时弱化并说明口径,需要人工验证
BP-3P-0006.html,BP-3P-0006 uses G1/4 BSP parallel (BSPP) threads per ISO 228-1.,certification,medium,带数字的商业或技术陈述需要可追溯依据,内部记录、规格书或带日期的统计说明,保留前先建立证据索引；无法证明时弱化并说明口径,需要人工验证
BP-3P-0006.html,"Download the 2D drawing for exact thread dimensions, pitch (1.337 mm), and tolerances.",certification,high,企业规模、认证或绝对性能陈述会直接影响采购信任,证书、出货记录、客户/国家统计口径、测试报告,保留前先建立证据索引；无法证明时弱化并说明口径,需要人工验证
BP-3P-0006.html,"Use a torque wrench — ""finger tight plus a quarter turn"" is not precise enough for a 0.36 kg aluminum body.",business_metric,medium,带数字的商业或技术陈述需要可追溯依据,内部记录、规格书或带日期的统计说明,保留前先建立证据索引；无法证明时弱化并说明口径,需要人工验证
BP-3P-0006.html,The anti-rotation bracket must have >3 mm clearance from rotating parts and should not stress the body with side loads.,certification,high,企业规模、认证或绝对性能陈述会直接影响采购信任,证书、出货记录、客户/国家统计口径、测试报告,保留前先建立证据索引；无法证明时弱化并说明口径,需要人工验证
BP-3P-0006.html,Run at low pressure (0.2 MPa) and low speed (50–100 RPM) for 5 minutes without load.,technical_parameter,medium,工程参数需要型号、测试条件和最大/连续值定义,规格书、图纸、试验条件和批准人,保留前先建立证据索引；无法证明时弱化并说明口径,需要人工验证
BP-3P-0006.html,"If dry, gradually increase to operating pressure and speed over 10 minutes.",business_metric,medium,带数字的商业或技术陈述需要可追溯依据,内部记录、规格书或带日期的统计说明,保留前先建立证据索引；无法证明时弱化并说明口径,需要人工验证
BP-3P-0006.html,"Air duty, 8-hour shift: Inspect every 6 months, replace seal every 10–12 months",certification,high,企业规模、认证或绝对性能陈述会直接影响采购信任,证书、出货记录、客户/国家统计口径、测试报告,保留前先建立证据索引；无法证明时弱化并说明口径,需要人工验证
BP-3P-0006.html,"Water or coolant duty: Inspect every 4 months for corrosion, replace seal every 8–10 months",certification,high,企业规模、认证或绝对性能陈述会直接影响采购信任,证书、出货记录、客户/国家统计口径、测试报告,保留前先建立证据索引；无法证明时弱化并说明口径,需要人工验证
BP-3P-0006.html,"High-cycle applications (1,000+ cycles/day): Replace seal every 6–8 months",certification,high,企业规模、认证或绝对性能陈述会直接影响采购信任,证书、出货记录、客户/国家统计口径、测试报告,保留前先建立证据索引；无法证明时弱化并说明口径,需要人工验证
BP-3P-0006.html,"Full dimensions, tolerances, G1/4 thread specs, 6mm orifice details, M6 mounting hole pattern, and seal groove details.",certification,high,企业规模、认证或绝对性能陈述会直接影响采购信任,证书、出货记录、客户/国家统计口径、测试报告,保留前先建立证据索引；无法证明时弱化并说明口径,需要人工验证
BP-3P-0006.html,"Includes exact G1/4 thread geometry, 6mm orifice paths, and M6 mounting hole pattern.",certification,high,企业规模、认证或绝对性能陈述会直接影响采购信任,证书、出货记录、客户/国家统计口径、测试报告,保留前先建立证据索引；无法证明时弱化并说明口径,需要人工验证
BP-3P-0006.html,"AL6061 material traceability, hardness test report, and RoHS compliance certificate.",certification,high,企业规模、认证或绝对性能陈述会直接影响采购信任,证书、出货记录、客户/国家统计口径、测试报告,保留前先建立证据索引；无法证明时弱化并说明口径,需要人工验证
BP-3P-0006.html,"Single air line, handheld tool, weight critical ❌ Overkill — 0.36 kg, 3 passages BP-1P-0003 0.08 kg aluminum, single passage, lower cost",business_metric,medium,带数字的商业或技术陈述需要可追溯依据,内部记录、规格书或带日期的统计说明,保留前先建立证据索引；无法证明时弱化并说明口径,需要人工验证
BP-3P-0006.html,"Dual air lines, 1 MPa, general automation ⚠️ Fewer passages needed BP-2P-0002 Same G1/4 thread, 1.5 MPa, dual passage",technical_parameter,medium,工程参数需要型号、测试条件和最大/连续值定义,规格书、图纸、试验条件和批准人,保留前先建立证据索引；无法证明时弱化并说明口径,需要人工验证
BP-3P-0006.html,"Triple lines, G1/4 thread, compact, 6mm orifice ✅ Perfect — —",certification,high,企业规模、认证或绝对性能陈述会直接影响采购信任,证书、出货记录、客户/国家统计口径、测试报告,保留前先建立证据索引；无法证明时弱化并说明口径,需要人工验证
BP-3P-0006.html,"Triple lines, G1/8 smaller thread, 4mm orifice ❌ Wrong size BP-3P-0007 G1/8 thread, 4mm orifice, ?78.9 × 63.9 mm for miniature fixtures",certification,high,企业规模、认证或绝对性能陈述会直接影响采购信任,证书、出货记录、客户/国家统计口径、测试报告,保留前先建立证据索引；无法证明时弱化并说明口径,需要人工验证
BP-3P-0006.html,"Pressure >1.0 MPa (e.g., 1.5 MPa hydraulic) ❌ Over pressure BP-2P-130-0001 5 MPa rated, flange mount, heavy duty",technical_parameter,medium,工程参数需要型号、测试条件和最大/连续值定义,规格书、图纸、试验条件和批准人,保留前先建立证据索引；无法证明时弱化并说明口径,需要人工验证
BP-3P-0006.html,"Within 48 hours, air leaks at 0.3 MPa.",technical_parameter,medium,工程参数需要型号、测试条件和最大/连续值定义,规格书、图纸、试验条件和批准人,保留前先建立证据索引；无法证明时弱化并说明口径,需要人工验证
BP-3P-0006.html,"Within 6 weeks, the seal develops micro-cracks and leaks.",business_metric,medium,带数字的商业或技术陈述需要可追溯依据,内部记录、规格书或带日期的统计说明,保留前先建立证据索引；无法证明时弱化并说明口径,需要人工验证
BP-3P-0006.html,The 50 mm of flexible hose saves the $45 seal replacement.,certification,high,企业规模、认证或绝对性能陈述会直接影响采购信任,证书、出货记录、客户/国家统计口径、测试报告,保留前先建立证据索引；无法证明时弱化并说明口径,需要人工验证
BP-3P-0006.html,A maintenance team installs BP-3P-0006 on an indexing table and immediately runs it at 0.8 MPa and 150 RPM.,certification,high,企业规模、认证或绝对性能陈述会直接影响采购信任,证书、出货记录、客户/国家统计口径、测试报告,保留前先建立证据索引；无法证明时弱化并说明口径,需要人工验证
BP-3P-0006.html,"Within 2 weeks, vacuum drops from -0.07 MPa to -0.04 MPa, and parts fall off the fixture.",technical_parameter,medium,工程参数需要型号、测试条件和最大/连续值定义,规格书、图纸、试验条件和批准人,保留前先建立证据索引；无法证明时弱化并说明口径,需要人工验证
BP-3P-0006.html,Rule: Run at 0.2 MPa and 50–100 RPM for 5 minutes before full operation.,technical_parameter,medium,工程参数需要型号、测试条件和最大/连续值定义,规格书、图纸、试验条件和批准人,保留前先建立证据索引；无法证明时弱化并说明口径,需要人工验证
BP-3P-0006.html,This beds the seal and extends life from 6 months to 12+ months.,business_metric,medium,带数字的商业或技术陈述需要可追溯依据,内部记录、规格书或带日期的统计说明,保留前先建立证据索引；无法证明时弱化并说明口径,需要人工验证
BP-3P-0006.html,"Dual passage, flange mount, 1.0 MPa.",technical_parameter,medium,工程参数需要型号、测试条件和最大/连续值定义,规格书、图纸、试验条件和批准人,保留前先建立证据索引；无法证明时弱化并说明口径,需要人工验证
BP-3P-0006.html,"Same 3 passages, G1/8 thread, 4mm orifice.",certification,high,企业规模、认证或绝对性能陈述会直接影响采购信任,证书、出货记录、客户/国家统计口径、测试报告,保留前先建立证据索引；无法证明时弱化并说明口径,需要人工验证
BP-3P-0006.html,"Same 3 passages, flange mount, 1.0 MPa.",technical_parameter,medium,工程参数需要型号、测试条件和最大/连续值定义,规格书、图纸、试验条件和批准人,保留前先建立证据索引；无法证明时弱化并说明口径,需要人工验证
BP-3P-0006.html,The 0.36 kg mass and ?64 × 78 mm envelope make it one of the most compact 3-passage threaded joints available.,technical_parameter,medium,带数字的商业或技术陈述需要可追溯依据,内部记录、规格书或带日期的统计说明,保留前先建立证据索引；无法证明时弱化并说明口径,需要人工验证
BP-3P-0006.html,All versions are manufactured under ISO 9001:2015 quality management and carry CE and RoHS certifications.,certification,high,企业规模、认证或绝对性能陈述会直接影响采购信任,证书、出货记录、客户/国家统计口径、测试报告,保留前先建立证据索引；无法证明时弱化并说明口径,需要人工验证
BP-3P-0006.html,"For continuous water duty, derate pressure to 0.7 MPa and speed to 150 RPM to reduce seal wear.",certification,high,企业规模、认证或绝对性能陈述会直接影响采购信任,证书、出货记录、客户/国家统计口径、测试报告,保留前先建立证据索引；无法证明时弱化并说明口径,需要人工验证
BP-3P-0006.html,"Download the 2D PDF drawing for exact thread dimensions, pitch (1.337 mm for G1/4), and tolerances.",certification,high,企业规模、认证或绝对性能陈述会直接影响采购信任,证书、出货记录、客户/国家统计口径、测试报告,保留前先建立证据索引；无法证明时弱化并说明口径,需要人工验证
BP-3P-0006.html,"The file includes the exact G1/4 thread geometry, 6mm orifice paths, 4× M6 mounting hole pattern, and the 0.36 kg AL6061 body envelope.",certification,high,企业规模、认证或绝对性能陈述会直接影响采购信任,证书、出货记录、客户/国家统计口径、测试报告,保留前先建立证据索引；无法证明时弱化并说明口径,需要人工验证
BP-3P-0006.html,"We do not post 3D files publicly to protect our designs, but every qualified inquiry receives the file within 24 hours.",certification,high,企业规模、认证或绝对性能陈述会直接影响采购信任,证书、出货记录、客户/国家统计口径、测试报告,保留前先建立证据索引；无法证明时弱化并说明口径,需要人工验证
BP-3P-0006.html,"Upgrade when your application exceeds the 1 MPa pressure limit, 200 RPM speed limit, or needs a different mounting style.",certification,high,企业规模、认证或绝对性能陈述会直接影响采购信任,证书、出货记录、客户/国家统计口径、测试报告,保留前先建立证据索引；无法证明时弱化并说明口径,需要人工验证
BP-3P-0006.html,Common triggers: (1) Your pressure requirement rises above 1.0 MPa — BP-2P-130-0001 handles 5 MPa with flange mount.,technical_parameter,medium,工程参数需要型号、测试条件和最大/连续值定义,规格书、图纸、试验条件和批准人,保留前先建立证据索引；无法证明时弱化并说明口径,需要人工验证
BP-3P-0006.html,(3) You need a smaller G1/8 thread for miniature fixtures — BP-3P-0007 offers 4mm orifice in a ?78.9 × 63.9 mm body.,certification,high,企业规模、认证或绝对性能陈述会直接影响采购信任,证书、出货记录、客户/国家统计口径、测试报告,保留前先建立证据索引；无法证明时弱化并说明口径,需要人工验证
BP-3P-0006.html,Typical custom lead time: 10–14 days.,business_metric,medium,带数字的商业或技术陈述需要可追溯依据,内部记录、规格书或带日期的统计说明,保留前先建立证据索引；无法证明时弱化并说明口径,需要人工验证
BP-3P-0006.html,"Technical Note: All pressure ratings, speed ratings, and material specifications referenced on this page are based on Begapunk BP-series standard pneumatic rotary joints tested under controlled laboratory conditions.",certification,high,企业规模、认证或绝对性能陈述会直接影响采购信任,证书、出货记录、客户/国家统计口径、测试报告,保留前先建立证据索引；无法证明时弱化并说明口径,需要人工验证
BP-3P-0006.html,"For applications outside standard ratings — including high-pressure hydraulic above 1 MPa, continuous water immersion, food-grade, or cleanroom environments — consult Begapunk factory engineering before specification.",technical_parameter,medium,工程参数需要型号、测试条件和最大/连续值定义,规格书、图纸、试验条件和批准人,保留前先建立证据索引；无法证明时弱化并说明口径,需要人工验证
BP-3P-0007.html,BP-3P-0007 · 3-in-3-out (4mm) Rotary Joint,technical_parameter,medium,带数字的商业或技术陈述需要可追溯依据,内部记录、规格书或带日期的统计说明,保留前先建立证据索引；无法证明时弱化并说明口径,需要人工验证
BP-3P-0007.html,Triple-passage G1/8 threaded rotary joint with 4mm orifice for pneumatic and light fluid applications.,certification,high,企业规模、认证或绝对性能陈述会直接影响采购信任,证书、出货记录、客户/国家统计口径、测试报告,保留前先建立证据索引；无法证明时弱化并说明口径,需要人工验证
BP-3P-0007.html,"?78.9 × 63.9 mm, 390 g.",technical_parameter,medium,带数字的商业或技术陈述需要可追溯依据,内部记录、规格书或带日期的统计说明,保留前先建立证据索引；无法证明时弱化并说明口径,需要人工验证
BP-3P-0007.html,Ships in 7 days.,business_metric,medium,带数字的商业或技术陈述需要可追溯依据,内部记录、规格书或带日期的统计说明,保留前先建立证据索引；无法证明时弱化并说明口径,需要人工验证
BP-3P-0007.html,4mm orifice precision flow: Restricted flow prevents oversizing on small vacuum cups and precision grippers — delivers exactly the flow needed without waste,certification,high,企业规模、认证或绝对性能陈述会直接影响采购信任,证书、出货记录、客户/国家统计口径、测试报告,保留前先建立证据索引；无法证明时弱化并说明口径,需要人工验证
BP-3P-0007.html,"Deep groove ball bearing support: ≤2 N·m idle torque with smooth rotation for delicate indexing at 200 RPM, reducing servo motor load and improving positioning accuracy",technical_parameter,medium,工程参数需要型号、测试条件和最大/连续值定义,规格书、图纸、试验条件和批准人,保留前先建立证据索引；无法证明时弱化并说明口径,需要人工验证
BP-3P-0007.html,"Custom order precision: Each unit is 100% pressure tested to zero leakage before shipment, ensuring reliable operation in critical automation cells",certification,high,企业规模、认证或绝对性能陈述会直接影响采购信任,证书、出货记录、客户/国家统计口径、测试报告,保留前先建立证据索引；无法证明时弱化并说明口径,需要人工验证
BP-3P-0007.html,"?78.9 × 63.9 mm, 390 g envelope: Fits robot EOAT and desktop automation where every millimeter and gram matters — smaller than most 2-passage joints",technical_parameter,medium,带数字的商业或技术陈述需要可追溯依据,内部记录、规格书或带日期的统计说明,保留前先建立证据索引；无法证明时弱化并说明口径,需要人工验证
BP-3P-0007.html,BP-3P-0007 is a precision triple-passage G1/8 threaded rotary joint with a 4mm orifice and deep groove ball bearing support.,certification,high,企业规模、认证或绝对性能陈述会直接影响采购信任,证书、出货记录、客户/国家统计口径、测试报告,保留前先建立证据索引；无法证明时弱化并说明口径,需要人工验证
BP-3P-0007.html,Designed for compact automation and robot EOAT applications where low idle torque and zero leakage are critical.,technical_parameter,medium,带数字的商业或技术陈述需要可追溯依据,内部记录、规格书或带日期的统计说明,保留前先建立证据索引；无法证明时弱化并说明口径,需要人工验证
BP-3P-0007.html,Each unit is 100% pressure tested before shipment.,business_metric,medium,带数字的商业或技术陈述需要可追溯依据,内部记录、规格书或带日期的统计说明,保留前先建立证据索引；无法证明时弱化并说明口径,需要人工验证
BP-3P-0007.html,Orifice Size 4 mm,certification,high,企业规模、认证或绝对性能陈述会直接影响采购信任,证书、出货记录、客户/国家统计口径、测试报告,保留前先建立证据索引；无法证明时弱化并说明口径,需要人工验证
BP-3P-0007.html,Stator Connection 3-?6 mm Through-Hole (fixed side),technical_parameter,medium,带数字的商业或技术陈述需要可追溯依据,内部记录、规格书或带日期的统计说明,保留前先建立证据索引；无法证明时弱化并说明口径,需要人工验证
BP-3P-0007.html,Max Pressure 1 MPa (10 bar / 145 psi) — derate to 0.7 MPa for continuous water or coolant duty,technical_parameter,medium,工程参数需要型号、测试条件和最大/连续值定义,规格书、图纸、试验条件和批准人,保留前先建立证据索引；无法证明时弱化并说明口径,需要人工验证
BP-3P-0007.html,Max Speed 200 RPM — derate to 150 RPM for continuous water or coolant,technical_parameter,medium,工程参数需要型号、测试条件和最大/连续值定义,规格书、图纸、试验条件和批准人,保留前先建立证据索引；无法证明时弱化并说明口径,需要人工验证
BP-3P-0007.html,Leakage Zero (100% pressure tested),business_metric,medium,带数字的商业或技术陈述需要可追溯依据,内部记录、规格书或带日期的统计说明,保留前先建立证据索引；无法证明时弱化并说明口径,需要人工验证
BP-3P-0007.html,Operating Temperature -20°C to +80°C,technical_parameter,medium,工程参数需要型号、测试条件和最大/连续值定义,规格书、图纸、试验条件和批准人,保留前先建立证据索引；无法证明时弱化并说明口径,需要人工验证
BP-3P-0007.html,0.39 kg (390 g),business_metric,medium,带数字的商业或技术陈述需要可追溯依据,内部记录、规格书或带日期的统计说明,保留前先建立证据索引；无法证明时弱化并说明口径,需要人工验证
BP-3P-0007.html,Dimensions ?78.9 × 63.9 mm,technical_parameter,medium,带数字的商业或技术陈述需要可追溯依据,内部记录、规格书或带日期的统计说明,保留前先建立证据索引；无法证明时弱化并说明口径,需要人工验证
BP-3P-0007.html,"Service Life ≥8,000 hours (rated conditions)",certification,high,企业规模、认证或绝对性能陈述会直接影响采购信任,证书、出货记录、客户/国家统计口径、测试报告,保留前先建立证据索引；无法证明时弱化并说明口径,需要人工验证
BP-3P-0007.html,"Certifications ISO 9001:2015, CE, RoHS",certification,high,企业规模、认证或绝对性能陈述会直接影响采购信任,证书、出货记录、客户/国家统计口径、测试报告,保留前先建立证据索引；无法证明时弱化并说明口径,需要人工验证
BP-3P-0007.html,AL6061 aluminum body: 6061-T6 aluminum alloy with yield strength 276 MPa and excellent corrosion resistance when anodized.,certification,high,企业规模、认证或绝对性能陈述会直接影响采购信任,证书、出货记录、客户/国家统计口径、测试报告,保留前先建立证据索引；无法证明时弱化并说明口径,需要人工验证
BP-3P-0007.html,The 0.39 kg mass and ?78.9 × 63.9 mm envelope make this ideal for robot EOAT and desktop automation where every gram and millimeter matters.,technical_parameter,medium,带数字的商业或技术陈述需要可追溯依据,内部记录、规格书或带日期的统计说明,保留前先建立证据索引；无法证明时弱化并说明口径,需要人工验证
BP-3P-0007.html,Anodizing thickness is 15–25 microns for corrosion protection.,business_metric,medium,带数字的商业或技术陈述需要可追溯依据,内部记录、规格书或带日期的统计说明,保留前先建立证据索引；无法证明时弱化并说明口径,需要人工验证
BP-3P-0007.html,"Self-lubricating, chemically inert, and rated for -200°C to +260°C.",technical_parameter,medium,工程参数需要型号、测试条件和最大/连续值定义,规格书、图纸、试验条件和批准人,保留前先建立证据索引；无法证明时弱化并说明口径,需要人工验证
BP-3P-0007.html,The bearing reduces seal side load and extends seal life from 6 months to 12+ months under rated conditions.,certification,high,企业规模、认证或绝对性能陈述会直接影响采购信任,证书、出货记录、客户/国家统计口径、测试报告,保留前先建立证据索引；无法证明时弱化并说明口径,需要人工验证
BP-3P-0007.html,Inspect bearing annually for play — replace if radial play exceeds 0.05 mm.,certification,high,企业规模、认证或绝对性能陈述会直接影响采购信任,证书、出货记录、客户/国家统计口径、测试报告,保留前先建立证据索引；无法证明时弱化并说明口径,需要人工验证
BP-3P-0007.html,The 4mm orifice is optimized for small vacuum cups and precision grippers.,certification,high,企业规模、认证或绝对性能陈述会直接影响采购信任,证书、出货记录、客户/国家统计口径、测试报告,保留前先建立证据索引；无法证明时弱化并说明口径,需要人工验证
BP-3P-0007.html,Below are the machine types where this model performs best.,business_metric,medium,带数字的商业或技术陈述需要可追溯依据,内部记录、规格书或带日期的统计说明,保留前先建立证据索引；无法证明时弱化并说明口径,需要人工验证
BP-3P-0007.html,Pressure above 1 MPa — the PTFE seal and AL6061 body are rated to 1 MPa max; use BP-2P-0002 (1.5 MPa) or BP-2P-130-0001 (5 MPa) for higher pressure,technical_parameter,medium,工程参数需要型号、测试条件和最大/连续值定义,规格书、图纸、试验条件和批准人,保留前先建立证据索引；无法证明时弱化并说明口径,需要人工验证
BP-3P-0007.html,Speed above 200 RPM — bearing and seal limits; derate pressure or use a custom high-speed design,technical_parameter,medium,工程参数需要型号、测试条件和最大/连续值定义,规格书、图纸、试验条件和批准人,保留前先建立证据索引；无法证明时弱化并说明口径,需要人工验证
BP-3P-0007.html,High-flow applications — the 4mm orifice restricts flow; use BP-3P-0006 (6mm orifice) or BP-3P-0004 (flange mount) for higher flow requirements,certification,high,企业规模、认证或绝对性能陈述会直接影响采购信任,证书、出货记录、客户/国家统计口径、测试报告,保留前先建立证据索引；无法证明时弱化并说明口径,需要人工验证
BP-3P-0007.html,BP-3P-0007 uses G1/8 BSP parallel (BSPP) threads per ISO 228-1.,certification,medium,带数字的商业或技术陈述需要可追溯依据,内部记录、规格书或带日期的统计说明,保留前先建立证据索引；无法证明时弱化并说明口径,需要人工验证
BP-3P-0007.html,The rotor side has 3× M5 mounting holes; the stator side has 3× ?6 mm through-holes.,technical_parameter,medium,带数字的商业或技术陈述需要可追溯依据,内部记录、规格书或带日期的统计说明,保留前先建立证据索引；无法证明时弱化并说明口径,需要人工验证
BP-3P-0007.html,"Download the 2D drawing for exact thread dimensions, pitch (0.907 mm for G1/8), and tolerances.",certification,high,企业规模、认证或绝对性能陈述会直接影响采购信任,证书、出货记录、客户/国家统计口径、测试报告,保留前先建立证据索引；无法证明时弱化并说明口径,需要人工验证
BP-3P-0007.html,Use a torque wrench — the 0.39 kg aluminum body is less forgiving than steel.,business_metric,medium,带数字的商业或技术陈述需要可追溯依据,内部记录、规格书或带日期的统计说明,保留前先建立证据索引；无法证明时弱化并说明口径,需要人工验证
BP-3P-0007.html,The 4mm orifice will restrict flow — verify your application's flow requirement is <50 L/min at 0.6 MPa.,certification,high,企业规模、认证或绝对性能陈述会直接影响采购信任,证书、出货记录、客户/国家统计口径、测试报告,保留前先建立证据索引；无法证明时弱化并说明口径,需要人工验证
BP-3P-0007.html,Run at low pressure (0.2 MPa) and low speed (50–100 RPM) for 5 minutes without load.,technical_parameter,medium,工程参数需要型号、测试条件和最大/连续值定义,规格书、图纸、试验条件和批准人,保留前先建立证据索引；无法证明时弱化并说明口径,需要人工验证
BP-3P-0007.html,"If dry and quiet, gradually increase to operating pressure and speed over 10 minutes.",business_metric,medium,带数字的商业或技术陈述需要可追溯依据,内部记录、规格书或带日期的统计说明,保留前先建立证据索引；无法证明时弱化并说明口径,需要人工验证
BP-3P-0007.html,"Air duty, 8-hour shift: Inspect every 6 months, replace seal every 10–12 months, check bearing play annually",certification,high,企业规模、认证或绝对性能陈述会直接影响采购信任,证书、出货记录、客户/国家统计口径、测试报告,保留前先建立证据索引；无法证明时弱化并说明口径,需要人工验证
BP-3P-0007.html,"Water or coolant duty: Inspect every 4 months for corrosion, replace seal every 8–10 months, check bearing for moisture ingress",certification,high,企业规模、认证或绝对性能陈述会直接影响采购信任,证书、出货记录、客户/国家统计口径、测试报告,保留前先建立证据索引；无法证明时弱化并说明口径,需要人工验证
BP-3P-0007.html,"High-cycle applications (1,000+ cycles/day): Replace seal every 6–8 months, inspect bearing every 4 months",certification,high,企业规模、认证或绝对性能陈述会直接影响采购信任,证书、出货记录、客户/国家统计口径、测试报告,保留前先建立证据索引；无法证明时弱化并说明口径,需要人工验证
BP-3P-0007.html,"Full dimensions, tolerances, G1/8 thread specs, 4mm orifice details, 3-M5 rotor mounting pattern, ?6 mm stator through-holes, bearing specs, and seal groove details.",certification,high,企业规模、认证或绝对性能陈述会直接影响采购信任,证书、出货记录、客户/国家统计口径、测试报告,保留前先建立证据索引；无法证明时弱化并说明口径,需要人工验证
BP-3P-0007.html,"Includes exact G1/8 thread geometry, 4mm orifice paths, 3-M5 mounting pattern, and deep groove ball bearing envelope.",certification,high,企业规模、认证或绝对性能陈述会直接影响采购信任,证书、出货记录、客户/国家统计口径、测试报告,保留前先建立证据索引；无法证明时弱化并说明口径,需要人工验证
BP-3P-0007.html,"AL6061 material traceability, hardness test report, bearing specification, and RoHS compliance certificate.",certification,high,企业规模、认证或绝对性能陈述会直接影响采购信任,证书、出货记录、客户/国家统计口径、测试报告,保留前先建立证据索引；无法证明时弱化并说明口径,需要人工验证
BP-3P-0007.html,"Single air line, handheld tool, weight critical ❌ Overkill — 0.39 kg, 3 passages BP-1P-0003 0.08 kg aluminum, single passage, lower cost",business_metric,medium,带数字的商业或技术陈述需要可追溯依据,内部记录、规格书或带日期的统计说明,保留前先建立证据索引；无法证明时弱化并说明口径,需要人工验证
BP-3P-0007.html,"Dual air lines, 1 MPa, general automation ⚠️ Fewer passages needed BP-2P-0002 Same G1/8 thread, 1.5 MPa, dual passage",technical_parameter,medium,工程参数需要型号、测试条件和最大/连续值定义,规格书、图纸、试验条件和批准人,保留前先建立证据索引；无法证明时弱化并说明口径,需要人工验证
BP-3P-0007.html,"Triple lines, G1/8 thread, compact, 4mm orifice ✅ Perfect — —",certification,high,企业规模、认证或绝对性能陈述会直接影响采购信任,证书、出货记录、客户/国家统计口径、测试报告,保留前先建立证据索引；无法证明时弱化并说明口径,需要人工验证
BP-3P-0007.html,"Triple lines, G1/4 larger thread, 6mm orifice ❌ Wrong size BP-3P-0006 G1/4 thread, 6mm orifice, ?64 × 78 mm for higher flow",certification,high,企业规模、认证或绝对性能陈述会直接影响采购信任,证书、出货记录、客户/国家统计口径、测试报告,保留前先建立证据索引；无法证明时弱化并说明口径,需要人工验证
BP-3P-0007.html,"Pressure >1.0 MPa (e.g., 1.5 MPa hydraulic) ❌ Over pressure BP-2P-130-0001 5 MPa rated, flange mount, heavy duty",technical_parameter,medium,工程参数需要型号、测试条件和最大/连续值定义,规格书、图纸、试验条件和批准人,保留前先建立证据索引；无法证明时弱化并说明口径,需要人工验证
BP-3P-0007.html,"The compact 0.39 kg body has less material than larger joints, making it less forgiving of over-torque.",technical_parameter,medium,带数字的商业或技术陈述需要可追溯依据,内部记录、规格书或带日期的统计说明,保留前先建立证据索引；无法证明时弱化并说明口径,需要人工验证
BP-3P-0007.html,Mistake 2: Ignoring the 4mm orifice flow limit,certification,high,企业规模、认证或绝对性能陈述会直接影响采购信任,证书、出货记录、客户/国家统计口径、测试报告,保留前先建立证据索引；无法证明时弱化并说明口径,需要人工验证
BP-3P-0007.html,A machine builder tries to run a large vacuum cup (80 mm diameter) through BP-3P-0007's 4mm orifice.,certification,high,企业规模、认证或绝对性能陈述会直接影响采购信任,证书、出货记录、客户/国家统计口径、测试报告,保留前先建立证据索引；无法证明时弱化并说明口径,需要人工验证
BP-3P-0007.html,"The orifice restricts flow to 30 L/min at 0.6 MPa, but the cup needs 60 L/min.",certification,high,企业规模、认证或绝对性能陈述会直接影响采购信任,证书、出货记录、客户/国家统计口径、测试报告,保留前先建立证据索引；无法证明时弱化并说明口径,需要人工验证
BP-3P-0007.html,Rule: Verify your flow requirement is <50 L/min per passage at 0.6 MPa.,technical_parameter,medium,工程参数需要型号、测试条件和最大/连续值定义,规格书、图纸、试验条件和批准人,保留前先建立证据索引；无法证明时弱化并说明口径,需要人工验证
BP-3P-0007.html,"For higher flow, use BP-3P-0006 (6mm orifice) or BP-3P-0004 (flange mount with larger passages).",certification,high,企业规模、认证或绝对性能陈述会直接影响采购信任,证书、出货记录、客户/国家统计口径、测试报告,保留前先建立证据索引；无法证明时弱化并说明口径,需要人工验证
BP-3P-0007.html,"Within 3 months, the bearing develops play >0.05 mm, increasing idle torque from 2 N·m to 5 N·m.",technical_parameter,medium,带数字的商业或技术陈述需要可追溯依据,内部记录、规格书或带日期的统计说明,保留前先建立证据索引；无法证明时弱化并说明口径,需要人工验证
BP-3P-0007.html,"Dual passage, G1/8 threaded, 1.5 MPa.",technical_parameter,medium,工程参数需要型号、测试条件和最大/连续值定义,规格书、图纸、试验条件和批准人,保留前先建立证据索引；无法证明时弱化并说明口径,需要人工验证
BP-3P-0007.html,"1-in-6-out, 4mm orifice, G1/8 thread.",certification,high,企业规模、认证或绝对性能陈述会直接影响采购信任,证书、出货记录、客户/国家统计口径、测试报告,保留前先建立证据索引；无法证明时弱化并说明口径,需要人工验证
BP-3P-0007.html,"Same 3 passages, flange mount, 1.0 MPa.",technical_parameter,medium,工程参数需要型号、测试条件和最大/连续值定义,规格书、图纸、试验条件和批准人,保留前先建立证据索引；无法证明时弱化并说明口径,需要人工验证
BP-3P-0007.html,"Same 3 passages, G1/4 thread, 6mm orifice.",certification,high,企业规模、认证或绝对性能陈述会直接影响采购信任,证书、出货记录、客户/国家统计口径、测试报告,保留前先建立证据索引；无法证明时弱化并说明口径,需要人工验证
BP-3P-0007.html,Each unit is 100% pressure tested to zero leakage before shipment as part of the custom order process.,certification,high,企业规模、认证或绝对性能陈述会直接影响采购信任,证书、出货记录、客户/国家统计口径、测试报告,保留前先建立证据索引；无法证明时弱化并说明口径,需要人工验证
BP-3P-0007.html,All versions are manufactured under ISO 9001:2015 quality management and carry CE and RoHS certifications.,certification,high,企业规模、认证或绝对性能陈述会直接影响采购信任,证书、出货记录、客户/国家统计口径、测试报告,保留前先建立证据索引；无法证明时弱化并说明口径,需要人工验证
BP-3P-0007.html,"For continuous water duty, derate pressure to 0.7 MPa and speed to 150 RPM to reduce seal wear.",certification,high,企业规模、认证或绝对性能陈述会直接影响采购信任,证书、出货记录、客户/国家统计口径、测试报告,保留前先建立证据索引；无法证明时弱化并说明口径,需要人工验证
BP-3P-0007.html,BP-3P-0007 uses G1/8 BSP parallel (BSPP) threads per ISO 228-1 with 0.907 mm pitch.,certification,medium,带数字的商业或技术陈述需要可追溯依据,内部记录、规格书或带日期的统计说明,保留前先建立证据索引；无法证明时弱化并说明口径,需要人工验证
BP-3P-0007.html,The rotor side uses 3-M5 mounting holes and the stator side uses 3-?6 mm through-holes.,technical_parameter,medium,带数字的商业或技术陈述需要可追溯依据,内部记录、规格书或带日期的统计说明,保留前先建立证据索引；无法证明时弱化并说明口径,需要人工验证
BP-3P-0007.html,"The file includes exact G1/8 thread geometry, 4mm orifice paths, 3-M5 rotor mounting pattern, ?6 mm stator through-holes, deep groove ball bearing envelope, and the 0.39 kg AL6061 body.",certification,high,企业规模、认证或绝对性能陈述会直接影响采购信任,证书、出货记录、客户/国家统计口径、测试报告,保留前先建立证据索引；无法证明时弱化并说明口径,需要人工验证
BP-3P-0007.html,"We do not post 3D files publicly to protect our designs, but every qualified inquiry receives the file within 24 hours.",certification,high,企业规模、认证或绝对性能陈述会直接影响采购信任,证书、出货记录、客户/国家统计口径、测试报告,保留前先建立证据索引；无法证明时弱化并说明口径,需要人工验证
BP-3P-0007.html,"Upgrade when your application exceeds the 1 MPa pressure limit, 200 RPM speed limit, 4mm orifice flow capacity, or needs a different mounting style.",certification,high,企业规模、认证或绝对性能陈述会直接影响采购信任,证书、出货记录、客户/国家统计口径、测试报告,保留前先建立证据索引；无法证明时弱化并说明口径,需要人工验证
BP-3P-0007.html,Common triggers: (1) Your pressure requirement rises above 1.0 MPa — BP-2P-130-0001 handles 5 MPa with flange mount.,technical_parameter,medium,工程参数需要型号、测试条件和最大/连续值定义,规格书、图纸、试验条件和批准人,保留前先建立证据索引；无法证明时弱化并说明口径,需要人工验证
BP-3P-0007.html,(2) You need higher flow than the 4mm orifice allows — BP-3P-0006 offers 6mm orifice with G1/4 thread.,certification,high,企业规模、认证或绝对性能陈述会直接影响采购信任,证书、出货记录、客户/国家统计口径、测试报告,保留前先建立证据索引；无法证明时弱化并说明口径,需要人工验证
BP-3P-0007.html,Typical custom lead time: 10–14 days.,business_metric,medium,带数字的商业或技术陈述需要可追溯依据,内部记录、规格书或带日期的统计说明,保留前先建立证据索引；无法证明时弱化并说明口径,需要人工验证
BP-3P-0007.html,"Technical Note: All pressure ratings, speed ratings, and material specifications referenced on this page are based on Begapunk BP-series standard pneumatic rotary joints tested under controlled laboratory conditions.",certification,high,企业规模、认证或绝对性能陈述会直接影响采购信任,证书、出货记录、客户/国家统计口径、测试报告,保留前先建立证据索引；无法证明时弱化并说明口径,需要人工验证
BP-3P-0007.html,"For applications outside standard ratings — including high-pressure hydraulic above 1 MPa, continuous water immersion, food-grade, or cleanroom environments — consult Begapunk factory engineering before specification.",technical_parameter,medium,工程参数需要型号、测试条件和最大/连续值定义,规格书、图纸、试验条件和批准人,保留前先建立证据索引；无法证明时弱化并说明口径,需要人工验证
BP-3P-S06-0001.html,Ships in 7 days.,business_metric,medium,带数字的商业或技术陈述需要可追溯依据,内部记录、规格书或带日期的统计说明,保留前先建立证据索引；无法证明时弱化并说明口径,需要人工验证
BP-3P-S06-0001.html,"Compact for dense automation: At Ø54 x 99.8 mm and 0.41 kg, it fits small rotary tables and indexing fixtures where space between stations is limited",certification,high,企业规模、认证或绝对性能陈述会直接影响采购信任,证书、出货记录、客户/国家统计口径、测试报告,保留前先建立证据索引；无法证明时弱化并说明口径,需要人工验证
BP-3P-S06-0001.html,"Zero leakage guarantee: Every unit is 100% pressure tested before shipment at 1.0 MPa for 60 seconds — no leaks, no exceptions",certification,high,企业规模、认证或绝对性能陈述会直接影响采购信任,证书、出货记录、客户/国家统计口径、测试报告,保留前先建立证据索引；无法证明时弱化并说明口径,需要人工验证
BP-3P-S06-0001.html,"Gold-plated contacts for signal integrity: 6 circuits rated 2A at 24V DC / 250V AC with gold-plated copper alloy contacts ensure stable power and data transmission through 8,000+ hours",business_metric,medium,带数字的商业或技术陈述需要可追溯依据,内部记录、规格书或带日期的统计说明,保留前先建立证据索引；无法证明时弱化并说明口径,需要人工验证
BP-3P-S06-0001.html,Max Pressure 1 MPa (10 bar / 145 psi),technical_parameter,medium,工程参数需要型号、测试条件和最大/连续值定义,规格书、图纸、试验条件和批准人,保留前先建立证据索引；无法证明时弱化并说明口径,需要人工验证
BP-3P-S06-0001.html,Max Speed 200 RPM,technical_parameter,medium,工程参数需要型号、测试条件和最大/连续值定义,规格书、图纸、试验条件和批准人,保留前先建立证据索引；无法证明时弱化并说明口径,需要人工验证
BP-3P-S06-0001.html,Leakage Zero leakage (100% pressure tested),business_metric,medium,带数字的商业或技术陈述需要可追溯依据,内部记录、规格书或带日期的统计说明,保留前先建立证据索引；无法证明时弱化并说明口径,需要人工验证
BP-3P-S06-0001.html,Electrical Specifications (S06 — 6 Circuits),business_metric,medium,带数字的商业或技术陈述需要可追溯依据,内部记录、规格书或带日期的统计说明,保留前先建立证据索引；无法证明时弱化并说明口径,需要人工验证
BP-3P-S06-0001.html,Electrical Circuits 6 circuits (2A max per circuit),business_metric,medium,带数字的商业或技术陈述需要可追溯依据,内部记录、规格书或带日期的统计说明,保留前先建立证据索引；无法证明时弱化并说明口径,需要人工验证
BP-3P-S06-0001.html,Operating Temperature -20°C to +80°C,technical_parameter,medium,工程参数需要型号、测试条件和最大/连续值定义,规格书、图纸、试验条件和批准人,保留前先建立证据索引；无法证明时弱化并说明口径,需要人工验证
BP-3P-S06-0001.html,0.41 kg (410 g),business_metric,medium,带数字的商业或技术陈述需要可追溯依据,内部记录、规格书或带日期的统计说明,保留前先建立证据索引；无法证明时弱化并说明口径,需要人工验证
BP-3P-S06-0001.html,Dimensions Ø54 x 99.8 mm,technical_parameter,medium,带数字的商业或技术陈述需要可追溯依据,内部记录、规格书或带日期的统计说明,保留前先建立证据索引；无法证明时弱化并说明口径,需要人工验证
BP-3P-S06-0001.html,"Service Life 8,000 hours (rated conditions)",certification,high,企业规模、认证或绝对性能陈述会直接影响采购信任,证书、出货记录、客户/国家统计口径、测试报告,保留前先建立证据索引；无法证明时弱化并说明口径,需要人工验证
BP-3P-S06-0001.html,"Certifications ISO 9001:2015, CE, RoHS",certification,high,企业规模、认证或绝对性能陈述会直接影响采购信任,证书、出货记录、客户/国家统计口径、测试报告,保留前先建立证据索引；无法证明时弱化并说明口径,需要人工验证
BP-3P-S06-0001.html,AL6061 Aluminum Alloy body: T6 temper aluminum with yield strength 276 MPa and excellent machinability.,certification,high,企业规模、认证或绝对性能陈述会直接影响采购信任,证书、出货记录、客户/国家统计口径、测试报告,保留前先建立证据索引；无法证明时弱化并说明口径,需要人工验证
BP-3P-S06-0001.html,"At 0.41 kg, it is 60% lighter than an equivalent steel body, reducing inertia on indexing tables.",business_metric,medium,带数字的商业或技术陈述需要可追溯依据,内部记录、规格书或带日期的统计说明,保留前先建立证据索引；无法证明时弱化并说明口径,需要人工验证
BP-3P-S06-0001.html,"Graphite improves thermal conductivity, preventing localized overheating at 200 RPM.",technical_parameter,medium,工程参数需要型号、测试条件和最大/连续值定义,规格书、图纸、试验条件和批准人,保留前先建立证据索引；无法证明时弱化并说明口径,需要人工验证
BP-3P-S06-0001.html,"PEEK seal option: For applications involving aggressive synthetic coolant or temperatures approaching +80°C, PEEK (Polyether Ether Ketone) offers higher mechanical strength and chemical resistance than PTFE.",certification,high,企业规模、认证或绝对性能陈述会直接影响采购信任,证书、出货记录、客户/国家统计口径、测试报告,保留前先建立证据索引；无法证明时弱化并说明口径,需要人工验证
BP-3P-S06-0001.html,"Rated for 8,000+ hours at 200 RPM under clean conditions.",technical_parameter,medium,工程参数需要型号、测试条件和最大/连续值定义,规格书、图纸、试验条件和批准人,保留前先建立证据索引；无法证明时弱化并说明口径,需要人工验证
BP-3P-S06-0001.html,Pressure above 1.0 MPa — the AL6061 body and M5 port threads are rated for 1 MPa maximum; higher pressure requires BP-2P-0002 (1.5 MPa) or custom steel-body design,technical_parameter,medium,工程参数需要型号、测试条件和最大/连续值定义,规格书、图纸、试验条件和批准人,保留前先建立证据索引；无法证明时弱化并说明口径,需要人工验证
BP-3P-S06-0001.html,"Continuous speed above 200 RPM — centrifugal force on the slip ring brushes and seal friction heat limit continuous operation to 200 RPM; for 300+ RPM, specify high-speed slip ring option",certification,high,企业规模、认证或绝对性能陈述会直接影响采购信任,证书、出货记录、客户/国家统计口径、测试报告,保留前先建立证据索引；无法证明时弱化并说明口径,需要人工验证
BP-3P-S06-0001.html,"Operating temperature above +80°C — standard insulation and seal materials are rated to +80°C; for 120°C environments, specify high-temp PTFE or PEEK seal",technical_parameter,medium,工程参数需要型号、测试条件和最大/连续值定义,规格书、图纸、试验条件和批准人,保留前先建立证据索引；无法证明时弱化并说明口径,需要人工验证
BP-3P-S06-0001.html,Also verify the electrical pinout — the S06 slip ring has 6 circuits with color-coded wires.,business_metric,medium,带数字的商业或技术陈述需要可追溯依据,内部记录、规格书或带日期的统计说明,保留前先建立证据索引；无法证明时弱化并说明口径,需要人工验证
BP-3P-S06-0001.html,Use flexible polyurethane tubing (4×2.5 mm or 6×4 mm) with push-to-connect M5 fittings.,technical_parameter,medium,带数字的商业或技术陈述需要可追溯依据,内部记录、规格书或带日期的统计说明,保留前先建立证据索引；无法证明时弱化并说明口径,需要人工验证
BP-3P-S06-0001.html,"For electrical connections, leave 50–80 mm slack in wires to accommodate rotation.",technical_parameter,medium,带数字的商业或技术陈述需要可追溯依据,内部记录、规格书或带日期的统计说明,保留前先建立证据索引；无法证明时弱化并说明口径,需要人工验证
BP-3P-S06-0001.html,Run at low pressure (0.2 MPa) and low speed (50 RPM) for 5 minutes without load.,technical_parameter,medium,工程参数需要型号、测试条件和最大/连续值定义,规格书、图纸、试验条件和批准人,保留前先建立证据索引；无法证明时弱化并说明口径,需要人工验证
BP-3P-S06-0001.html,Test electrical continuity across all 6 circuits with a multimeter — resistance should be <0.1 Ω per circuit.,certification,high,企业规模、认证或绝对性能陈述会直接影响采购信任,证书、出货记录、客户/国家统计口径、测试报告,保留前先建立证据索引；无法证明时弱化并说明口径,需要人工验证
BP-3P-S06-0001.html,"Air duty, 8-hour shift: Inspect pneumatic seals every 6 months, test electrical continuity every 6 months, replace seal every 10–12 months",certification,high,企业规模、认证或绝对性能陈述会直接影响采购信任,证书、出货记录、客户/国家统计口径、测试报告,保留前先建立证据索引；无法证明时弱化并说明口径,需要人工验证
BP-3P-S06-0001.html,"Water or coolant duty: Inspect every 4 months for corrosion at M5 ports, replace seal every 8–10 months, check slip ring insulation resistance every 6 months",certification,high,企业规模、认证或绝对性能陈述会直接影响采购信任,证书、出货记录、客户/国家统计口径、测试报告,保留前先建立证据索引；无法证明时弱化并说明口径,需要人工验证
BP-3P-S06-0001.html,"High-cycle indexing (1,000+ cycles/day): Replace PTFE seal every 6–8 months, inspect slip ring brushes for wear every 4 months",certification,high,企业规模、认证或绝对性能陈述会直接影响采购信任,证书、出货记录、客户/国家统计口径、测试报告,保留前先建立证据索引；无法证明时弱化并说明口径,需要人工验证
BP-3P-S06-0001.html,"AL6061 material traceability, anodizing thickness report, hardness test, and RoHS compliance certificate.",certification,high,企业规模、认证或绝对性能陈述会直接影响采购信任,证书、出货记录、客户/国家统计口径、测试报告,保留前先建立证据索引；无法证明时弱化并说明口径,需要人工验证
BP-3P-S06-0001.html,"Pressure >1.0 MPa (e.g., 1.2 MPa hydraulic) ❌ Over pressure rating BP-2P-0002 1.5 MPa rated, steel body, threaded mount for higher pressure",technical_parameter,medium,工程参数需要型号、测试条件和最大/连续值定义,规格书、图纸、试验条件和批准人,保留前先建立证据索引；无法证明时弱化并说明口径,需要人工验证
BP-3P-S06-0001.html,More than 6 electrical circuits ❌ Too few circuits Custom S12 / S24 12 or 24 circuits with same 3 pneumatic passages; 5-day custom lead time,business_metric,medium,带数字的商业或技术陈述需要可追溯依据,内部记录、规格书或带日期的统计说明,保留前先建立证据索引；无法证明时弱化并说明口径,需要人工验证
BP-3P-S06-0001.html,A technician uses a 10 mm wrench and applies 4–5 N·m on an M5 fitting rated for 1.5–2.0 N·m.,technical_parameter,medium,带数字的商业或技术陈述需要可追溯依据,内部记录、规格书或带日期的统计说明,保留前先建立证据索引；无法证明时弱化并说明口径,需要人工验证
BP-3P-S06-0001.html,"Within 3 months, resistance rises from 0.05 Ω to 2.1 Ω, and the sensor drops out intermittently.",certification,high,企业规模、认证或绝对性能陈述会直接影响采购信任,证书、出货记录、客户/国家统计口径、测试报告,保留前先建立证据索引；无法证明时弱化并说明口径,需要人工验证
BP-3P-S06-0001.html,A maintenance team installs BP-3P-S06-0001 on a packaging rotary table and immediately runs it at 0.8 MPa and 150 RPM.,certification,high,企业规模、认证或绝对性能陈述会直接影响采购信任,证书、出货记录、客户/国家统计口径、测试报告,保留前先建立证据索引；无法证明时弱化并说明口径,需要人工验证
BP-3P-S06-0001.html,"Within 2 weeks, air leaks at passage 2, and circuit 4 shows intermittent open-circuit.",business_metric,medium,带数字的商业或技术陈述需要可追溯依据,内部记录、规格书或带日期的统计说明,保留前先建立证据索引；无法证明时弱化并说明口径,需要人工验证
BP-3P-S06-0001.html,Rule: Run at 0.2 MPa and 50 RPM for 5 minutes before full operation.,technical_parameter,medium,工程参数需要型号、测试条件和最大/连续值定义,规格书、图纸、试验条件和批准人,保留前先建立证据索引；无法证明时弱化并说明口径,需要人工验证
BP-3P-S06-0001.html,Test all 6 circuits with a multimeter during run-in.,business_metric,medium,带数字的商业或技术陈述需要可追溯依据,内部记录、规格书或带日期的统计说明,保留前先建立证据索引；无法证明时弱化并说明口径,需要人工验证
BP-3P-S06-0001.html,"This beds the seal and seats the brushes, extending life from 6 months to 12+ months.",business_metric,medium,带数字的商业或技术陈述需要可追溯依据,内部记录、规格书或带日期的统计说明,保留前先建立证据索引；无法证明时弱化并说明口径,需要人工验证
BP-3P-S06-0001.html,Same 3 passages with 4 mm orifice for higher flow rate applications.,certification,high,企业规模、认证或绝对性能陈述会直接影响采购信任,证书、出货记录、客户/国家统计口径、测试报告,保留前先建立证据索引；无法证明时弱化并说明口径,需要人工验证
BP-3P-S06-0001.html,"Dual passage, flange mount, 1.0 MPa.",technical_parameter,medium,工程参数需要型号、测试条件和最大/连续值定义,规格书、图纸、试验条件和批准人,保留前先建立证据索引；无法证明时弱化并说明口径,需要人工验证
BP-3P-S06-0001.html,"This eliminates the need to mount a separate slip ring alongside the rotary joint, saving Ø20–30 mm of axial space and reducing wiring complexity.",certification,high,企业规模、认证或绝对性能陈述会直接影响采购信任,证书、出货记录、客户/国家统计口径、测试报告,保留前先建立证据索引；无法证明时弱化并说明口径,需要人工验证
BP-3P-S06-0001.html,Both use AL6061 body with PTFE seal and share the same 1 MPa / 200 RPM ratings.,technical_parameter,medium,工程参数需要型号、测试条件和最大/连续值定义,规格书、图纸、试验条件和批准人,保留前先建立证据索引；无法证明时弱化并说明口径,需要人工验证
BP-3P-S06-0001.html,All versions are ISO9001 certified.,certification,high,企业规模、认证或绝对性能陈述会直接影响采购信任,证书、出货记录、客户/国家统计口径、测试报告,保留前先建立证据索引；无法证明时弱化并说明口径,需要人工验证
BP-3P-S06-0001.html,"For continuous water duty, derate pressure to 0.7 MPa and speed to 150 RPM to reduce seal wear and prevent slip ring moisture ingress.",certification,high,企业规模、认证或绝对性能陈述会直接影响采购信任,证书、出货记录、客户/国家统计口径、测试报告,保留前先建立证据索引；无法证明时弱化并说明口径,需要人工验证
BP-3P-S06-0001.html,"The integrated S06 slip ring provides 6 circuits rated at 2A max per circuit, supporting 24V DC or 250V AC.",business_metric,medium,带数字的商业或技术陈述需要可追溯依据,内部记录、规格书或带日期的统计说明,保留前先建立证据索引；无法证明时弱化并说明口径,需要人工验证
BP-3P-S06-0001.html,"We do not post 3D files publicly to protect our designs, but every qualified inquiry receives the file within 24 hours.",certification,high,企业规模、认证或绝对性能陈述会直接影响采购信任,证书、出货记录、客户/国家统计口径、测试报告,保留前先建立证据索引；无法证明时弱化并说明口径,需要人工验证
BP-3P-S06-0001.html,(3) Your pressure requirement exceeds 1.0 MPa — BP-2P-0002 handles 1.5 MPa with a steel body.,certification,high,企业规模、认证或绝对性能陈述会直接影响采购信任,证书、出货记录、客户/国家统计口径、测试报告,保留前先建立证据索引；无法证明时弱化并说明口径,需要人工验证
BP-3P-S06-0001.html,Typical custom lead time: 10–14 days.,business_metric,medium,带数字的商业或技术陈述需要可追溯依据,内部记录、规格书或带日期的统计说明,保留前先建立证据索引；无法证明时弱化并说明口径,需要人工验证
BP-3P-S06-0001.html,"Technical Note: All pressure ratings, speed ratings, and material specifications referenced on this page are based on Begapunk BP-series standard pneumatic rotary joints tested under controlled laboratory conditions.",certification,high,企业规模、认证或绝对性能陈述会直接影响采购信任,证书、出货记录、客户/国家统计口径、测试报告,保留前先建立证据索引；无法证明时弱化并说明口径,需要人工验证
BP-4P-30-0001.html,Ships in 7 days.,business_metric,medium,带数字的商业或技术陈述需要可追溯依据,内部记录、规格书或带日期的统计说明,保留前先建立证据索引；无法证明时弱化并说明口径,需要人工验证
BP-4P-30-0001.html,"Ø30mm hollow bore for cable or shaft through-center: Cables, pneumatic tubing, or a central drive shaft pass through the 30 mm bore — eliminating external cable drag chains and reducing machine footprint by 20–30%",certification,high,企业规模、认证或绝对性能陈述会直接影响采购信任,证书、出货记录、客户/国家统计口径、测试报告,保留前先建立证据索引；无法证明时弱化并说明口径,需要人工验证
BP-4P-30-0001.html,"Rigid AL6061 flange mount at 0.943 kg: The anodized aluminum body provides high stiffness for stationary mounting on machine frames, while the flange interface absorbs side loads from 4 connected hoses",certification,high,企业规模、认证或绝对性能陈述会直接影响采购信任,证书、出货记录、客户/国家统计口径、测试报告,保留前先建立证据索引；无法证明时弱化并说明口径,需要人工验证
BP-4P-30-0001.html,"80 RPM optimized for high-torque duty cycles: Seal geometry and bearing preload are tuned for low-speed, high-duty indexing tables — not high-speed spinners — giving maximum seal contact stability",technical_parameter,medium,工程参数需要型号、测试条件和最大/连续值定义,规格书、图纸、试验条件和批准人,保留前先建立证据索引；无法证明时弱化并说明口径,需要人工验证
BP-4P-30-0001.html,Max Pressure 1 MPa (10 bar / 145 psi),technical_parameter,medium,工程参数需要型号、测试条件和最大/连续值定义,规格书、图纸、试验条件和批准人,保留前先建立证据索引；无法证明时弱化并说明口径,需要人工验证
BP-4P-30-0001.html,Max Speed 80 RPM,technical_parameter,medium,工程参数需要型号、测试条件和最大/连续值定义,规格书、图纸、试验条件和批准人,保留前先建立证据索引；无法证明时弱化并说明口径,需要人工验证
BP-4P-30-0001.html,Operating Temperature -20°C to +80°C,technical_parameter,medium,工程参数需要型号、测试条件和最大/连续值定义,规格书、图纸、试验条件和批准人,保留前先建立证据索引；无法证明时弱化并说明口径,需要人工验证
BP-4P-30-0001.html,"Certifications ISO 9001:2015, CE, RoHS",certification,high,企业规模、认证或绝对性能陈述会直接影响采购信任,证书、出货记录、客户/国家统计口径、测试报告,保留前先建立证据索引；无法证明时弱化并说明口径,需要人工验证
BP-4P-30-0001.html,AL6061 Aluminum Alloy body: T6 temper with yield strength 276 MPa and hardness 95 HB.,technical_parameter,medium,工程参数需要型号、测试条件和最大/连续值定义,规格书、图纸、试验条件和批准人,保留前先建立证据索引；无法证明时弱化并说明口径,需要人工验证
BP-4P-30-0001.html,"At 0.943 kg, the body is rigid enough for flange mounting on steel machine frames without flexing under 1 MPa internal pressure.",technical_parameter,medium,工程参数需要型号、测试条件和最大/连续值定义,规格书、图纸、试验条件和批准人,保留前先建立证据索引；无法证明时弱化并说明口径,需要人工验证
BP-4P-30-0001.html,The Si3N4 option adds 5–7 days lead time and is recommended only for abrasive or high-wear environments.,technical_parameter,medium,带数字的商业或技术陈述需要可追溯依据,内部记录、规格书或带日期的统计说明,保留前先建立证据索引；无法证明时弱化并说明口径,需要人工验证
BP-4P-30-0001.html,Below are the machine types where this model performs best.,business_metric,medium,带数字的商业或技术陈述需要可追溯依据,内部记录、规格书或带日期的统计说明,保留前先建立证据索引；无法证明时弱化并说明口径,需要人工验证
BP-4P-30-0001.html,Continuous speed above 80 RPM — the seal geometry and bearing preload are optimized for low-speed indexing; sustained operation above 80 RPM generates excessive heat at the Si3N4/PTFE interface and accelerates wear,certification,high,企业规模、认证或绝对性能陈述会直接影响采购信任,证书、出货记录、客户/国家统计口径、测试报告,保留前先建立证据索引；无法证明时弱化并说明口径,需要人工验证
BP-4P-30-0001.html,Pressure above 1.0 MPa — the AL6061 flange and Ø30mm bore structure are rated for 1 MPa maximum; higher pressure requires a steel-body custom design with thicker wall sections,technical_parameter,medium,工程参数需要型号、测试条件和最大/连续值定义,规格书、图纸、试验条件和批准人,保留前先建立证据索引；无法证明时弱化并说明口径,需要人工验证
BP-4P-30-0001.html,"Operating temperature above +80°C — standard PTFE matrix softens above 80°C, reducing seal contact pressure; for 120°C applications, specify PEEK or high-temp PTFE seal",technical_parameter,medium,工程参数需要型号、测试条件和最大/连续值定义,规格书、图纸、试验条件和批准人,保留前先建立证据索引；无法证明时弱化并说明口径,需要人工验证
BP-4P-30-0001.html,Confirm your equipment flange has bolt holes matching the BP-4P-30-0001 flange pattern and that the central shaft or cable bundle is concentric within ±0.1 mm.,certification,high,企业规模、认证或绝对性能陈述会直接影响采购信任,证书、出货记录、客户/国家统计口径、测试报告,保留前先建立证据索引；无法证明时弱化并说明口径,需要人工验证
BP-4P-30-0001.html,"Eccentric mounting >0.2 mm creates cyclic side load on the seal, causing leak paths within 200 hours of operation.",certification,high,企业规模、认证或绝对性能陈述会直接影响采购信任,证书、出货记录、客户/国家统计口径、测试报告,保留前先建立证据索引；无法证明时弱化并说明口径,需要人工验证
BP-4P-30-0001.html,Use flexible polyurethane or nylon hoses (6×4 mm or 8×5 mm) to connect the 4 passages.,technical_parameter,medium,带数字的商业或技术陈述需要可追溯依据,内部记录、规格书或带日期的统计说明,保留前先建立证据索引；无法证明时弱化并说明口径,需要人工验证
BP-4P-30-0001.html,Run at low pressure (0.2 MPa) and low speed (20 RPM) for 5 minutes without load.,technical_parameter,medium,工程参数需要型号、测试条件和最大/连续值定义,规格书、图纸、试验条件和批准人,保留前先建立证据索引；无法证明时弱化并说明口径,需要人工验证
BP-4P-30-0001.html,"If dry, gradually increase to operating pressure and speed over 10 minutes.",business_metric,medium,带数字的商业或技术陈述需要可追溯依据,内部记录、规格书或带日期的统计说明,保留前先建立证据索引；无法证明时弱化并说明口径,需要人工验证
BP-4P-30-0001.html,"Air duty, 8-hour shift: Inspect all 4 passages every 6 months, replace seal every 10–12 months",certification,high,企业规模、认证或绝对性能陈述会直接影响采购信任,证书、出货记录、客户/国家统计口径、测试报告,保留前先建立证据索引；无法证明时弱化并说明口径,需要人工验证
BP-4P-30-0001.html,"Water or coolant duty: Inspect every 4 months for corrosion at ports, replace seal every 8–10 months",certification,high,企业规模、认证或绝对性能陈述会直接影响采购信任,证书、出货记录、客户/国家统计口径、测试报告,保留前先建立证据索引；无法证明时弱化并说明口径,需要人工验证
BP-4P-30-0001.html,"Abrasive coolant or contaminated oil: Inspect every 3 months for seal wear, replace seal every 6–8 months",certification,high,企业规模、认证或绝对性能陈述会直接影响采购信任,证书、出货记录、客户/国家统计口径、测试报告,保留前先建立证据索引；无法证明时弱化并说明口径,需要人工验证
BP-4P-30-0001.html,"AL6061 aluminum alloy material traceability, anodizing thickness report, Si3N4 ceramic seal composition, and RoHS compliance.",certification,high,企业规模、认证或绝对性能陈述会直接影响采购信任,证书、出货记录、客户/国家统计口径、测试报告,保留前先建立证据索引；无法证明时弱化并说明口径,需要人工验证
BP-4P-30-0001.html,3 air lines + 6 electrical circuits ❌ No electrical integration BP-3P-S06-0001 Integrated slip ring with 6 circuits in same body size,business_metric,medium,带数字的商业或技术陈述需要可追溯依据,内部记录、规格书或带日期的统计说明,保留前先建立证据索引；无法证明时弱化并说明口径,需要人工验证
BP-4P-30-0001.html,"Pressure >1.0 MPa (e.g., 1.2 MPa hydraulic) ❌ Over pressure rating BP-2P-0002 1.5 MPa rated, steel body, threaded mount for higher pressure",technical_parameter,medium,工程参数需要型号、测试条件和最大/连续值定义,规格书、图纸、试验条件和批准人,保留前先建立证据索引；无法证明时弱化并说明口径,需要人工验证
BP-4P-30-0001.html,"8+ air lines needed ❌ Too few passages BP-8P-0001 8 passages in flange mount, 200 RPM, 0.85 kg",technical_parameter,medium,工程参数需要型号、测试条件和最大/连续值定义,规格书、图纸、试验条件和批准人,保留前先建立证据索引；无法证明时弱化并说明口径,需要人工验证
BP-4P-30-0001.html,"Within 48 hours, air leaks at 0.4 MPa.",technical_parameter,medium,工程参数需要型号、测试条件和最大/连续值定义,规格书、图纸、试验条件和批准人,保留前先建立证据索引；无法证明时弱化并说明口径,需要人工验证
BP-4P-30-0001.html,Mistake 2: Running above 80 RPM,technical_parameter,medium,工程参数需要型号、测试条件和最大/连续值定义,规格书、图纸、试验条件和批准人,保留前先建立证据索引；无法证明时弱化并说明口径,需要人工验证
BP-4P-30-0001.html,A machine builder needs faster indexing and runs BP-4P-30-0001 at 120 RPM to reduce cycle time.,certification,high,企业规模、认证或绝对性能陈述会直接影响采购信任,证书、出货记录、客户/国家统计口径、测试报告,保留前先建立证据索引；无法证明时弱化并说明口径,需要人工验证
BP-4P-30-0001.html,"At 120 RPM, the Si3N4 ceramic particles generate frictional heat faster than the PTFE matrix can dissipate it.",certification,high,企业规模、认证或绝对性能陈述会直接影响采购信任,证书、出货记录、客户/国家统计口径、测试报告,保留前先建立证据索引；无法证明时弱化并说明口径,需要人工验证
BP-4P-30-0001.html,"The seal temperature rises from 40°C to 75°C within 30 minutes, softening the PTFE and reducing contact pressure.",technical_parameter,medium,工程参数需要型号、测试条件和最大/连续值定义,规格书、图纸、试验条件和批准人,保留前先建立证据索引；无法证明时弱化并说明口径,需要人工验证
BP-4P-30-0001.html,"Within 2 months, all 4 passages leak.",business_metric,medium,带数字的商业或技术陈述需要可追溯依据,内部记录、规格书或带日期的统计说明,保留前先建立证据索引；无法证明时弱化并说明口径,需要人工验证
BP-4P-30-0001.html,Rule: 80 RPM is the continuous rating.,technical_parameter,medium,工程参数需要型号、测试条件和最大/连续值定义,规格书、图纸、试验条件和批准人,保留前先建立证据索引；无法证明时弱化并说明口径,需要人工验证
BP-4P-30-0001.html,"For occasional indexing spikes up to 100 RPM, limit to 10% duty cycle.",technical_parameter,medium,工程参数需要型号、测试条件和最大/连续值定义,规格书、图纸、试验条件和批准人,保留前先建立证据索引；无法证明时弱化并说明口径,需要人工验证
BP-4P-30-0001.html,"For sustained 120+ RPM, specify a high-speed seal design or choose BP-8P-0001 (200 RPM rated).",technical_parameter,medium,工程参数需要型号、测试条件和最大/连续值定义,规格书、图纸、试验条件和批准人,保留前先建立证据索引；无法证明时弱化并说明口径,需要人工验证
BP-4P-30-0001.html,They immediately run it at 0.6 MPa and 60 RPM.,technical_parameter,medium,工程参数需要型号、测试条件和最大/连续值定义,规格书、图纸、试验条件和批准人,保留前先建立证据索引；无法证明时弱化并说明口径,需要人工验证
BP-4P-30-0001.html,"Within 3 weeks, passage 2 leaks coolant into the bearing housing, destroying the deep groove ball bearing.",business_metric,medium,带数字的商业或技术陈述需要可追溯依据,内部记录、规格书或带日期的统计说明,保留前先建立证据索引；无法证明时弱化并说明口径,需要人工验证
BP-4P-30-0001.html,Rule: Run at 0.2 MPa and 20 RPM for 5 minutes before full operation.,technical_parameter,medium,工程参数需要型号、测试条件和最大/连续值定义,规格书、图纸、试验条件和批准人,保留前先建立证据索引；无法证明时弱化并说明口径,需要人工验证
BP-4P-30-0001.html,This beds the seal and extends life from 3 months to 10+ months in abrasive coolant.,business_metric,medium,带数字的商业或技术陈述需要可追溯依据,内部记录、规格书或带日期的统计说明,保留前先建立证据索引；无法证明时弱化并说明口径,需要人工验证
BP-4P-30-0001.html,"8 passages, flange mount, 200 RPM.",technical_parameter,medium,工程参数需要型号、测试条件和最大/连续值定义,规格书、图纸、试验条件和批准人,保留前先建立证据索引；无法证明时弱化并说明口径,需要人工验证
BP-4P-30-0001.html,"Dual passage, flange mount, 1.0 MPa.",technical_parameter,medium,工程参数需要型号、测试条件和最大/连续值定义,规格书、图纸、试验条件和批准人,保留前先建立证据索引；无法证明时弱化并说明口径,需要人工验证
BP-4P-30-0001.html,All versions are ISO9001 certified.,certification,high,企业规模、认证或绝对性能陈述会直接影响采购信任,证书、出货记录、客户/国家统计口径、测试报告,保留前先建立证据索引；无法证明时弱化并说明口径,需要人工验证
BP-4P-30-0001.html,"The export version includes English-language documentation, CE marking, and RoHS compliance certificate.",certification,high,企业规模、认证或绝对性能陈述会直接影响采购信任,证书、出货记录、客户/国家统计口径、测试报告,保留前先建立证据索引；无法证明时弱化并说明口径,需要人工验证
BP-4P-30-0001.html,Both versions use the same PTFE + Si3N4 ceramic seal and are 100% pressure tested before shipment.,certification,high,企业规模、认证或绝对性能陈述会直接影响采购信任,证书、出货记录、客户/国家统计口径、测试报告,保留前先建立证据索引；无法证明时弱化并说明口径,需要人工验证
BP-4P-30-0001.html,Derate pressure to 0.7 MPa for continuous water duty to maximize seal life.,technical_parameter,medium,工程参数需要型号、测试条件和最大/连续值定义,规格书、图纸、试验条件和批准人,保留前先建立证据索引；无法证明时弱化并说明口径,需要人工验证
BP-4P-30-0001.html,"Custom flanges with different P.C.D., hole count, or thickness are available upon request with a 5–7 day custom lead time.",business_metric,medium,带数字的商业或技术陈述需要可追溯依据,内部记录、规格书或带日期的统计说明,保留前先建立证据索引；无法证明时弱化并说明口径,需要人工验证
BP-4P-30-0001.html,The Ø30mm bore is concentric to the flange within 0.05 mm TIR to ensure smooth rotation when mounted.,certification,high,企业规模、认证或绝对性能陈述会直接影响采购信任,证书、出货记录、客户/国家统计口径、测试报告,保留前先建立证据索引；无法证明时弱化并说明口径,需要人工验证
BP-4P-30-0001.html,"We do not post 3D files publicly to protect our designs, but every qualified inquiry receives the file within 24 hours.",certification,high,企业规模、认证或绝对性能陈述会直接影响采购信任,证书、出货记录、客户/国家统计口径、测试报告,保留前先建立证据索引；无法证明时弱化并说明口径,需要人工验证
BP-4P-30-0001.html,(3) Your pressure requirement exceeds 1.0 MPa — a custom steel-body design with thicker walls handles 1.5–2.0 MPa.,certification,high,企业规模、认证或绝对性能陈述会直接影响采购信任,证书、出货记录、客户/国家统计口径、测试报告,保留前先建立证据索引；无法证明时弱化并说明口径,需要人工验证
BP-4P-30-0001.html,Typical custom lead time: 10–14 days.,business_metric,medium,带数字的商业或技术陈述需要可追溯依据,内部记录、规格书或带日期的统计说明,保留前先建立证据索引；无法证明时弱化并说明口径,需要人工验证
BP-4P-30-0001.html,"Technical Note: All pressure ratings, speed ratings, and material specifications referenced on this page are based on Begapunk BP-series standard pneumatic rotary joints tested under controlled laboratory conditions.",certification,high,企业规模、认证或绝对性能陈述会直接影响采购信任,证书、出货记录、客户/国家统计口径、测试报告,保留前先建立证据索引；无法证明时弱化并说明口径,需要人工验证
BP-8P-0001.html,Ships in 7 days.,business_metric,medium,带数字的商业或技术陈述需要可追溯依据,内部记录、规格书或带日期的统计说明,保留前先建立证据索引；无法证明时弱化并说明口径,需要人工验证
BP-8P-0001.html,0.85 kg for 8 channels: High density-to-weight ratio for complex automation cells where every kilogram on the rotary table affects indexing motor sizing and energy consumption,certification,high,企业规模、认证或绝对性能陈述会直接影响采购信任,证书、出货记录、客户/国家统计口径、测试报告,保留前先建立证据索引；无法证明时弱化并说明口径,需要人工验证
BP-8P-0001.html,"200 RPM rated for medium-speed indexing: Suitable for continuous rotation and indexing cycles up to 200 RPM, matching the speed of most packaging and assembly turntables",technical_parameter,medium,工程参数需要型号、测试条件和最大/连续值定义,规格书、图纸、试验条件和批准人,保留前先建立证据索引；无法证明时弱化并说明口径,需要人工验证
BP-8P-0001.html,Max Pressure 1 MPa (10 bar / 145 psi),technical_parameter,medium,工程参数需要型号、测试条件和最大/连续值定义,规格书、图纸、试验条件和批准人,保留前先建立证据索引；无法证明时弱化并说明口径,需要人工验证
BP-8P-0001.html,Max Speed 200 RPM,technical_parameter,medium,工程参数需要型号、测试条件和最大/连续值定义,规格书、图纸、试验条件和批准人,保留前先建立证据索引；无法证明时弱化并说明口径,需要人工验证
BP-8P-0001.html,Operating Temperature -20°C to +80°C,technical_parameter,medium,工程参数需要型号、测试条件和最大/连续值定义,规格书、图纸、试验条件和批准人,保留前先建立证据索引；无法证明时弱化并说明口径,需要人工验证
BP-8P-0001.html,"Certifications ISO 9001:2015, CE, RoHS",certification,high,企业规模、认证或绝对性能陈述会直接影响采购信任,证书、出货记录、客户/国家统计口径、测试报告,保留前先建立证据索引；无法证明时弱化并说明口径,需要人工验证
BP-8P-0001.html,AL6061 Aluminum Alloy body: T6 temper aluminum with yield strength 276 MPa and excellent machinability.,certification,high,企业规模、认证或绝对性能陈述会直接影响采购信任,证书、出货记录、客户/国家统计口径、测试报告,保留前先建立证据索引；无法证明时弱化并说明口径,需要人工验证
BP-8P-0001.html,"At 0.85 kg for 8 passages, the body achieves a high channel density while maintaining flange rigidity.",business_metric,medium,带数字的商业或技术陈述需要可追溯依据,内部记录、规格书或带日期的统计说明,保留前先建立证据索引；无法证明时弱化并说明口径,需要人工验证
BP-8P-0001.html,"For 8-passage designs, seal alignment is critical — each passage has an independent seal ring machined to ±0.02 mm concentricity to ensure equal pressure distribution and prevent inter-passage leakage.",certification,high,企业规模、认证或绝对性能陈述会直接影响采购信任,证书、出货记录、客户/国家统计口径、测试报告,保留前先建立证据索引；无法证明时弱化并说明口径,需要人工验证
BP-8P-0001.html,"When to specify high-temp or FDA options: For continuous operation above +80°C, specify a PEEK seal matrix rated to +150°C.",technical_parameter,medium,工程参数需要型号、测试条件和最大/连续值定义,规格书、图纸、试验条件和批准人,保留前先建立证据索引；无法证明时弱化并说明口径,需要人工验证
BP-8P-0001.html,Both options add 5–7 days to lead time.,business_metric,medium,带数字的商业或技术陈述需要可追溯依据,内部记录、规格书或带日期的统计说明,保留前先建立证据索引；无法证明时弱化并说明口径,需要人工验证
BP-8P-0001.html,Below are the machine types where this model performs best.,business_metric,medium,带数字的商业或技术陈述需要可追溯依据,内部记录、规格书或带日期的统计说明,保留前先建立证据索引；无法证明时弱化并说明口径,需要人工验证
BP-8P-0001.html,Pressure above 1.0 MPa — the AL6061 body and 4-M5 flange mount are rated for 1 MPa maximum; higher pressure requires a custom steel-body design with thicker wall sections and larger flange bolts,technical_parameter,medium,工程参数需要型号、测试条件和最大/连续值定义,规格书、图纸、试验条件和批准人,保留前先建立证据索引；无法证明时弱化并说明口径,需要人工验证
BP-8P-0001.html,Continuous speed above 200 RPM — seal friction heat from 8 passages accumulates faster than single-passage joints; sustained operation above 200 RPM raises internal temperature and softens the PTFE matrix,technical_parameter,medium,工程参数需要型号、测试条件和最大/连续值定义,规格书、图纸、试验条件和批准人,保留前先建立证据索引；无法证明时弱化并说明口径,需要人工验证
BP-8P-0001.html,"Operating temperature above +80°C — standard PTFE composite softens above 80°C, reducing seal contact pressure across all 8 passages simultaneously; for 120°C, specify PEEK seal",technical_parameter,medium,工程参数需要型号、测试条件和最大/连续值定义,规格书、图纸、试验条件和批准人,保留前先建立证据索引；无法证明时弱化并说明口径,需要人工验证
BP-8P-0001.html,Use M5×16 mm screws with a minimum engagement depth of 8 mm.,technical_parameter,medium,带数字的商业或技术陈述需要可追溯依据,内部记录、规格书或带日期的统计说明,保留前先建立证据索引；无法证明时弱化并说明口径,需要人工验证
BP-8P-0001.html,Check flange flatness with a straightedge; any warp >0.05 mm will distort the seal housing.,technical_parameter,medium,带数字的商业或技术陈述需要可追溯依据,内部记录、规格书或带日期的统计说明,保留前先建立证据索引；无法证明时弱化并说明口径,需要人工验证
BP-8P-0001.html,"Because BP-8P-0001 has 8 closely spaced seals, even 0.1 mm of flange warp can cause inter-passage leakage.",certification,high,企业规模、认证或绝对性能陈述会直接影响采购信任,证书、出货记录、客户/国家统计口径、测试报告,保留前先建立证据索引；无法证明时弱化并说明口径,需要人工验证
BP-8P-0001.html,Use flexible polyurethane or nylon hoses (6×4 mm or 8×5 mm) for all 8 passages.,technical_parameter,medium,带数字的商业或技术陈述需要可追溯依据,内部记录、规格书或带日期的统计说明,保留前先建立证据索引；无法证明时弱化并说明口径,需要人工验证
BP-8P-0001.html,Run at low pressure (0.2 MPa) and low speed (50 RPM) for 5 minutes without load.,technical_parameter,medium,工程参数需要型号、测试条件和最大/连续值定义,规格书、图纸、试验条件和批准人,保留前先建立证据索引；无法证明时弱化并说明口径,需要人工验证
BP-8P-0001.html,"If all 8 are dry, gradually increase to operating pressure and speed over 10 minutes.",business_metric,medium,带数字的商业或技术陈述需要可追溯依据,内部记录、规格书或带日期的统计说明,保留前先建立证据索引；无法证明时弱化并说明口径,需要人工验证
BP-8P-0001.html,"Air duty, 8-hour shift: Inspect all 8 passages every 6 months, replace seal every 10–12 months",certification,high,企业规模、认证或绝对性能陈述会直接影响采购信任,证书、出货记录、客户/国家统计口径、测试报告,保留前先建立证据索引；无法证明时弱化并说明口径,需要人工验证
BP-8P-0001.html,"Water or coolant duty: Inspect every 4 months for corrosion at ports, replace seal every 8–10 months",certification,high,企业规模、认证或绝对性能陈述会直接影响采购信任,证书、出货记录、客户/国家统计口径、测试报告,保留前先建立证据索引；无法证明时弱化并说明口径,需要人工验证
BP-8P-0001.html,"High-cycle indexing (1,000+ cycles/day): Replace PTFE seal every 6–8 months, inspect flange bolts for loosening every 3 months",certification,high,企业规模、认证或绝对性能陈述会直接影响采购信任,证书、出货记录、客户/国家统计口径、测试报告,保留前先建立证据索引；无法证明时弱化并说明口径,需要人工验证
BP-8P-0001.html,"AL6061 aluminum material traceability, anodizing thickness report, PTFE seal composition, and RoHS compliance.",certification,high,企业规模、认证或绝对性能陈述会直接影响采购信任,证书、出货记录、客户/国家统计口径、测试报告,保留前先建立证据索引；无法证明时弱化并说明口径,需要人工验证
BP-8P-0001.html,3 air lines + 6 electrical circuits ❌ No electrical integration BP-3P-S06-0001 Integrated slip ring with 6 circuits in same body size,business_metric,medium,带数字的商业或技术陈述需要可追溯依据,内部记录、规格书或带日期的统计说明,保留前先建立证据索引；无法证明时弱化并说明口径,需要人工验证
BP-8P-0001.html,"Pressure >1.0 MPa (e.g., 1.2 MPa hydraulic) ❌ Over pressure rating BP-2P-0002 1.5 MPa rated, steel body, threaded mount for higher pressure",technical_parameter,medium,工程参数需要型号、测试条件和最大/连续值定义,规格书、图纸、试验条件和批准人,保留前先建立证据索引；无法证明时弱化并说明口径,需要人工验证
BP-8P-0001.html,"Within 48 hours, air bleeds from passage 3 into passage 5, causing pressure interference and dropped workpieces.",certification,high,企业规模、认证或绝对性能陈述会直接影响采购信任,证书、出货记录、客户/国家统计口径、测试报告,保留前先建立证据索引；无法证明时弱化并说明口径,需要人工验证
BP-8P-0001.html,"Within 3 months, the flange bolts loosen from cyclic stress, and the seal housing shifts 0.05 mm, causing leaks at passages 2, 4, and 7.",technical_parameter,medium,带数字的商业或技术陈述需要可追溯依据,内部记录、规格书或带日期的统计说明,保留前先建立证据索引；无法证明时弱化并说明口径,需要人工验证
BP-8P-0001.html,A maintenance team installs BP-8P-0001 on a packaging turntable and immediately runs all 8 passages at 0.8 MPa and 150 RPM.,certification,high,企业规模、认证或绝对性能陈述会直接影响采购信任,证书、出货记录、客户/国家统计口径、测试报告,保留前先建立证据索引；无法证明时弱化并说明口径,需要人工验证
BP-8P-0001.html,"Within 2 weeks, 4 of 8 passages leak.",business_metric,medium,带数字的商业或技术陈述需要可追溯依据,内部记录、规格书或带日期的统计说明,保留前先建立证据索引；无法证明时弱化并说明口径,需要人工验证
BP-8P-0001.html,Rule: Run at 0.2 MPa and 50 RPM for 5 minutes before full operation.,technical_parameter,medium,工程参数需要型号、测试条件和最大/连续值定义,规格书、图纸、试验条件和批准人,保留前先建立证据索引；无法证明时弱化并说明口径,需要人工验证
BP-8P-0001.html,"Dual passage, flange mount, 1.0 MPa.",technical_parameter,medium,工程参数需要型号、测试条件和最大/连续值定义,规格书、图纸、试验条件和批准人,保留前先建立证据索引；无法证明时弱化并说明口径,需要人工验证
BP-8P-0001.html,All versions are ISO9001 certified.,certification,high,企业规模、认证或绝对性能陈述会直接影响采购信任,证书、出货记录、客户/国家统计口径、测试报告,保留前先建立证据索引；无法证明时弱化并说明口径,需要人工验证
BP-8P-0001.html,"The export version includes English-language documentation, CE marking, and RoHS compliance certificate.",certification,high,企业规模、认证或绝对性能陈述会直接影响采购信任,证书、出货记录、客户/国家统计口径、测试报告,保留前先建立证据索引；无法证明时弱化并说明口径,需要人工验证
BP-8P-0001.html,Both versions use the same PTFE composite seal and are 100% pressure tested at 1.0 MPa for 60 seconds before shipment.,technical_parameter,medium,工程参数需要型号、测试条件和最大/连续值定义,规格书、图纸、试验条件和批准人,保留前先建立证据索引；无法证明时弱化并说明口径,需要人工验证
BP-8P-0001.html,"For continuous water duty, derate pressure to 0.7 MPa and speed to 150 RPM to reduce seal wear across all 8 passages.",certification,high,企业规模、认证或绝对性能陈述会直接影响采购信任,证书、出货记录、客户/国家统计口径、测试报告,保留前先建立证据索引；无法证明时弱化并说明口径,需要人工验证
BP-8P-0001.html,"Custom flanges with different P.C.D., hole count, or thickness are available upon request with a 5–7 day custom lead time.",business_metric,medium,带数字的商业或技术陈述需要可追溯依据,内部记录、规格书或带日期的统计说明,保留前先建立证据索引；无法证明时弱化并说明口径,需要人工验证
BP-8P-0001.html,The flange face must be flat within 0.05 mm to ensure even seal compression across all 8 passages.,certification,high,企业规模、认证或绝对性能陈述会直接影响采购信任,证书、出货记录、客户/国家统计口径、测试报告,保留前先建立证据索引；无法证明时弱化并说明口径,需要人工验证
BP-8P-0001.html,Use M5×16 mm screws with a minimum thread engagement of 8 mm in the mating flange.,technical_parameter,medium,带数字的商业或技术陈述需要可追溯依据,内部记录、规格书或带日期的统计说明,保留前先建立证据索引；无法证明时弱化并说明口径,需要人工验证
BP-8P-0001.html,"We do not post 3D files publicly to protect our designs, but every qualified inquiry receives the file within 24 hours.",certification,high,企业规模、认证或绝对性能陈述会直接影响采购信任,证书、出货记录、客户/国家统计口径、测试报告,保留前先建立证据索引；无法证明时弱化并说明口径,需要人工验证
BP-8P-0001.html,"Upgrade when your application needs more than 8 air passages, pressure above 1.0 MPa, or a hollow bore for cable through-center.",certification,high,企业规模、认证或绝对性能陈述会直接影响采购信任,证书、出货记录、客户/国家统计口径、测试报告,保留前先建立证据索引；无法证明时弱化并说明口径,需要人工验证
BP-8P-0001.html,(2) Your pressure requirement exceeds 1.0 MPa — a custom steel-body design with thicker walls handles 1.5–2.0 MPa across 8 passages.,certification,high,企业规模、认证或绝对性能陈述会直接影响采购信任,证书、出货记录、客户/国家统计口径、测试报告,保留前先建立证据索引；无法证明时弱化并说明口径,需要人工验证
BP-8P-0001.html,"The custom upgrade cost is typically $80–$200 more than BP-8P-0001, with a 10–14 day lead time.",business_metric,medium,带数字的商业或技术陈述需要可追溯依据,内部记录、规格书或带日期的统计说明,保留前先建立证据索引；无法证明时弱化并说明口径,需要人工验证
BP-8P-0001.html,Typical custom lead time: 10–14 days.,business_metric,medium,带数字的商业或技术陈述需要可追溯依据,内部记录、规格书或带日期的统计说明,保留前先建立证据索引；无法证明时弱化并说明口径,需要人工验证
BP-8P-0001.html,"Technical Note: All pressure ratings, speed ratings, and material specifications referenced on this page are based on Begapunk BP-series standard pneumatic rotary joints tested under controlled laboratory conditions.",certification,high,企业规模、认证或绝对性能陈述会直接影响采购信任,证书、出货记录、客户/国家统计口径、测试报告,保留前先建立证据索引；无法证明时弱化并说明口径,需要人工验证
case-studies.html,BP-2P-30-0001 provides a 30 mm hollow-bore catalog option.,technical_parameter,medium,带数字的商业或技术陈述需要可追溯依据,内部记录、规格书或带日期的统计说明,保留前先建立证据索引；无法证明时弱化并说明口径,需要人工验证
case-studies.html,"2-in-2-out flange mount, 1 MPa, 200 RPM.",technical_parameter,medium,工程参数需要型号、测试条件和最大/连续值定义,规格书、图纸、试验条件和批准人,保留前先建立证据索引；无法证明时弱化并说明口径,需要人工验证
case-studies.html,"Heavy-duty 2-in-2-out, 5 MPa, 80 RPM.",technical_parameter,medium,工程参数需要型号、测试条件和最大/连续值定义,规格书、图纸、试验条件和批准人,保留前先建立证据索引；无法证明时弱化并说明口径,需要人工验证
case-studies.html,"2-in-2-out with Ø30 mm hollow bore, 1 MPa, 150 RPM.",technical_parameter,medium,工程参数需要型号、测试条件和最大/连续值定义,规格书、图纸、试验条件和批准人,保留前先建立证据索引；无法证明时弱化并说明口径,需要人工验证
case-studies.html,Tell us your requirements and we'll provide a quote within 24 hours.,business_metric,medium,带数字的商业或技术陈述需要可追溯依据,内部记录、规格书或带日期的统计说明,保留前先建立证据索引；无法证明时弱化并说明口径,需要人工验证
contact.html,"Begapunk engineers will check pressure, RPM, media, mounting, passage layout, and reply within 24 hours.",technical_parameter,medium,带数字的商业或技术陈述需要可追溯依据,内部记录、规格书或带日期的统计说明,保留前先建立证据索引；无法证明时弱化并说明口径,需要人工验证
contact.html,Fastest response — we reply within 24 hours,business_metric,medium,带数字的商业或技术陈述需要可追溯依据,内部记录、规格书或带日期的统计说明,保留前先建立证据索引；无法证明时弱化并说明口径,需要人工验证
contact.html,Typical response time: 24 hours.,business_metric,medium,带数字的商业或技术陈述需要可追溯依据,内部记录、规格书或带日期的统计说明,保留前先建立证据索引；无法证明时弱化并说明口径,需要人工验证
faq.html,Most quotes are returned within 24 hours.,business_metric,medium,带数字的商业或技术陈述需要可追溯依据,内部记录、规格书或带日期的统计说明,保留前先建立证据索引；无法证明时弱化并说明口径,需要人工验证
faq.html,Standard models: Up to 1 MPa (10 bar / 145 psi) and 500 RPM,technical_parameter,medium,工程参数需要型号、测试条件和最大/连续值定义,规格书、图纸、试验条件和批准人,保留前先建立证据索引；无法证明时弱化并说明口径,需要人工验证
faq.html,"Heavy-duty models: Up to 10 MPa (100 bar) and 2,000 RPM",technical_parameter,medium,工程参数需要型号、测试条件和最大/连续值定义,规格书、图纸、试验条件和批准人,保留前先建立证据索引；无法证明时弱化并说明口径,需要人工验证
faq.html,"High-speed models: Up to 10,000 RPM (air only, balanced seal design)",certification,high,企业规模、认证或绝对性能陈述会直接影响采购信任,证书、出货记录、客户/国家统计口径、测试报告,保留前先建立证据索引；无法证明时弱化并说明口径,需要人工验证
faq.html,You send requirements → We provide a detailed quote within 24 hours,business_metric,medium,带数字的商业或技术陈述需要可追溯依据,内部记录、规格书或带日期的统计说明,保留前先建立证据索引；无法证明时弱化并说明口径,需要人工验证
faq.html,You approve the design → We manufacture (typically 3 weeks),business_metric,medium,带数字的商业或技术陈述需要可追溯依据,内部记录、规格书或带日期的统计说明,保留前先建立证据索引；无法证明时弱化并说明口径,需要人工验证
faq.html,100% pressure tested → Shipped to your door,business_metric,medium,带数字的商业或技术陈述需要可追溯依据,内部记录、规格书或带日期的统计说明,保留前先建立证据索引；无法证明时弱化并说明口径,需要人工验证
faq.html,Standard models (in stock): 7–10 days worldwide via air freight,business_metric,medium,带数字的商业或技术陈述需要可追溯依据,内部记录、规格书或带日期的统计说明,保留前先建立证据索引；无法证明时弱化并说明口径,需要人工验证
faq.html,Custom designs: 3 weeks production + 5–7 days shipping,business_metric,medium,带数字的商业或技术陈述需要可追溯依据,内部记录、规格书或带日期的统计说明,保留前先建立证据索引；无法证明时弱化并说明口径,需要人工验证
faq.html,DDP (Delivered Duty Paid) terms available — we handle customs clearance and import duties for you.,certification,high,企业规模、认证或绝对性能陈述会直接影响采购信任,证书、出货记录、客户/国家统计口径、测试报告,保留前先建立证据索引；无法证明时弱化并说明口径,需要人工验证
faq.html,Our quality management system is ISO 9001:2015 certified.,certification,high,企业规模、认证或绝对性能陈述会直接影响采购信任,证书、出货记录、客户/国家统计口径、测试报告,保留前先建立证据索引；无法证明时弱化并说明口径,需要人工验证
faq.html,"Flange mount: Bolt-on flange with O-ring face seal — provides rigid, leak-free connection",certification,high,企业规模、认证或绝对性能陈述会直接影响采购信任,证书、出货记录、客户/国家统计口径、测试报告,保留前先建立证据索引；无法证明时弱化并说明口径,需要人工验证
faq.html,Contamination: Unfiltered media grinds grooves into seal faces — use 25 micron or finer filtration,certification,high,企业规模、认证或绝对性能陈述会直接影响采购信任,证书、出货记录、客户/国家统计口径、测试报告,保留前先建立证据索引；无法证明时弱化并说明口径,需要人工验证
faq.html,"We strongly recommend using only Begapunk seals — third-party seals may have incorrect durometer (hardness) or material, leading to premature leakage.",technical_parameter,medium,带数字的商业或技术陈述需要可追溯依据,内部记录、规格书或带日期的统计说明,保留前先建立证据索引；无法证明时弱化并说明口径,需要人工验证
faq.html,"Begapunk requires fluid filtration to 25 microns or finer for general applications, and 10 microns or finer for high-speed or precision rotary unions.",business_metric,medium,带数字的商业或技术陈述需要可追溯依据,内部记录、规格书或带日期的统计说明,保留前先建立证据索引；无法证明时弱化并说明口径,需要人工验证
installation.html,"Follow these steps to ensure long, leak-free operation.",business_metric,high,企业规模、认证或绝对性能陈述会直接影响采购信任,证书、出货记录、客户/国家统计口径、测试报告,保留前先建立证据索引；无法证明时弱化并说明口径,需要人工验证
installation.html,"To prevent scoring damage to the shaft and seal faces, Begapunk requires fluid filtration to 25 microns or finer for general applications, and 10 microns or finer for high-speed or precision unions.",certification,high,企业规模、认证或绝对性能陈述会直接影响采购信任,证书、出货记录、客户/国家统计口径、测试报告,保留前先建立证据索引；无法证明时弱化并说明口径,需要人工验证
installation.html,Refer to your product data sheet for the recommended lubrication interval (typically every 3–6 months for continuous-duty applications).,technical_parameter,medium,带数字的商业或技术陈述需要可追溯依据,内部记录、规格书或带日期的统计说明,保留前先建立证据索引；无法证明时弱化并说明口径,需要人工验证
installation.html,Inspect for leaks during the first 30 minutes of operation.,business_metric,medium,带数字的商业或技术陈述需要可追溯依据,内部记录、规格书或带日期的统计说明,保留前先建立证据索引；无法证明时弱化并说明口径,需要人工验证
privacy.html,Expires after 365 days.,business_metric,medium,带数字的商业或技术陈述需要可追溯依据,内部记录、规格书或带日期的统计说明,保留前先建立证据索引；无法证明时弱化并说明口径,需要人工验证
privacy.html,Data is retained for 14 months.,business_metric,medium,带数字的商业或技术陈述需要可追溯依据,内部记录、规格书或带日期的统计说明,保留前先建立证据索引；无法证明时弱化并说明口径,需要人工验证
privacy.html,Inquiry data: 3 years (for follow-up and warranty support),business_metric,medium,带数字的商业或技术陈述需要可追溯依据,内部记录、规格书或带日期的统计说明,保留前先建立证据索引；无法证明时弱化并说明口径,需要人工验证
privacy.html,Order data: 7 years (for tax and accounting compliance),certification,high,企业规模、认证或绝对性能陈述会直接影响采购信任,证书、出货记录、客户/国家统计口径、测试报告,保留前先建立证据索引；无法证明时弱化并说明口径,需要人工验证
privacy.html,Analytics data: 26 months (Google Analytics default),business_metric,medium,带数字的商业或技术陈述需要可追溯依据,内部记录、规格书或带日期的统计说明,保留前先建立证据索引；无法证明时弱化并说明口径,需要人工验证
product-comparison.html,"BP-1P-0003 1 passage, 1-in-1-out 1 MPa 500 RPM Threaded 45# steel Compact pneumatic fixtures, rotary tables, basic air transfer View",technical_parameter,medium,工程参数需要型号、测试条件和最大/连续值定义,规格书、图纸、试验条件和批准人,保留前先建立证据索引；无法证明时弱化并说明口径,需要人工验证
product-comparison.html,"BP-2P-0001 2 passages, 2-in-2-out 1 MPa 200 RPM Flange mount AL6061 Packaging machinery, automation indexing tables, pneumatic clamping View",technical_parameter,medium,工程参数需要型号、测试条件和最大/连续值定义,规格书、图纸、试验条件和批准人,保留前先建立证据索引；无法证明时弱化并说明口径,需要人工验证
product-comparison.html,"BP-2P-08-0001 2 passages, 8 mm bore 1 MPa 200 RPM M5 threaded AL6061 Compact grippers, small rotary actuators, light automation equipment View",technical_parameter,medium,工程参数需要型号、测试条件和最大/连续值定义,规格书、图纸、试验条件和批准人,保留前先建立证据索引；无法证明时弱化并说明口径,需要人工验证
product-comparison.html,"BP-2P-16-0001 1 passage, 16 mm bore 1 MPa 500 RPM Flange mount AL6061 CNC pneumatic clamping, larger bore air transfer, rotating fixtures View",technical_parameter,medium,工程参数需要型号、测试条件和最大/连续值定义,规格书、图纸、试验条件和批准人,保留前先建立证据索引；无法证明时弱化并说明口径,需要人工验证
product-comparison.html,"BP-2P-30-0001 2 passages, 30 mm bore 1 MPa 150 RPM Flange mount AL6061 Large-bore pneumatic fixtures, indexing plates, turntable systems View",technical_parameter,medium,工程参数需要型号、测试条件和最大/连续值定义,规格书、图纸、试验条件和批准人,保留前先建立证据索引；无法证明时弱化并说明口径,需要人工验证
product-comparison.html,"BP-2P-50-0001 2 passages, 2-in-2-out 1 MPa 100 RPM Flange mount AL6061 Dusty packaging lines, powder handling, IP65 dust-proof environments View",technical_parameter,medium,工程参数需要型号、测试条件和最大/连续值定义,规格书、图纸、试验条件和批准人,保留前先建立证据索引；无法证明时弱化并说明口径,需要人工验证
product-comparison.html,"BP-2P-95-0001 2-in-4-out 10 MPa 200 RPM Flange mount AL6061 + 45# steel Heavy-duty hydraulic-assisted fixtures, high-pressure rotary transfer View",technical_parameter,medium,工程参数需要型号、测试条件和最大/连续值定义,规格书、图纸、试验条件和批准人,保留前先建立证据索引；无法证明时弱化并说明口径,需要人工验证
product-comparison.html,"BP-2P-130-0001 2 passages, 2-in-2-out 5 MPa 80 RPM Flange mount AL6061 + 45# steel Heavy-duty machinery, large rotating fixtures, pressure transfer View",technical_parameter,medium,工程参数需要型号、测试条件和最大/连续值定义,规格书、图纸、试验条件和批准人,保留前先建立证据索引；无法证明时弱化并说明口径,需要人工验证
product-comparison.html,"BP-2P-0002 2 passages, 2-in-3-out 1 MPa 300 RPM G1/8 threaded AL6061 Multi-port pneumatic routing, compact automation, rotary manifolds View",technical_parameter,medium,工程参数需要型号、测试条件和最大/连续值定义,规格书、图纸、试验条件和批准人,保留前先建立证据索引；无法证明时弱化并说明口径,需要人工验证
product-comparison.html,"BP-3P-0004 3 passages, 3-in-3-out 1 MPa 200 RPM Flange mount AL6061 Three-line pneumatic transfer, bottle filling, multi-actuator tooling View",technical_parameter,medium,工程参数需要型号、测试条件和最大/连续值定义,规格书、图纸、试验条件和批准人,保留前先建立证据索引；无法证明时弱化并说明口径,需要人工验证
product-comparison.html,"BP-3P-0006 3 passages, 6 mm orifice 1 MPa 200 RPM G1/4 threaded AL6061 Pneumatic rotary tables, automation fixtures, air distribution View",certification,high,企业规模、认证或绝对性能陈述会直接影响采购信任,证书、出货记录、客户/国家统计口径、测试报告,保留前先建立证据索引；无法证明时弱化并说明口径,需要人工验证
product-comparison.html,"BP-3P-0007 3 passages, 4 mm orifice 1 MPa 200 RPM G1/8 threaded AL6061 Custom compact pneumatic routing, small machine tooling View",certification,high,企业规模、认证或绝对性能陈述会直接影响采购信任,证书、出货记录、客户/国家统计口径、测试报告,保留前先建立证据索引；无法证明时弱化并说明口径,需要人工验证
product-comparison.html,"BP-3P-S06-0001 3 air passages + 6 electrical circuits 1 MPa 200 RPM Flange mount AL6061 Pneumatic-electric rotary tables, sensor wiring, signal + air transfer View",technical_parameter,medium,工程参数需要型号、测试条件和最大/连续值定义,规格书、图纸、试验条件和批准人,保留前先建立证据索引；无法证明时弱化并说明口径,需要人工验证
product-comparison.html,"BP-4P-30-0001 4 passages, 4-in-4-out 1 MPa 80 RPM Flange mount AL6061 + ceramic Multi-channel automation, rotary filling heads, larger bore transfer View",certification,high,企业规模、认证或绝对性能陈述会直接影响采购信任,证书、出货记录、客户/国家统计口径、测试报告,保留前先建立证据索引；无法证明时弱化并说明口径,需要人工验证
product-comparison.html,"BP-8P-0001 8 passages, 8-in-8-out 1 MPa 200 RPM Flange mount AL6061 High-channel pneumatic manifolds, packaging lines, automation carousels View",technical_parameter,medium,工程参数需要型号、测试条件和最大/连续值定义,规格书、图纸、试验条件和批准人,保留前先建立证据索引；无法证明时弱化并说明口径,需要人工验证
product-comparison.html,"BP-1P-0006 1-in-6-out, 4 mm orifice 1 MPa 300 RPM G1/8 threaded AL6061 One-in multi-out air distribution, rotating pneumatic manifolds View",certification,high,企业规模、认证或绝对性能陈述会直接影响采购信任,证书、出货记录、客户/国家统计口径、测试报告,保留前先建立证据索引；无法证明时弱化并说明口径,需要人工验证
products-p2.html,7-14 day delivery worldwide.,business_metric,medium,带数字的商业或技术陈述需要可追溯依据,内部记录、规格书或带日期的统计说明,保留前先建立证据索引；无法证明时弱化并说明口径,需要人工验证
products.html,7-14 day delivery worldwide.,business_metric,medium,带数字的商业或技术陈述需要可追溯依据,内部记录、规格书或带日期的统计说明,保留前先建立证据索引；无法证明时弱化并说明口径,需要人工验证
terms.html,Formal quotes are valid for 30 days from the date of issue.,business_metric,medium,带数字的商业或技术陈述需要可追溯依据,内部记录、规格书或带日期的统计说明,保留前先建立证据索引；无法证明时弱化并说明口径,需要人工验证
terms.html,"Prices do not include shipping, customs duties, or local taxes unless explicitly stated as DDP (Delivered Duty Paid).",certification,high,企业规模、认证或绝对性能陈述会直接影响采购信任,证书、出货记录、客户/国家统计口径、测试报告,保留前先建立证据索引；无法证明时弱化并说明口径,需要人工验证
terms.html,"Standard delivery: Air freight, 7–14 days to most countries.",business_metric,medium,带数字的商业或技术陈述需要可追溯依据,内部记录、规格书或带日期的统计说明,保留前先建立证据索引；无法证明时弱化并说明口径,需要人工验证
terms.html,Custom designs: 3 weeks production + 5–10 days shipping.,business_metric,medium,带数字的商业或技术陈述需要可追溯依据,内部记录、规格书或带日期的统计说明,保留前先建立证据索引；无法证明时弱化并说明口径,需要人工验证
terms.html,"Standard models: Return within 30 days of delivery for a full refund, provided the product is unused and in original packaging.",business_metric,medium,带数字的商业或技术陈述需要可追溯依据,内部记录、规格书或带日期的统计说明,保留前先建立证据索引；无法证明时弱化并说明口径,需要人工验证
